ISO-10303-21;
HEADER;
FILE_DESCRIPTION(('STEP AP242'),'1');
FILE_NAME('2053380002.stp','2024-11-14T06:23:25',('TraceParts'),('TraceParts S.A.'),'Spatial InterOp 3D',' ',' ');
FILE_SCHEMA(('AP242_MANAGED_MODEL_BASED_3D_ENGINEERING_MIM_LF  {1 0 10303 442 1 1 4}'));
ENDSEC;
DATA;
#1=MECHANICAL_DESIGN_GEOMETRIC_PRESENTATION_REPRESENTATION(' ',(#10),#6);
#2=PRODUCT_DEFINITION_CONTEXT('',#11,'design');
#3=APPLICATION_PROTOCOL_DEFINITION('INTERNATIONAL STANDARD','ap242_managed_model_based_3d_engineering',2014,#11);
#4=PRODUCT_CATEGORY_RELATIONSHIP('NONE','NONE',#12,#13);
#5=SHAPE_DEFINITION_REPRESENTATION(#14,#15);
#6= (GEOMETRIC_REPRESENTATION_CONTEXT(3)GLOBAL_UNCERTAINTY_ASSIGNED_CONTEXT((#18))GLOBAL_UNIT_ASSIGNED_CONTEXT((#20,#21,#22))REPRESENTATION_CONTEXT('NONE','WORKSPACE'));
#10=STYLED_ITEM('',(#24),#25);
#11=APPLICATION_CONTEXT('managed model based 3d engineering');
#12=PRODUCT_CATEGORY('part','NONE');
#13=PRODUCT_RELATED_PRODUCT_CATEGORY('detail',' ',(#26));
#14=PRODUCT_DEFINITION_SHAPE('NONE','NONE',#27);
#15=ADVANCED_BREP_SHAPE_REPRESENTATION('2053380002',(#25,#28),#6);
#18=UNCERTAINTY_MEASURE_WITH_UNIT(LENGTH_MEASURE(1.0E-06),#20,'','');
#20= (CONVERSION_BASED_UNIT('MILLIMETRE',#31)LENGTH_UNIT()NAMED_UNIT(#34));
#21= (NAMED_UNIT(#36)PLANE_ANGLE_UNIT()SI_UNIT($,.RADIAN.));
#22= (NAMED_UNIT(#36)SOLID_ANGLE_UNIT()SI_UNIT($,.STERADIAN.));
#24=PRESENTATION_STYLE_ASSIGNMENT((#42));
#25=MANIFOLD_SOLID_BREP('2053380002',#43);
#26=PRODUCT('2053380002','','PART--DESC',(#44));
#27=PRODUCT_DEFINITION('','NONE',#45,#2);
#28=AXIS2_PLACEMENT_3D('',#46,#47,#48);
#31=LENGTH_MEASURE_WITH_UNIT(LENGTH_MEASURE(1.0),#49);
#34=DIMENSIONAL_EXPONENTS(1.0,0.0,0.0,0.0,0.0,0.0,0.0);
#36=DIMENSIONAL_EXPONENTS(0.0,0.0,0.0,0.0,0.0,0.0,0.0);
#42=SURFACE_STYLE_USAGE(.BOTH.,#50);
#43=CLOSED_SHELL('',(#51,#52,#53,#54,#55,#56,#57,#58,#59,#60,#61,#62,#63,#64,#65,#66,#67,#68,#69,#70,#71,#72,#73,#74,#75,#76,#77,#78,#79,#80,#81,#82,#83,#84,#85,#86,#87,#88,#89,#90,#91,#92,#93,#94,#95,#96,#97,#98,#99,#100,#101,#102,#103,#104,#105,#106,#107,#108,#109,#110,#111,#112,#113,#114,#115,#116,#117,#118,#119,#120,#121,#122,#123,#124,#125,#126,#127,#128,#129,#130,#131,#132,#133,#134,#135,#136,#137,#138,#139,#140,#141,#142,#143,#144,#145,#146,#147,#148,#149,#150,#151,#152,#153,#154,#155,#156,#157,#158,#159,#160,#161,#162,#163,#164,#165,#166,#167,#168,#169,#170,#171,#172,#173,#174,#175,#176,#177,#178,#179,#180,#181,#182,#183,#184,#185,#186,#187,#188,#189,#190,#191,#192));
#44=PRODUCT_CONTEXT('',#11,'mechanical');
#45=PRODUCT_DEFINITION_FORMATION_WITH_SPECIFIED_SOURCE(' ','NONE',#26,.NOT_KNOWN.);
#46=CARTESIAN_POINT('',(0.0,0.0,0.0));
#47=DIRECTION('',(0.0,0.0,1.0));
#48=DIRECTION('',(1.0,0.0,0.0));
#49= (NAMED_UNIT(#34)LENGTH_UNIT()SI_UNIT(.MILLI.,.METRE.));
#50=SURFACE_SIDE_STYLE('',(#194));
#51=ADVANCED_FACE('',(#195),#196,.F.);
#52=ADVANCED_FACE('',(#197),#198,.T.);
#53=ADVANCED_FACE('',(#199),#200,.F.);
#54=ADVANCED_FACE('',(#201,#202),#203,.F.);
#55=ADVANCED_FACE('',(#204),#205,.T.);
#56=ADVANCED_FACE('',(#206),#207,.F.);
#57=ADVANCED_FACE('',(#208),#209,.F.);
#58=ADVANCED_FACE('',(#210),#211,.F.);
#59=ADVANCED_FACE('',(#212),#213,.T.);
#60=ADVANCED_FACE('',(#214),#215,.F.);
#61=ADVANCED_FACE('',(#216),#217,.F.);
#62=ADVANCED_FACE('',(#218),#219,.F.);
#63=ADVANCED_FACE('',(#220),#221,.F.);
#64=ADVANCED_FACE('',(#222),#223,.F.);
#65=ADVANCED_FACE('',(#224),#225,.F.);
#66=ADVANCED_FACE('',(#226),#227,.F.);
#67=ADVANCED_FACE('',(#228),#229,.F.);
#68=ADVANCED_FACE('',(#230),#231,.T.);
#69=ADVANCED_FACE('',(#232),#233,.T.);
#70=ADVANCED_FACE('',(#234),#235,.T.);
#71=ADVANCED_FACE('',(#236),#237,.T.);
#72=ADVANCED_FACE('',(#238),#239,.F.);
#73=ADVANCED_FACE('',(#240),#241,.F.);
#74=ADVANCED_FACE('',(#242),#243,.F.);
#75=ADVANCED_FACE('',(#244,#245),#246,.T.);
#76=ADVANCED_FACE('',(#247),#248,.F.);
#77=ADVANCED_FACE('',(#249,#250),#251,.F.);
#78=ADVANCED_FACE('',(#252),#253,.F.);
#79=ADVANCED_FACE('',(#254),#255,.F.);
#80=ADVANCED_FACE('',(#256),#257,.F.);
#81=ADVANCED_FACE('',(#258),#259,.F.);
#82=ADVANCED_FACE('',(#260),#261,.F.);
#83=ADVANCED_FACE('',(#262),#263,.F.);
#84=ADVANCED_FACE('',(#264),#265,.F.);
#85=ADVANCED_FACE('',(#266),#267,.F.);
#86=ADVANCED_FACE('',(#268),#269,.F.);
#87=ADVANCED_FACE('',(#270),#271,.F.);
#88=ADVANCED_FACE('',(#272),#273,.F.);
#89=ADVANCED_FACE('',(#274),#275,.F.);
#90=ADVANCED_FACE('',(#276),#277,.T.);
#91=ADVANCED_FACE('',(#278),#279,.F.);
#92=ADVANCED_FACE('',(#280),#281,.F.);
#93=ADVANCED_FACE('',(#282),#283,.T.);
#94=ADVANCED_FACE('',(#284),#285,.F.);
#95=ADVANCED_FACE('',(#286),#287,.F.);
#96=ADVANCED_FACE('',(#288),#289,.T.);
#97=ADVANCED_FACE('',(#290),#291,.F.);
#98=ADVANCED_FACE('',(#292),#293,.F.);
#99=ADVANCED_FACE('',(#294),#295,.F.);
#100=ADVANCED_FACE('',(#296),#297,.F.);
#101=ADVANCED_FACE('',(#298),#299,.F.);
#102=ADVANCED_FACE('',(#300),#301,.T.);
#103=ADVANCED_FACE('',(#302),#303,.T.);
#104=ADVANCED_FACE('',(#304),#305,.F.);
#105=ADVANCED_FACE('',(#306),#307,.F.);
#106=ADVANCED_FACE('',(#308),#309,.F.);
#107=ADVANCED_FACE('',(#310),#311,.F.);
#108=ADVANCED_FACE('',(#312),#313,.F.);
#109=ADVANCED_FACE('',(#314),#315,.F.);
#110=ADVANCED_FACE('',(#316),#317,.F.);
#111=ADVANCED_FACE('',(#318),#319,.F.);
#112=ADVANCED_FACE('',(#320),#321,.F.);
#113=ADVANCED_FACE('',(#322),#323,.T.);
#114=ADVANCED_FACE('',(#324),#325,.T.);
#115=ADVANCED_FACE('',(#326),#327,.F.);
#116=ADVANCED_FACE('',(#328),#329,.F.);
#117=ADVANCED_FACE('',(#330),#331,.F.);
#118=ADVANCED_FACE('',(#332),#333,.T.);
#119=ADVANCED_FACE('',(#334),#335,.T.);
#120=ADVANCED_FACE('',(#336),#337,.F.);
#121=ADVANCED_FACE('',(#338),#339,.F.);
#122=ADVANCED_FACE('',(#340),#341,.F.);
#123=ADVANCED_FACE('',(#342),#343,.F.);
#124=ADVANCED_FACE('',(#344),#345,.F.);
#125=ADVANCED_FACE('',(#346),#347,.F.);
#126=ADVANCED_FACE('',(#348),#349,.F.);
#127=ADVANCED_FACE('',(#350),#351,.F.);
#128=ADVANCED_FACE('',(#352),#353,.F.);
#129=ADVANCED_FACE('',(#354),#355,.T.);
#130=ADVANCED_FACE('',(#356),#357,.T.);
#131=ADVANCED_FACE('',(#358),#359,.T.);
#132=ADVANCED_FACE('',(#360),#361,.T.);
#133=ADVANCED_FACE('',(#362),#363,.T.);
#134=ADVANCED_FACE('',(#364),#365,.T.);
#135=ADVANCED_FACE('',(#366),#367,.T.);
#136=ADVANCED_FACE('',(#368),#369,.F.);
#137=ADVANCED_FACE('',(#370),#371,.F.);
#138=ADVANCED_FACE('',(#372),#373,.F.);
#139=ADVANCED_FACE('',(#374),#375,.T.);
#140=ADVANCED_FACE('',(#376),#377,.T.);
#141=ADVANCED_FACE('',(#378),#379,.T.);
#142=ADVANCED_FACE('',(#380),#381,.T.);
#143=ADVANCED_FACE('',(#382),#383,.F.);
#144=ADVANCED_FACE('',(#384),#385,.T.);
#145=ADVANCED_FACE('',(#386),#387,.T.);
#146=ADVANCED_FACE('',(#388),#389,.T.);
#147=ADVANCED_FACE('',(#390),#391,.T.);
#148=ADVANCED_FACE('',(#392),#393,.F.);
#149=ADVANCED_FACE('',(#394),#395,.T.);
#150=ADVANCED_FACE('',(#396),#397,.T.);
#151=ADVANCED_FACE('',(#398),#399,.T.);
#152=ADVANCED_FACE('',(#400),#401,.T.);
#153=ADVANCED_FACE('',(#402),#403,.T.);
#154=ADVANCED_FACE('',(#404),#405,.T.);
#155=ADVANCED_FACE('',(#406),#407,.T.);
#156=ADVANCED_FACE('',(#408),#409,.F.);
#157=ADVANCED_FACE('',(#410),#411,.F.);
#158=ADVANCED_FACE('',(#412),#413,.F.);
#159=ADVANCED_FACE('',(#414),#415,.T.);
#160=ADVANCED_FACE('',(#416),#417,.F.);
#161=ADVANCED_FACE('',(#418),#419,.F.);
#162=ADVANCED_FACE('',(#420),#421,.F.);
#163=ADVANCED_FACE('',(#422),#423,.F.);
#164=ADVANCED_FACE('',(#424),#425,.F.);
#165=ADVANCED_FACE('',(#426),#427,.F.);
#166=ADVANCED_FACE('',(#428),#429,.F.);
#167=ADVANCED_FACE('',(#430),#431,.T.);
#168=ADVANCED_FACE('',(#432),#433,.F.);
#169=ADVANCED_FACE('',(#434),#435,.F.);
#170=ADVANCED_FACE('',(#436),#437,.F.);
#171=ADVANCED_FACE('',(#438),#439,.T.);
#172=ADVANCED_FACE('',(#440),#441,.T.);
#173=ADVANCED_FACE('',(#442),#443,.F.);
#174=ADVANCED_FACE('',(#444),#445,.F.);
#175=ADVANCED_FACE('',(#446),#447,.T.);
#176=ADVANCED_FACE('',(#448),#449,.F.);
#177=ADVANCED_FACE('',(#450),#451,.F.);
#178=ADVANCED_FACE('',(#452),#453,.F.);
#179=ADVANCED_FACE('',(#454),#455,.F.);
#180=ADVANCED_FACE('',(#456),#457,.F.);
#181=ADVANCED_FACE('',(#458),#459,.F.);
#182=ADVANCED_FACE('',(#460),#461,.F.);
#183=ADVANCED_FACE('',(#462),#463,.F.);
#184=ADVANCED_FACE('',(#464),#465,.F.);
#185=ADVANCED_FACE('',(#466),#467,.T.);
#186=ADVANCED_FACE('',(#468),#469,.T.);
#187=ADVANCED_FACE('',(#470),#471,.T.);
#188=ADVANCED_FACE('',(#472),#473,.F.);
#189=ADVANCED_FACE('',(#474),#475,.F.);
#190=ADVANCED_FACE('',(#476),#477,.F.);
#191=ADVANCED_FACE('',(#478),#479,.F.);
#192=ADVANCED_FACE('',(#480),#481,.F.);
#194=SURFACE_STYLE_FILL_AREA(#482);
#195=FACE_OUTER_BOUND('',#483,.T.);
#196=PLANE('',#484);
#197=FACE_OUTER_BOUND('',#485,.T.);
#198=PLANE('',#486);
#199=FACE_OUTER_BOUND('',#487,.T.);
#200=PLANE('',#488);
#201=FACE_OUTER_BOUND('',#489,.T.);
#202=FACE_BOUND('',#490,.T.);
#203=PLANE('',#491);
#204=FACE_OUTER_BOUND('',#492,.T.);
#205=PLANE('',#493);
#206=FACE_OUTER_BOUND('',#494,.T.);
#207=PLANE('',#495);
#208=FACE_OUTER_BOUND('',#496,.T.);
#209=PLANE('',#497);
#210=FACE_OUTER_BOUND('',#498,.T.);
#211=PLANE('',#499);
#212=FACE_OUTER_BOUND('',#500,.T.);
#213=PLANE('',#501);
#214=FACE_OUTER_BOUND('',#502,.T.);
#215=PLANE('',#503);
#216=FACE_OUTER_BOUND('',#504,.T.);
#217=PLANE('',#505);
#218=FACE_OUTER_BOUND('',#506,.T.);
#219=PLANE('',#507);
#220=FACE_OUTER_BOUND('',#508,.T.);
#221=PLANE('',#509);
#222=FACE_OUTER_BOUND('',#510,.T.);
#223=PLANE('',#511);
#224=FACE_OUTER_BOUND('',#512,.T.);
#225=PLANE('',#513);
#226=FACE_OUTER_BOUND('',#514,.T.);
#227=PLANE('',#515);
#228=FACE_OUTER_BOUND('',#516,.T.);
#229=PLANE('',#517);
#230=FACE_OUTER_BOUND('',#518,.T.);
#231=PLANE('',#519);
#232=FACE_OUTER_BOUND('',#520,.T.);
#233=PLANE('',#521);
#234=FACE_OUTER_BOUND('',#522,.T.);
#235=PLANE('',#523);
#236=FACE_OUTER_BOUND('',#524,.T.);
#237=PLANE('',#525);
#238=FACE_OUTER_BOUND('',#526,.T.);
#239=PLANE('',#527);
#240=FACE_OUTER_BOUND('',#528,.T.);
#241=PLANE('',#529);
#242=FACE_OUTER_BOUND('',#530,.T.);
#243=PLANE('',#531);
#244=FACE_BOUND('',#532,.T.);
#245=FACE_OUTER_BOUND('',#533,.T.);
#246=PLANE('',#534);
#247=FACE_OUTER_BOUND('',#535,.T.);
#248=PLANE('',#536);
#249=FACE_BOUND('',#537,.T.);
#250=FACE_OUTER_BOUND('',#538,.T.);
#251=PLANE('',#539);
#252=FACE_OUTER_BOUND('',#540,.T.);
#253=PLANE('',#541);
#254=FACE_OUTER_BOUND('',#542,.T.);
#255=PLANE('',#543);
#256=FACE_OUTER_BOUND('',#544,.T.);
#257=PLANE('',#545);
#258=FACE_OUTER_BOUND('',#546,.T.);
#259=PLANE('',#547);
#260=FACE_OUTER_BOUND('',#548,.T.);
#261=PLANE('',#549);
#262=FACE_OUTER_BOUND('',#550,.T.);
#263=PLANE('',#551);
#264=FACE_OUTER_BOUND('',#552,.T.);
#265=PLANE('',#553);
#266=FACE_OUTER_BOUND('',#554,.T.);
#267=PLANE('',#555);
#268=FACE_OUTER_BOUND('',#556,.T.);
#269=PLANE('',#557);
#270=FACE_OUTER_BOUND('',#558,.T.);
#271=PLANE('',#559);
#272=FACE_OUTER_BOUND('',#560,.T.);
#273=PLANE('',#561);
#274=FACE_OUTER_BOUND('',#562,.T.);
#275=PLANE('',#563);
#276=FACE_OUTER_BOUND('',#564,.T.);
#277=PLANE('',#565);
#278=FACE_OUTER_BOUND('',#566,.T.);
#279=PLANE('',#567);
#280=FACE_OUTER_BOUND('',#568,.T.);
#281=PLANE('',#569);
#282=FACE_OUTER_BOUND('',#570,.T.);
#283=PLANE('',#571);
#284=FACE_OUTER_BOUND('',#572,.T.);
#285=PLANE('',#573);
#286=FACE_OUTER_BOUND('',#574,.T.);
#287=PLANE('',#575);
#288=FACE_OUTER_BOUND('',#576,.T.);
#289=PLANE('',#577);
#290=FACE_OUTER_BOUND('',#578,.T.);
#291=PLANE('',#579);
#292=FACE_OUTER_BOUND('',#580,.T.);
#293=PLANE('',#581);
#294=FACE_OUTER_BOUND('',#582,.T.);
#295=PLANE('',#583);
#296=FACE_OUTER_BOUND('',#584,.T.);
#297=PLANE('',#585);
#298=FACE_OUTER_BOUND('',#586,.T.);
#299=PLANE('',#587);
#300=FACE_OUTER_BOUND('',#588,.T.);
#301=PLANE('',#589);
#302=FACE_OUTER_BOUND('',#590,.T.);
#303=PLANE('',#591);
#304=FACE_OUTER_BOUND('',#592,.T.);
#305=PLANE('',#593);
#306=FACE_OUTER_BOUND('',#594,.T.);
#307=PLANE('',#595);
#308=FACE_OUTER_BOUND('',#596,.T.);
#309=PLANE('',#597);
#310=FACE_OUTER_BOUND('',#598,.T.);
#311=PLANE('',#599);
#312=FACE_OUTER_BOUND('',#600,.T.);
#313=PLANE('',#601);
#314=FACE_OUTER_BOUND('',#602,.T.);
#315=PLANE('',#603);
#316=FACE_OUTER_BOUND('',#604,.T.);
#317=CYLINDRICAL_SURFACE('',#605,0.3);
#318=FACE_OUTER_BOUND('',#606,.T.);
#319=PLANE('',#607);
#320=FACE_OUTER_BOUND('',#608,.T.);
#321=PLANE('',#609);
#322=FACE_OUTER_BOUND('',#610,.T.);
#323=PLANE('',#611);
#324=FACE_OUTER_BOUND('',#612,.T.);
#325=PLANE('',#613);
#326=FACE_OUTER_BOUND('',#614,.T.);
#327=PLANE('',#615);
#328=FACE_OUTER_BOUND('',#616,.T.);
#329=PLANE('',#617);
#330=FACE_OUTER_BOUND('',#618,.T.);
#331=PLANE('',#619);
#332=FACE_OUTER_BOUND('',#620,.T.);
#333=PLANE('',#621);
#334=FACE_OUTER_BOUND('',#622,.T.);
#335=PLANE('',#623);
#336=FACE_OUTER_BOUND('',#624,.T.);
#337=PLANE('',#625);
#338=FACE_OUTER_BOUND('',#626,.T.);
#339=PLANE('',#627);
#340=FACE_OUTER_BOUND('',#628,.T.);
#341=PLANE('',#629);
#342=FACE_OUTER_BOUND('',#630,.T.);
#343=PLANE('',#631);
#344=FACE_OUTER_BOUND('',#632,.T.);
#345=PLANE('',#633);
#346=FACE_OUTER_BOUND('',#634,.T.);
#347=PLANE('',#635);
#348=FACE_OUTER_BOUND('',#636,.T.);
#349=CYLINDRICAL_SURFACE('',#637,0.3);
#350=FACE_OUTER_BOUND('',#638,.T.);
#351=PLANE('',#639);
#352=FACE_OUTER_BOUND('',#640,.T.);
#353=PLANE('',#641);
#354=FACE_OUTER_BOUND('',#642,.T.);
#355=PLANE('',#643);
#356=FACE_OUTER_BOUND('',#644,.T.);
#357=PLANE('',#645);
#358=FACE_OUTER_BOUND('',#646,.T.);
#359=PLANE('',#647);
#360=FACE_OUTER_BOUND('',#648,.T.);
#361=PLANE('',#649);
#362=FACE_OUTER_BOUND('',#650,.T.);
#363=PLANE('',#651);
#364=FACE_OUTER_BOUND('',#652,.T.);
#365=PLANE('',#653);
#366=FACE_OUTER_BOUND('',#654,.T.);
#367=PLANE('',#655);
#368=FACE_OUTER_BOUND('',#656,.T.);
#369=CYLINDRICAL_SURFACE('',#657,0.18);
#370=FACE_OUTER_BOUND('',#658,.T.);
#371=PLANE('',#659);
#372=FACE_OUTER_BOUND('',#660,.T.);
#373=CYLINDRICAL_SURFACE('',#661,0.18);
#374=FACE_OUTER_BOUND('',#662,.T.);
#375=CYLINDRICAL_SURFACE('',#663,0.43);
#376=FACE_OUTER_BOUND('',#664,.T.);
#377=PLANE('',#665);
#378=FACE_OUTER_BOUND('',#666,.T.);
#379=PLANE('',#667);
#380=FACE_OUTER_BOUND('',#668,.T.);
#381=PLANE('',#669);
#382=FACE_OUTER_BOUND('',#670,.T.);
#383=CYLINDRICAL_SURFACE('',#671,0.18);
#384=FACE_OUTER_BOUND('',#672,.T.);
#385=CYLINDRICAL_SURFACE('',#673,0.4);
#386=FACE_OUTER_BOUND('',#674,.T.);
#387=PLANE('',#675);
#388=FACE_OUTER_BOUND('',#676,.T.);
#389=PLANE('',#677);
#390=FACE_OUTER_BOUND('',#678,.T.);
#391=PLANE('',#679);
#392=FACE_OUTER_BOUND('',#680,.T.);
#393=CYLINDRICAL_SURFACE('',#681,0.18);
#394=FACE_OUTER_BOUND('',#682,.T.);
#395=CYLINDRICAL_SURFACE('',#683,0.43);
#396=FACE_OUTER_BOUND('',#684,.T.);
#397=PLANE('',#685);
#398=FACE_OUTER_BOUND('',#686,.T.);
#399=PLANE('',#687);
#400=FACE_OUTER_BOUND('',#688,.T.);
#401=PLANE('',#689);
#402=FACE_OUTER_BOUND('',#690,.T.);
#403=PLANE('',#691);
#404=FACE_OUTER_BOUND('',#692,.T.);
#405=PLANE('',#693);
#406=FACE_OUTER_BOUND('',#694,.T.);
#407=PLANE('',#695);
#408=FACE_OUTER_BOUND('',#696,.T.);
#409=PLANE('',#697);
#410=FACE_OUTER_BOUND('',#698,.T.);
#411=PLANE('',#699);
#412=FACE_OUTER_BOUND('',#700,.T.);
#413=PLANE('',#701);
#414=FACE_OUTER_BOUND('',#702,.T.);
#415=PLANE('',#703);
#416=FACE_OUTER_BOUND('',#704,.T.);
#417=PLANE('',#705);
#418=FACE_OUTER_BOUND('',#706,.T.);
#419=PLANE('',#707);
#420=FACE_OUTER_BOUND('',#708,.T.);
#421=PLANE('',#709);
#422=FACE_OUTER_BOUND('',#710,.T.);
#423=PLANE('',#711);
#424=FACE_OUTER_BOUND('',#712,.T.);
#425=PLANE('',#713);
#426=FACE_OUTER_BOUND('',#714,.T.);
#427=PLANE('',#715);
#428=FACE_OUTER_BOUND('',#716,.T.);
#429=CYLINDRICAL_SURFACE('',#717,0.18);
#430=FACE_OUTER_BOUND('',#718,.T.);
#431=PLANE('',#719);
#432=FACE_OUTER_BOUND('',#720,.T.);
#433=PLANE('',#721);
#434=FACE_OUTER_BOUND('',#722,.T.);
#435=CYLINDRICAL_SURFACE('',#723,0.18);
#436=FACE_OUTER_BOUND('',#724,.T.);
#437=CYLINDRICAL_SURFACE('',#725,0.18);
#438=FACE_OUTER_BOUND('',#726,.T.);
#439=CYLINDRICAL_SURFACE('',#727,0.43);
#440=FACE_OUTER_BOUND('',#728,.T.);
#441=CYLINDRICAL_SURFACE('',#729,0.43);
#442=FACE_OUTER_BOUND('',#730,.T.);
#443=PLANE('',#731);
#444=FACE_OUTER_BOUND('',#732,.T.);
#445=PLANE('',#733);
#446=FACE_OUTER_BOUND('',#734,.T.);
#447=CYLINDRICAL_SURFACE('',#735,0.4);
#448=FACE_OUTER_BOUND('',#736,.T.);
#449=PLANE('',#737);
#450=FACE_OUTER_BOUND('',#738,.T.);
#451=PLANE('',#739);
#452=FACE_OUTER_BOUND('',#740,.T.);
#453=PLANE('',#741);
#454=FACE_OUTER_BOUND('',#742,.T.);
#455=CYLINDRICAL_SURFACE('',#743,0.18);
#456=FACE_OUTER_BOUND('',#744,.T.);
#457=PLANE('',#745);
#458=FACE_OUTER_BOUND('',#746,.T.);
#459=PLANE('',#747);
#460=FACE_OUTER_BOUND('',#748,.T.);
#461=PLANE('',#749);
#462=FACE_OUTER_BOUND('',#750,.T.);
#463=PLANE('',#751);
#464=FACE_OUTER_BOUND('',#752,.T.);
#465=PLANE('',#753);
#466=FACE_OUTER_BOUND('',#754,.T.);
#467=PLANE('',#755);
#468=FACE_OUTER_BOUND('',#756,.T.);
#469=PLANE('',#757);
#470=FACE_OUTER_BOUND('',#758,.T.);
#471=PLANE('',#759);
#472=FACE_OUTER_BOUND('',#760,.T.);
#473=PLANE('',#761);
#474=FACE_OUTER_BOUND('',#762,.T.);
#475=PLANE('',#763);
#476=FACE_OUTER_BOUND('',#764,.T.);
#477=PLANE('',#765);
#478=FACE_OUTER_BOUND('',#766,.T.);
#479=PLANE('',#767);
#480=FACE_OUTER_BOUND('',#768,.T.);
#481=PLANE('',#769);
#482=FILL_AREA_STYLE('',(#770));
#483=EDGE_LOOP('',(#771,#772,#773,#774));
#484=AXIS2_PLACEMENT_3D('',#775,#776,#777);
#485=EDGE_LOOP('',(#778,#779,#780,#781,#782,#783,#784,#785,#786,#787,#788,#789,#790,#791,#792,#793,#794,#795,#796,#797,#798,#799,#800,#801,#802,#803,#804,#805,#806,#807,#808,#809,#810,#811,#812,#813,#814,#815,#816,#817,#818,#819,#820,#821));
#486=AXIS2_PLACEMENT_3D('',#822,#823,#824);
#487=EDGE_LOOP('',(#825,#826,#827,#828,#829,#830,#831,#832,#833,#834));
#488=AXIS2_PLACEMENT_3D('',#835,#836,#837);
#489=EDGE_LOOP('',(#838,#839,#840,#841,#842,#843));
#490=EDGE_LOOP('',(#844,#845,#846,#847));
#491=AXIS2_PLACEMENT_3D('',#848,#849,#850);
#492=EDGE_LOOP('',(#851,#852,#853,#854,#855,#856,#857,#858));
#493=AXIS2_PLACEMENT_3D('',#859,#860,#861);
#494=EDGE_LOOP('',(#862,#863,#864,#865));
#495=AXIS2_PLACEMENT_3D('',#866,#867,#868);
#496=EDGE_LOOP('',(#869,#870,#871,#872));
#497=AXIS2_PLACEMENT_3D('',#873,#874,#875);
#498=EDGE_LOOP('',(#876,#877,#878,#879));
#499=AXIS2_PLACEMENT_3D('',#880,#881,#882);
#500=EDGE_LOOP('',(#883,#884,#885,#886,#887,#888,#889,#890,#891,#892,#893,#894,#895,#896,#897,#898,#899,#900,#901,#902));
#501=AXIS2_PLACEMENT_3D('',#903,#904,#905);
#502=EDGE_LOOP('',(#906,#907,#908,#909,#910,#911,#912,#913,#914,#915,#916,#917));
#503=AXIS2_PLACEMENT_3D('',#918,#919,#920);
#504=EDGE_LOOP('',(#921,#922,#923,#924,#925,#926,#927,#928,#929,#930,#931,#932));
#505=AXIS2_PLACEMENT_3D('',#933,#934,#935);
#506=EDGE_LOOP('',(#936,#937,#938,#939));
#507=AXIS2_PLACEMENT_3D('',#940,#941,#942);
#508=EDGE_LOOP('',(#943,#944,#945,#946));
#509=AXIS2_PLACEMENT_3D('',#947,#948,#949);
#510=EDGE_LOOP('',(#950,#951,#952,#953));
#511=AXIS2_PLACEMENT_3D('',#954,#955,#956);
#512=EDGE_LOOP('',(#957,#958,#959,#960,#961,#962,#963,#964));
#513=AXIS2_PLACEMENT_3D('',#965,#966,#967);
#514=EDGE_LOOP('',(#968,#969,#970,#971,#972,#973,#974,#975));
#515=AXIS2_PLACEMENT_3D('',#976,#977,#978);
#516=EDGE_LOOP('',(#979,#980,#981,#982));
#517=AXIS2_PLACEMENT_3D('',#983,#984,#985);
#518=EDGE_LOOP('',(#986,#987,#988,#989,#990,#991));
#519=AXIS2_PLACEMENT_3D('',#992,#993,#994);
#520=EDGE_LOOP('',(#995,#996,#997,#998,#999,#1000));
#521=AXIS2_PLACEMENT_3D('',#1001,#1002,#1003);
#522=EDGE_LOOP('',(#1004,#1005,#1006,#1007,#1008,#1009));
#523=AXIS2_PLACEMENT_3D('',#1010,#1011,#1012);
#524=EDGE_LOOP('',(#1013,#1014,#1015,#1016,#1017,#1018));
#525=AXIS2_PLACEMENT_3D('',#1019,#1020,#1021);
#526=EDGE_LOOP('',(#1022,#1023,#1024,#1025,#1026,#1027,#1028,#1029,#1030,#1031));
#527=AXIS2_PLACEMENT_3D('',#1032,#1033,#1034);
#528=EDGE_LOOP('',(#1035,#1036,#1037,#1038,#1039,#1040));
#529=AXIS2_PLACEMENT_3D('',#1041,#1042,#1043);
#530=EDGE_LOOP('',(#1044,#1045,#1046,#1047,#1048,#1049,#1050,#1051));
#531=AXIS2_PLACEMENT_3D('',#1052,#1053,#1054);
#532=EDGE_LOOP('',(#1055,#1056,#1057));
#533=EDGE_LOOP('',(#1058,#1059,#1060,#1061,#1062,#1063,#1064,#1065,#1066,#1067,#1068,#1069));
#534=AXIS2_PLACEMENT_3D('',#1070,#1071,#1072);
#535=EDGE_LOOP('',(#1073,#1074,#1075,#1076,#1077,#1078));
#536=AXIS2_PLACEMENT_3D('',#1079,#1080,#1081);
#537=EDGE_LOOP('',(#1082,#1083,#1084,#1085));
#538=EDGE_LOOP('',(#1086,#1087,#1088,#1089,#1090,#1091));
#539=AXIS2_PLACEMENT_3D('',#1092,#1093,#1094);
#540=EDGE_LOOP('',(#1095,#1096,#1097,#1098,#1099,#1100,#1101,#1102));
#541=AXIS2_PLACEMENT_3D('',#1103,#1104,#1105);
#542=EDGE_LOOP('',(#1106,#1107,#1108,#1109,#1110,#1111,#1112,#1113));
#543=AXIS2_PLACEMENT_3D('',#1114,#1115,#1116);
#544=EDGE_LOOP('',(#1117,#1118,#1119,#1120));
#545=AXIS2_PLACEMENT_3D('',#1121,#1122,#1123);
#546=EDGE_LOOP('',(#1124,#1125,#1126,#1127));
#547=AXIS2_PLACEMENT_3D('',#1128,#1129,#1130);
#548=EDGE_LOOP('',(#1131,#1132,#1133,#1134));
#549=AXIS2_PLACEMENT_3D('',#1135,#1136,#1137);
#550=EDGE_LOOP('',(#1138,#1139,#1140,#1141));
#551=AXIS2_PLACEMENT_3D('',#1142,#1143,#1144);
#552=EDGE_LOOP('',(#1145,#1146,#1147,#1148));
#553=AXIS2_PLACEMENT_3D('',#1149,#1150,#1151);
#554=EDGE_LOOP('',(#1152,#1153,#1154,#1155));
#555=AXIS2_PLACEMENT_3D('',#1156,#1157,#1158);
#556=EDGE_LOOP('',(#1159,#1160,#1161,#1162));
#557=AXIS2_PLACEMENT_3D('',#1163,#1164,#1165);
#558=EDGE_LOOP('',(#1166,#1167,#1168,#1169));
#559=AXIS2_PLACEMENT_3D('',#1170,#1171,#1172);
#560=EDGE_LOOP('',(#1173,#1174,#1175,#1176));
#561=AXIS2_PLACEMENT_3D('',#1177,#1178,#1179);
#562=EDGE_LOOP('',(#1180,#1181,#1182,#1183));
#563=AXIS2_PLACEMENT_3D('',#1184,#1185,#1186);
#564=EDGE_LOOP('',(#1187,#1188,#1189,#1190));
#565=AXIS2_PLACEMENT_3D('',#1191,#1192,#1193);
#566=EDGE_LOOP('',(#1194,#1195,#1196,#1197));
#567=AXIS2_PLACEMENT_3D('',#1198,#1199,#1200);
#568=EDGE_LOOP('',(#1201,#1202,#1203,#1204));
#569=AXIS2_PLACEMENT_3D('',#1205,#1206,#1207);
#570=EDGE_LOOP('',(#1208,#1209,#1210,#1211));
#571=AXIS2_PLACEMENT_3D('',#1212,#1213,#1214);
#572=EDGE_LOOP('',(#1215,#1216,#1217,#1218,#1219,#1220));
#573=AXIS2_PLACEMENT_3D('',#1221,#1222,#1223);
#574=EDGE_LOOP('',(#1224,#1225,#1226,#1227,#1228,#1229));
#575=AXIS2_PLACEMENT_3D('',#1230,#1231,#1232);
#576=EDGE_LOOP('',(#1233,#1234,#1235,#1236,#1237,#1238,#1239,#1240));
#577=AXIS2_PLACEMENT_3D('',#1241,#1242,#1243);
#578=EDGE_LOOP('',(#1244,#1245,#1246,#1247));
#579=AXIS2_PLACEMENT_3D('',#1248,#1249,#1250);
#580=EDGE_LOOP('',(#1251,#1252,#1253,#1254));
#581=AXIS2_PLACEMENT_3D('',#1255,#1256,#1257);
#582=EDGE_LOOP('',(#1258,#1259,#1260,#1261,#1262));
#583=AXIS2_PLACEMENT_3D('',#1263,#1264,#1265);
#584=EDGE_LOOP('',(#1266,#1267,#1268,#1269,#1270));
#585=AXIS2_PLACEMENT_3D('',#1271,#1272,#1273);
#586=EDGE_LOOP('',(#1274,#1275,#1276,#1277));
#587=AXIS2_PLACEMENT_3D('',#1278,#1279,#1280);
#588=EDGE_LOOP('',(#1281,#1282,#1283,#1284));
#589=AXIS2_PLACEMENT_3D('',#1285,#1286,#1287);
#590=EDGE_LOOP('',(#1288,#1289,#1290,#1291,#1292,#1293,#1294,#1295));
#591=AXIS2_PLACEMENT_3D('',#1296,#1297,#1298);
#592=EDGE_LOOP('',(#1299,#1300,#1301,#1302,#1303,#1304,#1305,#1306));
#593=AXIS2_PLACEMENT_3D('',#1307,#1308,#1309);
#594=EDGE_LOOP('',(#1310,#1311,#1312,#1313));
#595=AXIS2_PLACEMENT_3D('',#1314,#1315,#1316);
#596=EDGE_LOOP('',(#1317,#1318,#1319,#1320));
#597=AXIS2_PLACEMENT_3D('',#1321,#1322,#1323);
#598=EDGE_LOOP('',(#1324,#1325,#1326,#1327));
#599=AXIS2_PLACEMENT_3D('',#1328,#1329,#1330);
#600=EDGE_LOOP('',(#1331,#1332,#1333,#1334));
#601=AXIS2_PLACEMENT_3D('',#1335,#1336,#1337);
#602=EDGE_LOOP('',(#1338,#1339,#1340,#1341));
#603=AXIS2_PLACEMENT_3D('',#1342,#1343,#1344);
#604=EDGE_LOOP('',(#1345,#1346,#1347,#1348));
#605=AXIS2_PLACEMENT_3D('',#1349,#1350,#1351);
#606=EDGE_LOOP('',(#1352,#1353,#1354,#1355,#1356,#1357));
#607=AXIS2_PLACEMENT_3D('',#1358,#1359,#1360);
#608=EDGE_LOOP('',(#1361,#1362,#1363,#1364));
#609=AXIS2_PLACEMENT_3D('',#1365,#1366,#1367);
#610=EDGE_LOOP('',(#1368,#1369,#1370,#1371));
#611=AXIS2_PLACEMENT_3D('',#1372,#1373,#1374);
#612=EDGE_LOOP('',(#1375,#1376,#1377,#1378));
#613=AXIS2_PLACEMENT_3D('',#1379,#1380,#1381);
#614=EDGE_LOOP('',(#1382,#1383,#1384,#1385,#1386));
#615=AXIS2_PLACEMENT_3D('',#1387,#1388,#1389);
#616=EDGE_LOOP('',(#1390,#1391,#1392,#1393,#1394));
#617=AXIS2_PLACEMENT_3D('',#1395,#1396,#1397);
#618=EDGE_LOOP('',(#1398,#1399,#1400,#1401));
#619=AXIS2_PLACEMENT_3D('',#1402,#1403,#1404);
#620=EDGE_LOOP('',(#1405,#1406,#1407,#1408));
#621=AXIS2_PLACEMENT_3D('',#1409,#1410,#1411);
#622=EDGE_LOOP('',(#1412,#1413,#1414,#1415,#1416,#1417,#1418,#1419));
#623=AXIS2_PLACEMENT_3D('',#1420,#1421,#1422);
#624=EDGE_LOOP('',(#1423,#1424,#1425,#1426,#1427,#1428,#1429,#1430));
#625=AXIS2_PLACEMENT_3D('',#1431,#1432,#1433);
#626=EDGE_LOOP('',(#1434,#1435,#1436,#1437));
#627=AXIS2_PLACEMENT_3D('',#1438,#1439,#1440);
#628=EDGE_LOOP('',(#1441,#1442,#1443,#1444));
#629=AXIS2_PLACEMENT_3D('',#1445,#1446,#1447);
#630=EDGE_LOOP('',(#1448,#1449,#1450,#1451));
#631=AXIS2_PLACEMENT_3D('',#1452,#1453,#1454);
#632=EDGE_LOOP('',(#1455,#1456,#1457,#1458));
#633=AXIS2_PLACEMENT_3D('',#1459,#1460,#1461);
#634=EDGE_LOOP('',(#1462,#1463,#1464,#1465));
#635=AXIS2_PLACEMENT_3D('',#1466,#1467,#1468);
#636=EDGE_LOOP('',(#1469,#1470,#1471,#1472));
#637=AXIS2_PLACEMENT_3D('',#1473,#1474,#1475);
#638=EDGE_LOOP('',(#1476,#1477,#1478,#1479,#1480,#1481));
#639=AXIS2_PLACEMENT_3D('',#1482,#1483,#1484);
#640=EDGE_LOOP('',(#1485,#1486,#1487,#1488));
#641=AXIS2_PLACEMENT_3D('',#1489,#1490,#1491);
#642=EDGE_LOOP('',(#1492,#1493,#1494,#1495));
#643=AXIS2_PLACEMENT_3D('',#1496,#1497,#1498);
#644=EDGE_LOOP('',(#1499,#1500,#1501,#1502));
#645=AXIS2_PLACEMENT_3D('',#1503,#1504,#1505);
#646=EDGE_LOOP('',(#1506,#1507,#1508,#1509,#1510,#1511,#1512,#1513,#1514,#1515,#1516,#1517,#1518,#1519,#1520,#1521,#1522,#1523));
#647=AXIS2_PLACEMENT_3D('',#1524,#1525,#1526);
#648=EDGE_LOOP('',(#1527,#1528,#1529,#1530,#1531,#1532,#1533,#1534,#1535,#1536,#1537,#1538,#1539,#1540,#1541,#1542,#1543,#1544));
#649=AXIS2_PLACEMENT_3D('',#1545,#1546,#1547);
#650=EDGE_LOOP('',(#1548,#1549,#1550,#1551));
#651=AXIS2_PLACEMENT_3D('',#1552,#1553,#1554);
#652=EDGE_LOOP('',(#1555,#1556,#1557,#1558));
#653=AXIS2_PLACEMENT_3D('',#1559,#1560,#1561);
#654=EDGE_LOOP('',(#1562,#1563,#1564,#1565,#1566,#1567,#1568,#1569,#1570,#1571));
#655=AXIS2_PLACEMENT_3D('',#1572,#1573,#1574);
#656=EDGE_LOOP('',(#1575,#1576,#1577,#1578));
#657=AXIS2_PLACEMENT_3D('',#1579,#1580,#1581);
#658=EDGE_LOOP('',(#1582,#1583,#1584,#1585,#1586,#1587,#1588,#1589,#1590,#1591,#1592,#1593,#1594,#1595,#1596));
#659=AXIS2_PLACEMENT_3D('',#1597,#1598,#1599);
#660=EDGE_LOOP('',(#1600,#1601,#1602,#1603));
#661=AXIS2_PLACEMENT_3D('',#1604,#1605,#1606);
#662=EDGE_LOOP('',(#1607,#1608,#1609,#1610));
#663=AXIS2_PLACEMENT_3D('',#1611,#1612,#1613);
#664=EDGE_LOOP('',(#1614,#1615,#1616,#1617,#1618,#1619,#1620,#1621));
#665=AXIS2_PLACEMENT_3D('',#1622,#1623,#1624);
#666=EDGE_LOOP('',(#1625,#1626,#1627,#1628));
#667=AXIS2_PLACEMENT_3D('',#1629,#1630,#1631);
#668=EDGE_LOOP('',(#1632,#1633,#1634,#1635,#1636,#1637,#1638,#1639));
#669=AXIS2_PLACEMENT_3D('',#1640,#1641,#1642);
#670=EDGE_LOOP('',(#1643,#1644,#1645,#1646));
#671=AXIS2_PLACEMENT_3D('',#1647,#1648,#1649);
#672=EDGE_LOOP('',(#1650,#1651,#1652,#1653,#1654));
#673=AXIS2_PLACEMENT_3D('',#1655,#1656,#1657);
#674=EDGE_LOOP('',(#1658,#1659,#1660,#1661));
#675=AXIS2_PLACEMENT_3D('',#1662,#1663,#1664);
#676=EDGE_LOOP('',(#1665,#1666,#1667,#1668));
#677=AXIS2_PLACEMENT_3D('',#1669,#1670,#1671);
#678=EDGE_LOOP('',(#1672,#1673,#1674,#1675));
#679=AXIS2_PLACEMENT_3D('',#1676,#1677,#1678);
#680=EDGE_LOOP('',(#1679,#1680,#1681,#1682));
#681=AXIS2_PLACEMENT_3D('',#1683,#1684,#1685);
#682=EDGE_LOOP('',(#1686,#1687,#1688,#1689));
#683=AXIS2_PLACEMENT_3D('',#1690,#1691,#1692);
#684=EDGE_LOOP('',(#1693,#1694,#1695,#1696,#1697,#1698,#1699,#1700));
#685=AXIS2_PLACEMENT_3D('',#1701,#1702,#1703);
#686=EDGE_LOOP('',(#1704,#1705,#1706,#1707,#1708));
#687=AXIS2_PLACEMENT_3D('',#1709,#1710,#1711);
#688=EDGE_LOOP('',(#1712,#1713,#1714,#1715));
#689=AXIS2_PLACEMENT_3D('',#1716,#1717,#1718);
#690=EDGE_LOOP('',(#1719,#1720,#1721,#1722));
#691=AXIS2_PLACEMENT_3D('',#1723,#1724,#1725);
#692=EDGE_LOOP('',(#1726,#1727,#1728));
#693=AXIS2_PLACEMENT_3D('',#1729,#1730,#1731);
#694=EDGE_LOOP('',(#1732,#1733,#1734,#1735));
#695=AXIS2_PLACEMENT_3D('',#1736,#1737,#1738);
#696=EDGE_LOOP('',(#1739,#1740,#1741,#1742,#1743,#1744,#1745,#1746));
#697=AXIS2_PLACEMENT_3D('',#1747,#1748,#1749);
#698=EDGE_LOOP('',(#1750,#1751,#1752,#1753));
#699=AXIS2_PLACEMENT_3D('',#1754,#1755,#1756);
#700=EDGE_LOOP('',(#1757,#1758,#1759,#1760,#1761,#1762,#1763,#1764));
#701=AXIS2_PLACEMENT_3D('',#1765,#1766,#1767);
#702=EDGE_LOOP('',(#1768,#1769,#1770,#1771));
#703=AXIS2_PLACEMENT_3D('',#1772,#1773,#1774);
#704=EDGE_LOOP('',(#1775,#1776,#1777,#1778,#1779));
#705=AXIS2_PLACEMENT_3D('',#1780,#1781,#1782);
#706=EDGE_LOOP('',(#1783,#1784,#1785,#1786,#1787,#1788,#1789,#1790,#1791,#1792,#1793,#1794,#1795,#1796,#1797,#1798,#1799,#1800));
#707=AXIS2_PLACEMENT_3D('',#1801,#1802,#1803);
#708=EDGE_LOOP('',(#1804,#1805,#1806,#1807,#1808,#1809,#1810,#1811,#1812,#1813,#1814,#1815,#1816,#1817,#1818,#1819,#1820,#1821));
#709=AXIS2_PLACEMENT_3D('',#1822,#1823,#1824);
#710=EDGE_LOOP('',(#1825,#1826,#1827,#1828));
#711=AXIS2_PLACEMENT_3D('',#1829,#1830,#1831);
#712=EDGE_LOOP('',(#1832,#1833,#1834,#1835));
#713=AXIS2_PLACEMENT_3D('',#1836,#1837,#1838);
#714=EDGE_LOOP('',(#1839,#1840,#1841,#1842,#1843,#1844,#1845,#1846,#1847,#1848));
#715=AXIS2_PLACEMENT_3D('',#1849,#1850,#1851);
#716=EDGE_LOOP('',(#1852,#1853,#1854,#1855));
#717=AXIS2_PLACEMENT_3D('',#1856,#1857,#1858);
#718=EDGE_LOOP('',(#1859,#1860,#1861,#1862,#1863,#1864,#1865,#1866,#1867,#1868,#1869,#1870,#1871,#1872,#1873));
#719=AXIS2_PLACEMENT_3D('',#1874,#1875,#1876);
#720=EDGE_LOOP('',(#1877,#1878,#1879,#1880,#1881,#1882,#1883,#1884));
#721=AXIS2_PLACEMENT_3D('',#1885,#1886,#1887);
#722=EDGE_LOOP('',(#1888,#1889,#1890,#1891));
#723=AXIS2_PLACEMENT_3D('',#1892,#1893,#1894);
#724=EDGE_LOOP('',(#1895,#1896,#1897,#1898));
#725=AXIS2_PLACEMENT_3D('',#1899,#1900,#1901);
#726=EDGE_LOOP('',(#1902,#1903,#1904,#1905));
#727=AXIS2_PLACEMENT_3D('',#1906,#1907,#1908);
#728=EDGE_LOOP('',(#1909,#1910,#1911,#1912));
#729=AXIS2_PLACEMENT_3D('',#1913,#1914,#1915);
#730=EDGE_LOOP('',(#1916,#1917,#1918,#1919,#1920,#1921,#1922,#1923));
#731=AXIS2_PLACEMENT_3D('',#1924,#1925,#1926);
#732=EDGE_LOOP('',(#1927,#1928,#1929,#1930));
#733=AXIS2_PLACEMENT_3D('',#1931,#1932,#1933);
#734=EDGE_LOOP('',(#1934,#1935,#1936,#1937,#1938));
#735=AXIS2_PLACEMENT_3D('',#1939,#1940,#1941);
#736=EDGE_LOOP('',(#1942,#1943,#1944,#1945));
#737=AXIS2_PLACEMENT_3D('',#1946,#1947,#1948);
#738=EDGE_LOOP('',(#1949,#1950,#1951,#1952));
#739=AXIS2_PLACEMENT_3D('',#1953,#1954,#1955);
#740=EDGE_LOOP('',(#1956,#1957,#1958,#1959));
#741=AXIS2_PLACEMENT_3D('',#1960,#1961,#1962);
#742=EDGE_LOOP('',(#1963,#1964,#1965,#1966));
#743=AXIS2_PLACEMENT_3D('',#1967,#1968,#1969);
#744=EDGE_LOOP('',(#1970,#1971,#1972,#1973,#1974,#1975,#1976,#1977));
#745=AXIS2_PLACEMENT_3D('',#1978,#1979,#1980);
#746=EDGE_LOOP('',(#1981,#1982,#1983));
#747=AXIS2_PLACEMENT_3D('',#1984,#1985,#1986);
#748=EDGE_LOOP('',(#1987,#1988,#1989,#1990));
#749=AXIS2_PLACEMENT_3D('',#1991,#1992,#1993);
#750=EDGE_LOOP('',(#1994,#1995,#1996,#1997));
#751=AXIS2_PLACEMENT_3D('',#1998,#1999,#2000);
#752=EDGE_LOOP('',(#2001,#2002,#2003,#2004));
#753=AXIS2_PLACEMENT_3D('',#2005,#2006,#2007);
#754=EDGE_LOOP('',(#2008,#2009,#2010,#2011));
#755=AXIS2_PLACEMENT_3D('',#2012,#2013,#2014);
#756=EDGE_LOOP('',(#2015,#2016,#2017,#2018,#2019,#2020,#2021,#2022));
#757=AXIS2_PLACEMENT_3D('',#2023,#2024,#2025);
#758=EDGE_LOOP('',(#2026,#2027,#2028,#2029,#2030,#2031,#2032,#2033));
#759=AXIS2_PLACEMENT_3D('',#2034,#2035,#2036);
#760=EDGE_LOOP('',(#2037,#2038,#2039,#2040));
#761=AXIS2_PLACEMENT_3D('',#2041,#2042,#2043);
#762=EDGE_LOOP('',(#2044,#2045,#2046,#2047));
#763=AXIS2_PLACEMENT_3D('',#2048,#2049,#2050);
#764=EDGE_LOOP('',(#2051,#2052,#2053,#2054));
#765=AXIS2_PLACEMENT_3D('',#2055,#2056,#2057);
#766=EDGE_LOOP('',(#2058,#2059,#2060,#2061));
#767=AXIS2_PLACEMENT_3D('',#2062,#2063,#2064);
#768=EDGE_LOOP('',(#2065,#2066,#2067));
#769=AXIS2_PLACEMENT_3D('',#2068,#2069,#2070);
#770=FILL_AREA_STYLE_COLOUR('',#2071);
#771=ORIENTED_EDGE('',*,*,#2072,.T.);
#772=ORIENTED_EDGE('',*,*,#2073,.T.);
#773=ORIENTED_EDGE('',*,*,#2074,.F.);
#774=ORIENTED_EDGE('',*,*,#2075,.T.);
#775=CARTESIAN_POINT('',(-4.58499999999999,30.0150000000001,0.270000000000002));
#776=DIRECTION('',(2.00778180089915E-16,0.0,-1.0));
#777=DIRECTION('',(0.0,-1.0,0.0));
#778=ORIENTED_EDGE('',*,*,#2076,.T.);
#779=ORIENTED_EDGE('',*,*,#2077,.T.);
#780=ORIENTED_EDGE('',*,*,#2075,.F.);
#781=ORIENTED_EDGE('',*,*,#2078,.F.);
#782=ORIENTED_EDGE('',*,*,#2079,.F.);
#783=ORIENTED_EDGE('',*,*,#2080,.F.);
#784=ORIENTED_EDGE('',*,*,#2081,.F.);
#785=ORIENTED_EDGE('',*,*,#2082,.F.);
#786=ORIENTED_EDGE('',*,*,#2083,.T.);
#787=ORIENTED_EDGE('',*,*,#2084,.T.);
#788=ORIENTED_EDGE('',*,*,#2085,.T.);
#789=ORIENTED_EDGE('',*,*,#2086,.T.);
#790=ORIENTED_EDGE('',*,*,#2087,.T.);
#791=ORIENTED_EDGE('',*,*,#2088,.F.);
#792=ORIENTED_EDGE('',*,*,#2089,.F.);
#793=ORIENTED_EDGE('',*,*,#2090,.F.);
#794=ORIENTED_EDGE('',*,*,#2091,.T.);
#795=ORIENTED_EDGE('',*,*,#2092,.T.);
#796=ORIENTED_EDGE('',*,*,#2093,.T.);
#797=ORIENTED_EDGE('',*,*,#2094,.T.);
#798=ORIENTED_EDGE('',*,*,#2095,.T.);
#799=ORIENTED_EDGE('',*,*,#2096,.F.);
#800=ORIENTED_EDGE('',*,*,#2097,.F.);
#801=ORIENTED_EDGE('',*,*,#2098,.F.);
#802=ORIENTED_EDGE('',*,*,#2099,.F.);
#803=ORIENTED_EDGE('',*,*,#2100,.F.);
#804=ORIENTED_EDGE('',*,*,#2101,.F.);
#805=ORIENTED_EDGE('',*,*,#2102,.F.);
#806=ORIENTED_EDGE('',*,*,#2103,.F.);
#807=ORIENTED_EDGE('',*,*,#2104,.F.);
#808=ORIENTED_EDGE('',*,*,#2105,.F.);
#809=ORIENTED_EDGE('',*,*,#2106,.F.);
#810=ORIENTED_EDGE('',*,*,#2107,.F.);
#811=ORIENTED_EDGE('',*,*,#2108,.T.);
#812=ORIENTED_EDGE('',*,*,#2109,.T.);
#813=ORIENTED_EDGE('',*,*,#2110,.F.);
#814=ORIENTED_EDGE('',*,*,#2111,.F.);
#815=ORIENTED_EDGE('',*,*,#2112,.F.);
#816=ORIENTED_EDGE('',*,*,#2113,.T.);
#817=ORIENTED_EDGE('',*,*,#2114,.T.);
#818=ORIENTED_EDGE('',*,*,#2115,.F.);
#819=ORIENTED_EDGE('',*,*,#2116,.F.);
#820=ORIENTED_EDGE('',*,*,#2117,.F.);
#821=ORIENTED_EDGE('',*,*,#2118,.T.);
#822=CARTESIAN_POINT('',(0.0,9.1,0.0));
#823=DIRECTION('',(0.0,-1.0,0.0));
#824=DIRECTION('',(0.0,0.0,-1.0));
#825=ORIENTED_EDGE('',*,*,#2119,.F.);
#826=ORIENTED_EDGE('',*,*,#2120,.T.);
#827=ORIENTED_EDGE('',*,*,#2121,.F.);
#828=ORIENTED_EDGE('',*,*,#2122,.F.);
#829=ORIENTED_EDGE('',*,*,#2116,.T.);
#830=ORIENTED_EDGE('',*,*,#2123,.F.);
#831=ORIENTED_EDGE('',*,*,#2124,.T.);
#832=ORIENTED_EDGE('',*,*,#2125,.T.);
#833=ORIENTED_EDGE('',*,*,#2126,.T.);
#834=ORIENTED_EDGE('',*,*,#2127,.F.);
#835=CARTESIAN_POINT('',(-4.585,9.1,2.2));
#836=DIRECTION('',(-1.0,0.0,0.0));
#837=DIRECTION('',(0.0,0.0,1.0));
#838=ORIENTED_EDGE('',*,*,#2115,.T.);
#839=ORIENTED_EDGE('',*,*,#2128,.T.);
#840=ORIENTED_EDGE('',*,*,#2129,.T.);
#841=ORIENTED_EDGE('',*,*,#2130,.F.);
#842=ORIENTED_EDGE('',*,*,#2131,.T.);
#843=ORIENTED_EDGE('',*,*,#2123,.T.);
#844=ORIENTED_EDGE('',*,*,#2132,.F.);
#845=ORIENTED_EDGE('',*,*,#2133,.F.);
#846=ORIENTED_EDGE('',*,*,#2134,.F.);
#847=ORIENTED_EDGE('',*,*,#2135,.F.);
#848=CARTESIAN_POINT('',(-3.425,9.1,2.2));
#849=DIRECTION('',(0.0,0.0,1.0));
#850=DIRECTION('',(1.0,0.0,0.0));
#851=ORIENTED_EDGE('',*,*,#2120,.F.);
#852=ORIENTED_EDGE('',*,*,#2136,.T.);
#853=ORIENTED_EDGE('',*,*,#2137,.T.);
#854=ORIENTED_EDGE('',*,*,#2138,.F.);
#855=ORIENTED_EDGE('',*,*,#2125,.F.);
#856=ORIENTED_EDGE('',*,*,#2139,.F.);
#857=ORIENTED_EDGE('',*,*,#2140,.F.);
#858=ORIENTED_EDGE('',*,*,#2141,.F.);
#859=CARTESIAN_POINT('',(0.0,0.0,0.240000000000003));
#860=DIRECTION('',(0.0,0.0,-1.0));
#861=DIRECTION('',(0.0,-1.0,0.0));
#862=ORIENTED_EDGE('',*,*,#2142,.T.);
#863=ORIENTED_EDGE('',*,*,#2143,.T.);
#864=ORIENTED_EDGE('',*,*,#2144,.F.);
#865=ORIENTED_EDGE('',*,*,#2105,.T.);
#866=CARTESIAN_POINT('',(2.315,30.0150000000001,0.27));
#867=DIRECTION('',(-4.0155636017983E-16,0.0,-1.0));
#868=DIRECTION('',(-1.0,0.0,4.0155636017983E-16));
#869=ORIENTED_EDGE('',*,*,#2145,.F.);
#870=ORIENTED_EDGE('',*,*,#2146,.T.);
#871=ORIENTED_EDGE('',*,*,#2147,.T.);
#872=ORIENTED_EDGE('',*,*,#2087,.F.);
#873=CARTESIAN_POINT('',(-1.75,6.69999999900002,0.309999999999966));
#874=DIRECTION('',(0.0,-1.47237332065933E-16,1.0));
#875=DIRECTION('',(0.0,-1.0,-1.47237332065933E-16));
#876=ORIENTED_EDGE('',*,*,#2148,.F.);
#877=ORIENTED_EDGE('',*,*,#2149,.F.);
#878=ORIENTED_EDGE('',*,*,#2150,.T.);
#879=ORIENTED_EDGE('',*,*,#2085,.F.);
#880=CARTESIAN_POINT('',(-1.75,11.259999999,1.42999999999997));
#881=DIRECTION('',(0.0,-9.51054537267987E-17,-1.0));
#882=DIRECTION('',(0.0,-1.0,9.51054537267987E-17));
#883=ORIENTED_EDGE('',*,*,#2151,.T.);
#884=ORIENTED_EDGE('',*,*,#2152,.T.);
#885=ORIENTED_EDGE('',*,*,#2153,.T.);
#886=ORIENTED_EDGE('',*,*,#2154,.F.);
#887=ORIENTED_EDGE('',*,*,#2155,.T.);
#888=ORIENTED_EDGE('',*,*,#2156,.T.);
#889=ORIENTED_EDGE('',*,*,#2157,.T.);
#890=ORIENTED_EDGE('',*,*,#2158,.T.);
#891=ORIENTED_EDGE('',*,*,#2159,.F.);
#892=ORIENTED_EDGE('',*,*,#2160,.F.);
#893=ORIENTED_EDGE('',*,*,#2161,.F.);
#894=ORIENTED_EDGE('',*,*,#2162,.F.);
#895=ORIENTED_EDGE('',*,*,#2163,.F.);
#896=ORIENTED_EDGE('',*,*,#2164,.F.);
#897=ORIENTED_EDGE('',*,*,#2165,.F.);
#898=ORIENTED_EDGE('',*,*,#2166,.F.);
#899=ORIENTED_EDGE('',*,*,#2167,.F.);
#900=ORIENTED_EDGE('',*,*,#2168,.F.);
#901=ORIENTED_EDGE('',*,*,#2169,.T.);
#902=ORIENTED_EDGE('',*,*,#2170,.F.);
#903=CARTESIAN_POINT('',(-4.975,11.35,-0.02));
#904=DIRECTION('',(-6.14551703114818E-16,0.0,-1.0));
#905=DIRECTION('',(-1.0,0.0,6.14551703114818E-16));
#906=ORIENTED_EDGE('',*,*,#2171,.F.);
#907=ORIENTED_EDGE('',*,*,#2172,.F.);
#908=ORIENTED_EDGE('',*,*,#2173,.T.);
#909=ORIENTED_EDGE('',*,*,#2169,.F.);
#910=ORIENTED_EDGE('',*,*,#2174,.F.);
#911=ORIENTED_EDGE('',*,*,#2175,.F.);
#912=ORIENTED_EDGE('',*,*,#2176,.F.);
#913=ORIENTED_EDGE('',*,*,#2157,.F.);
#914=ORIENTED_EDGE('',*,*,#2177,.F.);
#915=ORIENTED_EDGE('',*,*,#2178,.F.);
#916=ORIENTED_EDGE('',*,*,#2179,.T.);
#917=ORIENTED_EDGE('',*,*,#2153,.F.);
#918=CARTESIAN_POINT('',(0.0,11.35,0.0));
#919=DIRECTION('',(0.0,-1.0,0.0));
#920=DIRECTION('',(0.0,0.0,-1.0));
#921=ORIENTED_EDGE('',*,*,#2180,.F.);
#922=ORIENTED_EDGE('',*,*,#2181,.F.);
#923=ORIENTED_EDGE('',*,*,#2182,.T.);
#924=ORIENTED_EDGE('',*,*,#2081,.T.);
#925=ORIENTED_EDGE('',*,*,#2183,.F.);
#926=ORIENTED_EDGE('',*,*,#2184,.T.);
#927=ORIENTED_EDGE('',*,*,#2185,.T.);
#928=ORIENTED_EDGE('',*,*,#2097,.T.);
#929=ORIENTED_EDGE('',*,*,#2186,.F.);
#930=ORIENTED_EDGE('',*,*,#2187,.F.);
#931=ORIENTED_EDGE('',*,*,#2188,.T.);
#932=ORIENTED_EDGE('',*,*,#2089,.T.);
#933=CARTESIAN_POINT('',(-3.2,9.1,0.179999999999995));
#934=DIRECTION('',(1.28132984021014E-15,0.0,-1.0));
#935=DIRECTION('',(0.0,-1.0,0.0));
#936=ORIENTED_EDGE('',*,*,#2189,.F.);
#937=ORIENTED_EDGE('',*,*,#2190,.T.);
#938=ORIENTED_EDGE('',*,*,#2191,.T.);
#939=ORIENTED_EDGE('',*,*,#2095,.F.);
#940=CARTESIAN_POINT('',(0.25,6.69999999900002,0.309999999999966));
#941=DIRECTION('',(0.0,-1.47237332065933E-16,1.0));
#942=DIRECTION('',(0.0,-1.0,-1.47237332065933E-16));
#943=ORIENTED_EDGE('',*,*,#2192,.F.);
#944=ORIENTED_EDGE('',*,*,#2193,.F.);
#945=ORIENTED_EDGE('',*,*,#2194,.T.);
#946=ORIENTED_EDGE('',*,*,#2093,.F.);
#947=CARTESIAN_POINT('',(0.25,11.259999999,1.42999999999997));
#948=DIRECTION('',(0.0,-9.51054537267987E-17,-1.0));
#949=DIRECTION('',(0.0,-1.0,9.51054537267987E-17));
#950=ORIENTED_EDGE('',*,*,#2195,.F.);
#951=ORIENTED_EDGE('',*,*,#2099,.T.);
#952=ORIENTED_EDGE('',*,*,#2196,.F.);
#953=ORIENTED_EDGE('',*,*,#2197,.F.);
#954=CARTESIAN_POINT('',(1.19999999999999,9.1,0.380000000000002));
#955=DIRECTION('',(-3.91408726529064E-16,0.0,-1.0));
#956=DIRECTION('',(-1.0,0.0,3.91408726529064E-16));
#957=ORIENTED_EDGE('',*,*,#2198,.F.);
#958=ORIENTED_EDGE('',*,*,#2199,.F.);
#959=ORIENTED_EDGE('',*,*,#2159,.T.);
#960=ORIENTED_EDGE('',*,*,#2200,.F.);
#961=ORIENTED_EDGE('',*,*,#2201,.T.);
#962=ORIENTED_EDGE('',*,*,#2202,.F.);
#963=ORIENTED_EDGE('',*,*,#2143,.F.);
#964=ORIENTED_EDGE('',*,*,#2203,.F.);
#965=CARTESIAN_POINT('',(2.315,6.74999999999999,3.94000000000003));
#966=DIRECTION('',(-0.0,1.0,0.0));
#967=DIRECTION('',(1.0,0.0,0.0));
#968=ORIENTED_EDGE('',*,*,#2204,.F.);
#969=ORIENTED_EDGE('',*,*,#2121,.T.);
#970=ORIENTED_EDGE('',*,*,#2141,.T.);
#971=ORIENTED_EDGE('',*,*,#2205,.T.);
#972=ORIENTED_EDGE('',*,*,#2167,.T.);
#973=ORIENTED_EDGE('',*,*,#2206,.T.);
#974=ORIENTED_EDGE('',*,*,#2073,.F.);
#975=ORIENTED_EDGE('',*,*,#2207,.F.);
#976=CARTESIAN_POINT('',(-4.975,6.75,3.94000000000003));
#977=DIRECTION('',(-0.0,1.0,0.0));
#978=DIRECTION('',(1.0,0.0,0.0));
#979=ORIENTED_EDGE('',*,*,#2079,.T.);
#980=ORIENTED_EDGE('',*,*,#2208,.F.);
#981=ORIENTED_EDGE('',*,*,#2209,.F.);
#982=ORIENTED_EDGE('',*,*,#2210,.T.);
#983=CARTESIAN_POINT('',(-4.585,9.1,0.379999999999997));
#984=DIRECTION('',(-1.95704363264531E-16,0.0,-1.0));
#985=DIRECTION('',(-1.0,0.0,1.95704363264531E-16));
#986=ORIENTED_EDGE('',*,*,#2205,.F.);
#987=ORIENTED_EDGE('',*,*,#2140,.T.);
#988=ORIENTED_EDGE('',*,*,#2211,.F.);
#989=ORIENTED_EDGE('',*,*,#2212,.F.);
#990=ORIENTED_EDGE('',*,*,#2174,.T.);
#991=ORIENTED_EDGE('',*,*,#2168,.T.);
#992=CARTESIAN_POINT('',(-4.975,11.35,2.54));
#993=DIRECTION('',(-1.0,0.0,0.0));
#994=DIRECTION('',(0.0,0.0,1.0));
#995=ORIENTED_EDGE('',*,*,#2213,.F.);
#996=ORIENTED_EDGE('',*,*,#2214,.T.);
#997=ORIENTED_EDGE('',*,*,#2200,.T.);
#998=ORIENTED_EDGE('',*,*,#2158,.F.);
#999=ORIENTED_EDGE('',*,*,#2176,.T.);
#1000=ORIENTED_EDGE('',*,*,#2215,.T.);
#1001=CARTESIAN_POINT('',(2.975,11.35,-0.0200000000000049));
#1002=DIRECTION('',(1.0,0.0,0.0));
#1003=DIRECTION('',(0.0,1.0,0.0));
#1004=ORIENTED_EDGE('',*,*,#2216,.F.);
#1005=ORIENTED_EDGE('',*,*,#2217,.T.);
#1006=ORIENTED_EDGE('',*,*,#2213,.T.);
#1007=ORIENTED_EDGE('',*,*,#2218,.T.);
#1008=ORIENTED_EDGE('',*,*,#2219,.F.);
#1009=ORIENTED_EDGE('',*,*,#2220,.F.);
#1010=CARTESIAN_POINT('',(0.0,3.75,0.0));
#1011=DIRECTION('',(0.0,-1.0,0.0));
#1012=DIRECTION('',(0.0,0.0,-1.0));
#1013=ORIENTED_EDGE('',*,*,#2211,.T.);
#1014=ORIENTED_EDGE('',*,*,#2139,.T.);
#1015=ORIENTED_EDGE('',*,*,#2124,.F.);
#1016=ORIENTED_EDGE('',*,*,#2131,.F.);
#1017=ORIENTED_EDGE('',*,*,#2221,.F.);
#1018=ORIENTED_EDGE('',*,*,#2222,.T.);
#1019=CARTESIAN_POINT('',(0.0,3.75,0.0));
#1020=DIRECTION('',(0.0,-1.0,0.0));
#1021=DIRECTION('',(0.0,0.0,-1.0));
#1022=ORIENTED_EDGE('',*,*,#2223,.T.);
#1023=ORIENTED_EDGE('',*,*,#2224,.T.);
#1024=ORIENTED_EDGE('',*,*,#2225,.T.);
#1025=ORIENTED_EDGE('',*,*,#2226,.F.);
#1026=ORIENTED_EDGE('',*,*,#2227,.T.);
#1027=ORIENTED_EDGE('',*,*,#2216,.T.);
#1028=ORIENTED_EDGE('',*,*,#2228,.T.);
#1029=ORIENTED_EDGE('',*,*,#2106,.T.);
#1030=ORIENTED_EDGE('',*,*,#2144,.T.);
#1031=ORIENTED_EDGE('',*,*,#2202,.T.);
#1032=CARTESIAN_POINT('',(2.58499999999999,9.1,0.380000000000002));
#1033=DIRECTION('',(1.0,0.0,-4.76572383510113E-16));
#1034=DIRECTION('',(-4.76572383510113E-16,0.0,-1.0));
#1035=ORIENTED_EDGE('',*,*,#2185,.F.);
#1036=ORIENTED_EDGE('',*,*,#2229,.T.);
#1037=ORIENTED_EDGE('',*,*,#2162,.T.);
#1038=ORIENTED_EDGE('',*,*,#2230,.F.);
#1039=ORIENTED_EDGE('',*,*,#2196,.T.);
#1040=ORIENTED_EDGE('',*,*,#2098,.T.);
#1041=CARTESIAN_POINT('',(1.19999999999999,9.1,0.180000000000001));
#1042=DIRECTION('',(1.0,0.0,0.0));
#1043=DIRECTION('',(0.0,1.0,0.0));
#1044=ORIENTED_EDGE('',*,*,#2231,.F.);
#1045=ORIENTED_EDGE('',*,*,#2232,.T.);
#1046=ORIENTED_EDGE('',*,*,#2111,.T.);
#1047=ORIENTED_EDGE('',*,*,#2233,.F.);
#1048=ORIENTED_EDGE('',*,*,#2234,.F.);
#1049=ORIENTED_EDGE('',*,*,#2235,.F.);
#1050=ORIENTED_EDGE('',*,*,#2236,.F.);
#1051=ORIENTED_EDGE('',*,*,#2237,.F.);
#1052=CARTESIAN_POINT('',(1.425,9.1,2.25));
#1053=DIRECTION('',(-6.25931151125651E-16,0.0,1.0));
#1054=DIRECTION('',(1.0,-0.0,6.25931151125651E-16));
#1055=ORIENTED_EDGE('',*,*,#2238,.F.);
#1056=ORIENTED_EDGE('',*,*,#2239,.F.);
#1057=ORIENTED_EDGE('',*,*,#2240,.F.);
#1058=ORIENTED_EDGE('',*,*,#2241,.F.);
#1059=ORIENTED_EDGE('',*,*,#2242,.F.);
#1060=ORIENTED_EDGE('',*,*,#2243,.F.);
#1061=ORIENTED_EDGE('',*,*,#2244,.F.);
#1062=ORIENTED_EDGE('',*,*,#2245,.F.);
#1063=ORIENTED_EDGE('',*,*,#2246,.F.);
#1064=ORIENTED_EDGE('',*,*,#2247,.F.);
#1065=ORIENTED_EDGE('',*,*,#2218,.F.);
#1066=ORIENTED_EDGE('',*,*,#2215,.F.);
#1067=ORIENTED_EDGE('',*,*,#2175,.T.);
#1068=ORIENTED_EDGE('',*,*,#2212,.T.);
#1069=ORIENTED_EDGE('',*,*,#2222,.F.);
#1070=CARTESIAN_POINT('',(2.975,11.35,2.54));
#1071=DIRECTION('',(-3.81857368925712E-16,0.0,1.0));
#1072=DIRECTION('',(1.0,-0.0,3.81857368925712E-16));
#1073=ORIENTED_EDGE('',*,*,#2080,.T.);
#1074=ORIENTED_EDGE('',*,*,#2210,.F.);
#1075=ORIENTED_EDGE('',*,*,#2248,.T.);
#1076=ORIENTED_EDGE('',*,*,#2164,.T.);
#1077=ORIENTED_EDGE('',*,*,#2249,.F.);
#1078=ORIENTED_EDGE('',*,*,#2183,.T.);
#1079=CARTESIAN_POINT('',(-3.2,9.1,0.379999999999996));
#1080=DIRECTION('',(-1.0,0.0,0.0));
#1081=DIRECTION('',(0.0,0.0,1.0));
#1082=ORIENTED_EDGE('',*,*,#2250,.T.);
#1083=ORIENTED_EDGE('',*,*,#2251,.T.);
#1084=ORIENTED_EDGE('',*,*,#2252,.T.);
#1085=ORIENTED_EDGE('',*,*,#2253,.T.);
#1086=ORIENTED_EDGE('',*,*,#2254,.T.);
#1087=ORIENTED_EDGE('',*,*,#2255,.T.);
#1088=ORIENTED_EDGE('',*,*,#2256,.F.);
#1089=ORIENTED_EDGE('',*,*,#2107,.T.);
#1090=ORIENTED_EDGE('',*,*,#2228,.F.);
#1091=ORIENTED_EDGE('',*,*,#2220,.T.);
#1092=CARTESIAN_POINT('',(2.58499999999999,9.1,2.2));
#1093=DIRECTION('',(0.0,0.0,1.0));
#1094=DIRECTION('',(1.0,0.0,0.0));
#1095=ORIENTED_EDGE('',*,*,#2219,.T.);
#1096=ORIENTED_EDGE('',*,*,#2247,.T.);
#1097=ORIENTED_EDGE('',*,*,#2257,.F.);
#1098=ORIENTED_EDGE('',*,*,#2233,.T.);
#1099=ORIENTED_EDGE('',*,*,#2110,.T.);
#1100=ORIENTED_EDGE('',*,*,#2258,.T.);
#1101=ORIENTED_EDGE('',*,*,#2259,.T.);
#1102=ORIENTED_EDGE('',*,*,#2254,.F.);
#1103=CARTESIAN_POINT('',(1.42500000000001,9.1,2.2));
#1104=DIRECTION('',(1.0,0.0,0.0));
#1105=DIRECTION('',(0.0,1.0,0.0));
#1106=ORIENTED_EDGE('',*,*,#2221,.T.);
#1107=ORIENTED_EDGE('',*,*,#2130,.T.);
#1108=ORIENTED_EDGE('',*,*,#2260,.T.);
#1109=ORIENTED_EDGE('',*,*,#2261,.F.);
#1110=ORIENTED_EDGE('',*,*,#2112,.T.);
#1111=ORIENTED_EDGE('',*,*,#2232,.F.);
#1112=ORIENTED_EDGE('',*,*,#2262,.T.);
#1113=ORIENTED_EDGE('',*,*,#2241,.T.);
#1114=CARTESIAN_POINT('',(-3.425,9.1,2.25));
#1115=DIRECTION('',(-1.0,0.0,0.0));
#1116=DIRECTION('',(0.0,0.0,1.0));
#1117=ORIENTED_EDGE('',*,*,#2234,.T.);
#1118=ORIENTED_EDGE('',*,*,#2257,.T.);
#1119=ORIENTED_EDGE('',*,*,#2246,.T.);
#1120=ORIENTED_EDGE('',*,*,#2263,.T.);
#1121=CARTESIAN_POINT('',(1.425,8.04999999999999,-0.331000000000009));
#1122=DIRECTION('',(-0.0,1.0,0.0));
#1123=DIRECTION('',(1.0,0.0,0.0));
#1124=ORIENTED_EDGE('',*,*,#2235,.T.);
#1125=ORIENTED_EDGE('',*,*,#2263,.F.);
#1126=ORIENTED_EDGE('',*,*,#2245,.T.);
#1127=ORIENTED_EDGE('',*,*,#2264,.T.);
#1128=CARTESIAN_POINT('',(0.925000000000003,8.04999999999999,-0.331000000000009));
#1129=DIRECTION('',(-1.0,2.40410046942438E-15,0.0));
#1130=DIRECTION('',(0.0,0.0,1.0));
#1131=ORIENTED_EDGE('',*,*,#2236,.T.);
#1132=ORIENTED_EDGE('',*,*,#2264,.F.);
#1133=ORIENTED_EDGE('',*,*,#2244,.T.);
#1134=ORIENTED_EDGE('',*,*,#2265,.T.);
#1135=CARTESIAN_POINT('',(0.924999999999997,5.74999999999999,-0.331000000000008));
#1136=DIRECTION('',(2.25288763113871E-15,1.0,0.0));
#1137=DIRECTION('',(1.0,-2.25288763113871E-15,0.0));
#1138=ORIENTED_EDGE('',*,*,#2237,.T.);
#1139=ORIENTED_EDGE('',*,*,#2265,.F.);
#1140=ORIENTED_EDGE('',*,*,#2243,.T.);
#1141=ORIENTED_EDGE('',*,*,#2266,.T.);
#1142=CARTESIAN_POINT('',(-2.925,5.75,-0.331000000000008));
#1143=DIRECTION('',(1.0,-5.65670698688089E-16,0.0));
#1144=DIRECTION('',(-5.65670698688089E-16,-1.0,0.0));
#1145=ORIENTED_EDGE('',*,*,#2231,.T.);
#1146=ORIENTED_EDGE('',*,*,#2266,.F.);
#1147=ORIENTED_EDGE('',*,*,#2242,.T.);
#1148=ORIENTED_EDGE('',*,*,#2262,.F.);
#1149=CARTESIAN_POINT('',(-2.925,8.05,-0.331000000000008));
#1150=DIRECTION('',(3.4694469519536E-15,1.0,0.0));
#1151=DIRECTION('',(1.0,-3.4694469519536E-15,0.0));
#1152=ORIENTED_EDGE('',*,*,#2249,.T.);
#1153=ORIENTED_EDGE('',*,*,#2163,.T.);
#1154=ORIENTED_EDGE('',*,*,#2229,.F.);
#1155=ORIENTED_EDGE('',*,*,#2184,.F.);
#1156=CARTESIAN_POINT('',(-3.2,6.25,3.93999999999997));
#1157=DIRECTION('',(-4.33680868994201E-15,1.0,0.0));
#1158=DIRECTION('',(1.0,4.33680868994201E-15,-0.0));
#1159=ORIENTED_EDGE('',*,*,#2209,.T.);
#1160=ORIENTED_EDGE('',*,*,#2267,.T.);
#1161=ORIENTED_EDGE('',*,*,#2165,.T.);
#1162=ORIENTED_EDGE('',*,*,#2248,.F.);
#1163=CARTESIAN_POINT('',(-4.585,4.05,3.93999999999998));
#1164=DIRECTION('',(-0.0,1.0,0.0));
#1165=DIRECTION('',(1.0,0.0,0.0));
#1166=ORIENTED_EDGE('',*,*,#2161,.T.);
#1167=ORIENTED_EDGE('',*,*,#2268,.T.);
#1168=ORIENTED_EDGE('',*,*,#2197,.T.);
#1169=ORIENTED_EDGE('',*,*,#2230,.T.);
#1170=CARTESIAN_POINT('',(1.20000000000001,4.05000000000002,3.93999999999997));
#1171=DIRECTION('',(1.44038411362696E-14,1.0,0.0));
#1172=DIRECTION('',(1.0,-1.44038411362696E-14,0.0));
#1173=ORIENTED_EDGE('',*,*,#2114,.F.);
#1174=ORIENTED_EDGE('',*,*,#2269,.T.);
#1175=ORIENTED_EDGE('',*,*,#2270,.T.);
#1176=ORIENTED_EDGE('',*,*,#2128,.F.);
#1177=CARTESIAN_POINT('',(-4.315,7.45,2.2));
#1178=DIRECTION('',(1.0,0.0,0.0));
#1179=DIRECTION('',(0.0,1.0,0.0));
#1180=ORIENTED_EDGE('',*,*,#2113,.F.);
#1181=ORIENTED_EDGE('',*,*,#2261,.T.);
#1182=ORIENTED_EDGE('',*,*,#2271,.T.);
#1183=ORIENTED_EDGE('',*,*,#2269,.F.);
#1184=CARTESIAN_POINT('',(-4.315,7.45,1.91));
#1185=DIRECTION('',(0.0,0.0,1.0));
#1186=DIRECTION('',(1.0,0.0,0.0));
#1187=ORIENTED_EDGE('',*,*,#2270,.F.);
#1188=ORIENTED_EDGE('',*,*,#2271,.F.);
#1189=ORIENTED_EDGE('',*,*,#2260,.F.);
#1190=ORIENTED_EDGE('',*,*,#2129,.F.);
#1191=CARTESIAN_POINT('',(0.0,7.45,0.0));
#1192=DIRECTION('',(0.0,-1.0,0.0));
#1193=DIRECTION('',(0.0,0.0,-1.0));
#1194=ORIENTED_EDGE('',*,*,#2109,.F.);
#1195=ORIENTED_EDGE('',*,*,#2272,.T.);
#1196=ORIENTED_EDGE('',*,*,#2273,.T.);
#1197=ORIENTED_EDGE('',*,*,#2258,.F.);
#1198=CARTESIAN_POINT('',(1.425,7.45,1.91));
#1199=DIRECTION('',(4.87281875274384E-16,0.0,1.0));
#1200=DIRECTION('',(1.0,0.0,-4.87281875274384E-16));
#1201=ORIENTED_EDGE('',*,*,#2108,.F.);
#1202=ORIENTED_EDGE('',*,*,#2256,.T.);
#1203=ORIENTED_EDGE('',*,*,#2274,.T.);
#1204=ORIENTED_EDGE('',*,*,#2272,.F.);
#1205=CARTESIAN_POINT('',(2.315,7.45,1.91));
#1206=DIRECTION('',(-1.0,0.0,0.0));
#1207=DIRECTION('',(0.0,0.0,1.0));
#1208=ORIENTED_EDGE('',*,*,#2259,.F.);
#1209=ORIENTED_EDGE('',*,*,#2273,.F.);
#1210=ORIENTED_EDGE('',*,*,#2274,.F.);
#1211=ORIENTED_EDGE('',*,*,#2255,.F.);
#1212=CARTESIAN_POINT('',(0.0,7.45,0.0));
#1213=DIRECTION('',(0.0,-1.0,0.0));
#1214=DIRECTION('',(0.0,0.0,-1.0));
#1215=ORIENTED_EDGE('',*,*,#2160,.T.);
#1216=ORIENTED_EDGE('',*,*,#2199,.T.);
#1217=ORIENTED_EDGE('',*,*,#2275,.F.);
#1218=ORIENTED_EDGE('',*,*,#2100,.T.);
#1219=ORIENTED_EDGE('',*,*,#2195,.T.);
#1220=ORIENTED_EDGE('',*,*,#2268,.F.);
#1221=CARTESIAN_POINT('',(2.315,3.75,3.94000000000003));
#1222=DIRECTION('',(-1.0,0.0,0.0));
#1223=DIRECTION('',(0.0,0.0,1.0));
#1224=ORIENTED_EDGE('',*,*,#2208,.T.);
#1225=ORIENTED_EDGE('',*,*,#2078,.T.);
#1226=ORIENTED_EDGE('',*,*,#2074,.T.);
#1227=ORIENTED_EDGE('',*,*,#2206,.F.);
#1228=ORIENTED_EDGE('',*,*,#2166,.T.);
#1229=ORIENTED_EDGE('',*,*,#2267,.F.);
#1230=CARTESIAN_POINT('',(-4.315,6.75,3.94000000000003));
#1231=DIRECTION('',(1.0,0.0,0.0));
#1232=DIRECTION('',(0.0,1.0,0.0));
#1233=ORIENTED_EDGE('',*,*,#2276,.F.);
#1234=ORIENTED_EDGE('',*,*,#2223,.F.);
#1235=ORIENTED_EDGE('',*,*,#2201,.F.);
#1236=ORIENTED_EDGE('',*,*,#2214,.F.);
#1237=ORIENTED_EDGE('',*,*,#2217,.F.);
#1238=ORIENTED_EDGE('',*,*,#2227,.F.);
#1239=ORIENTED_EDGE('',*,*,#2277,.T.);
#1240=ORIENTED_EDGE('',*,*,#2278,.F.);
#1241=CARTESIAN_POINT('',(1.5846031751711E-16,0.0,0.240000000000003));
#1242=DIRECTION('',(-4.17000835571339E-16,0.0,-1.0));
#1243=DIRECTION('',(-1.0,0.0,4.17000835571339E-16));
#1244=ORIENTED_EDGE('',*,*,#2204,.T.);
#1245=ORIENTED_EDGE('',*,*,#2279,.F.);
#1246=ORIENTED_EDGE('',*,*,#2117,.T.);
#1247=ORIENTED_EDGE('',*,*,#2122,.T.);
#1248=CARTESIAN_POINT('',(-4.58499999999999,30.0150000000001,0.270000000000002));
#1249=DIRECTION('',(2.00778180089915E-16,0.0,-1.0));
#1250=DIRECTION('',(0.0,-1.0,0.0));
#1251=ORIENTED_EDGE('',*,*,#2198,.T.);
#1252=ORIENTED_EDGE('',*,*,#2280,.F.);
#1253=ORIENTED_EDGE('',*,*,#2101,.T.);
#1254=ORIENTED_EDGE('',*,*,#2275,.T.);
#1255=CARTESIAN_POINT('',(2.315,30.0150000000001,0.27));
#1256=DIRECTION('',(-4.0155636017983E-16,0.0,-1.0));
#1257=DIRECTION('',(-1.0,0.0,4.0155636017983E-16));
#1258=ORIENTED_EDGE('',*,*,#2090,.T.);
#1259=ORIENTED_EDGE('',*,*,#2188,.F.);
#1260=ORIENTED_EDGE('',*,*,#2281,.F.);
#1261=ORIENTED_EDGE('',*,*,#2282,.T.);
#1262=ORIENTED_EDGE('',*,*,#2283,.T.);
#1263=CARTESIAN_POINT('',(-0.195000000000002,6.6,0.310000000000003));
#1264=DIRECTION('',(1.0,0.0,0.0));
#1265=DIRECTION('',(0.0,1.0,0.0));
#1266=ORIENTED_EDGE('',*,*,#2096,.T.);
#1267=ORIENTED_EDGE('',*,*,#2191,.F.);
#1268=ORIENTED_EDGE('',*,*,#2284,.F.);
#1269=ORIENTED_EDGE('',*,*,#2285,.F.);
#1270=ORIENTED_EDGE('',*,*,#2186,.T.);
#1271=CARTESIAN_POINT('',(0.194999999999998,6.6,0.180000000000003));
#1272=DIRECTION('',(-1.0,0.0,0.0));
#1273=DIRECTION('',(0.0,0.0,1.0));
#1274=ORIENTED_EDGE('',*,*,#2284,.T.);
#1275=ORIENTED_EDGE('',*,*,#2286,.T.);
#1276=ORIENTED_EDGE('',*,*,#2282,.F.);
#1277=ORIENTED_EDGE('',*,*,#2287,.F.);
#1278=CARTESIAN_POINT('',(0.194999999999998,6.6,0.310000000000003));
#1279=DIRECTION('',(-5.56001114095131E-16,0.0,-1.0));
#1280=DIRECTION('',(-1.0,0.0,5.56001114095131E-16));
#1281=ORIENTED_EDGE('',*,*,#2281,.T.);
#1282=ORIENTED_EDGE('',*,*,#2187,.T.);
#1283=ORIENTED_EDGE('',*,*,#2285,.T.);
#1284=ORIENTED_EDGE('',*,*,#2287,.T.);
#1285=CARTESIAN_POINT('',(0.0,6.6,0.0));
#1286=DIRECTION('',(0.0,-1.0,0.0));
#1287=DIRECTION('',(0.0,0.0,-1.0));
#1288=ORIENTED_EDGE('',*,*,#2288,.F.);
#1289=ORIENTED_EDGE('',*,*,#2154,.T.);
#1290=ORIENTED_EDGE('',*,*,#2179,.F.);
#1291=ORIENTED_EDGE('',*,*,#2289,.F.);
#1292=ORIENTED_EDGE('',*,*,#2290,.F.);
#1293=ORIENTED_EDGE('',*,*,#2291,.F.);
#1294=ORIENTED_EDGE('',*,*,#2292,.F.);
#1295=ORIENTED_EDGE('',*,*,#2293,.F.);
#1296=CARTESIAN_POINT('',(-0.25,11.359999999,0.83999999999996));
#1297=DIRECTION('',(-1.0,0.0,0.0));
#1298=DIRECTION('',(0.0,0.0,1.0));
#1299=ORIENTED_EDGE('',*,*,#2156,.F.);
#1300=ORIENTED_EDGE('',*,*,#2294,.T.);
#1301=ORIENTED_EDGE('',*,*,#2295,.T.);
#1302=ORIENTED_EDGE('',*,*,#2296,.T.);
#1303=ORIENTED_EDGE('',*,*,#2297,.T.);
#1304=ORIENTED_EDGE('',*,*,#2298,.T.);
#1305=ORIENTED_EDGE('',*,*,#2299,.T.);
#1306=ORIENTED_EDGE('',*,*,#2177,.T.);
#1307=CARTESIAN_POINT('',(0.25,11.359999999,0.83999999999996));
#1308=DIRECTION('',(-1.0,0.0,0.0));
#1309=DIRECTION('',(0.0,0.0,1.0));
#1310=ORIENTED_EDGE('',*,*,#2290,.T.);
#1311=ORIENTED_EDGE('',*,*,#2300,.F.);
#1312=ORIENTED_EDGE('',*,*,#2298,.F.);
#1313=ORIENTED_EDGE('',*,*,#2301,.T.);
#1314=CARTESIAN_POINT('',(0.25,11.699999999,0.539999999999966));
#1315=DIRECTION('',(0.0,2.86994692716751E-15,-1.0));
#1316=DIRECTION('',(-1.0,0.0,0.0));
#1317=ORIENTED_EDGE('',*,*,#2291,.T.);
#1318=ORIENTED_EDGE('',*,*,#2301,.F.);
#1319=ORIENTED_EDGE('',*,*,#2297,.F.);
#1320=ORIENTED_EDGE('',*,*,#2302,.T.);
#1321=CARTESIAN_POINT('',(0.25,11.699999999,0.0399999999999658));
#1322=DIRECTION('',(0.0,-1.0,0.0));
#1323=DIRECTION('',(0.0,0.0,-1.0));
#1324=ORIENTED_EDGE('',*,*,#2292,.T.);
#1325=ORIENTED_EDGE('',*,*,#2302,.F.);
#1326=ORIENTED_EDGE('',*,*,#2296,.F.);
#1327=ORIENTED_EDGE('',*,*,#2303,.T.);
#1328=CARTESIAN_POINT('',(0.25,11.599999999,-0.0600000000000342));
#1329=DIRECTION('',(0.0,-0.70710678118655,0.707106781186545));
#1330=DIRECTION('',(-1.0,0.0,0.0));
#1331=ORIENTED_EDGE('',*,*,#2293,.T.);
#1332=ORIENTED_EDGE('',*,*,#2303,.F.);
#1333=ORIENTED_EDGE('',*,*,#2295,.F.);
#1334=ORIENTED_EDGE('',*,*,#2304,.T.);
#1335=CARTESIAN_POINT('',(0.25,10.849999999,-0.0600000000000343));
#1336=DIRECTION('',(0.0,-7.22801448323669E-17,1.0));
#1337=DIRECTION('',(0.0,-1.0,-7.22801448323669E-17));
#1338=ORIENTED_EDGE('',*,*,#2155,.F.);
#1339=ORIENTED_EDGE('',*,*,#2288,.T.);
#1340=ORIENTED_EDGE('',*,*,#2304,.F.);
#1341=ORIENTED_EDGE('',*,*,#2294,.F.);
#1342=CARTESIAN_POINT('',(0.25,10.749999999,0.0399999999999657));
#1343=DIRECTION('',(0.0,0.70710678118655,0.707106781186545));
#1344=DIRECTION('',(1.0,0.0,-0.0));
#1345=ORIENTED_EDGE('',*,*,#2289,.T.);
#1346=ORIENTED_EDGE('',*,*,#2178,.T.);
#1347=ORIENTED_EDGE('',*,*,#2299,.F.);
#1348=ORIENTED_EDGE('',*,*,#2300,.T.);
#1349=CARTESIAN_POINT('',(0.25,11.359999999,0.83999999999996));
#1350=DIRECTION('',(1.0,-0.0,0.0));
#1351=DIRECTION('',(0.0,0.0,1.0));
#1352=ORIENTED_EDGE('',*,*,#2193,.T.);
#1353=ORIENTED_EDGE('',*,*,#2305,.T.);
#1354=ORIENTED_EDGE('',*,*,#2306,.F.);
#1355=ORIENTED_EDGE('',*,*,#2286,.F.);
#1356=ORIENTED_EDGE('',*,*,#2190,.F.);
#1357=ORIENTED_EDGE('',*,*,#2307,.T.);
#1358=CARTESIAN_POINT('',(0.25,6.69999999900002,1.42999999999997));
#1359=DIRECTION('',(-0.0,1.0,0.0));
#1360=DIRECTION('',(1.0,0.0,0.0));
#1361=ORIENTED_EDGE('',*,*,#2306,.T.);
#1362=ORIENTED_EDGE('',*,*,#2308,.T.);
#1363=ORIENTED_EDGE('',*,*,#2091,.F.);
#1364=ORIENTED_EDGE('',*,*,#2283,.F.);
#1365=CARTESIAN_POINT('',(0.25,6.69999999900002,0.309999999999966));
#1366=DIRECTION('',(0.0,-1.47237332065933E-16,1.0));
#1367=DIRECTION('',(0.0,-1.0,-1.47237332065933E-16));
#1368=ORIENTED_EDGE('',*,*,#2189,.T.);
#1369=ORIENTED_EDGE('',*,*,#2094,.F.);
#1370=ORIENTED_EDGE('',*,*,#2194,.F.);
#1371=ORIENTED_EDGE('',*,*,#2307,.F.);
#1372=CARTESIAN_POINT('',(0.2,-14.6600000098998,1.42999999999997));
#1373=DIRECTION('',(1.0,0.0,1.93607530800989E-16));
#1374=DIRECTION('',(-1.93607530800989E-16,0.0,1.0));
#1375=ORIENTED_EDGE('',*,*,#2192,.T.);
#1376=ORIENTED_EDGE('',*,*,#2092,.F.);
#1377=ORIENTED_EDGE('',*,*,#2308,.F.);
#1378=ORIENTED_EDGE('',*,*,#2305,.F.);
#1379=CARTESIAN_POINT('',(-0.2,-14.6600000098998,0.310000000000003));
#1380=DIRECTION('',(-1.0,0.0,1.93607530800989E-16));
#1381=DIRECTION('',(0.0,1.0,0.0));
#1382=ORIENTED_EDGE('',*,*,#2082,.T.);
#1383=ORIENTED_EDGE('',*,*,#2182,.F.);
#1384=ORIENTED_EDGE('',*,*,#2309,.F.);
#1385=ORIENTED_EDGE('',*,*,#2310,.T.);
#1386=ORIENTED_EDGE('',*,*,#2311,.T.);
#1387=CARTESIAN_POINT('',(-2.195,6.6,0.310000000000003));
#1388=DIRECTION('',(1.0,0.0,0.0));
#1389=DIRECTION('',(0.0,1.0,0.0));
#1390=ORIENTED_EDGE('',*,*,#2088,.T.);
#1391=ORIENTED_EDGE('',*,*,#2147,.F.);
#1392=ORIENTED_EDGE('',*,*,#2312,.F.);
#1393=ORIENTED_EDGE('',*,*,#2313,.F.);
#1394=ORIENTED_EDGE('',*,*,#2180,.T.);
#1395=CARTESIAN_POINT('',(-1.805,6.6,0.180000000000003));
#1396=DIRECTION('',(-1.0,0.0,0.0));
#1397=DIRECTION('',(0.0,0.0,1.0));
#1398=ORIENTED_EDGE('',*,*,#2312,.T.);
#1399=ORIENTED_EDGE('',*,*,#2314,.T.);
#1400=ORIENTED_EDGE('',*,*,#2310,.F.);
#1401=ORIENTED_EDGE('',*,*,#2315,.F.);
#1402=CARTESIAN_POINT('',(-1.805,6.6,0.310000000000003));
#1403=DIRECTION('',(0.0,0.0,-1.0));
#1404=DIRECTION('',(0.0,-1.0,0.0));
#1405=ORIENTED_EDGE('',*,*,#2309,.T.);
#1406=ORIENTED_EDGE('',*,*,#2181,.T.);
#1407=ORIENTED_EDGE('',*,*,#2313,.T.);
#1408=ORIENTED_EDGE('',*,*,#2315,.T.);
#1409=CARTESIAN_POINT('',(0.0,6.6,0.0));
#1410=DIRECTION('',(0.0,-1.0,0.0));
#1411=DIRECTION('',(0.0,0.0,-1.0));
#1412=ORIENTED_EDGE('',*,*,#2316,.F.);
#1413=ORIENTED_EDGE('',*,*,#2170,.T.);
#1414=ORIENTED_EDGE('',*,*,#2173,.F.);
#1415=ORIENTED_EDGE('',*,*,#2317,.F.);
#1416=ORIENTED_EDGE('',*,*,#2318,.F.);
#1417=ORIENTED_EDGE('',*,*,#2319,.F.);
#1418=ORIENTED_EDGE('',*,*,#2320,.F.);
#1419=ORIENTED_EDGE('',*,*,#2321,.F.);
#1420=CARTESIAN_POINT('',(-2.25,11.359999999,0.83999999999996));
#1421=DIRECTION('',(-1.0,0.0,0.0));
#1422=DIRECTION('',(0.0,0.0,1.0));
#1423=ORIENTED_EDGE('',*,*,#2152,.F.);
#1424=ORIENTED_EDGE('',*,*,#2322,.T.);
#1425=ORIENTED_EDGE('',*,*,#2323,.T.);
#1426=ORIENTED_EDGE('',*,*,#2324,.T.);
#1427=ORIENTED_EDGE('',*,*,#2325,.T.);
#1428=ORIENTED_EDGE('',*,*,#2326,.T.);
#1429=ORIENTED_EDGE('',*,*,#2327,.T.);
#1430=ORIENTED_EDGE('',*,*,#2171,.T.);
#1431=CARTESIAN_POINT('',(-1.75,11.359999999,0.83999999999996));
#1432=DIRECTION('',(-1.0,0.0,0.0));
#1433=DIRECTION('',(0.0,0.0,1.0));
#1434=ORIENTED_EDGE('',*,*,#2318,.T.);
#1435=ORIENTED_EDGE('',*,*,#2328,.F.);
#1436=ORIENTED_EDGE('',*,*,#2326,.F.);
#1437=ORIENTED_EDGE('',*,*,#2329,.T.);
#1438=CARTESIAN_POINT('',(-1.75,11.699999999,0.539999999999966));
#1439=DIRECTION('',(0.0,2.86994692716751E-15,-1.0));
#1440=DIRECTION('',(-1.0,0.0,0.0));
#1441=ORIENTED_EDGE('',*,*,#2319,.T.);
#1442=ORIENTED_EDGE('',*,*,#2329,.F.);
#1443=ORIENTED_EDGE('',*,*,#2325,.F.);
#1444=ORIENTED_EDGE('',*,*,#2330,.T.);
#1445=CARTESIAN_POINT('',(-1.75,11.699999999,0.0399999999999658));
#1446=DIRECTION('',(0.0,-1.0,0.0));
#1447=DIRECTION('',(0.0,0.0,-1.0));
#1448=ORIENTED_EDGE('',*,*,#2320,.T.);
#1449=ORIENTED_EDGE('',*,*,#2330,.F.);
#1450=ORIENTED_EDGE('',*,*,#2324,.F.);
#1451=ORIENTED_EDGE('',*,*,#2331,.T.);
#1452=CARTESIAN_POINT('',(-1.75,11.599999999,-0.0600000000000342));
#1453=DIRECTION('',(0.0,-0.70710678118655,0.707106781186545));
#1454=DIRECTION('',(-1.0,0.0,0.0));
#1455=ORIENTED_EDGE('',*,*,#2321,.T.);
#1456=ORIENTED_EDGE('',*,*,#2331,.F.);
#1457=ORIENTED_EDGE('',*,*,#2323,.F.);
#1458=ORIENTED_EDGE('',*,*,#2332,.T.);
#1459=CARTESIAN_POINT('',(-1.75,10.849999999,-0.0600000000000343));
#1460=DIRECTION('',(0.0,-7.22801448323669E-17,1.0));
#1461=DIRECTION('',(0.0,-1.0,-7.22801448323669E-17));
#1462=ORIENTED_EDGE('',*,*,#2151,.F.);
#1463=ORIENTED_EDGE('',*,*,#2316,.T.);
#1464=ORIENTED_EDGE('',*,*,#2332,.F.);
#1465=ORIENTED_EDGE('',*,*,#2322,.F.);
#1466=CARTESIAN_POINT('',(-1.75,10.749999999,0.0399999999999657));
#1467=DIRECTION('',(0.0,0.70710678118655,0.707106781186545));
#1468=DIRECTION('',(1.0,0.0,-0.0));
#1469=ORIENTED_EDGE('',*,*,#2317,.T.);
#1470=ORIENTED_EDGE('',*,*,#2172,.T.);
#1471=ORIENTED_EDGE('',*,*,#2327,.F.);
#1472=ORIENTED_EDGE('',*,*,#2328,.T.);
#1473=CARTESIAN_POINT('',(-1.75,11.359999999,0.83999999999996));
#1474=DIRECTION('',(1.0,-0.0,0.0));
#1475=DIRECTION('',(0.0,0.0,1.0));
#1476=ORIENTED_EDGE('',*,*,#2149,.T.);
#1477=ORIENTED_EDGE('',*,*,#2333,.T.);
#1478=ORIENTED_EDGE('',*,*,#2334,.F.);
#1479=ORIENTED_EDGE('',*,*,#2314,.F.);
#1480=ORIENTED_EDGE('',*,*,#2146,.F.);
#1481=ORIENTED_EDGE('',*,*,#2335,.T.);
#1482=CARTESIAN_POINT('',(-1.75,6.69999999900002,1.42999999999997));
#1483=DIRECTION('',(-0.0,1.0,0.0));
#1484=DIRECTION('',(1.0,0.0,0.0));
#1485=ORIENTED_EDGE('',*,*,#2334,.T.);
#1486=ORIENTED_EDGE('',*,*,#2336,.T.);
#1487=ORIENTED_EDGE('',*,*,#2083,.F.);
#1488=ORIENTED_EDGE('',*,*,#2311,.F.);
#1489=CARTESIAN_POINT('',(-1.75,6.69999999900002,0.309999999999966));
#1490=DIRECTION('',(0.0,-1.47237332065933E-16,1.0));
#1491=DIRECTION('',(0.0,-1.0,-1.47237332065933E-16));
#1492=ORIENTED_EDGE('',*,*,#2145,.T.);
#1493=ORIENTED_EDGE('',*,*,#2086,.F.);
#1494=ORIENTED_EDGE('',*,*,#2150,.F.);
#1495=ORIENTED_EDGE('',*,*,#2335,.F.);
#1496=CARTESIAN_POINT('',(-1.8,-14.6600000098998,1.42999999999997));
#1497=DIRECTION('',(1.0,0.0,3.87215061601979E-16));
#1498=DIRECTION('',(-3.87215061601979E-16,0.0,1.0));
#1499=ORIENTED_EDGE('',*,*,#2148,.T.);
#1500=ORIENTED_EDGE('',*,*,#2084,.F.);
#1501=ORIENTED_EDGE('',*,*,#2336,.F.);
#1502=ORIENTED_EDGE('',*,*,#2333,.F.);
#1503=CARTESIAN_POINT('',(-2.2,-14.6600000098998,0.310000000000003));
#1504=DIRECTION('',(-1.0,0.0,3.87215061601979E-16));
#1505=DIRECTION('',(0.0,1.0,0.0));
#1506=ORIENTED_EDGE('',*,*,#2337,.F.);
#1507=ORIENTED_EDGE('',*,*,#2102,.T.);
#1508=ORIENTED_EDGE('',*,*,#2280,.T.);
#1509=ORIENTED_EDGE('',*,*,#2338,.F.);
#1510=ORIENTED_EDGE('',*,*,#2339,.F.);
#1511=ORIENTED_EDGE('',*,*,#2340,.T.);
#1512=ORIENTED_EDGE('',*,*,#2341,.F.);
#1513=ORIENTED_EDGE('',*,*,#2342,.F.);
#1514=ORIENTED_EDGE('',*,*,#2343,.F.);
#1515=ORIENTED_EDGE('',*,*,#2344,.F.);
#1516=ORIENTED_EDGE('',*,*,#2345,.F.);
#1517=ORIENTED_EDGE('',*,*,#2346,.F.);
#1518=ORIENTED_EDGE('',*,*,#2347,.F.);
#1519=ORIENTED_EDGE('',*,*,#2348,.F.);
#1520=ORIENTED_EDGE('',*,*,#2349,.F.);
#1521=ORIENTED_EDGE('',*,*,#2252,.F.);
#1522=ORIENTED_EDGE('',*,*,#2350,.F.);
#1523=ORIENTED_EDGE('',*,*,#2351,.F.);
#1524=CARTESIAN_POINT('',(2.32499999999999,6.6,1.73));
#1525=DIRECTION('',(-1.0,0.0,3.12000625175685E-16));
#1526=DIRECTION('',(0.0,1.0,0.0));
#1527=ORIENTED_EDGE('',*,*,#2142,.F.);
#1528=ORIENTED_EDGE('',*,*,#2104,.T.);
#1529=ORIENTED_EDGE('',*,*,#2352,.T.);
#1530=ORIENTED_EDGE('',*,*,#2353,.T.);
#1531=ORIENTED_EDGE('',*,*,#2354,.T.);
#1532=ORIENTED_EDGE('',*,*,#2250,.F.);
#1533=ORIENTED_EDGE('',*,*,#2355,.T.);
#1534=ORIENTED_EDGE('',*,*,#2356,.T.);
#1535=ORIENTED_EDGE('',*,*,#2357,.F.);
#1536=ORIENTED_EDGE('',*,*,#2358,.T.);
#1537=ORIENTED_EDGE('',*,*,#2359,.F.);
#1538=ORIENTED_EDGE('',*,*,#2360,.F.);
#1539=ORIENTED_EDGE('',*,*,#2361,.F.);
#1540=ORIENTED_EDGE('',*,*,#2362,.T.);
#1541=ORIENTED_EDGE('',*,*,#2363,.F.);
#1542=ORIENTED_EDGE('',*,*,#2364,.F.);
#1543=ORIENTED_EDGE('',*,*,#2365,.T.);
#1544=ORIENTED_EDGE('',*,*,#2366,.T.);
#1545=CARTESIAN_POINT('',(2.57499999999999,6.6,0.37));
#1546=DIRECTION('',(1.0,0.0,-6.37765983815005E-16));
#1547=DIRECTION('',(-6.37765983815005E-16,0.0,-1.0));
#1548=ORIENTED_EDGE('',*,*,#2251,.F.);
#1549=ORIENTED_EDGE('',*,*,#2354,.F.);
#1550=ORIENTED_EDGE('',*,*,#2367,.F.);
#1551=ORIENTED_EDGE('',*,*,#2350,.T.);
#1552=CARTESIAN_POINT('',(0.100000000000011,8.62999999999999,2.14));
#1553=DIRECTION('',(0.0,0.499722453489577,0.8661855860486));
#1554=DIRECTION('',(1.0,-0.0,0.0));
#1555=ORIENTED_EDGE('',*,*,#2253,.F.);
#1556=ORIENTED_EDGE('',*,*,#2349,.T.);
#1557=ORIENTED_EDGE('',*,*,#2368,.T.);
#1558=ORIENTED_EDGE('',*,*,#2355,.F.);
#1559=CARTESIAN_POINT('',(0.100000000000009,7.69999999999999,2.29));
#1560=DIRECTION('',(0.0,-1.0,0.0));
#1561=DIRECTION('',(0.0,0.0,-1.0));
#1562=ORIENTED_EDGE('',*,*,#2224,.F.);
#1563=ORIENTED_EDGE('',*,*,#2276,.T.);
#1564=ORIENTED_EDGE('',*,*,#2369,.F.);
#1565=ORIENTED_EDGE('',*,*,#2370,.F.);
#1566=ORIENTED_EDGE('',*,*,#2371,.F.);
#1567=ORIENTED_EDGE('',*,*,#2372,.F.);
#1568=ORIENTED_EDGE('',*,*,#2373,.F.);
#1569=ORIENTED_EDGE('',*,*,#2374,.T.);
#1570=ORIENTED_EDGE('',*,*,#2365,.F.);
#1571=ORIENTED_EDGE('',*,*,#2375,.F.);
#1572=CARTESIAN_POINT('',(2.14499999999998,6.6,1.73));
#1573=DIRECTION('',(-0.0,1.0,0.0));
#1574=DIRECTION('',(1.0,0.0,0.0));
#1575=ORIENTED_EDGE('',*,*,#2225,.F.);
#1576=ORIENTED_EDGE('',*,*,#2375,.T.);
#1577=ORIENTED_EDGE('',*,*,#2364,.T.);
#1578=ORIENTED_EDGE('',*,*,#2376,.F.);
#1579=CARTESIAN_POINT('',(2.75499999999999,6.6,0.37));
#1580=DIRECTION('',(0.0,1.0,0.0));
#1581=DIRECTION('',(0.0,0.0,-1.0));
#1582=ORIENTED_EDGE('',*,*,#2277,.F.);
#1583=ORIENTED_EDGE('',*,*,#2226,.T.);
#1584=ORIENTED_EDGE('',*,*,#2376,.T.);
#1585=ORIENTED_EDGE('',*,*,#2363,.T.);
#1586=ORIENTED_EDGE('',*,*,#2377,.T.);
#1587=ORIENTED_EDGE('',*,*,#2378,.T.);
#1588=ORIENTED_EDGE('',*,*,#2379,.T.);
#1589=ORIENTED_EDGE('',*,*,#2380,.T.);
#1590=ORIENTED_EDGE('',*,*,#2381,.T.);
#1591=ORIENTED_EDGE('',*,*,#2341,.T.);
#1592=ORIENTED_EDGE('',*,*,#2382,.T.);
#1593=ORIENTED_EDGE('',*,*,#2383,.T.);
#1594=ORIENTED_EDGE('',*,*,#2384,.T.);
#1595=ORIENTED_EDGE('',*,*,#2385,.T.);
#1596=ORIENTED_EDGE('',*,*,#2386,.T.);
#1597=CARTESIAN_POINT('',(2.14499999999998,4.0,1.73));
#1598=DIRECTION('',(-0.0,1.0,0.0));
#1599=DIRECTION('',(1.0,0.0,0.0));
#1600=ORIENTED_EDGE('',*,*,#2387,.F.);
#1601=ORIENTED_EDGE('',*,*,#2342,.T.);
#1602=ORIENTED_EDGE('',*,*,#2381,.F.);
#1603=ORIENTED_EDGE('',*,*,#2388,.F.);
#1604=CARTESIAN_POINT('',(2.14499999999998,6.6,1.73));
#1605=DIRECTION('',(0.0,1.0,0.0));
#1606=DIRECTION('',(0.0,0.0,-1.0));
#1607=ORIENTED_EDGE('',*,*,#2389,.F.);
#1608=ORIENTED_EDGE('',*,*,#2390,.T.);
#1609=ORIENTED_EDGE('',*,*,#2377,.F.);
#1610=ORIENTED_EDGE('',*,*,#2362,.F.);
#1611=CARTESIAN_POINT('',(2.14499999999998,6.6,1.73));
#1612=DIRECTION('',(0.0,1.0,0.0));
#1613=DIRECTION('',(0.0,0.0,-1.0));
#1614=ORIENTED_EDGE('',*,*,#2391,.F.);
#1615=ORIENTED_EDGE('',*,*,#2392,.T.);
#1616=ORIENTED_EDGE('',*,*,#2393,.F.);
#1617=ORIENTED_EDGE('',*,*,#2394,.F.);
#1618=ORIENTED_EDGE('',*,*,#2395,.T.);
#1619=ORIENTED_EDGE('',*,*,#2378,.F.);
#1620=ORIENTED_EDGE('',*,*,#2390,.F.);
#1621=ORIENTED_EDGE('',*,*,#2396,.F.);
#1622=CARTESIAN_POINT('',(2.14499999999999,6.6,2.16));
#1623=DIRECTION('',(5.82556391186241E-15,0.0,1.0));
#1624=DIRECTION('',(1.0,0.0,-5.82556391186241E-15));
#1625=ORIENTED_EDGE('',*,*,#2379,.F.);
#1626=ORIENTED_EDGE('',*,*,#2395,.F.);
#1627=ORIENTED_EDGE('',*,*,#2397,.F.);
#1628=ORIENTED_EDGE('',*,*,#2398,.T.);
#1629=CARTESIAN_POINT('',(1.47499999999999,6.6,2.16));
#1630=DIRECTION('',(-1.0,0.0,1.73472347597681E-15));
#1631=DIRECTION('',(0.0,1.0,0.0));
#1632=ORIENTED_EDGE('',*,*,#2399,.F.);
#1633=ORIENTED_EDGE('',*,*,#2388,.T.);
#1634=ORIENTED_EDGE('',*,*,#2380,.F.);
#1635=ORIENTED_EDGE('',*,*,#2398,.F.);
#1636=ORIENTED_EDGE('',*,*,#2400,.F.);
#1637=ORIENTED_EDGE('',*,*,#2401,.T.);
#1638=ORIENTED_EDGE('',*,*,#2402,.F.);
#1639=ORIENTED_EDGE('',*,*,#2403,.T.);
#1640=CARTESIAN_POINT('',(1.47499999999999,6.6,1.91));
#1641=DIRECTION('',(-3.23642439547917E-16,0.0,-1.0));
#1642=DIRECTION('',(-1.0,0.0,3.23642439547917E-16));
#1643=ORIENTED_EDGE('',*,*,#2404,.F.);
#1644=ORIENTED_EDGE('',*,*,#2401,.F.);
#1645=ORIENTED_EDGE('',*,*,#2405,.T.);
#1646=ORIENTED_EDGE('',*,*,#2346,.T.);
#1647=CARTESIAN_POINT('',(2.14499999999998,6.6,1.73));
#1648=DIRECTION('',(0.0,1.0,0.0));
#1649=DIRECTION('',(0.0,0.0,-1.0));
#1650=ORIENTED_EDGE('',*,*,#2382,.F.);
#1651=ORIENTED_EDGE('',*,*,#2340,.F.);
#1652=ORIENTED_EDGE('',*,*,#2406,.T.);
#1653=ORIENTED_EDGE('',*,*,#2373,.T.);
#1654=ORIENTED_EDGE('',*,*,#2407,.T.);
#1655=CARTESIAN_POINT('',(2.72499999999998,6.6,0.340000000000001));
#1656=DIRECTION('',(0.0,1.0,0.0));
#1657=DIRECTION('',(0.0,0.0,-1.0));
#1658=ORIENTED_EDGE('',*,*,#2383,.F.);
#1659=ORIENTED_EDGE('',*,*,#2407,.F.);
#1660=ORIENTED_EDGE('',*,*,#2372,.T.);
#1661=ORIENTED_EDGE('',*,*,#2408,.T.);
#1662=CARTESIAN_POINT('',(2.72499999999998,6.6,-0.0600000000000006));
#1663=DIRECTION('',(-4.27425856460625E-16,0.0,-1.0));
#1664=DIRECTION('',(-1.0,0.0,4.27425856460625E-16));
#1665=ORIENTED_EDGE('',*,*,#2384,.F.);
#1666=ORIENTED_EDGE('',*,*,#2408,.F.);
#1667=ORIENTED_EDGE('',*,*,#2371,.T.);
#1668=ORIENTED_EDGE('',*,*,#2409,.T.);
#1669=CARTESIAN_POINT('',(3.37499999999999,6.6,-0.0600000000000008));
#1670=DIRECTION('',(1.0,0.0,-1.73472347597681E-15));
#1671=DIRECTION('',(-1.73472347597681E-15,0.0,-1.0));
#1672=ORIENTED_EDGE('',*,*,#2385,.F.);
#1673=ORIENTED_EDGE('',*,*,#2409,.F.);
#1674=ORIENTED_EDGE('',*,*,#2370,.T.);
#1675=ORIENTED_EDGE('',*,*,#2410,.T.);
#1676=CARTESIAN_POINT('',(3.37499999999999,6.6,0.189999999999999));
#1677=DIRECTION('',(4.80896124892765E-16,0.0,1.0));
#1678=DIRECTION('',(1.0,0.0,-4.80896124892765E-16));
#1679=ORIENTED_EDGE('',*,*,#2369,.T.);
#1680=ORIENTED_EDGE('',*,*,#2278,.T.);
#1681=ORIENTED_EDGE('',*,*,#2386,.F.);
#1682=ORIENTED_EDGE('',*,*,#2410,.F.);
#1683=CARTESIAN_POINT('',(2.75499999999999,6.6,0.37));
#1684=DIRECTION('',(0.0,1.0,0.0));
#1685=DIRECTION('',(0.0,0.0,-1.0));
#1686=ORIENTED_EDGE('',*,*,#2411,.F.);
#1687=ORIENTED_EDGE('',*,*,#2358,.F.);
#1688=ORIENTED_EDGE('',*,*,#2412,.T.);
#1689=ORIENTED_EDGE('',*,*,#2393,.T.);
#1690=CARTESIAN_POINT('',(2.14499999999998,6.6,1.73));
#1691=DIRECTION('',(0.0,1.0,0.0));
#1692=DIRECTION('',(0.0,0.0,-1.0));
#1693=ORIENTED_EDGE('',*,*,#2413,.F.);
#1694=ORIENTED_EDGE('',*,*,#2347,.T.);
#1695=ORIENTED_EDGE('',*,*,#2405,.F.);
#1696=ORIENTED_EDGE('',*,*,#2400,.T.);
#1697=ORIENTED_EDGE('',*,*,#2397,.T.);
#1698=ORIENTED_EDGE('',*,*,#2394,.T.);
#1699=ORIENTED_EDGE('',*,*,#2412,.F.);
#1700=ORIENTED_EDGE('',*,*,#2357,.T.);
#1701=CARTESIAN_POINT('',(2.14499999999998,7.3,1.73));
#1702=DIRECTION('',(-0.0,1.0,0.0));
#1703=DIRECTION('',(1.0,0.0,0.0));
#1704=ORIENTED_EDGE('',*,*,#2338,.T.);
#1705=ORIENTED_EDGE('',*,*,#2203,.T.);
#1706=ORIENTED_EDGE('',*,*,#2366,.F.);
#1707=ORIENTED_EDGE('',*,*,#2374,.F.);
#1708=ORIENTED_EDGE('',*,*,#2414,.F.);
#1709=CARTESIAN_POINT('',(0.0999999999999998,6.6,0.27));
#1710=DIRECTION('',(0.0,-2.71050543121377E-17,-1.0));
#1711=DIRECTION('',(0.0,-1.0,2.71050543121377E-17));
#1712=ORIENTED_EDGE('',*,*,#2352,.F.);
#1713=ORIENTED_EDGE('',*,*,#2103,.T.);
#1714=ORIENTED_EDGE('',*,*,#2337,.T.);
#1715=ORIENTED_EDGE('',*,*,#2415,.T.);
#1716=CARTESIAN_POINT('',(0.100000000000016,10.6,2.1));
#1717=DIRECTION('',(0.0,0.0,1.0));
#1718=DIRECTION('',(1.0,0.0,0.0));
#1719=ORIENTED_EDGE('',*,*,#2415,.F.);
#1720=ORIENTED_EDGE('',*,*,#2351,.T.);
#1721=ORIENTED_EDGE('',*,*,#2367,.T.);
#1722=ORIENTED_EDGE('',*,*,#2353,.F.);
#1723=CARTESIAN_POINT('',(0.0999999999999998,8.62999999999999,2.1));
#1724=DIRECTION('',(-0.0,1.0,0.0));
#1725=DIRECTION('',(1.0,0.0,0.0));
#1726=ORIENTED_EDGE('',*,*,#2406,.F.);
#1727=ORIENTED_EDGE('',*,*,#2339,.T.);
#1728=ORIENTED_EDGE('',*,*,#2414,.T.);
#1729=CARTESIAN_POINT('',(0.0999999999999998,6.6,1.69));
#1730=DIRECTION('',(0.0,-1.0,0.0));
#1731=DIRECTION('',(0.0,0.0,-1.0));
#1732=ORIENTED_EDGE('',*,*,#2348,.T.);
#1733=ORIENTED_EDGE('',*,*,#2413,.T.);
#1734=ORIENTED_EDGE('',*,*,#2356,.F.);
#1735=ORIENTED_EDGE('',*,*,#2368,.F.);
#1736=CARTESIAN_POINT('',(0.100000000000008,7.69999999999999,1.69));
#1737=DIRECTION('',(0.0,0.0,1.0));
#1738=DIRECTION('',(1.0,0.0,0.0));
#1739=ORIENTED_EDGE('',*,*,#2399,.T.);
#1740=ORIENTED_EDGE('',*,*,#2416,.T.);
#1741=ORIENTED_EDGE('',*,*,#2396,.T.);
#1742=ORIENTED_EDGE('',*,*,#2389,.T.);
#1743=ORIENTED_EDGE('',*,*,#2361,.T.);
#1744=ORIENTED_EDGE('',*,*,#2417,.T.);
#1745=ORIENTED_EDGE('',*,*,#2343,.T.);
#1746=ORIENTED_EDGE('',*,*,#2387,.T.);
#1747=CARTESIAN_POINT('',(1.925,5.04999999999999,2.16));
#1748=DIRECTION('',(0.0,-1.0,0.0));
#1749=DIRECTION('',(0.0,0.0,-1.0));
#1750=ORIENTED_EDGE('',*,*,#2344,.T.);
#1751=ORIENTED_EDGE('',*,*,#2417,.F.);
#1752=ORIENTED_EDGE('',*,*,#2360,.T.);
#1753=ORIENTED_EDGE('',*,*,#2418,.T.);
#1754=CARTESIAN_POINT('',(1.92499999999999,5.04999999999999,0.57));
#1755=DIRECTION('',(0.0,9.85638338623186E-17,-1.0));
#1756=DIRECTION('',(-1.0,0.0,0.0));
#1757=ORIENTED_EDGE('',*,*,#2402,.T.);
#1758=ORIENTED_EDGE('',*,*,#2404,.T.);
#1759=ORIENTED_EDGE('',*,*,#2345,.T.);
#1760=ORIENTED_EDGE('',*,*,#2418,.F.);
#1761=ORIENTED_EDGE('',*,*,#2359,.T.);
#1762=ORIENTED_EDGE('',*,*,#2411,.T.);
#1763=ORIENTED_EDGE('',*,*,#2392,.F.);
#1764=ORIENTED_EDGE('',*,*,#2419,.T.);
#1765=CARTESIAN_POINT('',(1.925,6.14999999999999,0.57));
#1766=DIRECTION('',(-0.0,1.0,0.0));
#1767=DIRECTION('',(1.0,0.0,0.0));
#1768=ORIENTED_EDGE('',*,*,#2419,.F.);
#1769=ORIENTED_EDGE('',*,*,#2391,.T.);
#1770=ORIENTED_EDGE('',*,*,#2416,.F.);
#1771=ORIENTED_EDGE('',*,*,#2403,.F.);
#1772=CARTESIAN_POINT('',(1.92499999999998,-7.10645242147311E-15,-7.02344803559787E-16));
#1773=DIRECTION('',(1.0,-2.75978734814492E-15,-2.72755263518366E-16));
#1774=DIRECTION('',(-2.75978734814492E-15,-1.0,0.0));
#1775=ORIENTED_EDGE('',*,*,#2420,.T.);
#1776=ORIENTED_EDGE('',*,*,#2207,.T.);
#1777=ORIENTED_EDGE('',*,*,#2421,.F.);
#1778=ORIENTED_EDGE('',*,*,#2422,.T.);
#1779=ORIENTED_EDGE('',*,*,#2423,.T.);
#1780=CARTESIAN_POINT('',(-2.10000000000009,6.6,0.27));
#1781=DIRECTION('',(0.0,2.71050543121377E-17,1.0));
#1782=DIRECTION('',(0.0,-1.0,2.71050543121377E-17));
#1783=ORIENTED_EDGE('',*,*,#2077,.F.);
#1784=ORIENTED_EDGE('',*,*,#2424,.T.);
#1785=ORIENTED_EDGE('',*,*,#2425,.T.);
#1786=ORIENTED_EDGE('',*,*,#2426,.T.);
#1787=ORIENTED_EDGE('',*,*,#2135,.T.);
#1788=ORIENTED_EDGE('',*,*,#2427,.T.);
#1789=ORIENTED_EDGE('',*,*,#2428,.T.);
#1790=ORIENTED_EDGE('',*,*,#2429,.T.);
#1791=ORIENTED_EDGE('',*,*,#2430,.T.);
#1792=ORIENTED_EDGE('',*,*,#2431,.T.);
#1793=ORIENTED_EDGE('',*,*,#2432,.T.);
#1794=ORIENTED_EDGE('',*,*,#2433,.T.);
#1795=ORIENTED_EDGE('',*,*,#2434,.T.);
#1796=ORIENTED_EDGE('',*,*,#2435,.T.);
#1797=ORIENTED_EDGE('',*,*,#2436,.F.);
#1798=ORIENTED_EDGE('',*,*,#2437,.T.);
#1799=ORIENTED_EDGE('',*,*,#2421,.T.);
#1800=ORIENTED_EDGE('',*,*,#2072,.F.);
#1801=CARTESIAN_POINT('',(-4.32499999999999,6.6,1.73));
#1802=DIRECTION('',(-1.0,0.0,-6.24001250351369E-16));
#1803=DIRECTION('',(-6.24001250351369E-16,0.0,1.0));
#1804=ORIENTED_EDGE('',*,*,#2118,.F.);
#1805=ORIENTED_EDGE('',*,*,#2279,.T.);
#1806=ORIENTED_EDGE('',*,*,#2420,.F.);
#1807=ORIENTED_EDGE('',*,*,#2438,.F.);
#1808=ORIENTED_EDGE('',*,*,#2439,.T.);
#1809=ORIENTED_EDGE('',*,*,#2440,.T.);
#1810=ORIENTED_EDGE('',*,*,#2441,.F.);
#1811=ORIENTED_EDGE('',*,*,#2442,.T.);
#1812=ORIENTED_EDGE('',*,*,#2443,.T.);
#1813=ORIENTED_EDGE('',*,*,#2444,.T.);
#1814=ORIENTED_EDGE('',*,*,#2445,.F.);
#1815=ORIENTED_EDGE('',*,*,#2446,.T.);
#1816=ORIENTED_EDGE('',*,*,#2447,.F.);
#1817=ORIENTED_EDGE('',*,*,#2448,.F.);
#1818=ORIENTED_EDGE('',*,*,#2133,.T.);
#1819=ORIENTED_EDGE('',*,*,#2449,.F.);
#1820=ORIENTED_EDGE('',*,*,#2450,.F.);
#1821=ORIENTED_EDGE('',*,*,#2451,.F.);
#1822=CARTESIAN_POINT('',(-4.57499999999999,6.6,0.37));
#1823=DIRECTION('',(1.0,0.0,1.27553196763001E-15));
#1824=DIRECTION('',(-1.27553196763001E-15,0.0,1.0));
#1825=ORIENTED_EDGE('',*,*,#2449,.T.);
#1826=ORIENTED_EDGE('',*,*,#2132,.T.);
#1827=ORIENTED_EDGE('',*,*,#2426,.F.);
#1828=ORIENTED_EDGE('',*,*,#2452,.T.);
#1829=CARTESIAN_POINT('',(-2.10000000000008,8.62999999999999,2.14));
#1830=DIRECTION('',(0.0,-0.499722453489577,-0.8661855860486));
#1831=DIRECTION('',(0.0,-0.8661855860486,0.499722453489577));
#1832=ORIENTED_EDGE('',*,*,#2427,.F.);
#1833=ORIENTED_EDGE('',*,*,#2134,.T.);
#1834=ORIENTED_EDGE('',*,*,#2448,.T.);
#1835=ORIENTED_EDGE('',*,*,#2453,.F.);
#1836=CARTESIAN_POINT('',(-2.10000000000009,7.69999999999999,2.29));
#1837=DIRECTION('',(-0.0,1.0,0.0));
#1838=DIRECTION('',(1.0,0.0,0.0));
#1839=ORIENTED_EDGE('',*,*,#2136,.F.);
#1840=ORIENTED_EDGE('',*,*,#2119,.T.);
#1841=ORIENTED_EDGE('',*,*,#2454,.T.);
#1842=ORIENTED_EDGE('',*,*,#2438,.T.);
#1843=ORIENTED_EDGE('',*,*,#2423,.F.);
#1844=ORIENTED_EDGE('',*,*,#2455,.T.);
#1845=ORIENTED_EDGE('',*,*,#2456,.T.);
#1846=ORIENTED_EDGE('',*,*,#2457,.T.);
#1847=ORIENTED_EDGE('',*,*,#2458,.T.);
#1848=ORIENTED_EDGE('',*,*,#2459,.T.);
#1849=CARTESIAN_POINT('',(-4.14499999999998,6.6,1.73));
#1850=DIRECTION('',(0.0,-1.0,0.0));
#1851=DIRECTION('',(0.0,0.0,-1.0));
#1852=ORIENTED_EDGE('',*,*,#2454,.F.);
#1853=ORIENTED_EDGE('',*,*,#2127,.T.);
#1854=ORIENTED_EDGE('',*,*,#2460,.T.);
#1855=ORIENTED_EDGE('',*,*,#2439,.F.);
#1856=CARTESIAN_POINT('',(-4.75499999999999,6.6,0.37));
#1857=DIRECTION('',(0.0,1.0,0.0));
#1858=DIRECTION('',(0.0,0.0,-1.0));
#1859=ORIENTED_EDGE('',*,*,#2126,.F.);
#1860=ORIENTED_EDGE('',*,*,#2138,.T.);
#1861=ORIENTED_EDGE('',*,*,#2461,.F.);
#1862=ORIENTED_EDGE('',*,*,#2462,.F.);
#1863=ORIENTED_EDGE('',*,*,#2463,.F.);
#1864=ORIENTED_EDGE('',*,*,#2464,.F.);
#1865=ORIENTED_EDGE('',*,*,#2465,.F.);
#1866=ORIENTED_EDGE('',*,*,#2435,.F.);
#1867=ORIENTED_EDGE('',*,*,#2466,.F.);
#1868=ORIENTED_EDGE('',*,*,#2467,.F.);
#1869=ORIENTED_EDGE('',*,*,#2468,.F.);
#1870=ORIENTED_EDGE('',*,*,#2469,.F.);
#1871=ORIENTED_EDGE('',*,*,#2470,.F.);
#1872=ORIENTED_EDGE('',*,*,#2440,.F.);
#1873=ORIENTED_EDGE('',*,*,#2460,.F.);
#1874=CARTESIAN_POINT('',(-4.14499999999998,4.0,1.73));
#1875=DIRECTION('',(0.0,-1.0,0.0));
#1876=DIRECTION('',(0.0,0.0,-1.0));
#1877=ORIENTED_EDGE('',*,*,#2471,.T.);
#1878=ORIENTED_EDGE('',*,*,#2472,.F.);
#1879=ORIENTED_EDGE('',*,*,#2473,.T.);
#1880=ORIENTED_EDGE('',*,*,#2474,.F.);
#1881=ORIENTED_EDGE('',*,*,#2475,.T.);
#1882=ORIENTED_EDGE('',*,*,#2476,.T.);
#1883=ORIENTED_EDGE('',*,*,#2467,.T.);
#1884=ORIENTED_EDGE('',*,*,#2477,.F.);
#1885=CARTESIAN_POINT('',(-3.47499999999999,6.6,1.91));
#1886=DIRECTION('',(-3.23642439547917E-16,0.0,1.0));
#1887=DIRECTION('',(1.0,-0.0,3.23642439547917E-16));
#1888=ORIENTED_EDGE('',*,*,#2478,.T.);
#1889=ORIENTED_EDGE('',*,*,#2477,.T.);
#1890=ORIENTED_EDGE('',*,*,#2466,.T.);
#1891=ORIENTED_EDGE('',*,*,#2434,.F.);
#1892=CARTESIAN_POINT('',(-4.14499999999998,6.6,1.73));
#1893=DIRECTION('',(0.0,1.0,0.0));
#1894=DIRECTION('',(0.0,0.0,-1.0));
#1895=ORIENTED_EDGE('',*,*,#2479,.T.);
#1896=ORIENTED_EDGE('',*,*,#2430,.F.);
#1897=ORIENTED_EDGE('',*,*,#2480,.F.);
#1898=ORIENTED_EDGE('',*,*,#2474,.T.);
#1899=CARTESIAN_POINT('',(-4.14499999999998,6.6,1.73));
#1900=DIRECTION('',(0.0,1.0,0.0));
#1901=DIRECTION('',(0.0,0.0,-1.0));
#1902=ORIENTED_EDGE('',*,*,#2481,.T.);
#1903=ORIENTED_EDGE('',*,*,#2441,.T.);
#1904=ORIENTED_EDGE('',*,*,#2470,.T.);
#1905=ORIENTED_EDGE('',*,*,#2482,.F.);
#1906=CARTESIAN_POINT('',(-4.14499999999998,6.6,1.73));
#1907=DIRECTION('',(0.0,1.0,0.0));
#1908=DIRECTION('',(0.0,0.0,-1.0));
#1909=ORIENTED_EDGE('',*,*,#2483,.T.);
#1910=ORIENTED_EDGE('',*,*,#2484,.F.);
#1911=ORIENTED_EDGE('',*,*,#2485,.F.);
#1912=ORIENTED_EDGE('',*,*,#2445,.T.);
#1913=CARTESIAN_POINT('',(-4.14499999999998,6.6,1.73));
#1914=DIRECTION('',(0.0,1.0,0.0));
#1915=DIRECTION('',(0.0,0.0,-1.0));
#1916=ORIENTED_EDGE('',*,*,#2486,.T.);
#1917=ORIENTED_EDGE('',*,*,#2446,.F.);
#1918=ORIENTED_EDGE('',*,*,#2485,.T.);
#1919=ORIENTED_EDGE('',*,*,#2487,.F.);
#1920=ORIENTED_EDGE('',*,*,#2488,.F.);
#1921=ORIENTED_EDGE('',*,*,#2475,.F.);
#1922=ORIENTED_EDGE('',*,*,#2480,.T.);
#1923=ORIENTED_EDGE('',*,*,#2429,.F.);
#1924=CARTESIAN_POINT('',(-4.14499999999998,7.3,1.73));
#1925=DIRECTION('',(0.0,-1.0,0.0));
#1926=DIRECTION('',(0.0,0.0,-1.0));
#1927=ORIENTED_EDGE('',*,*,#2468,.T.);
#1928=ORIENTED_EDGE('',*,*,#2476,.F.);
#1929=ORIENTED_EDGE('',*,*,#2488,.T.);
#1930=ORIENTED_EDGE('',*,*,#2489,.T.);
#1931=CARTESIAN_POINT('',(-3.47499999999999,6.6,2.16));
#1932=DIRECTION('',(-1.0,0.0,0.0));
#1933=DIRECTION('',(0.0,0.0,1.0));
#1934=ORIENTED_EDGE('',*,*,#2465,.T.);
#1935=ORIENTED_EDGE('',*,*,#2490,.F.);
#1936=ORIENTED_EDGE('',*,*,#2455,.F.);
#1937=ORIENTED_EDGE('',*,*,#2491,.F.);
#1938=ORIENTED_EDGE('',*,*,#2436,.T.);
#1939=CARTESIAN_POINT('',(-4.72499999999998,6.6,0.340000000000001));
#1940=DIRECTION('',(0.0,1.0,0.0));
#1941=DIRECTION('',(0.0,0.0,-1.0));
#1942=ORIENTED_EDGE('',*,*,#2464,.T.);
#1943=ORIENTED_EDGE('',*,*,#2492,.F.);
#1944=ORIENTED_EDGE('',*,*,#2456,.F.);
#1945=ORIENTED_EDGE('',*,*,#2490,.T.);
#1946=CARTESIAN_POINT('',(-4.72499999999998,6.6,-0.0600000000000006));
#1947=DIRECTION('',(-4.27425856460626E-16,0.0,1.0));
#1948=DIRECTION('',(1.0,-0.0,4.27425856460626E-16));
#1949=ORIENTED_EDGE('',*,*,#2463,.T.);
#1950=ORIENTED_EDGE('',*,*,#2493,.F.);
#1951=ORIENTED_EDGE('',*,*,#2457,.F.);
#1952=ORIENTED_EDGE('',*,*,#2492,.T.);
#1953=CARTESIAN_POINT('',(-5.37499999999999,6.6,-0.0600000000000008));
#1954=DIRECTION('',(1.0,0.0,3.46944695195361E-15));
#1955=DIRECTION('',(-3.46944695195361E-15,0.0,1.0));
#1956=ORIENTED_EDGE('',*,*,#2462,.T.);
#1957=ORIENTED_EDGE('',*,*,#2494,.F.);
#1958=ORIENTED_EDGE('',*,*,#2458,.F.);
#1959=ORIENTED_EDGE('',*,*,#2493,.T.);
#1960=CARTESIAN_POINT('',(-5.37499999999999,6.6,0.189999999999999));
#1961=DIRECTION('',(4.80896124892765E-16,0.0,-1.0));
#1962=DIRECTION('',(0.0,-1.0,0.0));
#1963=ORIENTED_EDGE('',*,*,#2137,.F.);
#1964=ORIENTED_EDGE('',*,*,#2459,.F.);
#1965=ORIENTED_EDGE('',*,*,#2494,.T.);
#1966=ORIENTED_EDGE('',*,*,#2461,.T.);
#1967=CARTESIAN_POINT('',(-4.75499999999999,6.6,0.37));
#1968=DIRECTION('',(0.0,1.0,0.0));
#1969=DIRECTION('',(0.0,0.0,-1.0));
#1970=ORIENTED_EDGE('',*,*,#2495,.T.);
#1971=ORIENTED_EDGE('',*,*,#2496,.T.);
#1972=ORIENTED_EDGE('',*,*,#2482,.T.);
#1973=ORIENTED_EDGE('',*,*,#2469,.T.);
#1974=ORIENTED_EDGE('',*,*,#2489,.F.);
#1975=ORIENTED_EDGE('',*,*,#2487,.T.);
#1976=ORIENTED_EDGE('',*,*,#2484,.T.);
#1977=ORIENTED_EDGE('',*,*,#2497,.F.);
#1978=CARTESIAN_POINT('',(-4.14499999999999,6.6,2.16));
#1979=DIRECTION('',(5.8255639118624E-15,0.0,-1.0));
#1980=DIRECTION('',(0.0,-1.0,0.0));
#1981=ORIENTED_EDGE('',*,*,#2437,.F.);
#1982=ORIENTED_EDGE('',*,*,#2491,.T.);
#1983=ORIENTED_EDGE('',*,*,#2422,.F.);
#1984=CARTESIAN_POINT('',(-2.10000000000009,6.6,1.69));
#1985=DIRECTION('',(-0.0,1.0,0.0));
#1986=DIRECTION('',(1.0,0.0,0.0));
#1987=ORIENTED_EDGE('',*,*,#2447,.T.);
#1988=ORIENTED_EDGE('',*,*,#2486,.F.);
#1989=ORIENTED_EDGE('',*,*,#2428,.F.);
#1990=ORIENTED_EDGE('',*,*,#2453,.T.);
#1991=CARTESIAN_POINT('',(-2.10000000000009,7.69999999999999,1.69));
#1992=DIRECTION('',(0.0,0.0,-1.0));
#1993=DIRECTION('',(0.0,-1.0,0.0));
#1994=ORIENTED_EDGE('',*,*,#2076,.F.);
#1995=ORIENTED_EDGE('',*,*,#2451,.T.);
#1996=ORIENTED_EDGE('',*,*,#2498,.F.);
#1997=ORIENTED_EDGE('',*,*,#2424,.F.);
#1998=CARTESIAN_POINT('',(-2.10000000000008,10.6,2.1));
#1999=DIRECTION('',(0.0,0.0,-1.0));
#2000=DIRECTION('',(0.0,-1.0,0.0));
#2001=ORIENTED_EDGE('',*,*,#2452,.F.);
#2002=ORIENTED_EDGE('',*,*,#2425,.F.);
#2003=ORIENTED_EDGE('',*,*,#2498,.T.);
#2004=ORIENTED_EDGE('',*,*,#2450,.T.);
#2005=CARTESIAN_POINT('',(-2.10000000000009,8.62999999999999,2.1));
#2006=DIRECTION('',(0.0,-1.0,0.0));
#2007=DIRECTION('',(0.0,0.0,-1.0));
#2008=ORIENTED_EDGE('',*,*,#2432,.F.);
#2009=ORIENTED_EDGE('',*,*,#2499,.F.);
#2010=ORIENTED_EDGE('',*,*,#2443,.F.);
#2011=ORIENTED_EDGE('',*,*,#2500,.T.);
#2012=CARTESIAN_POINT('',(-3.92499999999999,5.04999999999999,0.57));
#2013=DIRECTION('',(0.0,-9.85638338623186E-17,1.0));
#2014=DIRECTION('',(0.0,-1.0,-9.85638338623186E-17));
#2015=ORIENTED_EDGE('',*,*,#2471,.F.);
#2016=ORIENTED_EDGE('',*,*,#2478,.F.);
#2017=ORIENTED_EDGE('',*,*,#2433,.F.);
#2018=ORIENTED_EDGE('',*,*,#2500,.F.);
#2019=ORIENTED_EDGE('',*,*,#2442,.F.);
#2020=ORIENTED_EDGE('',*,*,#2481,.F.);
#2021=ORIENTED_EDGE('',*,*,#2496,.F.);
#2022=ORIENTED_EDGE('',*,*,#2501,.F.);
#2023=CARTESIAN_POINT('',(-3.92499999999999,5.04999999999999,2.16));
#2024=DIRECTION('',(-0.0,1.0,0.0));
#2025=DIRECTION('',(1.0,0.0,0.0));
#2026=ORIENTED_EDGE('',*,*,#2473,.F.);
#2027=ORIENTED_EDGE('',*,*,#2502,.F.);
#2028=ORIENTED_EDGE('',*,*,#2497,.T.);
#2029=ORIENTED_EDGE('',*,*,#2483,.F.);
#2030=ORIENTED_EDGE('',*,*,#2444,.F.);
#2031=ORIENTED_EDGE('',*,*,#2499,.T.);
#2032=ORIENTED_EDGE('',*,*,#2431,.F.);
#2033=ORIENTED_EDGE('',*,*,#2479,.F.);
#2034=CARTESIAN_POINT('',(-3.92499999999999,6.14999999999999,0.57));
#2035=DIRECTION('',(0.0,-1.0,0.0));
#2036=DIRECTION('',(0.0,0.0,-1.0));
#2037=ORIENTED_EDGE('',*,*,#2501,.T.);
#2038=ORIENTED_EDGE('',*,*,#2495,.F.);
#2039=ORIENTED_EDGE('',*,*,#2502,.T.);
#2040=ORIENTED_EDGE('',*,*,#2472,.T.);
#2041=CARTESIAN_POINT('',(-3.92500000000001,1.44297452774435E-14,2.49571066119305E-15));
#2042=DIRECTION('',(1.0,-3.15404268359419E-15,-5.45510527036732E-16));
#2043=DIRECTION('',(-3.15404268359419E-15,-1.0,0.0));
#2044=ORIENTED_EDGE('',*,*,#2238,.T.);
#2045=ORIENTED_EDGE('',*,*,#2503,.T.);
#2046=ORIENTED_EDGE('',*,*,#2504,.T.);
#2047=ORIENTED_EDGE('',*,*,#2505,.F.);
#2048=CARTESIAN_POINT('',(-2.25,6.95,2.49));
#2049=DIRECTION('',(-0.894427190999915,-0.44721359549996,0.0));
#2050=DIRECTION('',(-0.44721359549996,0.894427190999915,0.0));
#2051=ORIENTED_EDGE('',*,*,#2240,.T.);
#2052=ORIENTED_EDGE('',*,*,#2506,.T.);
#2053=ORIENTED_EDGE('',*,*,#2507,.T.);
#2054=ORIENTED_EDGE('',*,*,#2503,.F.);
#2055=CARTESIAN_POINT('',(-2.0,6.45,2.49));
#2056=DIRECTION('',(0.894427190999916,-0.447213595499958,0.0));
#2057=DIRECTION('',(0.0,0.0,-1.0));
#2058=ORIENTED_EDGE('',*,*,#2239,.T.);
#2059=ORIENTED_EDGE('',*,*,#2505,.T.);
#2060=ORIENTED_EDGE('',*,*,#2508,.T.);
#2061=ORIENTED_EDGE('',*,*,#2506,.F.);
#2062=CARTESIAN_POINT('',(-1.75,6.95,2.49));
#2063=DIRECTION('',(-0.0,1.0,0.0));
#2064=DIRECTION('',(1.0,0.0,0.0));
#2065=ORIENTED_EDGE('',*,*,#2504,.F.);
#2066=ORIENTED_EDGE('',*,*,#2507,.F.);
#2067=ORIENTED_EDGE('',*,*,#2508,.F.);
#2068=CARTESIAN_POINT('',(0.0,0.0,2.49));
#2069=DIRECTION('',(0.0,0.0,-1.0));
#2070=DIRECTION('',(0.0,-1.0,0.0));
#2071=COLOUR_RGB('',0.596063196659088,0.666666686534882,0.686259269714355);
#2072=EDGE_CURVE('',#2509,#2510,#2511,.T.);
#2073=EDGE_CURVE('',#2510,#2512,#2513,.T.);
#2074=EDGE_CURVE('',#2514,#2512,#2515,.T.);
#2075=EDGE_CURVE('',#2514,#2509,#2516,.T.);
#2076=EDGE_CURVE('',#2517,#2518,#2519,.T.);
#2077=EDGE_CURVE('',#2518,#2509,#2520,.T.);
#2078=EDGE_CURVE('',#2521,#2514,#2522,.T.);
#2079=EDGE_CURVE('',#2523,#2521,#2524,.T.);
#2080=EDGE_CURVE('',#2525,#2523,#2526,.T.);
#2081=EDGE_CURVE('',#2527,#2525,#2528,.T.);
#2082=EDGE_CURVE('',#2529,#2527,#2530,.T.);
#2083=EDGE_CURVE('',#2529,#2531,#2532,.T.);
#2084=EDGE_CURVE('',#2531,#2533,#2534,.T.);
#2085=EDGE_CURVE('',#2533,#2535,#2536,.T.);
#2086=EDGE_CURVE('',#2535,#2537,#2538,.T.);
#2087=EDGE_CURVE('',#2537,#2539,#2540,.T.);
#2088=EDGE_CURVE('',#2541,#2539,#2542,.T.);
#2089=EDGE_CURVE('',#2543,#2541,#2544,.T.);
#2090=EDGE_CURVE('',#2545,#2543,#2546,.T.);
#2091=EDGE_CURVE('',#2545,#2547,#2548,.T.);
#2092=EDGE_CURVE('',#2547,#2549,#2550,.T.);
#2093=EDGE_CURVE('',#2549,#2551,#2552,.T.);
#2094=EDGE_CURVE('',#2551,#2553,#2554,.T.);
#2095=EDGE_CURVE('',#2553,#2555,#2556,.T.);
#2096=EDGE_CURVE('',#2557,#2555,#2558,.T.);
#2097=EDGE_CURVE('',#2559,#2557,#2560,.T.);
#2098=EDGE_CURVE('',#2561,#2559,#2562,.T.);
#2099=EDGE_CURVE('',#2563,#2561,#2564,.T.);
#2100=EDGE_CURVE('',#2565,#2563,#2566,.T.);
#2101=EDGE_CURVE('',#2567,#2565,#2568,.T.);
#2102=EDGE_CURVE('',#2569,#2567,#2570,.T.);
#2103=EDGE_CURVE('',#2571,#2569,#2572,.T.);
#2104=EDGE_CURVE('',#2573,#2571,#2574,.T.);
#2105=EDGE_CURVE('',#2575,#2573,#2576,.T.);
#2106=EDGE_CURVE('',#2577,#2575,#2578,.T.);
#2107=EDGE_CURVE('',#2579,#2577,#2580,.T.);
#2108=EDGE_CURVE('',#2579,#2581,#2582,.T.);
#2109=EDGE_CURVE('',#2581,#2583,#2584,.T.);
#2110=EDGE_CURVE('',#2585,#2583,#2586,.T.);
#2111=EDGE_CURVE('',#2587,#2585,#2588,.T.);
#2112=EDGE_CURVE('',#2589,#2587,#2590,.T.);
#2113=EDGE_CURVE('',#2589,#2591,#2592,.T.);
#2114=EDGE_CURVE('',#2591,#2593,#2594,.T.);
#2115=EDGE_CURVE('',#2595,#2593,#2596,.T.);
#2116=EDGE_CURVE('',#2597,#2595,#2598,.T.);
#2117=EDGE_CURVE('',#2599,#2597,#2600,.T.);
#2118=EDGE_CURVE('',#2599,#2517,#2601,.T.);
#2119=EDGE_CURVE('',#2602,#2603,#2604,.T.);
#2120=EDGE_CURVE('',#2602,#2605,#2606,.T.);
#2121=EDGE_CURVE('',#2607,#2605,#2608,.T.);
#2122=EDGE_CURVE('',#2597,#2607,#2609,.T.);
#2123=EDGE_CURVE('',#2610,#2595,#2611,.T.);
#2124=EDGE_CURVE('',#2610,#2612,#2613,.T.);
#2125=EDGE_CURVE('',#2612,#2614,#2615,.T.);
#2126=EDGE_CURVE('',#2614,#2616,#2617,.T.);
#2127=EDGE_CURVE('',#2603,#2616,#2618,.T.);
#2128=EDGE_CURVE('',#2593,#2619,#2620,.T.);
#2129=EDGE_CURVE('',#2619,#2621,#2622,.T.);
#2130=EDGE_CURVE('',#2623,#2621,#2624,.T.);
#2131=EDGE_CURVE('',#2623,#2610,#2625,.T.);
#2132=EDGE_CURVE('',#2626,#2627,#2628,.T.);
#2133=EDGE_CURVE('',#2629,#2626,#2630,.T.);
#2134=EDGE_CURVE('',#2631,#2629,#2632,.T.);
#2135=EDGE_CURVE('',#2627,#2631,#2633,.T.);
#2136=EDGE_CURVE('',#2602,#2634,#2635,.T.);
#2137=EDGE_CURVE('',#2634,#2636,#2637,.T.);
#2138=EDGE_CURVE('',#2614,#2636,#2638,.T.);
#2139=EDGE_CURVE('',#2639,#2612,#2640,.T.);
#2140=EDGE_CURVE('',#2641,#2639,#2642,.T.);
#2141=EDGE_CURVE('',#2605,#2641,#2643,.T.);
#2142=EDGE_CURVE('',#2573,#2644,#2645,.T.);
#2143=EDGE_CURVE('',#2644,#2646,#2647,.T.);
#2144=EDGE_CURVE('',#2575,#2646,#2648,.T.);
#2145=EDGE_CURVE('',#2649,#2537,#2650,.T.);
#2146=EDGE_CURVE('',#2649,#2651,#2652,.T.);
#2147=EDGE_CURVE('',#2651,#2539,#2653,.T.);
#2148=EDGE_CURVE('',#2654,#2533,#2655,.T.);
#2149=EDGE_CURVE('',#2656,#2654,#2657,.T.);
#2150=EDGE_CURVE('',#2656,#2535,#2658,.T.);
#2151=EDGE_CURVE('',#2659,#2660,#2661,.T.);
#2152=EDGE_CURVE('',#2660,#2662,#2663,.T.);
#2153=EDGE_CURVE('',#2662,#2664,#2665,.T.);
#2154=EDGE_CURVE('',#2666,#2664,#2667,.T.);
#2155=EDGE_CURVE('',#2666,#2668,#2669,.T.);
#2156=EDGE_CURVE('',#2668,#2670,#2671,.T.);
#2157=EDGE_CURVE('',#2670,#2672,#2673,.T.);
#2158=EDGE_CURVE('',#2672,#2674,#2675,.T.);
#2159=EDGE_CURVE('',#2676,#2674,#2677,.T.);
#2160=EDGE_CURVE('',#2678,#2676,#2679,.T.);
#2161=EDGE_CURVE('',#2680,#2678,#2681,.T.);
#2162=EDGE_CURVE('',#2682,#2680,#2683,.T.);
#2163=EDGE_CURVE('',#2684,#2682,#2685,.T.);
#2164=EDGE_CURVE('',#2686,#2684,#2687,.T.);
#2165=EDGE_CURVE('',#2688,#2686,#2689,.T.);
#2166=EDGE_CURVE('',#2690,#2688,#2691,.T.);
#2167=EDGE_CURVE('',#2692,#2690,#2693,.T.);
#2168=EDGE_CURVE('',#2694,#2692,#2695,.T.);
#2169=EDGE_CURVE('',#2694,#2696,#2697,.T.);
#2170=EDGE_CURVE('',#2659,#2696,#2698,.T.);
#2171=EDGE_CURVE('',#2699,#2662,#2700,.T.);
#2172=EDGE_CURVE('',#2701,#2699,#2702,.T.);
#2173=EDGE_CURVE('',#2701,#2696,#2703,.T.);
#2174=EDGE_CURVE('',#2704,#2694,#2705,.T.);
#2175=EDGE_CURVE('',#2706,#2704,#2707,.T.);
#2176=EDGE_CURVE('',#2672,#2706,#2708,.T.);
#2177=EDGE_CURVE('',#2709,#2670,#2710,.T.);
#2178=EDGE_CURVE('',#2711,#2709,#2712,.T.);
#2179=EDGE_CURVE('',#2711,#2664,#2713,.T.);
#2180=EDGE_CURVE('',#2714,#2541,#2715,.T.);
#2181=EDGE_CURVE('',#2716,#2714,#2717,.T.);
#2182=EDGE_CURVE('',#2716,#2527,#2718,.T.);
#2183=EDGE_CURVE('',#2719,#2525,#2720,.T.);
#2184=EDGE_CURVE('',#2719,#2721,#2722,.T.);
#2185=EDGE_CURVE('',#2721,#2559,#2723,.T.);
#2186=EDGE_CURVE('',#2724,#2557,#2725,.T.);
#2187=EDGE_CURVE('',#2726,#2724,#2727,.T.);
#2188=EDGE_CURVE('',#2726,#2543,#2728,.T.);
#2189=EDGE_CURVE('',#2729,#2553,#2730,.T.);
#2190=EDGE_CURVE('',#2729,#2731,#2732,.T.);
#2191=EDGE_CURVE('',#2731,#2555,#2733,.T.);
#2192=EDGE_CURVE('',#2734,#2549,#2735,.T.);
#2193=EDGE_CURVE('',#2736,#2734,#2737,.T.);
#2194=EDGE_CURVE('',#2736,#2551,#2738,.T.);
#2195=EDGE_CURVE('',#2563,#2739,#2740,.T.);
#2196=EDGE_CURVE('',#2741,#2561,#2742,.T.);
#2197=EDGE_CURVE('',#2739,#2741,#2743,.T.);
#2198=EDGE_CURVE('',#2744,#2745,#2746,.T.);
#2199=EDGE_CURVE('',#2676,#2744,#2747,.T.);
#2200=EDGE_CURVE('',#2748,#2674,#2749,.T.);
#2201=EDGE_CURVE('',#2748,#2750,#2751,.T.);
#2202=EDGE_CURVE('',#2646,#2750,#2752,.T.);
#2203=EDGE_CURVE('',#2745,#2644,#2753,.T.);
#2204=EDGE_CURVE('',#2607,#2754,#2755,.T.);
#2205=EDGE_CURVE('',#2641,#2692,#2756,.T.);
#2206=EDGE_CURVE('',#2690,#2512,#2757,.T.);
#2207=EDGE_CURVE('',#2754,#2510,#2758,.T.);
#2208=EDGE_CURVE('',#2759,#2521,#2760,.T.);
#2209=EDGE_CURVE('',#2761,#2759,#2762,.T.);
#2210=EDGE_CURVE('',#2761,#2523,#2763,.T.);
#2211=EDGE_CURVE('',#2764,#2639,#2765,.T.);
#2212=EDGE_CURVE('',#2704,#2764,#2766,.T.);
#2213=EDGE_CURVE('',#2767,#2768,#2769,.T.);
#2214=EDGE_CURVE('',#2767,#2748,#2770,.T.);
#2215=EDGE_CURVE('',#2706,#2768,#2771,.T.);
#2216=EDGE_CURVE('',#2772,#2773,#2774,.T.);
#2217=EDGE_CURVE('',#2772,#2767,#2775,.T.);
#2218=EDGE_CURVE('',#2768,#2776,#2777,.T.);
#2219=EDGE_CURVE('',#2778,#2776,#2779,.T.);
#2220=EDGE_CURVE('',#2773,#2778,#2780,.T.);
#2221=EDGE_CURVE('',#2781,#2623,#2782,.T.);
#2222=EDGE_CURVE('',#2781,#2764,#2783,.T.);
#2223=EDGE_CURVE('',#2750,#2784,#2785,.T.);
#2224=EDGE_CURVE('',#2784,#2786,#2787,.T.);
#2225=EDGE_CURVE('',#2786,#2788,#2789,.T.);
#2226=EDGE_CURVE('',#2790,#2788,#2791,.T.);
#2227=EDGE_CURVE('',#2790,#2772,#2792,.T.);
#2228=EDGE_CURVE('',#2773,#2577,#2793,.T.);
#2229=EDGE_CURVE('',#2721,#2682,#2794,.T.);
#2230=EDGE_CURVE('',#2741,#2680,#2795,.T.);
#2231=EDGE_CURVE('',#2796,#2797,#2798,.T.);
#2232=EDGE_CURVE('',#2796,#2587,#2799,.T.);
#2233=EDGE_CURVE('',#2800,#2585,#2801,.T.);
#2234=EDGE_CURVE('',#2802,#2800,#2803,.T.);
#2235=EDGE_CURVE('',#2804,#2802,#2805,.T.);
#2236=EDGE_CURVE('',#2806,#2804,#2807,.T.);
#2237=EDGE_CURVE('',#2797,#2806,#2808,.T.);
#2238=EDGE_CURVE('',#2809,#2810,#2811,.T.);
#2239=EDGE_CURVE('',#2812,#2809,#2813,.T.);
#2240=EDGE_CURVE('',#2810,#2812,#2814,.T.);
#2241=EDGE_CURVE('',#2815,#2781,#2816,.T.);
#2242=EDGE_CURVE('',#2817,#2815,#2818,.T.);
#2243=EDGE_CURVE('',#2819,#2817,#2820,.T.);
#2244=EDGE_CURVE('',#2821,#2819,#2822,.T.);
#2245=EDGE_CURVE('',#2823,#2821,#2824,.T.);
#2246=EDGE_CURVE('',#2825,#2823,#2826,.T.);
#2247=EDGE_CURVE('',#2776,#2825,#2827,.T.);
#2248=EDGE_CURVE('',#2761,#2686,#2828,.T.);
#2249=EDGE_CURVE('',#2719,#2684,#2829,.T.);
#2250=EDGE_CURVE('',#2830,#2831,#2832,.T.);
#2251=EDGE_CURVE('',#2831,#2833,#2834,.T.);
#2252=EDGE_CURVE('',#2833,#2835,#2836,.T.);
#2253=EDGE_CURVE('',#2835,#2830,#2837,.T.);
#2254=EDGE_CURVE('',#2778,#2838,#2839,.T.);
#2255=EDGE_CURVE('',#2838,#2840,#2841,.T.);
#2256=EDGE_CURVE('',#2579,#2840,#2842,.T.);
#2257=EDGE_CURVE('',#2800,#2825,#2843,.T.);
#2258=EDGE_CURVE('',#2583,#2844,#2845,.T.);
#2259=EDGE_CURVE('',#2844,#2838,#2846,.T.);
#2260=EDGE_CURVE('',#2621,#2847,#2848,.T.);
#2261=EDGE_CURVE('',#2589,#2847,#2849,.T.);
#2262=EDGE_CURVE('',#2796,#2815,#2850,.T.);
#2263=EDGE_CURVE('',#2823,#2802,#2851,.T.);
#2264=EDGE_CURVE('',#2821,#2804,#2852,.T.);
#2265=EDGE_CURVE('',#2819,#2806,#2853,.T.);
#2266=EDGE_CURVE('',#2817,#2797,#2854,.T.);
#2267=EDGE_CURVE('',#2759,#2688,#2855,.T.);
#2268=EDGE_CURVE('',#2678,#2739,#2856,.T.);
#2269=EDGE_CURVE('',#2591,#2857,#2858,.T.);
#2270=EDGE_CURVE('',#2857,#2619,#2859,.T.);
#2271=EDGE_CURVE('',#2847,#2857,#2860,.T.);
#2272=EDGE_CURVE('',#2581,#2861,#2862,.T.);
#2273=EDGE_CURVE('',#2861,#2844,#2863,.T.);
#2274=EDGE_CURVE('',#2840,#2861,#2864,.T.);
#2275=EDGE_CURVE('',#2565,#2744,#2865,.T.);
#2276=EDGE_CURVE('',#2784,#2866,#2867,.T.);
#2277=EDGE_CURVE('',#2790,#2868,#2869,.T.);
#2278=EDGE_CURVE('',#2866,#2868,#2870,.T.);
#2279=EDGE_CURVE('',#2599,#2754,#2871,.T.);
#2280=EDGE_CURVE('',#2567,#2745,#2872,.T.);
#2281=EDGE_CURVE('',#2873,#2726,#2874,.T.);
#2282=EDGE_CURVE('',#2873,#2875,#2876,.T.);
#2283=EDGE_CURVE('',#2875,#2545,#2877,.T.);
#2284=EDGE_CURVE('',#2878,#2731,#2879,.T.);
#2285=EDGE_CURVE('',#2724,#2878,#2880,.T.);
#2286=EDGE_CURVE('',#2731,#2875,#2881,.T.);
#2287=EDGE_CURVE('',#2878,#2873,#2882,.T.);
#2288=EDGE_CURVE('',#2666,#2883,#2884,.T.);
#2289=EDGE_CURVE('',#2885,#2711,#2886,.T.);
#2290=EDGE_CURVE('',#2887,#2885,#2888,.T.);
#2291=EDGE_CURVE('',#2889,#2887,#2890,.T.);
#2292=EDGE_CURVE('',#2891,#2889,#2892,.T.);
#2293=EDGE_CURVE('',#2883,#2891,#2893,.T.);
#2294=EDGE_CURVE('',#2668,#2894,#2895,.T.);
#2295=EDGE_CURVE('',#2894,#2896,#2897,.T.);
#2296=EDGE_CURVE('',#2896,#2898,#2899,.T.);
#2297=EDGE_CURVE('',#2898,#2900,#2901,.T.);
#2298=EDGE_CURVE('',#2900,#2902,#2903,.T.);
#2299=EDGE_CURVE('',#2902,#2709,#2904,.T.);
#2300=EDGE_CURVE('',#2902,#2885,#2905,.T.);
#2301=EDGE_CURVE('',#2900,#2887,#2906,.T.);
#2302=EDGE_CURVE('',#2898,#2889,#2907,.T.);
#2303=EDGE_CURVE('',#2896,#2891,#2908,.T.);
#2304=EDGE_CURVE('',#2894,#2883,#2909,.T.);
#2305=EDGE_CURVE('',#2734,#2910,#2911,.T.);
#2306=EDGE_CURVE('',#2875,#2910,#2912,.T.);
#2307=EDGE_CURVE('',#2729,#2736,#2913,.T.);
#2308=EDGE_CURVE('',#2910,#2547,#2914,.T.);
#2309=EDGE_CURVE('',#2915,#2716,#2916,.T.);
#2310=EDGE_CURVE('',#2915,#2917,#2918,.T.);
#2311=EDGE_CURVE('',#2917,#2529,#2919,.T.);
#2312=EDGE_CURVE('',#2920,#2651,#2921,.T.);
#2313=EDGE_CURVE('',#2714,#2920,#2922,.T.);
#2314=EDGE_CURVE('',#2651,#2917,#2923,.T.);
#2315=EDGE_CURVE('',#2920,#2915,#2924,.T.);
#2316=EDGE_CURVE('',#2659,#2925,#2926,.T.);
#2317=EDGE_CURVE('',#2927,#2701,#2928,.T.);
#2318=EDGE_CURVE('',#2929,#2927,#2930,.T.);
#2319=EDGE_CURVE('',#2931,#2929,#2932,.T.);
#2320=EDGE_CURVE('',#2933,#2931,#2934,.T.);
#2321=EDGE_CURVE('',#2925,#2933,#2935,.T.);
#2322=EDGE_CURVE('',#2660,#2936,#2937,.T.);
#2323=EDGE_CURVE('',#2936,#2938,#2939,.T.);
#2324=EDGE_CURVE('',#2938,#2940,#2941,.T.);
#2325=EDGE_CURVE('',#2940,#2942,#2943,.T.);
#2326=EDGE_CURVE('',#2942,#2944,#2945,.T.);
#2327=EDGE_CURVE('',#2944,#2699,#2946,.T.);
#2328=EDGE_CURVE('',#2944,#2927,#2947,.T.);
#2329=EDGE_CURVE('',#2942,#2929,#2948,.T.);
#2330=EDGE_CURVE('',#2940,#2931,#2949,.T.);
#2331=EDGE_CURVE('',#2938,#2933,#2950,.T.);
#2332=EDGE_CURVE('',#2936,#2925,#2951,.T.);
#2333=EDGE_CURVE('',#2654,#2952,#2953,.T.);
#2334=EDGE_CURVE('',#2917,#2952,#2954,.T.);
#2335=EDGE_CURVE('',#2649,#2656,#2955,.T.);
#2336=EDGE_CURVE('',#2952,#2531,#2956,.T.);
#2337=EDGE_CURVE('',#2569,#2957,#2958,.T.);
#2338=EDGE_CURVE('',#2959,#2745,#2960,.T.);
#2339=EDGE_CURVE('',#2961,#2959,#2962,.T.);
#2340=EDGE_CURVE('',#2961,#2963,#2964,.T.);
#2341=EDGE_CURVE('',#2965,#2963,#2966,.T.);
#2342=EDGE_CURVE('',#2967,#2965,#2968,.T.);
#2343=EDGE_CURVE('',#2969,#2967,#2970,.T.);
#2344=EDGE_CURVE('',#2971,#2969,#2972,.T.);
#2345=EDGE_CURVE('',#2973,#2971,#2974,.T.);
#2346=EDGE_CURVE('',#2975,#2973,#2976,.T.);
#2347=EDGE_CURVE('',#2977,#2975,#2978,.T.);
#2348=EDGE_CURVE('',#2979,#2977,#2980,.T.);
#2349=EDGE_CURVE('',#2835,#2979,#2981,.T.);
#2350=EDGE_CURVE('',#2982,#2833,#2983,.T.);
#2351=EDGE_CURVE('',#2957,#2982,#2984,.T.);
#2352=EDGE_CURVE('',#2571,#2985,#2986,.T.);
#2353=EDGE_CURVE('',#2985,#2987,#2988,.T.);
#2354=EDGE_CURVE('',#2987,#2831,#2989,.T.);
#2355=EDGE_CURVE('',#2830,#2990,#2991,.T.);
#2356=EDGE_CURVE('',#2990,#2992,#2993,.T.);
#2357=EDGE_CURVE('',#2994,#2992,#2995,.T.);
#2358=EDGE_CURVE('',#2994,#2996,#2997,.T.);
#2359=EDGE_CURVE('',#2998,#2996,#2999,.T.);
#2360=EDGE_CURVE('',#3000,#2998,#3001,.T.);
#2361=EDGE_CURVE('',#3002,#3000,#3003,.T.);
#2362=EDGE_CURVE('',#3002,#3004,#3005,.T.);
#2363=EDGE_CURVE('',#3006,#3004,#3007,.T.);
#2364=EDGE_CURVE('',#3008,#3006,#3009,.T.);
#2365=EDGE_CURVE('',#3008,#3010,#3011,.T.);
#2366=EDGE_CURVE('',#3010,#2644,#3012,.T.);
#2367=EDGE_CURVE('',#2982,#2987,#3013,.T.);
#2368=EDGE_CURVE('',#2979,#2990,#3014,.T.);
#2369=EDGE_CURVE('',#3015,#2866,#3016,.T.);
#2370=EDGE_CURVE('',#3017,#3015,#3018,.T.);
#2371=EDGE_CURVE('',#3019,#3017,#3020,.T.);
#2372=EDGE_CURVE('',#3021,#3019,#3022,.T.);
#2373=EDGE_CURVE('',#3023,#3021,#3024,.T.);
#2374=EDGE_CURVE('',#3023,#3010,#3025,.T.);
#2375=EDGE_CURVE('',#2786,#3008,#3026,.T.);
#2376=EDGE_CURVE('',#2788,#3006,#3027,.T.);
#2377=EDGE_CURVE('',#3004,#3028,#3029,.T.);
#2378=EDGE_CURVE('',#3028,#3030,#3031,.T.);
#2379=EDGE_CURVE('',#3030,#3032,#3033,.T.);
#2380=EDGE_CURVE('',#3032,#3034,#3035,.T.);
#2381=EDGE_CURVE('',#3034,#2965,#3036,.T.);
#2382=EDGE_CURVE('',#2963,#3037,#3038,.T.);
#2383=EDGE_CURVE('',#3037,#3039,#3040,.T.);
#2384=EDGE_CURVE('',#3039,#3041,#3042,.T.);
#2385=EDGE_CURVE('',#3041,#3043,#3044,.T.);
#2386=EDGE_CURVE('',#3043,#2868,#3045,.T.);
#2387=EDGE_CURVE('',#2967,#3046,#3047,.T.);
#2388=EDGE_CURVE('',#3046,#3034,#3048,.T.);
#2389=EDGE_CURVE('',#3049,#3002,#3050,.T.);
#2390=EDGE_CURVE('',#3049,#3028,#3051,.T.);
#2391=EDGE_CURVE('',#3052,#3053,#3054,.T.);
#2392=EDGE_CURVE('',#3052,#3055,#3056,.T.);
#2393=EDGE_CURVE('',#3057,#3055,#3058,.T.);
#2394=EDGE_CURVE('',#3059,#3057,#3060,.T.);
#2395=EDGE_CURVE('',#3059,#3030,#3061,.T.);
#2396=EDGE_CURVE('',#3053,#3049,#3062,.T.);
#2397=EDGE_CURVE('',#3063,#3059,#3064,.T.);
#2398=EDGE_CURVE('',#3063,#3032,#3065,.T.);
#2399=EDGE_CURVE('',#3046,#3066,#3067,.T.);
#2400=EDGE_CURVE('',#3068,#3063,#3069,.T.);
#2401=EDGE_CURVE('',#3068,#3070,#3071,.T.);
#2402=EDGE_CURVE('',#3072,#3070,#3073,.T.);
#2403=EDGE_CURVE('',#3072,#3066,#3074,.T.);
#2404=EDGE_CURVE('',#3070,#2973,#3075,.T.);
#2405=EDGE_CURVE('',#3068,#2975,#3076,.T.);
#2406=EDGE_CURVE('',#2961,#3023,#3077,.T.);
#2407=EDGE_CURVE('',#3021,#3037,#3078,.T.);
#2408=EDGE_CURVE('',#3019,#3039,#3079,.T.);
#2409=EDGE_CURVE('',#3017,#3041,#3080,.T.);
#2410=EDGE_CURVE('',#3015,#3043,#3081,.T.);
#2411=EDGE_CURVE('',#2996,#3055,#3082,.T.);
#2412=EDGE_CURVE('',#2994,#3057,#3083,.T.);
#2413=EDGE_CURVE('',#2977,#2992,#3084,.T.);
#2414=EDGE_CURVE('',#2959,#3023,#3085,.T.);
#2415=EDGE_CURVE('',#2957,#2985,#3086,.T.);
#2416=EDGE_CURVE('',#3066,#3053,#3087,.T.);
#2417=EDGE_CURVE('',#3000,#2969,#3088,.T.);
#2418=EDGE_CURVE('',#2998,#2971,#3089,.T.);
#2419=EDGE_CURVE('',#3052,#3072,#3090,.T.);
#2420=EDGE_CURVE('',#3091,#2754,#3092,.T.);
#2421=EDGE_CURVE('',#3093,#2510,#3094,.T.);
#2422=EDGE_CURVE('',#3093,#3095,#3096,.T.);
#2423=EDGE_CURVE('',#3095,#3091,#3097,.T.);
#2424=EDGE_CURVE('',#2518,#3098,#3099,.T.);
#2425=EDGE_CURVE('',#3098,#3100,#3101,.T.);
#2426=EDGE_CURVE('',#3100,#2627,#3102,.T.);
#2427=EDGE_CURVE('',#2631,#3103,#3104,.T.);
#2428=EDGE_CURVE('',#3103,#3105,#3106,.T.);
#2429=EDGE_CURVE('',#3105,#3107,#3108,.T.);
#2430=EDGE_CURVE('',#3107,#3109,#3110,.T.);
#2431=EDGE_CURVE('',#3109,#3111,#3112,.T.);
#2432=EDGE_CURVE('',#3111,#3113,#3114,.T.);
#2433=EDGE_CURVE('',#3113,#3115,#3116,.T.);
#2434=EDGE_CURVE('',#3115,#3117,#3118,.T.);
#2435=EDGE_CURVE('',#3117,#3119,#3120,.T.);
#2436=EDGE_CURVE('',#3121,#3119,#3122,.T.);
#2437=EDGE_CURVE('',#3121,#3093,#3123,.T.);
#2438=EDGE_CURVE('',#3124,#3091,#3125,.T.);
#2439=EDGE_CURVE('',#3124,#3126,#3127,.T.);
#2440=EDGE_CURVE('',#3126,#3128,#3129,.T.);
#2441=EDGE_CURVE('',#3130,#3128,#3131,.T.);
#2442=EDGE_CURVE('',#3130,#3132,#3133,.T.);
#2443=EDGE_CURVE('',#3132,#3134,#3135,.T.);
#2444=EDGE_CURVE('',#3134,#3136,#3137,.T.);
#2445=EDGE_CURVE('',#3138,#3136,#3139,.T.);
#2446=EDGE_CURVE('',#3138,#3140,#3141,.T.);
#2447=EDGE_CURVE('',#3142,#3140,#3143,.T.);
#2448=EDGE_CURVE('',#2629,#3142,#3144,.T.);
#2449=EDGE_CURVE('',#3145,#2626,#3146,.T.);
#2450=EDGE_CURVE('',#3147,#3145,#3148,.T.);
#2451=EDGE_CURVE('',#2517,#3147,#3149,.T.);
#2452=EDGE_CURVE('',#3100,#3145,#3150,.T.);
#2453=EDGE_CURVE('',#3103,#3142,#3151,.T.);
#2454=EDGE_CURVE('',#2603,#3124,#3152,.T.);
#2455=EDGE_CURVE('',#3095,#3153,#3154,.T.);
#2456=EDGE_CURVE('',#3153,#3155,#3156,.T.);
#2457=EDGE_CURVE('',#3155,#3157,#3158,.T.);
#2458=EDGE_CURVE('',#3157,#3159,#3160,.T.);
#2459=EDGE_CURVE('',#3159,#2634,#3161,.T.);
#2460=EDGE_CURVE('',#2616,#3126,#3162,.T.);
#2461=EDGE_CURVE('',#3163,#2636,#3164,.T.);
#2462=EDGE_CURVE('',#3165,#3163,#3166,.T.);
#2463=EDGE_CURVE('',#3167,#3165,#3168,.T.);
#2464=EDGE_CURVE('',#3169,#3167,#3170,.T.);
#2465=EDGE_CURVE('',#3119,#3169,#3171,.T.);
#2466=EDGE_CURVE('',#3172,#3117,#3173,.T.);
#2467=EDGE_CURVE('',#3174,#3172,#3175,.T.);
#2468=EDGE_CURVE('',#3176,#3174,#3177,.T.);
#2469=EDGE_CURVE('',#3178,#3176,#3179,.T.);
#2470=EDGE_CURVE('',#3128,#3178,#3180,.T.);
#2471=EDGE_CURVE('',#3181,#3182,#3183,.T.);
#2472=EDGE_CURVE('',#3184,#3182,#3185,.T.);
#2473=EDGE_CURVE('',#3184,#3186,#3187,.T.);
#2474=EDGE_CURVE('',#3188,#3186,#3189,.T.);
#2475=EDGE_CURVE('',#3188,#3190,#3191,.T.);
#2476=EDGE_CURVE('',#3190,#3174,#3192,.T.);
#2477=EDGE_CURVE('',#3181,#3172,#3193,.T.);
#2478=EDGE_CURVE('',#3115,#3181,#3194,.T.);
#2479=EDGE_CURVE('',#3186,#3109,#3195,.T.);
#2480=EDGE_CURVE('',#3188,#3107,#3196,.T.);
#2481=EDGE_CURVE('',#3197,#3130,#3198,.T.);
#2482=EDGE_CURVE('',#3197,#3178,#3199,.T.);
#2483=EDGE_CURVE('',#3136,#3200,#3201,.T.);
#2484=EDGE_CURVE('',#3202,#3200,#3203,.T.);
#2485=EDGE_CURVE('',#3138,#3202,#3204,.T.);
#2486=EDGE_CURVE('',#3105,#3140,#3205,.T.);
#2487=EDGE_CURVE('',#3206,#3202,#3207,.T.);
#2488=EDGE_CURVE('',#3190,#3206,#3208,.T.);
#2489=EDGE_CURVE('',#3206,#3176,#3209,.T.);
#2490=EDGE_CURVE('',#3153,#3169,#3210,.T.);
#2491=EDGE_CURVE('',#3121,#3095,#3211,.T.);
#2492=EDGE_CURVE('',#3155,#3167,#3212,.T.);
#2493=EDGE_CURVE('',#3157,#3165,#3213,.T.);
#2494=EDGE_CURVE('',#3159,#3163,#3214,.T.);
#2495=EDGE_CURVE('',#3215,#3216,#3217,.T.);
#2496=EDGE_CURVE('',#3216,#3197,#3218,.T.);
#2497=EDGE_CURVE('',#3215,#3200,#3219,.T.);
#2498=EDGE_CURVE('',#3098,#3147,#3220,.T.);
#2499=EDGE_CURVE('',#3134,#3111,#3221,.T.);
#2500=EDGE_CURVE('',#3132,#3113,#3222,.T.);
#2501=EDGE_CURVE('',#3182,#3216,#3223,.T.);
#2502=EDGE_CURVE('',#3215,#3184,#3224,.T.);
#2503=EDGE_CURVE('',#2810,#3225,#3226,.T.);
#2504=EDGE_CURVE('',#3225,#3227,#3228,.T.);
#2505=EDGE_CURVE('',#2809,#3227,#3229,.T.);
#2506=EDGE_CURVE('',#2812,#3230,#3231,.T.);
#2507=EDGE_CURVE('',#3230,#3225,#3232,.T.);
#2508=EDGE_CURVE('',#3227,#3230,#3233,.T.);
#2509=VERTEX_POINT('',#3234);
#2510=VERTEX_POINT('',#3235);
#2511=LINE('',#3236,#3237);
#2512=VERTEX_POINT('',#3238);
#2513=LINE('',#3239,#3240);
#2514=VERTEX_POINT('',#3241);
#2515=LINE('',#3242,#3243);
#2516=LINE('',#3244,#3245);
#2517=VERTEX_POINT('',#3246);
#2518=VERTEX_POINT('',#3247);
#2519=LINE('',#3248,#3249);
#2520=LINE('',#3250,#3251);
#2521=VERTEX_POINT('',#3252);
#2522=LINE('',#3253,#3254);
#2523=VERTEX_POINT('',#3255);
#2524=LINE('',#3256,#3257);
#2525=VERTEX_POINT('',#3258);
#2526=LINE('',#3259,#3260);
#2527=VERTEX_POINT('',#3261);
#2528=LINE('',#3262,#3263);
#2529=VERTEX_POINT('',#3264);
#2530=LINE('',#3265,#3266);
#2531=VERTEX_POINT('',#3267);
#2532=LINE('',#3268,#3269);
#2533=VERTEX_POINT('',#3270);
#2534=LINE('',#3271,#3272);
#2535=VERTEX_POINT('',#3273);
#2536=LINE('',#3274,#3275);
#2537=VERTEX_POINT('',#3276);
#2538=LINE('',#3277,#3278);
#2539=VERTEX_POINT('',#3279);
#2540=LINE('',#3280,#3281);
#2541=VERTEX_POINT('',#3282);
#2542=LINE('',#3283,#3284);
#2543=VERTEX_POINT('',#3285);
#2544=LINE('',#3286,#3287);
#2545=VERTEX_POINT('',#3288);
#2546=LINE('',#3289,#3290);
#2547=VERTEX_POINT('',#3291);
#2548=LINE('',#3292,#3293);
#2549=VERTEX_POINT('',#3294);
#2550=LINE('',#3295,#3296);
#2551=VERTEX_POINT('',#3297);
#2552=LINE('',#3298,#3299);
#2553=VERTEX_POINT('',#3300);
#2554=LINE('',#3301,#3302);
#2555=VERTEX_POINT('',#3303);
#2556=LINE('',#3304,#3305);
#2557=VERTEX_POINT('',#3306);
#2558=LINE('',#3307,#3308);
#2559=VERTEX_POINT('',#3309);
#2560=LINE('',#3310,#3311);
#2561=VERTEX_POINT('',#3312);
#2562=LINE('',#3313,#3314);
#2563=VERTEX_POINT('',#3315);
#2564=LINE('',#3316,#3317);
#2565=VERTEX_POINT('',#3318);
#2566=LINE('',#3319,#3320);
#2567=VERTEX_POINT('',#3321);
#2568=LINE('',#3322,#3323);
#2569=VERTEX_POINT('',#3324);
#2570=LINE('',#3325,#3326);
#2571=VERTEX_POINT('',#3327);
#2572=LINE('',#3328,#3329);
#2573=VERTEX_POINT('',#3330);
#2574=LINE('',#3331,#3332);
#2575=VERTEX_POINT('',#3333);
#2576=LINE('',#3334,#3335);
#2577=VERTEX_POINT('',#3336);
#2578=LINE('',#3337,#3338);
#2579=VERTEX_POINT('',#3339);
#2580=LINE('',#3340,#3341);
#2581=VERTEX_POINT('',#3342);
#2582=LINE('',#3343,#3344);
#2583=VERTEX_POINT('',#3345);
#2584=LINE('',#3346,#3347);
#2585=VERTEX_POINT('',#3348);
#2586=LINE('',#3349,#3350);
#2587=VERTEX_POINT('',#3351);
#2588=LINE('',#3352,#3353);
#2589=VERTEX_POINT('',#3354);
#2590=LINE('',#3355,#3356);
#2591=VERTEX_POINT('',#3357);
#2592=LINE('',#3358,#3359);
#2593=VERTEX_POINT('',#3360);
#2594=LINE('',#3361,#3362);
#2595=VERTEX_POINT('',#3363);
#2596=LINE('',#3364,#3365);
#2597=VERTEX_POINT('',#3366);
#2598=LINE('',#3367,#3368);
#2599=VERTEX_POINT('',#3369);
#2600=LINE('',#3370,#3371);
#2601=LINE('',#3372,#3373);
#2602=VERTEX_POINT('',#3374);
#2603=VERTEX_POINT('',#3375);
#2604=LINE('',#3376,#3377);
#2605=VERTEX_POINT('',#3378);
#2606=LINE('',#3379,#3380);
#2607=VERTEX_POINT('',#3381);
#2608=LINE('',#3382,#3383);
#2609=LINE('',#3384,#3385);
#2610=VERTEX_POINT('',#3386);
#2611=LINE('',#3387,#3388);
#2612=VERTEX_POINT('',#3389);
#2613=LINE('',#3390,#3391);
#2614=VERTEX_POINT('',#3392);
#2615=LINE('',#3393,#3394);
#2616=VERTEX_POINT('',#3395);
#2617=LINE('',#3396,#3397);
#2618=LINE('',#3398,#3399);
#2619=VERTEX_POINT('',#3400);
#2620=LINE('',#3401,#3402);
#2621=VERTEX_POINT('',#3403);
#2622=LINE('',#3404,#3405);
#2623=VERTEX_POINT('',#3406);
#2624=LINE('',#3407,#3408);
#2625=LINE('',#3409,#3410);
#2626=VERTEX_POINT('',#3411);
#2627=VERTEX_POINT('',#3412);
#2628=LINE('',#3413,#3414);
#2629=VERTEX_POINT('',#3415);
#2630=LINE('',#3416,#3417);
#2631=VERTEX_POINT('',#3418);
#2632=LINE('',#3419,#3420);
#2633=LINE('',#3421,#3422);
#2634=VERTEX_POINT('',#3423);
#2635=LINE('',#3424,#3425);
#2636=VERTEX_POINT('',#3426);
#2637=LINE('',#3427,#3428);
#2638=LINE('',#3429,#3430);
#2639=VERTEX_POINT('',#3431);
#2640=LINE('',#3432,#3433);
#2641=VERTEX_POINT('',#3434);
#2642=LINE('',#3435,#3436);
#2643=LINE('',#3437,#3438);
#2644=VERTEX_POINT('',#3439);
#2645=LINE('',#3440,#3441);
#2646=VERTEX_POINT('',#3442);
#2647=LINE('',#3443,#3444);
#2648=LINE('',#3445,#3446);
#2649=VERTEX_POINT('',#3447);
#2650=LINE('',#3448,#3449);
#2651=VERTEX_POINT('',#3450);
#2652=LINE('',#3451,#3452);
#2653=LINE('',#3453,#3454);
#2654=VERTEX_POINT('',#3455);
#2655=LINE('',#3456,#3457);
#2656=VERTEX_POINT('',#3458);
#2657=LINE('',#3459,#3460);
#2658=LINE('',#3461,#3462);
#2659=VERTEX_POINT('',#3463);
#2660=VERTEX_POINT('',#3464);
#2661=LINE('',#3465,#3466);
#2662=VERTEX_POINT('',#3467);
#2663=LINE('',#3468,#3469);
#2664=VERTEX_POINT('',#3470);
#2665=LINE('',#3471,#3472);
#2666=VERTEX_POINT('',#3473);
#2667=LINE('',#3474,#3475);
#2668=VERTEX_POINT('',#3476);
#2669=LINE('',#3477,#3478);
#2670=VERTEX_POINT('',#3479);
#2671=LINE('',#3480,#3481);
#2672=VERTEX_POINT('',#3482);
#2673=LINE('',#3483,#3484);
#2674=VERTEX_POINT('',#3485);
#2675=LINE('',#3486,#3487);
#2676=VERTEX_POINT('',#3488);
#2677=LINE('',#3489,#3490);
#2678=VERTEX_POINT('',#3491);
#2679=LINE('',#3492,#3493);
#2680=VERTEX_POINT('',#3494);
#2681=LINE('',#3495,#3496);
#2682=VERTEX_POINT('',#3497);
#2683=LINE('',#3498,#3499);
#2684=VERTEX_POINT('',#3500);
#2685=LINE('',#3501,#3502);
#2686=VERTEX_POINT('',#3503);
#2687=LINE('',#3504,#3505);
#2688=VERTEX_POINT('',#3506);
#2689=LINE('',#3507,#3508);
#2690=VERTEX_POINT('',#3509);
#2691=LINE('',#3510,#3511);
#2692=VERTEX_POINT('',#3512);
#2693=LINE('',#3513,#3514);
#2694=VERTEX_POINT('',#3515);
#2695=LINE('',#3516,#3517);
#2696=VERTEX_POINT('',#3518);
#2697=LINE('',#3519,#3520);
#2698=LINE('',#3521,#3522);
#2699=VERTEX_POINT('',#3523);
#2700=LINE('',#3524,#3525);
#2701=VERTEX_POINT('',#3526);
#2702=LINE('',#3527,#3528);
#2703=LINE('',#3529,#3530);
#2704=VERTEX_POINT('',#3531);
#2705=LINE('',#3532,#3533);
#2706=VERTEX_POINT('',#3534);
#2707=LINE('',#3535,#3536);
#2708=LINE('',#3537,#3538);
#2709=VERTEX_POINT('',#3539);
#2710=LINE('',#3540,#3541);
#2711=VERTEX_POINT('',#3542);
#2712=LINE('',#3543,#3544);
#2713=LINE('',#3545,#3546);
#2714=VERTEX_POINT('',#3547);
#2715=LINE('',#3548,#3549);
#2716=VERTEX_POINT('',#3550);
#2717=LINE('',#3551,#3552);
#2718=LINE('',#3553,#3554);
#2719=VERTEX_POINT('',#3555);
#2720=LINE('',#3556,#3557);
#2721=VERTEX_POINT('',#3558);
#2722=LINE('',#3559,#3560);
#2723=LINE('',#3561,#3562);
#2724=VERTEX_POINT('',#3563);
#2725=LINE('',#3564,#3565);
#2726=VERTEX_POINT('',#3566);
#2727=LINE('',#3567,#3568);
#2728=LINE('',#3569,#3570);
#2729=VERTEX_POINT('',#3571);
#2730=LINE('',#3572,#3573);
#2731=VERTEX_POINT('',#3574);
#2732=LINE('',#3575,#3576);
#2733=LINE('',#3577,#3578);
#2734=VERTEX_POINT('',#3579);
#2735=LINE('',#3580,#3581);
#2736=VERTEX_POINT('',#3582);
#2737=LINE('',#3583,#3584);
#2738=LINE('',#3585,#3586);
#2739=VERTEX_POINT('',#3587);
#2740=LINE('',#3588,#3589);
#2741=VERTEX_POINT('',#3590);
#2742=LINE('',#3591,#3592);
#2743=LINE('',#3593,#3594);
#2744=VERTEX_POINT('',#3595);
#2745=VERTEX_POINT('',#3596);
#2746=LINE('',#3597,#3598);
#2747=LINE('',#3599,#3600);
#2748=VERTEX_POINT('',#3601);
#2749=LINE('',#3602,#3603);
#2750=VERTEX_POINT('',#3604);
#2751=LINE('',#3605,#3606);
#2752=LINE('',#3607,#3608);
#2753=LINE('',#3609,#3610);
#2754=VERTEX_POINT('',#3611);
#2755=LINE('',#3612,#3613);
#2756=LINE('',#3614,#3615);
#2757=LINE('',#3616,#3617);
#2758=LINE('',#3618,#3619);
#2759=VERTEX_POINT('',#3620);
#2760=LINE('',#3621,#3622);
#2761=VERTEX_POINT('',#3623);
#2762=LINE('',#3624,#3625);
#2763=LINE('',#3626,#3627);
#2764=VERTEX_POINT('',#3628);
#2765=LINE('',#3629,#3630);
#2766=LINE('',#3631,#3632);
#2767=VERTEX_POINT('',#3633);
#2768=VERTEX_POINT('',#3634);
#2769=LINE('',#3635,#3636);
#2770=LINE('',#3637,#3638);
#2771=LINE('',#3639,#3640);
#2772=VERTEX_POINT('',#3641);
#2773=VERTEX_POINT('',#3642);
#2774=LINE('',#3643,#3644);
#2775=LINE('',#3645,#3646);
#2776=VERTEX_POINT('',#3647);
#2777=LINE('',#3648,#3649);
#2778=VERTEX_POINT('',#3650);
#2779=LINE('',#3651,#3652);
#2780=LINE('',#3653,#3654);
#2781=VERTEX_POINT('',#3655);
#2782=LINE('',#3656,#3657);
#2783=LINE('',#3658,#3659);
#2784=VERTEX_POINT('',#3660);
#2785=LINE('',#3661,#3662);
#2786=VERTEX_POINT('',#3663);
#2787=LINE('',#3664,#3665);
#2788=VERTEX_POINT('',#3666);
#2789=LINE('',#3667,#3668);
#2790=VERTEX_POINT('',#3669);
#2791=LINE('',#3670,#3671);
#2792=LINE('',#3672,#3673);
#2793=LINE('',#3674,#3675);
#2794=LINE('',#3676,#3677);
#2795=LINE('',#3678,#3679);
#2796=VERTEX_POINT('',#3680);
#2797=VERTEX_POINT('',#3681);
#2798=LINE('',#3682,#3683);
#2799=LINE('',#3684,#3685);
#2800=VERTEX_POINT('',#3686);
#2801=LINE('',#3687,#3688);
#2802=VERTEX_POINT('',#3689);
#2803=LINE('',#3690,#3691);
#2804=VERTEX_POINT('',#3692);
#2805=LINE('',#3693,#3694);
#2806=VERTEX_POINT('',#3695);
#2807=LINE('',#3696,#3697);
#2808=LINE('',#3698,#3699);
#2809=VERTEX_POINT('',#3700);
#2810=VERTEX_POINT('',#3701);
#2811=LINE('',#3702,#3703);
#2812=VERTEX_POINT('',#3704);
#2813=LINE('',#3705,#3706);
#2814=LINE('',#3707,#3708);
#2815=VERTEX_POINT('',#3709);
#2816=LINE('',#3710,#3711);
#2817=VERTEX_POINT('',#3712);
#2818=LINE('',#3713,#3714);
#2819=VERTEX_POINT('',#3715);
#2820=LINE('',#3716,#3717);
#2821=VERTEX_POINT('',#3718);
#2822=LINE('',#3719,#3720);
#2823=VERTEX_POINT('',#3721);
#2824=LINE('',#3722,#3723);
#2825=VERTEX_POINT('',#3724);
#2826=LINE('',#3725,#3726);
#2827=LINE('',#3727,#3728);
#2828=LINE('',#3729,#3730);
#2829=LINE('',#3731,#3732);
#2830=VERTEX_POINT('',#3733);
#2831=VERTEX_POINT('',#3734);
#2832=LINE('',#3735,#3736);
#2833=VERTEX_POINT('',#3737);
#2834=LINE('',#3738,#3739);
#2835=VERTEX_POINT('',#3740);
#2836=LINE('',#3741,#3742);
#2837=LINE('',#3743,#3744);
#2838=VERTEX_POINT('',#3745);
#2839=LINE('',#3746,#3747);
#2840=VERTEX_POINT('',#3748);
#2841=LINE('',#3749,#3750);
#2842=LINE('',#3751,#3752);
#2843=LINE('',#3753,#3754);
#2844=VERTEX_POINT('',#3755);
#2845=LINE('',#3756,#3757);
#2846=LINE('',#3758,#3759);
#2847=VERTEX_POINT('',#3760);
#2848=LINE('',#3761,#3762);
#2849=LINE('',#3763,#3764);
#2850=LINE('',#3765,#3766);
#2851=LINE('',#3767,#3768);
#2852=LINE('',#3769,#3770);
#2853=LINE('',#3771,#3772);
#2854=LINE('',#3773,#3774);
#2855=LINE('',#3775,#3776);
#2856=LINE('',#3777,#3778);
#2857=VERTEX_POINT('',#3779);
#2858=LINE('',#3780,#3781);
#2859=LINE('',#3782,#3783);
#2860=LINE('',#3784,#3785);
#2861=VERTEX_POINT('',#3786);
#2862=LINE('',#3787,#3788);
#2863=LINE('',#3789,#3790);
#2864=LINE('',#3791,#3792);
#2865=LINE('',#3793,#3794);
#2866=VERTEX_POINT('',#3795);
#2867=LINE('',#3796,#3797);
#2868=VERTEX_POINT('',#3798);
#2869=LINE('',#3799,#3800);
#2870=LINE('',#3801,#3802);
#2871=LINE('',#3803,#3804);
#2872=LINE('',#3805,#3806);
#2873=VERTEX_POINT('',#3807);
#2874=LINE('',#3808,#3809);
#2875=VERTEX_POINT('',#3810);
#2876=LINE('',#3811,#3812);
#2877=LINE('',#3813,#3814);
#2878=VERTEX_POINT('',#3815);
#2879=LINE('',#3816,#3817);
#2880=LINE('',#3818,#3819);
#2881=LINE('',#3820,#3821);
#2882=LINE('',#3822,#3823);
#2883=VERTEX_POINT('',#3824);
#2884=LINE('',#3825,#3826);
#2885=VERTEX_POINT('',#3827);
#2886=CIRCLE('',#3828,0.3);
#2887=VERTEX_POINT('',#3829);
#2888=LINE('',#3830,#3831);
#2889=VERTEX_POINT('',#3832);
#2890=LINE('',#3833,#3834);
#2891=VERTEX_POINT('',#3835);
#2892=LINE('',#3836,#3837);
#2893=LINE('',#3838,#3839);
#2894=VERTEX_POINT('',#3840);
#2895=LINE('',#3841,#3842);
#2896=VERTEX_POINT('',#3843);
#2897=LINE('',#3844,#3845);
#2898=VERTEX_POINT('',#3846);
#2899=LINE('',#3847,#3848);
#2900=VERTEX_POINT('',#3849);
#2901=LINE('',#3850,#3851);
#2902=VERTEX_POINT('',#3852);
#2903=LINE('',#3853,#3854);
#2904=CIRCLE('',#3855,0.3);
#2905=LINE('',#3856,#3857);
#2906=LINE('',#3858,#3859);
#2907=LINE('',#3860,#3861);
#2908=LINE('',#3862,#3863);
#2909=LINE('',#3864,#3865);
#2910=VERTEX_POINT('',#3866);
#2911=LINE('',#3867,#3868);
#2912=LINE('',#3869,#3870);
#2913=LINE('',#3871,#3872);
#2914=LINE('',#3873,#3874);
#2915=VERTEX_POINT('',#3875);
#2916=LINE('',#3876,#3877);
#2917=VERTEX_POINT('',#3878);
#2918=LINE('',#3879,#3880);
#2919=LINE('',#3881,#3882);
#2920=VERTEX_POINT('',#3883);
#2921=LINE('',#3884,#3885);
#2922=LINE('',#3886,#3887);
#2923=LINE('',#3888,#3889);
#2924=LINE('',#3890,#3891);
#2925=VERTEX_POINT('',#3892);
#2926=LINE('',#3893,#3894);
#2927=VERTEX_POINT('',#3895);
#2928=CIRCLE('',#3896,0.3);
#2929=VERTEX_POINT('',#3897);
#2930=LINE('',#3898,#3899);
#2931=VERTEX_POINT('',#3900);
#2932=LINE('',#3901,#3902);
#2933=VERTEX_POINT('',#3903);
#2934=LINE('',#3904,#3905);
#2935=LINE('',#3906,#3907);
#2936=VERTEX_POINT('',#3908);
#2937=LINE('',#3909,#3910);
#2938=VERTEX_POINT('',#3911);
#2939=LINE('',#3912,#3913);
#2940=VERTEX_POINT('',#3914);
#2941=LINE('',#3915,#3916);
#2942=VERTEX_POINT('',#3917);
#2943=LINE('',#3918,#3919);
#2944=VERTEX_POINT('',#3920);
#2945=LINE('',#3921,#3922);
#2946=CIRCLE('',#3923,0.3);
#2947=LINE('',#3924,#3925);
#2948=LINE('',#3926,#3927);
#2949=LINE('',#3928,#3929);
#2950=LINE('',#3930,#3931);
#2951=LINE('',#3932,#3933);
#2952=VERTEX_POINT('',#3934);
#2953=LINE('',#3935,#3936);
#2954=LINE('',#3937,#3938);
#2955=LINE('',#3939,#3940);
#2956=LINE('',#3941,#3942);
#2957=VERTEX_POINT('',#3943);
#2958=LINE('',#3944,#3945);
#2959=VERTEX_POINT('',#3946);
#2960=LINE('',#3947,#3948);
#2961=VERTEX_POINT('',#3949);
#2962=LINE('',#3950,#3951);
#2963=VERTEX_POINT('',#3952);
#2964=LINE('',#3953,#3954);
#2965=VERTEX_POINT('',#3955);
#2966=LINE('',#3956,#3957);
#2967=VERTEX_POINT('',#3958);
#2968=LINE('',#3959,#3960);
#2969=VERTEX_POINT('',#3961);
#2970=LINE('',#3962,#3963);
#2971=VERTEX_POINT('',#3964);
#2972=LINE('',#3965,#3966);
#2973=VERTEX_POINT('',#3967);
#2974=LINE('',#3968,#3969);
#2975=VERTEX_POINT('',#3970);
#2976=LINE('',#3971,#3972);
#2977=VERTEX_POINT('',#3973);
#2978=LINE('',#3974,#3975);
#2979=VERTEX_POINT('',#3976);
#2980=LINE('',#3977,#3978);
#2981=LINE('',#3979,#3980);
#2982=VERTEX_POINT('',#3981);
#2983=LINE('',#3982,#3983);
#2984=LINE('',#3984,#3985);
#2985=VERTEX_POINT('',#3986);
#2986=LINE('',#3987,#3988);
#2987=VERTEX_POINT('',#3989);
#2988=LINE('',#3990,#3991);
#2989=LINE('',#3992,#3993);
#2990=VERTEX_POINT('',#3994);
#2991=LINE('',#3995,#3996);
#2992=VERTEX_POINT('',#3997);
#2993=LINE('',#3998,#3999);
#2994=VERTEX_POINT('',#4000);
#2995=LINE('',#4001,#4002);
#2996=VERTEX_POINT('',#4003);
#2997=LINE('',#4004,#4005);
#2998=VERTEX_POINT('',#4006);
#2999=LINE('',#4007,#4008);
#3000=VERTEX_POINT('',#4009);
#3001=LINE('',#4010,#4011);
#3002=VERTEX_POINT('',#4012);
#3003=LINE('',#4013,#4014);
#3004=VERTEX_POINT('',#4015);
#3005=LINE('',#4016,#4017);
#3006=VERTEX_POINT('',#4018);
#3007=LINE('',#4019,#4020);
#3008=VERTEX_POINT('',#4021);
#3009=LINE('',#4022,#4023);
#3010=VERTEX_POINT('',#4024);
#3011=LINE('',#4025,#4026);
#3012=LINE('',#4027,#4028);
#3013=LINE('',#4029,#4030);
#3014=LINE('',#4031,#4032);
#3015=VERTEX_POINT('',#4033);
#3016=CIRCLE('',#4034,0.18);
#3017=VERTEX_POINT('',#4035);
#3018=LINE('',#4036,#4037);
#3019=VERTEX_POINT('',#4038);
#3020=LINE('',#4039,#4040);
#3021=VERTEX_POINT('',#4041);
#3022=LINE('',#4042,#4043);
#3023=VERTEX_POINT('',#4044);
#3024=CIRCLE('',#4045,0.4);
#3025=LINE('',#4046,#4047);
#3026=CIRCLE('',#4048,0.18);
#3027=CIRCLE('',#4049,0.18);
#3028=VERTEX_POINT('',#4050);
#3029=CIRCLE('',#4051,0.43);
#3030=VERTEX_POINT('',#4052);
#3031=LINE('',#4053,#4054);
#3032=VERTEX_POINT('',#4055);
#3033=LINE('',#4056,#4057);
#3034=VERTEX_POINT('',#4058);
#3035=LINE('',#4059,#4060);
#3036=CIRCLE('',#4061,0.18);
#3037=VERTEX_POINT('',#4062);
#3038=CIRCLE('',#4063,0.4);
#3039=VERTEX_POINT('',#4064);
#3040=LINE('',#4065,#4066);
#3041=VERTEX_POINT('',#4067);
#3042=LINE('',#4068,#4069);
#3043=VERTEX_POINT('',#4070);
#3044=LINE('',#4071,#4072);
#3045=CIRCLE('',#4073,0.18);
#3046=VERTEX_POINT('',#4074);
#3047=CIRCLE('',#4075,0.18);
#3048=LINE('',#4076,#4077);
#3049=VERTEX_POINT('',#4078);
#3050=CIRCLE('',#4079,0.43);
#3051=LINE('',#4080,#4081);
#3052=VERTEX_POINT('',#4082);
#3053=VERTEX_POINT('',#4083);
#3054=LINE('',#4084,#4085);
#3055=VERTEX_POINT('',#4086);
#3056=LINE('',#4087,#4088);
#3057=VERTEX_POINT('',#4089);
#3058=LINE('',#4090,#4091);
#3059=VERTEX_POINT('',#4092);
#3060=LINE('',#4093,#4094);
#3061=LINE('',#4095,#4096);
#3062=LINE('',#4097,#4098);
#3063=VERTEX_POINT('',#4099);
#3064=LINE('',#4100,#4101);
#3065=LINE('',#4102,#4103);
#3066=VERTEX_POINT('',#4104);
#3067=LINE('',#4105,#4106);
#3068=VERTEX_POINT('',#4107);
#3069=LINE('',#4108,#4109);
#3070=VERTEX_POINT('',#4110);
#3071=LINE('',#4111,#4112);
#3072=VERTEX_POINT('',#4113);
#3073=LINE('',#4114,#4115);
#3074=LINE('',#4116,#4117);
#3075=CIRCLE('',#4118,0.18);
#3076=CIRCLE('',#4119,0.18);
#3077=CIRCLE('',#4120,0.4);
#3078=LINE('',#4121,#4122);
#3079=LINE('',#4123,#4124);
#3080=LINE('',#4125,#4126);
#3081=LINE('',#4127,#4128);
#3082=CIRCLE('',#4129,0.43);
#3083=CIRCLE('',#4130,0.43);
#3084=LINE('',#4131,#4132);
#3085=LINE('',#4133,#4134);
#3086=LINE('',#4135,#4136);
#3087=LINE('',#4137,#4138);
#3088=LINE('',#4139,#4140);
#3089=LINE('',#4141,#4142);
#3090=LINE('',#4143,#4144);
#3091=VERTEX_POINT('',#4145);
#3092=LINE('',#4146,#4147);
#3093=VERTEX_POINT('',#4148);
#3094=LINE('',#4149,#4150);
#3095=VERTEX_POINT('',#4151);
#3096=LINE('',#4152,#4153);
#3097=LINE('',#4154,#4155);
#3098=VERTEX_POINT('',#4156);
#3099=LINE('',#4157,#4158);
#3100=VERTEX_POINT('',#4159);
#3101=LINE('',#4160,#4161);
#3102=LINE('',#4162,#4163);
#3103=VERTEX_POINT('',#4164);
#3104=LINE('',#4165,#4166);
#3105=VERTEX_POINT('',#4167);
#3106=LINE('',#4168,#4169);
#3107=VERTEX_POINT('',#4170);
#3108=LINE('',#4171,#4172);
#3109=VERTEX_POINT('',#4173);
#3110=LINE('',#4174,#4175);
#3111=VERTEX_POINT('',#4176);
#3112=LINE('',#4177,#4178);
#3113=VERTEX_POINT('',#4179);
#3114=LINE('',#4180,#4181);
#3115=VERTEX_POINT('',#4182);
#3116=LINE('',#4183,#4184);
#3117=VERTEX_POINT('',#4185);
#3118=LINE('',#4186,#4187);
#3119=VERTEX_POINT('',#4188);
#3120=LINE('',#4189,#4190);
#3121=VERTEX_POINT('',#4191);
#3122=LINE('',#4192,#4193);
#3123=LINE('',#4194,#4195);
#3124=VERTEX_POINT('',#4196);
#3125=LINE('',#4197,#4198);
#3126=VERTEX_POINT('',#4199);
#3127=LINE('',#4200,#4201);
#3128=VERTEX_POINT('',#4202);
#3129=LINE('',#4203,#4204);
#3130=VERTEX_POINT('',#4205);
#3131=LINE('',#4206,#4207);
#3132=VERTEX_POINT('',#4208);
#3133=LINE('',#4209,#4210);
#3134=VERTEX_POINT('',#4211);
#3135=LINE('',#4212,#4213);
#3136=VERTEX_POINT('',#4214);
#3137=LINE('',#4215,#4216);
#3138=VERTEX_POINT('',#4217);
#3139=LINE('',#4218,#4219);
#3140=VERTEX_POINT('',#4220);
#3141=LINE('',#4221,#4222);
#3142=VERTEX_POINT('',#4223);
#3143=LINE('',#4224,#4225);
#3144=LINE('',#4226,#4227);
#3145=VERTEX_POINT('',#4228);
#3146=LINE('',#4229,#4230);
#3147=VERTEX_POINT('',#4231);
#3148=LINE('',#4232,#4233);
#3149=LINE('',#4234,#4235);
#3150=LINE('',#4236,#4237);
#3151=LINE('',#4238,#4239);
#3152=CIRCLE('',#4240,0.18);
#3153=VERTEX_POINT('',#4241);
#3154=CIRCLE('',#4242,0.4);
#3155=VERTEX_POINT('',#4243);
#3156=LINE('',#4244,#4245);
#3157=VERTEX_POINT('',#4246);
#3158=LINE('',#4247,#4248);
#3159=VERTEX_POINT('',#4249);
#3160=LINE('',#4250,#4251);
#3161=CIRCLE('',#4252,0.18);
#3162=CIRCLE('',#4253,0.18);
#3163=VERTEX_POINT('',#4254);
#3164=CIRCLE('',#4255,0.18);
#3165=VERTEX_POINT('',#4256);
#3166=LINE('',#4257,#4258);
#3167=VERTEX_POINT('',#4259);
#3168=LINE('',#4260,#4261);
#3169=VERTEX_POINT('',#4262);
#3170=LINE('',#4263,#4264);
#3171=CIRCLE('',#4265,0.4);
#3172=VERTEX_POINT('',#4266);
#3173=CIRCLE('',#4267,0.18);
#3174=VERTEX_POINT('',#4268);
#3175=LINE('',#4269,#4270);
#3176=VERTEX_POINT('',#4271);
#3177=LINE('',#4272,#4273);
#3178=VERTEX_POINT('',#4274);
#3179=LINE('',#4275,#4276);
#3180=CIRCLE('',#4277,0.43);
#3181=VERTEX_POINT('',#4278);
#3182=VERTEX_POINT('',#4279);
#3183=LINE('',#4280,#4281);
#3184=VERTEX_POINT('',#4282);
#3185=LINE('',#4283,#4284);
#3186=VERTEX_POINT('',#4285);
#3187=LINE('',#4286,#4287);
#3188=VERTEX_POINT('',#4288);
#3189=LINE('',#4289,#4290);
#3190=VERTEX_POINT('',#4291);
#3191=LINE('',#4292,#4293);
#3192=LINE('',#4294,#4295);
#3193=LINE('',#4296,#4297);
#3194=CIRCLE('',#4298,0.18);
#3195=CIRCLE('',#4299,0.18);
#3196=CIRCLE('',#4300,0.18);
#3197=VERTEX_POINT('',#4301);
#3198=CIRCLE('',#4302,0.43);
#3199=LINE('',#4303,#4304);
#3200=VERTEX_POINT('',#4305);
#3201=CIRCLE('',#4306,0.43);
#3202=VERTEX_POINT('',#4307);
#3203=LINE('',#4308,#4309);
#3204=CIRCLE('',#4310,0.43);
#3205=LINE('',#4311,#4312);
#3206=VERTEX_POINT('',#4313);
#3207=LINE('',#4314,#4315);
#3208=LINE('',#4316,#4317);
#3209=LINE('',#4318,#4319);
#3210=LINE('',#4320,#4321);
#3211=CIRCLE('',#4322,0.4);
#3212=LINE('',#4323,#4324);
#3213=LINE('',#4325,#4326);
#3214=LINE('',#4327,#4328);
#3215=VERTEX_POINT('',#4329);
#3216=VERTEX_POINT('',#4330);
#3217=LINE('',#4331,#4332);
#3218=LINE('',#4333,#4334);
#3219=LINE('',#4335,#4336);
#3220=LINE('',#4337,#4338);
#3221=LINE('',#4339,#4340);
#3222=LINE('',#4341,#4342);
#3223=LINE('',#4343,#4344);
#3224=LINE('',#4345,#4346);
#3225=VERTEX_POINT('',#4347);
#3226=LINE('',#4348,#4349);
#3227=VERTEX_POINT('',#4350);
#3228=LINE('',#4351,#4352);
#3229=LINE('',#4353,#4354);
#3230=VERTEX_POINT('',#4355);
#3231=LINE('',#4356,#4357);
#3232=LINE('',#4358,#4359);
#3233=LINE('',#4360,#4361);
#3234=CARTESIAN_POINT('',(-4.32499999999999,9.1,0.27));
#3235=CARTESIAN_POINT('',(-4.32499999999999,6.75,0.27));
#3236=CARTESIAN_POINT('',(-4.32499999999999,6.6,0.27));
#3237=VECTOR('',#4362,1.0);
#3238=CARTESIAN_POINT('',(-4.315,6.74999999999999,0.270000000000002));
#3239=CARTESIAN_POINT('',(-4.58499999999999,6.74999999999999,0.270000000000002));
#3240=VECTOR('',#4363,1.0);
#3241=CARTESIAN_POINT('',(-4.315,9.1,0.270000000000002));
#3242=CARTESIAN_POINT('',(-4.315,30.0150000000001,0.270000000000002));
#3243=VECTOR('',#4364,1.0);
#3244=CARTESIAN_POINT('',(-4.58499999999999,9.1,0.270000000000002));
#3245=VECTOR('',#4365,1.0);
#3246=CARTESIAN_POINT('',(-4.57499999999998,9.1,2.1));
#3247=CARTESIAN_POINT('',(-4.32499999999999,9.1,2.1));
#3248=CARTESIAN_POINT('',(0.0,9.1,2.1));
#3249=VECTOR('',#4366,1.0);
#3250=CARTESIAN_POINT('',(-4.32499999999999,9.1,-2.69880540776967E-15));
#3251=VECTOR('',#4367,1.0);
#3252=CARTESIAN_POINT('',(-4.315,9.1,0.380000000000003));
#3253=CARTESIAN_POINT('',(-4.315,9.1,0.270000000000002));
#3254=VECTOR('',#4368,1.0);
#3255=CARTESIAN_POINT('',(-3.2,9.1,0.379999999999996));
#3256=CARTESIAN_POINT('',(-4.585,9.1,0.379999999999997));
#3257=VECTOR('',#4369,1.0);
#3258=CARTESIAN_POINT('',(-3.2,9.1,0.179999999999995));
#3259=CARTESIAN_POINT('',(-3.2,9.1,0.379999999999996));
#3260=VECTOR('',#4370,1.0);
#3261=CARTESIAN_POINT('',(-2.195,9.1,0.180000000000003));
#3262=CARTESIAN_POINT('',(-3.2,9.1,0.179999999999995));
#3263=VECTOR('',#4371,1.0);
#3264=CARTESIAN_POINT('',(-2.195,9.1,0.310000000000003));
#3265=CARTESIAN_POINT('',(-2.195,9.1,0.310000000000003));
#3266=VECTOR('',#4372,1.0);
#3267=CARTESIAN_POINT('',(-2.2,9.1,0.310000000000003));
#3268=CARTESIAN_POINT('',(0.0,9.1,0.309999999999966));
#3269=VECTOR('',#4373,1.0);
#3270=CARTESIAN_POINT('',(-2.2,9.1,1.42999999999997));
#3271=CARTESIAN_POINT('',(-2.2,9.1,0.310000000000003));
#3272=VECTOR('',#4374,1.0);
#3273=CARTESIAN_POINT('',(-1.8,9.1,1.42999999999997));
#3274=CARTESIAN_POINT('',(0.0,9.1,1.42999999999997));
#3275=VECTOR('',#4375,1.0);
#3276=CARTESIAN_POINT('',(-1.8,9.1,0.310000000000003));
#3277=CARTESIAN_POINT('',(-1.8,9.1,1.42999999999997));
#3278=VECTOR('',#4376,1.0);
#3279=CARTESIAN_POINT('',(-1.805,9.1,0.310000000000003));
#3280=CARTESIAN_POINT('',(0.0,9.1,0.309999999999966));
#3281=VECTOR('',#4377,1.0);
#3282=CARTESIAN_POINT('',(-1.805,9.1,0.180000000000003));
#3283=CARTESIAN_POINT('',(-1.805,9.1,0.180000000000003));
#3284=VECTOR('',#4378,1.0);
#3285=CARTESIAN_POINT('',(-0.195000000000002,9.1,0.180000000000003));
#3286=CARTESIAN_POINT('',(-3.2,9.1,0.179999999999995));
#3287=VECTOR('',#4379,1.0);
#3288=CARTESIAN_POINT('',(-0.195000000000002,9.1,0.310000000000003));
#3289=CARTESIAN_POINT('',(-0.195000000000002,9.1,0.310000000000003));
#3290=VECTOR('',#4380,1.0);
#3291=CARTESIAN_POINT('',(-0.2,9.1,0.310000000000003));
#3292=CARTESIAN_POINT('',(0.0,9.1,0.309999999999966));
#3293=VECTOR('',#4381,1.0);
#3294=CARTESIAN_POINT('',(-0.2,9.1,1.42999999999997));
#3295=CARTESIAN_POINT('',(-0.2,9.1,0.310000000000003));
#3296=VECTOR('',#4382,1.0);
#3297=CARTESIAN_POINT('',(0.2,9.1,1.42999999999997));
#3298=CARTESIAN_POINT('',(0.0,9.1,1.42999999999997));
#3299=VECTOR('',#4383,1.0);
#3300=CARTESIAN_POINT('',(0.2,9.1,0.310000000000003));
#3301=CARTESIAN_POINT('',(0.2,9.1,1.42999999999997));
#3302=VECTOR('',#4384,1.0);
#3303=CARTESIAN_POINT('',(0.194999999999998,9.1,0.310000000000003));
#3304=CARTESIAN_POINT('',(0.0,9.1,0.309999999999966));
#3305=VECTOR('',#4385,1.0);
#3306=CARTESIAN_POINT('',(0.194999999999998,9.1,0.180000000000003));
#3307=CARTESIAN_POINT('',(0.194999999999998,9.1,0.180000000000003));
#3308=VECTOR('',#4386,1.0);
#3309=CARTESIAN_POINT('',(1.19999999999999,9.1,0.180000000000001));
#3310=CARTESIAN_POINT('',(-3.2,9.1,0.179999999999995));
#3311=VECTOR('',#4387,1.0);
#3312=CARTESIAN_POINT('',(1.19999999999999,9.1,0.380000000000002));
#3313=CARTESIAN_POINT('',(1.19999999999999,9.1,0.180000000000001));
#3314=VECTOR('',#4388,1.0);
#3315=CARTESIAN_POINT('',(2.315,9.1,0.380000000000002));
#3316=CARTESIAN_POINT('',(1.19999999999999,9.1,0.380000000000002));
#3317=VECTOR('',#4389,1.0);
#3318=CARTESIAN_POINT('',(2.315,9.1,0.27));
#3319=CARTESIAN_POINT('',(2.315,9.1,0.380000000000002));
#3320=VECTOR('',#4390,1.0);
#3321=CARTESIAN_POINT('',(2.32499999999999,9.1,0.27));
#3322=CARTESIAN_POINT('',(2.315,9.1,0.27));
#3323=VECTOR('',#4391,1.0);
#3324=CARTESIAN_POINT('',(2.32499999999999,9.1,2.1));
#3325=CARTESIAN_POINT('',(2.32499999999999,9.1,-7.25401453533465E-16));
#3326=VECTOR('',#4392,1.0);
#3327=CARTESIAN_POINT('',(2.575,9.1,2.1));
#3328=CARTESIAN_POINT('',(0.0,9.1,2.1));
#3329=VECTOR('',#4393,1.0);
#3330=CARTESIAN_POINT('',(2.57499999999999,9.1,0.27));
#3331=CARTESIAN_POINT('',(2.57499999999999,9.1,-1.64224740832363E-15));
#3332=VECTOR('',#4394,1.0);
#3333=CARTESIAN_POINT('',(2.58499999999999,9.1,0.27));
#3334=CARTESIAN_POINT('',(2.315,9.1,0.27));
#3335=VECTOR('',#4395,1.0);
#3336=CARTESIAN_POINT('',(2.58499999999999,9.1,2.2));
#3337=CARTESIAN_POINT('',(2.58499999999999,9.1,0.380000000000002));
#3338=VECTOR('',#4396,1.0);
#3339=CARTESIAN_POINT('',(2.315,9.1,2.2));
#3340=CARTESIAN_POINT('',(2.58499999999999,9.1,2.2));
#3341=VECTOR('',#4397,1.0);
#3342=CARTESIAN_POINT('',(2.315,9.1,1.91));
#3343=CARTESIAN_POINT('',(2.315,9.1,1.91));
#3344=VECTOR('',#4398,1.0);
#3345=CARTESIAN_POINT('',(1.42500000000001,9.1,1.91));
#3346=CARTESIAN_POINT('',(1.425,9.1,1.91));
#3347=VECTOR('',#4399,1.0);
#3348=CARTESIAN_POINT('',(1.42500000000001,9.1,2.25));
#3349=CARTESIAN_POINT('',(1.42500000000001,9.1,2.2));
#3350=VECTOR('',#4400,1.0);
#3351=CARTESIAN_POINT('',(-3.425,9.1,2.25));
#3352=CARTESIAN_POINT('',(1.425,9.1,2.25));
#3353=VECTOR('',#4401,1.0);
#3354=CARTESIAN_POINT('',(-3.42500000000001,9.1,1.91));
#3355=CARTESIAN_POINT('',(-3.425,9.1,2.25));
#3356=VECTOR('',#4402,1.0);
#3357=CARTESIAN_POINT('',(-4.315,9.1,1.91));
#3358=CARTESIAN_POINT('',(-4.315,9.1,1.91));
#3359=VECTOR('',#4403,1.0);
#3360=CARTESIAN_POINT('',(-4.315,9.1,2.2));
#3361=CARTESIAN_POINT('',(-4.315,9.1,2.2));
#3362=VECTOR('',#4404,1.0);
#3363=CARTESIAN_POINT('',(-4.585,9.1,2.2));
#3364=CARTESIAN_POINT('',(-3.425,9.1,2.2));
#3365=VECTOR('',#4405,1.0);
#3366=CARTESIAN_POINT('',(-4.58499999999999,9.1,0.270000000000002));
#3367=CARTESIAN_POINT('',(-4.585,9.1,2.2));
#3368=VECTOR('',#4406,1.0);
#3369=CARTESIAN_POINT('',(-4.57499999999999,9.1,0.27));
#3370=CARTESIAN_POINT('',(-4.58499999999999,9.1,0.270000000000002));
#3371=VECTOR('',#4407,1.0);
#3372=CARTESIAN_POINT('',(-4.57499999999999,9.1,-5.83555875190728E-15));
#3373=VECTOR('',#4408,1.0);
#3374=CARTESIAN_POINT('',(-4.58499999999999,6.6,0.240000000000003));
#3375=CARTESIAN_POINT('',(-4.585,6.6,0.310839202168981));
#3376=CARTESIAN_POINT('',(-4.585,6.6,2.2));
#3377=VECTOR('',#4409,1.0);
#3378=CARTESIAN_POINT('',(-4.58499999999999,6.74999999999999,0.240000000000003));
#3379=CARTESIAN_POINT('',(-4.58499999999999,6.74999999999999,0.240000000000003));
#3380=VECTOR('',#4410,1.0);
#3381=CARTESIAN_POINT('',(-4.58499999999999,6.74999999999999,0.270000000000002));
#3382=CARTESIAN_POINT('',(-4.58499999999999,6.74999999999999,0.240000000000003));
#3383=VECTOR('',#4411,1.0);
#3384=CARTESIAN_POINT('',(-4.58499999999999,30.0150000000001,0.270000000000002));
#3385=VECTOR('',#4412,1.0);
#3386=CARTESIAN_POINT('',(-4.585,3.75,2.2));
#3387=CARTESIAN_POINT('',(-4.585,9.1,2.2));
#3388=VECTOR('',#4413,1.0);
#3389=CARTESIAN_POINT('',(-4.58499999999999,3.75,0.240000000000003));
#3390=CARTESIAN_POINT('',(-4.585,3.75,2.2));
#3391=VECTOR('',#4414,1.0);
#3392=CARTESIAN_POINT('',(-4.58499999999999,4.0,0.240000000000003));
#3393=CARTESIAN_POINT('',(-4.58499999999999,6.74999999999999,0.240000000000003));
#3394=VECTOR('',#4415,1.0);
#3395=CARTESIAN_POINT('',(-4.585,4.0,0.310839202168981));
#3396=CARTESIAN_POINT('',(-4.585,4.0,2.2));
#3397=VECTOR('',#4416,1.0);
#3398=CARTESIAN_POINT('',(-4.585,6.6,0.310839202168981));
#3399=VECTOR('',#4417,1.0);
#3400=CARTESIAN_POINT('',(-4.315,7.45,2.2));
#3401=CARTESIAN_POINT('',(-4.315,7.45,2.2));
#3402=VECTOR('',#4418,1.0);
#3403=CARTESIAN_POINT('',(-3.42500000000001,7.45,2.2));
#3404=CARTESIAN_POINT('',(-3.42500000000001,7.45,2.2));
#3405=VECTOR('',#4419,1.0);
#3406=CARTESIAN_POINT('',(-3.425,3.75,2.2));
#3407=CARTESIAN_POINT('',(-3.425,9.1,2.2));
#3408=VECTOR('',#4420,1.0);
#3409=CARTESIAN_POINT('',(-3.425,3.75,2.2));
#3410=VECTOR('',#4421,1.0);
#3411=CARTESIAN_POINT('',(-4.57499999999999,8.526,2.2));
#3412=CARTESIAN_POINT('',(-4.32499999999999,8.52599999999999,2.2));
#3413=CARTESIAN_POINT('',(-3.425,8.526,2.2));
#3414=VECTOR('',#4422,1.0);
#3415=CARTESIAN_POINT('',(-4.57499999999998,7.69999999999999,2.2));
#3416=CARTESIAN_POINT('',(-4.57499999999999,9.1,2.2));
#3417=VECTOR('',#4423,1.0);
#3418=CARTESIAN_POINT('',(-4.32499999999999,7.69999999999999,2.2));
#3419=CARTESIAN_POINT('',(-3.425,7.69999999999999,2.2));
#3420=VECTOR('',#4424,1.0);
#3421=CARTESIAN_POINT('',(-4.32499999999999,9.1,2.2));
#3422=VECTOR('',#4425,1.0);
#3423=CARTESIAN_POINT('',(-4.6305010040201,6.6,0.240000000000003));
#3424=CARTESIAN_POINT('',(0.0,6.6,0.240000000000003));
#3425=VECTOR('',#4426,1.0);
#3426=CARTESIAN_POINT('',(-4.6305010040201,4.0,0.240000000000003));
#3427=CARTESIAN_POINT('',(-4.6305010040201,6.6,0.240000000000003));
#3428=VECTOR('',#4427,1.0);
#3429=CARTESIAN_POINT('',(0.0,4.0,0.240000000000003));
#3430=VECTOR('',#4428,1.0);
#3431=CARTESIAN_POINT('',(-4.975,3.75,0.240000000000003));
#3432=CARTESIAN_POINT('',(-4.58499999999999,3.75,0.240000000000003));
#3433=VECTOR('',#4429,1.0);
#3434=CARTESIAN_POINT('',(-4.975,6.75,0.240000000000003));
#3435=CARTESIAN_POINT('',(-4.975,3.75,0.240000000000003));
#3436=VECTOR('',#4430,1.0);
#3437=CARTESIAN_POINT('',(-4.975,6.74999999999999,0.240000000000003));
#3438=VECTOR('',#4431,1.0);
#3439=CARTESIAN_POINT('',(2.575,6.74999999999999,0.27));
#3440=CARTESIAN_POINT('',(2.57499999999999,6.6,0.27));
#3441=VECTOR('',#4432,1.0);
#3442=CARTESIAN_POINT('',(2.58499999999999,6.74999999999999,0.27));
#3443=CARTESIAN_POINT('',(2.315,6.74999999999999,0.27));
#3444=VECTOR('',#4433,1.0);
#3445=CARTESIAN_POINT('',(2.58499999999999,30.0150000000001,0.27));
#3446=VECTOR('',#4434,1.0);
#3447=CARTESIAN_POINT('',(-1.8,6.69999999900002,0.310000000000003));
#3448=CARTESIAN_POINT('',(-1.8,-14.6600000098998,0.310000000000003));
#3449=VECTOR('',#4435,1.0);
#3450=CARTESIAN_POINT('',(-1.805,6.69999999900002,0.310000000000003));
#3451=CARTESIAN_POINT('',(-1.75,6.69999999900002,0.309999999999966));
#3452=VECTOR('',#4436,1.0);
#3453=CARTESIAN_POINT('',(-1.805,6.6,0.310000000000003));
#3454=VECTOR('',#4437,1.0);
#3455=CARTESIAN_POINT('',(-2.2,6.69999999900002,1.42999999999997));
#3456=CARTESIAN_POINT('',(-2.2,-14.6600000098998,1.42999999999997));
#3457=VECTOR('',#4438,1.0);
#3458=CARTESIAN_POINT('',(-1.8,6.69999999900002,1.42999999999997));
#3459=CARTESIAN_POINT('',(-1.75,6.69999999900002,1.42999999999997));
#3460=VECTOR('',#4439,1.0);
#3461=CARTESIAN_POINT('',(-1.8,-14.6600000098998,1.42999999999997));
#3462=VECTOR('',#4440,1.0);
#3463=CARTESIAN_POINT('',(-2.25,10.809999999,-0.0200000000000017));
#3464=CARTESIAN_POINT('',(-1.75,10.809999999,-0.020000000000002));
#3465=CARTESIAN_POINT('',(-4.975,10.809999999,-0.02));
#3466=VECTOR('',#4441,1.0);
#3467=CARTESIAN_POINT('',(-1.75,11.35,-0.0200000000000049));
#3468=CARTESIAN_POINT('',(-1.75,11.35,-0.020000000000002));
#3469=VECTOR('',#4442,1.0);
#3470=CARTESIAN_POINT('',(-0.25,11.35,-0.0200000000000029));
#3471=CARTESIAN_POINT('',(-4.975,11.35,-0.02));
#3472=VECTOR('',#4443,1.0);
#3473=CARTESIAN_POINT('',(-0.25,10.809999999,-0.0200000000000029));
#3474=CARTESIAN_POINT('',(-0.25,11.35,-0.0200000000000029));
#3475=VECTOR('',#4444,1.0);
#3476=CARTESIAN_POINT('',(0.25,10.809999999,-0.0200000000000032));
#3477=CARTESIAN_POINT('',(-4.975,10.809999999,-0.02));
#3478=VECTOR('',#4445,1.0);
#3479=CARTESIAN_POINT('',(0.25,11.35,-0.0200000000000049));
#3480=CARTESIAN_POINT('',(0.25,11.35,-0.0200000000000032));
#3481=VECTOR('',#4446,1.0);
#3482=CARTESIAN_POINT('',(2.975,11.35,-0.0200000000000049));
#3483=CARTESIAN_POINT('',(-4.975,11.35,-0.02));
#3484=VECTOR('',#4447,1.0);
#3485=CARTESIAN_POINT('',(2.975,6.74999999999999,-0.0200000000000049));
#3486=CARTESIAN_POINT('',(2.975,11.35,-0.0200000000000049));
#3487=VECTOR('',#4448,1.0);
#3488=CARTESIAN_POINT('',(2.315,6.74999999999999,-0.0200000000000014));
#3489=CARTESIAN_POINT('',(2.315,6.74999999999999,-0.0200000000000049));
#3490=VECTOR('',#4449,1.0);
#3491=CARTESIAN_POINT('',(2.315,4.05,-0.0200000000000014));
#3492=CARTESIAN_POINT('',(2.315,3.75,-0.0200000000000014));
#3493=VECTOR('',#4450,1.0);
#3494=CARTESIAN_POINT('',(1.20000000000001,4.05000000000002,-0.0200000000000049));
#3495=CARTESIAN_POINT('',(1.20000000000001,4.05000000000002,-0.0200000000000049));
#3496=VECTOR('',#4451,1.0);
#3497=CARTESIAN_POINT('',(1.20000000000001,6.25000000000002,-0.0200000000000049));
#3498=CARTESIAN_POINT('',(1.20000000000001,6.25000000000002,-0.0200000000000049));
#3499=VECTOR('',#4452,1.0);
#3500=CARTESIAN_POINT('',(-3.2,6.25,-0.0199999999999956));
#3501=CARTESIAN_POINT('',(-3.2,6.25,-0.0200000000000049));
#3502=VECTOR('',#4453,1.0);
#3503=CARTESIAN_POINT('',(-3.2,4.05,-0.0199999999999958));
#3504=CARTESIAN_POINT('',(-3.2,4.05,-0.0199999999999956));
#3505=VECTOR('',#4454,1.0);
#3506=CARTESIAN_POINT('',(-4.315,4.05,-0.0199999999999954));
#3507=CARTESIAN_POINT('',(-4.585,4.05,-0.0199999999999954));
#3508=VECTOR('',#4455,1.0);
#3509=CARTESIAN_POINT('',(-4.315,6.75,-0.0200000000000049));
#3510=CARTESIAN_POINT('',(-4.315,6.75,-0.0200000000000049));
#3511=VECTOR('',#4456,1.0);
#3512=CARTESIAN_POINT('',(-4.975,6.75,-0.0200000000000049));
#3513=CARTESIAN_POINT('',(-4.975,6.75,-0.0200000000000049));
#3514=VECTOR('',#4457,1.0);
#3515=CARTESIAN_POINT('',(-4.975,11.35,-0.0200000000000001));
#3516=CARTESIAN_POINT('',(-4.975,11.35,-0.0200000000000001));
#3517=VECTOR('',#4458,1.0);
#3518=CARTESIAN_POINT('',(-2.25,11.35,-0.0200000000000017));
#3519=CARTESIAN_POINT('',(-4.975,11.35,-0.02));
#3520=VECTOR('',#4459,1.0);
#3521=CARTESIAN_POINT('',(-2.25,11.35,-0.0200000000000017));
#3522=VECTOR('',#4460,1.0);
#3523=CARTESIAN_POINT('',(-1.75,11.35,0.540166712955309));
#3524=CARTESIAN_POINT('',(-1.75,11.35,0.0));
#3525=VECTOR('',#4461,1.0);
#3526=CARTESIAN_POINT('',(-2.25,11.35,0.540166712955309));
#3527=CARTESIAN_POINT('',(-1.75,11.35,0.540166712955309));
#3528=VECTOR('',#4462,1.0);
#3529=CARTESIAN_POINT('',(-2.25,11.35,0.0));
#3530=VECTOR('',#4463,1.0);
#3531=CARTESIAN_POINT('',(-4.975,11.35,2.54));
#3532=CARTESIAN_POINT('',(-4.975,11.35,2.54));
#3533=VECTOR('',#4464,1.0);
#3534=CARTESIAN_POINT('',(2.975,11.35,2.54));
#3535=CARTESIAN_POINT('',(2.975,11.35,2.54));
#3536=VECTOR('',#4465,1.0);
#3537=CARTESIAN_POINT('',(2.975,11.35,-0.0200000000000049));
#3538=VECTOR('',#4466,1.0);
#3539=CARTESIAN_POINT('',(0.25,11.35,0.540166712955309));
#3540=CARTESIAN_POINT('',(0.25,11.35,0.0));
#3541=VECTOR('',#4467,1.0);
#3542=CARTESIAN_POINT('',(-0.25,11.35,0.540166712955309));
#3543=CARTESIAN_POINT('',(0.25,11.35,0.540166712955309));
#3544=VECTOR('',#4468,1.0);
#3545=CARTESIAN_POINT('',(-0.25,11.35,0.0));
#3546=VECTOR('',#4469,1.0);
#3547=CARTESIAN_POINT('',(-1.805,6.6,0.180000000000003));
#3548=CARTESIAN_POINT('',(-1.805,6.6,0.180000000000003));
#3549=VECTOR('',#4470,1.0);
#3550=CARTESIAN_POINT('',(-2.195,6.6,0.179999999999996));
#3551=CARTESIAN_POINT('',(-2.195,6.6,0.180000000000003));
#3552=VECTOR('',#4471,1.0);
#3553=CARTESIAN_POINT('',(-2.195,6.6,0.180000000000003));
#3554=VECTOR('',#4472,1.0);
#3555=CARTESIAN_POINT('',(-3.2,6.25,0.179999999999998));
#3556=CARTESIAN_POINT('',(-3.2,9.1,0.179999999999995));
#3557=VECTOR('',#4473,1.0);
#3558=CARTESIAN_POINT('',(1.19999999999999,6.25000000000001,0.180000000000001));
#3559=CARTESIAN_POINT('',(-3.19999999999999,6.25,0.179999999999995));
#3560=VECTOR('',#4474,1.0);
#3561=CARTESIAN_POINT('',(1.19999999999999,9.1,0.180000000000001));
#3562=VECTOR('',#4475,1.0);
#3563=CARTESIAN_POINT('',(0.194999999999998,6.6,0.180000000000003));
#3564=CARTESIAN_POINT('',(0.194999999999998,6.6,0.180000000000003));
#3565=VECTOR('',#4476,1.0);
#3566=CARTESIAN_POINT('',(-0.195000000000002,6.6,0.179999999999999));
#3567=CARTESIAN_POINT('',(-0.195000000000002,6.6,0.180000000000003));
#3568=VECTOR('',#4477,1.0);
#3569=CARTESIAN_POINT('',(-0.195000000000002,6.6,0.180000000000003));
#3570=VECTOR('',#4478,1.0);
#3571=CARTESIAN_POINT('',(0.2,6.69999999900002,0.310000000000003));
#3572=CARTESIAN_POINT('',(0.2,-14.6600000098998,0.310000000000003));
#3573=VECTOR('',#4479,1.0);
#3574=CARTESIAN_POINT('',(0.194999999999998,6.69999999900002,0.310000000000003));
#3575=CARTESIAN_POINT('',(0.25,6.69999999900002,0.309999999999966));
#3576=VECTOR('',#4480,1.0);
#3577=CARTESIAN_POINT('',(0.194999999999998,6.6,0.310000000000003));
#3578=VECTOR('',#4481,1.0);
#3579=CARTESIAN_POINT('',(-0.2,6.69999999900002,1.42999999999997));
#3580=CARTESIAN_POINT('',(-0.2,-14.6600000098998,1.42999999999997));
#3581=VECTOR('',#4482,1.0);
#3582=CARTESIAN_POINT('',(0.2,6.69999999900002,1.42999999999997));
#3583=CARTESIAN_POINT('',(0.25,6.69999999900002,1.42999999999997));
#3584=VECTOR('',#4483,1.0);
#3585=CARTESIAN_POINT('',(0.2,-14.6600000098998,1.42999999999997));
#3586=VECTOR('',#4484,1.0);
#3587=CARTESIAN_POINT('',(2.315,4.05,0.380000000000002));
#3588=CARTESIAN_POINT('',(2.315,3.75,0.380000000000002));
#3589=VECTOR('',#4485,1.0);
#3590=CARTESIAN_POINT('',(1.20000000000001,4.05000000000002,0.380000000000002));
#3591=CARTESIAN_POINT('',(1.19999999999999,9.1,0.380000000000002));
#3592=VECTOR('',#4486,1.0);
#3593=CARTESIAN_POINT('',(1.20000000000001,4.05000000000002,0.380000000000002));
#3594=VECTOR('',#4487,1.0);
#3595=CARTESIAN_POINT('',(2.315,6.74999999999999,0.27));
#3596=CARTESIAN_POINT('',(2.32499999999999,6.74999999999999,0.27));
#3597=CARTESIAN_POINT('',(2.315,6.74999999999999,0.27));
#3598=VECTOR('',#4488,1.0);
#3599=CARTESIAN_POINT('',(2.315,6.74999999999999,3.94000000000003));
#3600=VECTOR('',#4489,1.0);
#3601=CARTESIAN_POINT('',(2.975,6.74999999999999,0.240000000000001));
#3602=CARTESIAN_POINT('',(2.975,6.74999999999999,3.94000000000003));
#3603=VECTOR('',#4490,1.0);
#3604=CARTESIAN_POINT('',(2.58499999999999,6.74999999999999,0.240000000000002));
#3605=CARTESIAN_POINT('',(2.58499999999999,6.74999999999999,0.240000000000002));
#3606=VECTOR('',#4491,1.0);
#3607=CARTESIAN_POINT('',(2.58499999999999,6.74999999999999,0.240000000000002));
#3608=VECTOR('',#4492,1.0);
#3609=CARTESIAN_POINT('',(2.315,6.74999999999999,0.27));
#3610=VECTOR('',#4493,1.0);
#3611=CARTESIAN_POINT('',(-4.57499999999999,6.75,0.27));
#3612=CARTESIAN_POINT('',(-4.58499999999999,6.74999999999999,0.270000000000002));
#3613=VECTOR('',#4494,1.0);
#3614=CARTESIAN_POINT('',(-4.975,6.75,3.94000000000003));
#3615=VECTOR('',#4495,1.0);
#3616=CARTESIAN_POINT('',(-4.315,6.75,3.94000000000003));
#3617=VECTOR('',#4496,1.0);
#3618=CARTESIAN_POINT('',(-4.58499999999999,6.74999999999999,0.270000000000002));
#3619=VECTOR('',#4497,1.0);
#3620=CARTESIAN_POINT('',(-4.315,4.05,0.380000000000004));
#3621=CARTESIAN_POINT('',(-4.315,6.75,0.380000000000004));
#3622=VECTOR('',#4498,1.0);
#3623=CARTESIAN_POINT('',(-3.2,4.05,0.380000000000004));
#3624=CARTESIAN_POINT('',(-4.585,4.05,0.380000000000004));
#3625=VECTOR('',#4499,1.0);
#3626=CARTESIAN_POINT('',(-3.2,9.1,0.379999999999996));
#3627=VECTOR('',#4500,1.0);
#3628=CARTESIAN_POINT('',(-4.975,3.75,2.54));
#3629=CARTESIAN_POINT('',(-4.975,3.75,2.54));
#3630=VECTOR('',#4501,1.0);
#3631=CARTESIAN_POINT('',(-4.975,11.35,2.54));
#3632=VECTOR('',#4502,1.0);
#3633=CARTESIAN_POINT('',(2.975,3.75,0.240000000000001));
#3634=CARTESIAN_POINT('',(2.975,3.75,2.54));
#3635=CARTESIAN_POINT('',(2.975,3.75,-0.0200000000000049));
#3636=VECTOR('',#4503,1.0);
#3637=CARTESIAN_POINT('',(2.975,6.74999999999999,0.240000000000001));
#3638=VECTOR('',#4504,1.0);
#3639=CARTESIAN_POINT('',(2.975,11.35,2.54));
#3640=VECTOR('',#4505,1.0);
#3641=CARTESIAN_POINT('',(2.58499999999999,3.75,0.240000000000002));
#3642=CARTESIAN_POINT('',(2.58499999999999,3.75,2.2));
#3643=CARTESIAN_POINT('',(2.58499999999999,3.75,0.380000000000002));
#3644=VECTOR('',#4506,1.0);
#3645=CARTESIAN_POINT('',(2.975,3.75,0.240000000000001));
#3646=VECTOR('',#4507,1.0);
#3647=CARTESIAN_POINT('',(1.42499999999999,3.74999999999999,2.54));
#3648=CARTESIAN_POINT('',(2.975,3.75,2.54));
#3649=VECTOR('',#4508,1.0);
#3650=CARTESIAN_POINT('',(1.42500000000001,3.75,2.2));
#3651=CARTESIAN_POINT('',(1.42500000000001,3.75,2.2));
#3652=VECTOR('',#4509,1.0);
#3653=CARTESIAN_POINT('',(2.58499999999999,3.75,2.2));
#3654=VECTOR('',#4510,1.0);
#3655=CARTESIAN_POINT('',(-3.425,3.75,2.54));
#3656=CARTESIAN_POINT('',(-3.425,3.75,2.25));
#3657=VECTOR('',#4511,1.0);
#3658=CARTESIAN_POINT('',(2.975,3.75,2.54));
#3659=VECTOR('',#4512,1.0);
#3660=CARTESIAN_POINT('',(2.58499999999999,6.6,0.240000000000002));
#3661=CARTESIAN_POINT('',(2.58499999999999,3.75,0.240000000000002));
#3662=VECTOR('',#4513,1.0);
#3663=CARTESIAN_POINT('',(2.58499999999999,6.6,0.310839202169009));
#3664=CARTESIAN_POINT('',(2.58499999999999,6.6,0.380000000000002));
#3665=VECTOR('',#4514,1.0);
#3666=CARTESIAN_POINT('',(2.58499999999999,4.0,0.310839202169009));
#3667=CARTESIAN_POINT('',(2.58499999999999,6.6,0.310839202169009));
#3668=VECTOR('',#4515,1.0);
#3669=CARTESIAN_POINT('',(2.58499999999999,4.0,0.240000000000002));
#3670=CARTESIAN_POINT('',(2.58499999999999,4.0,0.380000000000002));
#3671=VECTOR('',#4516,1.0);
#3672=CARTESIAN_POINT('',(2.58499999999999,3.75,0.240000000000002));
#3673=VECTOR('',#4517,1.0);
#3674=CARTESIAN_POINT('',(2.58499999999999,9.1,2.2));
#3675=VECTOR('',#4518,1.0);
#3676=CARTESIAN_POINT('',(1.20000000000001,6.25000000000002,3.93999999999997));
#3677=VECTOR('',#4519,1.0);
#3678=CARTESIAN_POINT('',(1.20000000000001,4.05000000000002,3.93999999999997));
#3679=VECTOR('',#4520,1.0);
#3680=CARTESIAN_POINT('',(-3.425,8.05,2.24999999999999));
#3681=CARTESIAN_POINT('',(-2.925,8.05,2.25));
#3682=CARTESIAN_POINT('',(-2.925,8.05,2.25));
#3683=VECTOR('',#4521,1.0);
#3684=CARTESIAN_POINT('',(-3.425,9.1,2.25));
#3685=VECTOR('',#4522,1.0);
#3686=CARTESIAN_POINT('',(1.425,8.04999999999999,2.25));
#3687=CARTESIAN_POINT('',(1.42500000000001,9.1,2.25));
#3688=VECTOR('',#4523,1.0);
#3689=CARTESIAN_POINT('',(0.925000000000003,8.04999999999999,2.25));
#3690=CARTESIAN_POINT('',(1.425,8.04999999999999,2.25));
#3691=VECTOR('',#4524,1.0);
#3692=CARTESIAN_POINT('',(0.924999999999997,5.74999999999999,2.25));
#3693=CARTESIAN_POINT('',(0.925000000000003,8.04999999999999,2.25));
#3694=VECTOR('',#4525,1.0);
#3695=CARTESIAN_POINT('',(-2.925,5.75,2.24999999999999));
#3696=CARTESIAN_POINT('',(0.924999999999996,5.74999999999999,2.25));
#3697=VECTOR('',#4526,1.0);
#3698=CARTESIAN_POINT('',(-2.925,5.75,2.25));
#3699=VECTOR('',#4527,1.0);
#3700=CARTESIAN_POINT('',(-2.25,6.95,2.54));
#3701=CARTESIAN_POINT('',(-2.0,6.45,2.54));
#3702=CARTESIAN_POINT('',(-2.25,6.95,2.54));
#3703=VECTOR('',#4528,1.0);
#3704=CARTESIAN_POINT('',(-1.75,6.95,2.54));
#3705=CARTESIAN_POINT('',(-1.75,6.95,2.54));
#3706=VECTOR('',#4529,1.0);
#3707=CARTESIAN_POINT('',(-2.0,6.45,2.54));
#3708=VECTOR('',#4530,1.0);
#3709=CARTESIAN_POINT('',(-3.425,8.05,2.54));
#3710=CARTESIAN_POINT('',(-3.425,8.05,2.54));
#3711=VECTOR('',#4531,1.0);
#3712=CARTESIAN_POINT('',(-2.925,8.05,2.54));
#3713=CARTESIAN_POINT('',(-2.925,8.05,2.54));
#3714=VECTOR('',#4532,1.0);
#3715=CARTESIAN_POINT('',(-2.925,5.75,2.54));
#3716=CARTESIAN_POINT('',(-2.925,5.75,2.54));
#3717=VECTOR('',#4533,1.0);
#3718=CARTESIAN_POINT('',(0.924999999999997,5.74999999999999,2.54));
#3719=CARTESIAN_POINT('',(0.924999999999997,5.74999999999999,2.54));
#3720=VECTOR('',#4534,1.0);
#3721=CARTESIAN_POINT('',(0.925000000000003,8.04999999999999,2.54));
#3722=CARTESIAN_POINT('',(0.925000000000003,8.04999999999999,2.54));
#3723=VECTOR('',#4535,1.0);
#3724=CARTESIAN_POINT('',(1.425,8.04999999999999,2.54));
#3725=CARTESIAN_POINT('',(1.425,8.04999999999999,2.54));
#3726=VECTOR('',#4536,1.0);
#3727=CARTESIAN_POINT('',(1.42499999999999,3.74999999999999,2.54));
#3728=VECTOR('',#4537,1.0);
#3729=CARTESIAN_POINT('',(-3.2,4.05,3.93999999999998));
#3730=VECTOR('',#4538,1.0);
#3731=CARTESIAN_POINT('',(-3.2,6.25,3.93999999999998));
#3732=VECTOR('',#4539,1.0);
#3733=CARTESIAN_POINT('',(2.575,7.69999999999999,2.2));
#3734=CARTESIAN_POINT('',(2.575,8.52599999999999,2.2));
#3735=CARTESIAN_POINT('',(2.57499999999999,9.1,2.2));
#3736=VECTOR('',#4540,1.0);
#3737=CARTESIAN_POINT('',(2.32499999999999,8.52599999999999,2.2));
#3738=CARTESIAN_POINT('',(2.58499999999999,8.52599999999999,2.2));
#3739=VECTOR('',#4541,1.0);
#3740=CARTESIAN_POINT('',(2.32499999999999,7.69999999999999,2.2));
#3741=CARTESIAN_POINT('',(2.32499999999999,9.1,2.2));
#3742=VECTOR('',#4542,1.0);
#3743=CARTESIAN_POINT('',(2.58499999999999,7.69999999999999,2.2));
#3744=VECTOR('',#4543,1.0);
#3745=CARTESIAN_POINT('',(1.42500000000001,7.44999999999999,2.2));
#3746=CARTESIAN_POINT('',(1.42500000000001,9.1,2.2));
#3747=VECTOR('',#4544,1.0);
#3748=CARTESIAN_POINT('',(2.315,7.45,2.2));
#3749=CARTESIAN_POINT('',(2.315,7.45,2.2));
#3750=VECTOR('',#4545,1.0);
#3751=CARTESIAN_POINT('',(2.315,7.45,2.2));
#3752=VECTOR('',#4546,1.0);
#3753=CARTESIAN_POINT('',(1.425,8.04999999999999,-0.331000000000009));
#3754=VECTOR('',#4547,1.0);
#3755=CARTESIAN_POINT('',(1.42500000000001,7.44999999999999,1.91));
#3756=CARTESIAN_POINT('',(1.42500000000001,7.44999999999999,1.91));
#3757=VECTOR('',#4548,1.0);
#3758=CARTESIAN_POINT('',(1.42500000000001,7.44999999999999,2.2));
#3759=VECTOR('',#4549,1.0);
#3760=CARTESIAN_POINT('',(-3.42500000000001,7.45,1.91));
#3761=CARTESIAN_POINT('',(-3.42500000000001,7.45,1.91));
#3762=VECTOR('',#4550,1.0);
#3763=CARTESIAN_POINT('',(-3.42500000000001,7.45,1.91));
#3764=VECTOR('',#4551,1.0);
#3765=CARTESIAN_POINT('',(-3.425,8.05,-0.331000000000008));
#3766=VECTOR('',#4552,1.0);
#3767=CARTESIAN_POINT('',(0.925000000000003,8.04999999999999,-0.331000000000009));
#3768=VECTOR('',#4553,1.0);
#3769=CARTESIAN_POINT('',(0.924999999999997,5.74999999999999,-0.331000000000009));
#3770=VECTOR('',#4554,1.0);
#3771=CARTESIAN_POINT('',(-2.925,5.75,-0.331000000000008));
#3772=VECTOR('',#4555,1.0);
#3773=CARTESIAN_POINT('',(-2.925,8.05,-0.331000000000008));
#3774=VECTOR('',#4556,1.0);
#3775=CARTESIAN_POINT('',(-4.315,4.05,3.93999999999998));
#3776=VECTOR('',#4557,1.0);
#3777=CARTESIAN_POINT('',(2.315,4.05,3.93999999999997));
#3778=VECTOR('',#4558,1.0);
#3779=CARTESIAN_POINT('',(-4.315,7.45,1.91));
#3780=CARTESIAN_POINT('',(-4.315,7.45,1.91));
#3781=VECTOR('',#4559,1.0);
#3782=CARTESIAN_POINT('',(-4.315,7.45,2.2));
#3783=VECTOR('',#4560,1.0);
#3784=CARTESIAN_POINT('',(-4.315,7.45,1.91));
#3785=VECTOR('',#4561,1.0);
#3786=CARTESIAN_POINT('',(2.315,7.45,1.91));
#3787=CARTESIAN_POINT('',(2.315,7.45,1.91));
#3788=VECTOR('',#4562,1.0);
#3789=CARTESIAN_POINT('',(1.425,7.45,1.91));
#3790=VECTOR('',#4563,1.0);
#3791=CARTESIAN_POINT('',(2.315,7.45,1.91));
#3792=VECTOR('',#4564,1.0);
#3793=CARTESIAN_POINT('',(2.315,30.0150000000001,0.27));
#3794=VECTOR('',#4565,1.0);
#3795=CARTESIAN_POINT('',(2.6305010040201,6.6,0.240000000000002));
#3796=CARTESIAN_POINT('',(1.5846031751711E-16,6.6,0.240000000000003));
#3797=VECTOR('',#4566,1.0);
#3798=CARTESIAN_POINT('',(2.6305010040201,4.0,0.240000000000002));
#3799=CARTESIAN_POINT('',(1.5846031751711E-16,4.0,0.240000000000003));
#3800=VECTOR('',#4567,1.0);
#3801=CARTESIAN_POINT('',(2.6305010040201,6.6,0.240000000000002));
#3802=VECTOR('',#4568,1.0);
#3803=CARTESIAN_POINT('',(-4.57499999999999,6.6,0.27));
#3804=VECTOR('',#4569,1.0);
#3805=CARTESIAN_POINT('',(2.32499999999999,6.6,0.27));
#3806=VECTOR('',#4570,1.0);
#3807=CARTESIAN_POINT('',(-0.195000000000002,6.6,0.310000000000003));
#3808=CARTESIAN_POINT('',(-0.195000000000002,6.6,0.310000000000003));
#3809=VECTOR('',#4571,1.0);
#3810=CARTESIAN_POINT('',(-0.195000000000002,6.69999999900002,0.310000000000003));
#3811=CARTESIAN_POINT('',(-0.195000000000002,6.6,0.310000000000003));
#3812=VECTOR('',#4572,1.0);
#3813=CARTESIAN_POINT('',(-0.195000000000002,6.6,0.310000000000003));
#3814=VECTOR('',#4573,1.0);
#3815=CARTESIAN_POINT('',(0.194999999999998,6.6,0.310000000000003));
#3816=CARTESIAN_POINT('',(0.194999999999998,6.6,0.310000000000003));
#3817=VECTOR('',#4574,1.0);
#3818=CARTESIAN_POINT('',(0.194999999999998,6.6,0.180000000000003));
#3819=VECTOR('',#4575,1.0);
#3820=CARTESIAN_POINT('',(0.25,6.69999999900002,0.309999999999966));
#3821=VECTOR('',#4576,1.0);
#3822=CARTESIAN_POINT('',(0.194999999999998,6.6,0.310000000000003));
#3823=VECTOR('',#4577,1.0);
#3824=CARTESIAN_POINT('',(-0.25,10.849999999,-0.0600000000000343));
#3825=CARTESIAN_POINT('',(-0.25,10.749999999,0.0399999999999657));
#3826=VECTOR('',#4578,1.0);
#3827=CARTESIAN_POINT('',(-0.25,11.359999999,0.539999999999965));
#3828=AXIS2_PLACEMENT_3D('',#4579,#4580,#4581);
#3829=CARTESIAN_POINT('',(-0.25,11.699999999,0.539999999999966));
#3830=CARTESIAN_POINT('',(-0.25,11.699999999,0.539999999999966));
#3831=VECTOR('',#4582,1.0);
#3832=CARTESIAN_POINT('',(-0.25,11.699999999,0.0399999999999657));
#3833=CARTESIAN_POINT('',(-0.25,11.699999999,0.0399999999999658));
#3834=VECTOR('',#4583,1.0);
#3835=CARTESIAN_POINT('',(-0.25,11.599999999,-0.0600000000000342));
#3836=CARTESIAN_POINT('',(-0.25,11.599999999,-0.0600000000000342));
#3837=VECTOR('',#4584,1.0);
#3838=CARTESIAN_POINT('',(-0.25,10.849999999,-0.0600000000000343));
#3839=VECTOR('',#4585,1.0);
#3840=CARTESIAN_POINT('',(0.25,10.849999999,-0.0600000000000343));
#3841=CARTESIAN_POINT('',(0.25,10.749999999,0.0399999999999657));
#3842=VECTOR('',#4586,1.0);
#3843=CARTESIAN_POINT('',(0.25,11.599999999,-0.0600000000000342));
#3844=CARTESIAN_POINT('',(0.25,10.849999999,-0.0600000000000343));
#3845=VECTOR('',#4587,1.0);
#3846=CARTESIAN_POINT('',(0.25,11.699999999,0.0399999999999657));
#3847=CARTESIAN_POINT('',(0.25,11.599999999,-0.0600000000000342));
#3848=VECTOR('',#4588,1.0);
#3849=CARTESIAN_POINT('',(0.25,11.699999999,0.539999999999966));
#3850=CARTESIAN_POINT('',(0.25,11.699999999,0.0399999999999658));
#3851=VECTOR('',#4589,1.0);
#3852=CARTESIAN_POINT('',(0.25,11.359999999,0.539999999999965));
#3853=CARTESIAN_POINT('',(0.25,11.699999999,0.539999999999966));
#3854=VECTOR('',#4590,1.0);
#3855=AXIS2_PLACEMENT_3D('',#4591,#4592,#4593);
#3856=CARTESIAN_POINT('',(0.25,11.359999999,0.539999999999965));
#3857=VECTOR('',#4594,1.0);
#3858=CARTESIAN_POINT('',(0.25,11.699999999,0.539999999999966));
#3859=VECTOR('',#4595,1.0);
#3860=CARTESIAN_POINT('',(0.25,11.699999999,0.0399999999999657));
#3861=VECTOR('',#4596,1.0);
#3862=CARTESIAN_POINT('',(0.25,11.599999999,-0.0600000000000342));
#3863=VECTOR('',#4597,1.0);
#3864=CARTESIAN_POINT('',(0.25,10.849999999,-0.0600000000000343));
#3865=VECTOR('',#4598,1.0);
#3866=CARTESIAN_POINT('',(-0.2,6.69999999900002,0.310000000000003));
#3867=CARTESIAN_POINT('',(-0.2,6.69999999900002,0.310000000000003));
#3868=VECTOR('',#4599,1.0);
#3869=CARTESIAN_POINT('',(0.25,6.69999999900002,0.309999999999966));
#3870=VECTOR('',#4600,1.0);
#3871=CARTESIAN_POINT('',(0.2,6.69999999900002,1.42999999999997));
#3872=VECTOR('',#4601,1.0);
#3873=CARTESIAN_POINT('',(-0.2,-14.6600000098998,0.310000000000003));
#3874=VECTOR('',#4602,1.0);
#3875=CARTESIAN_POINT('',(-2.195,6.6,0.310000000000003));
#3876=CARTESIAN_POINT('',(-2.195,6.6,0.310000000000003));
#3877=VECTOR('',#4603,1.0);
#3878=CARTESIAN_POINT('',(-2.195,6.69999999900002,0.310000000000003));
#3879=CARTESIAN_POINT('',(-2.195,6.6,0.310000000000003));
#3880=VECTOR('',#4604,1.0);
#3881=CARTESIAN_POINT('',(-2.195,6.6,0.310000000000003));
#3882=VECTOR('',#4605,1.0);
#3883=CARTESIAN_POINT('',(-1.805,6.6,0.310000000000003));
#3884=CARTESIAN_POINT('',(-1.805,6.6,0.310000000000003));
#3885=VECTOR('',#4606,1.0);
#3886=CARTESIAN_POINT('',(-1.805,6.6,0.180000000000003));
#3887=VECTOR('',#4607,1.0);
#3888=CARTESIAN_POINT('',(-1.75,6.69999999900002,0.309999999999966));
#3889=VECTOR('',#4608,1.0);
#3890=CARTESIAN_POINT('',(-1.805,6.6,0.310000000000003));
#3891=VECTOR('',#4609,1.0);
#3892=CARTESIAN_POINT('',(-2.25,10.849999999,-0.0600000000000343));
#3893=CARTESIAN_POINT('',(-2.25,10.749999999,0.0399999999999657));
#3894=VECTOR('',#4610,1.0);
#3895=CARTESIAN_POINT('',(-2.25,11.359999999,0.539999999999965));
#3896=AXIS2_PLACEMENT_3D('',#4611,#4612,#4613);
#3897=CARTESIAN_POINT('',(-2.25,11.699999999,0.539999999999966));
#3898=CARTESIAN_POINT('',(-2.25,11.699999999,0.539999999999966));
#3899=VECTOR('',#4614,1.0);
#3900=CARTESIAN_POINT('',(-2.25,11.699999999,0.0399999999999657));
#3901=CARTESIAN_POINT('',(-2.25,11.699999999,0.0399999999999658));
#3902=VECTOR('',#4615,1.0);
#3903=CARTESIAN_POINT('',(-2.25,11.599999999,-0.0600000000000342));
#3904=CARTESIAN_POINT('',(-2.25,11.599999999,-0.0600000000000342));
#3905=VECTOR('',#4616,1.0);
#3906=CARTESIAN_POINT('',(-2.25,10.849999999,-0.0600000000000343));
#3907=VECTOR('',#4617,1.0);
#3908=CARTESIAN_POINT('',(-1.75,10.849999999,-0.0600000000000343));
#3909=CARTESIAN_POINT('',(-1.75,10.749999999,0.0399999999999657));
#3910=VECTOR('',#4618,1.0);
#3911=CARTESIAN_POINT('',(-1.75,11.599999999,-0.0600000000000342));
#3912=CARTESIAN_POINT('',(-1.75,10.849999999,-0.0600000000000343));
#3913=VECTOR('',#4619,1.0);
#3914=CARTESIAN_POINT('',(-1.75,11.699999999,0.0399999999999657));
#3915=CARTESIAN_POINT('',(-1.75,11.599999999,-0.0600000000000342));
#3916=VECTOR('',#4620,1.0);
#3917=CARTESIAN_POINT('',(-1.75,11.699999999,0.539999999999966));
#3918=CARTESIAN_POINT('',(-1.75,11.699999999,0.0399999999999658));
#3919=VECTOR('',#4621,1.0);
#3920=CARTESIAN_POINT('',(-1.75,11.359999999,0.539999999999965));
#3921=CARTESIAN_POINT('',(-1.75,11.699999999,0.539999999999966));
#3922=VECTOR('',#4622,1.0);
#3923=AXIS2_PLACEMENT_3D('',#4623,#4624,#4625);
#3924=CARTESIAN_POINT('',(-1.75,11.359999999,0.539999999999965));
#3925=VECTOR('',#4626,1.0);
#3926=CARTESIAN_POINT('',(-1.75,11.699999999,0.539999999999966));
#3927=VECTOR('',#4627,1.0);
#3928=CARTESIAN_POINT('',(-1.75,11.699999999,0.0399999999999657));
#3929=VECTOR('',#4628,1.0);
#3930=CARTESIAN_POINT('',(-1.75,11.599999999,-0.0600000000000342));
#3931=VECTOR('',#4629,1.0);
#3932=CARTESIAN_POINT('',(-1.75,10.849999999,-0.0600000000000343));
#3933=VECTOR('',#4630,1.0);
#3934=CARTESIAN_POINT('',(-2.2,6.69999999900002,0.310000000000003));
#3935=CARTESIAN_POINT('',(-2.2,6.69999999900002,0.310000000000003));
#3936=VECTOR('',#4631,1.0);
#3937=CARTESIAN_POINT('',(-1.75,6.69999999900002,0.309999999999966));
#3938=VECTOR('',#4632,1.0);
#3939=CARTESIAN_POINT('',(-1.8,6.69999999900002,1.42999999999997));
#3940=VECTOR('',#4633,1.0);
#3941=CARTESIAN_POINT('',(-2.2,-14.6600000098998,0.310000000000003));
#3942=VECTOR('',#4634,1.0);
#3943=CARTESIAN_POINT('',(2.32499999999999,8.62999999999999,2.1));
#3944=CARTESIAN_POINT('',(2.32499999999999,10.6,2.1));
#3945=VECTOR('',#4635,1.0);
#3946=CARTESIAN_POINT('',(2.32499999999999,6.6,0.27));
#3947=CARTESIAN_POINT('',(2.32499999999999,6.6,0.27));
#3948=VECTOR('',#4636,1.0);
#3949=CARTESIAN_POINT('',(2.32499999999999,6.6,0.340000000000001));
#3950=CARTESIAN_POINT('',(2.32499999999999,6.6,1.69));
#3951=VECTOR('',#4637,1.0);
#3952=CARTESIAN_POINT('',(2.32499999999999,4.0,0.340000000000001));
#3953=CARTESIAN_POINT('',(2.32499999999999,6.6,0.340000000000001));
#3954=VECTOR('',#4638,1.0);
#3955=CARTESIAN_POINT('',(2.32499999999998,4.0,1.73));
#3956=CARTESIAN_POINT('',(2.32499999999999,4.0,1.73));
#3957=VECTOR('',#4639,1.0);
#3958=CARTESIAN_POINT('',(2.32499999999999,5.04999999999999,1.73));
#3959=CARTESIAN_POINT('',(2.32499999999998,6.6,1.73));
#3960=VECTOR('',#4640,1.0);
#3961=CARTESIAN_POINT('',(2.32499999999999,5.04999999999999,0.57));
#3962=CARTESIAN_POINT('',(2.32499999999999,5.04999999999999,1.73));
#3963=VECTOR('',#4641,1.0);
#3964=CARTESIAN_POINT('',(2.32499999999999,6.14999999999999,0.57));
#3965=CARTESIAN_POINT('',(2.32499999999999,6.6,0.57));
#3966=VECTOR('',#4642,1.0);
#3967=CARTESIAN_POINT('',(2.32499999999998,6.14999999999999,1.73));
#3968=CARTESIAN_POINT('',(2.32499999999999,6.14999999999999,1.73));
#3969=VECTOR('',#4643,1.0);
#3970=CARTESIAN_POINT('',(2.32499999999998,7.3,1.73));
#3971=CARTESIAN_POINT('',(2.32499999999998,6.6,1.73));
#3972=VECTOR('',#4644,1.0);
#3973=CARTESIAN_POINT('',(2.32499999999999,7.3,1.69));
#3974=CARTESIAN_POINT('',(2.32499999999999,7.3,1.73));
#3975=VECTOR('',#4645,1.0);
#3976=CARTESIAN_POINT('',(2.32499999999999,7.69999999999999,1.69));
#3977=CARTESIAN_POINT('',(2.32499999999999,7.69999999999999,1.69));
#3978=VECTOR('',#4646,1.0);
#3979=CARTESIAN_POINT('',(2.32499999999999,7.69999999999999,2.29));
#3980=VECTOR('',#4647,1.0);
#3981=CARTESIAN_POINT('',(2.32499999999999,8.62999999999999,2.14));
#3982=CARTESIAN_POINT('',(2.32499999999999,8.62999999999999,2.14));
#3983=VECTOR('',#4648,1.0);
#3984=CARTESIAN_POINT('',(2.32499999999999,8.62999999999999,2.1));
#3985=VECTOR('',#4649,1.0);
#3986=CARTESIAN_POINT('',(2.575,8.62999999999999,2.1));
#3987=CARTESIAN_POINT('',(2.57500000000001,10.6,2.1));
#3988=VECTOR('',#4650,1.0);
#3989=CARTESIAN_POINT('',(2.57499999999999,8.62999999999999,2.14));
#3990=CARTESIAN_POINT('',(2.57499999999999,8.62999999999999,2.1));
#3991=VECTOR('',#4651,1.0);
#3992=CARTESIAN_POINT('',(2.575,8.62999999999999,2.14));
#3993=VECTOR('',#4652,1.0);
#3994=CARTESIAN_POINT('',(2.575,7.69999999999999,1.69));
#3995=CARTESIAN_POINT('',(2.575,7.69999999999999,2.29));
#3996=VECTOR('',#4653,1.0);
#3997=CARTESIAN_POINT('',(2.575,7.3,1.69));
#3998=CARTESIAN_POINT('',(2.575,7.69999999999999,1.69));
#3999=VECTOR('',#4654,1.0);
#4000=CARTESIAN_POINT('',(2.57499999999999,7.3,1.73));
#4001=CARTESIAN_POINT('',(2.57499999999999,7.3,0.37));
#4002=VECTOR('',#4655,1.0);
#4003=CARTESIAN_POINT('',(2.575,6.14999999999999,1.73));
#4004=CARTESIAN_POINT('',(2.57499999999999,6.6,1.73));
#4005=VECTOR('',#4656,1.0);
#4006=CARTESIAN_POINT('',(2.575,6.14999999999999,0.57));
#4007=CARTESIAN_POINT('',(2.575,6.14999999999999,0.57));
#4008=VECTOR('',#4657,1.0);
#4009=CARTESIAN_POINT('',(2.57499999999999,5.04999999999999,0.57));
#4010=CARTESIAN_POINT('',(2.57499999999999,5.04999999999999,0.57));
#4011=VECTOR('',#4658,1.0);
#4012=CARTESIAN_POINT('',(2.575,5.04999999999999,1.73));
#4013=CARTESIAN_POINT('',(2.575,5.04999999999999,2.16));
#4014=VECTOR('',#4659,1.0);
#4015=CARTESIAN_POINT('',(2.57499999999999,4.0,1.73));
#4016=CARTESIAN_POINT('',(2.57499999999999,6.6,1.73));
#4017=VECTOR('',#4660,1.0);
#4018=CARTESIAN_POINT('',(2.57499999999999,4.0,0.37));
#4019=CARTESIAN_POINT('',(2.57499999999999,4.0,0.37));
#4020=VECTOR('',#4661,1.0);
#4021=CARTESIAN_POINT('',(2.57499999999999,6.6,0.37));
#4022=CARTESIAN_POINT('',(2.57499999999999,6.6,0.37));
#4023=VECTOR('',#4662,1.0);
#4024=CARTESIAN_POINT('',(2.57499999999999,6.6,0.27));
#4025=CARTESIAN_POINT('',(2.57499999999999,6.6,1.69));
#4026=VECTOR('',#4663,1.0);
#4027=CARTESIAN_POINT('',(2.57499999999999,6.6,0.27));
#4028=VECTOR('',#4664,1.0);
#4029=CARTESIAN_POINT('',(0.0999999999999998,8.62999999999999,2.14));
#4030=VECTOR('',#4665,1.0);
#4031=CARTESIAN_POINT('',(0.100000000000009,7.69999999999999,1.69));
#4032=VECTOR('',#4666,1.0);
#4033=CARTESIAN_POINT('',(2.75499999999999,6.6,0.189999999999999));
#4034=AXIS2_PLACEMENT_3D('',#4667,#4668,#4669);
#4035=CARTESIAN_POINT('',(3.37499999999999,6.6,0.189999999999999));
#4036=CARTESIAN_POINT('',(3.37499999999999,6.6,0.189999999999999));
#4037=VECTOR('',#4670,1.0);
#4038=CARTESIAN_POINT('',(3.37499999999999,6.6,-0.0600000000000008));
#4039=CARTESIAN_POINT('',(3.37499999999999,6.6,-0.0600000000000008));
#4040=VECTOR('',#4671,1.0);
#4041=CARTESIAN_POINT('',(2.72499999999998,6.6,-0.0599999999999994));
#4042=CARTESIAN_POINT('',(2.72499999999998,6.6,-0.0600000000000006));
#4043=VECTOR('',#4672,1.0);
#4044=CARTESIAN_POINT('',(2.33117262664968,6.6,0.27));
#4045=AXIS2_PLACEMENT_3D('',#4673,#4674,#4675);
#4046=CARTESIAN_POINT('',(0.0999999999999998,6.6,0.27));
#4047=VECTOR('',#4676,1.0);
#4048=AXIS2_PLACEMENT_3D('',#4677,#4678,#4679);
#4049=AXIS2_PLACEMENT_3D('',#4680,#4681,#4682);
#4050=CARTESIAN_POINT('',(2.14499999999998,4.0,2.16));
#4051=AXIS2_PLACEMENT_3D('',#4683,#4684,#4685);
#4052=CARTESIAN_POINT('',(1.47499999999999,4.0,2.16));
#4053=CARTESIAN_POINT('',(2.14499999999999,4.0,2.16));
#4054=VECTOR('',#4686,1.0);
#4055=CARTESIAN_POINT('',(1.47499999999999,4.0,1.91));
#4056=CARTESIAN_POINT('',(1.47499999999999,4.0,2.16));
#4057=VECTOR('',#4687,1.0);
#4058=CARTESIAN_POINT('',(2.14499999999998,4.0,1.91));
#4059=CARTESIAN_POINT('',(1.47499999999999,4.0,1.91));
#4060=VECTOR('',#4688,1.0);
#4061=AXIS2_PLACEMENT_3D('',#4689,#4690,#4691);
#4062=CARTESIAN_POINT('',(2.72499999999998,4.0,-0.0599999999999994));
#4063=AXIS2_PLACEMENT_3D('',#4692,#4693,#4694);
#4064=CARTESIAN_POINT('',(3.37499999999999,4.0,-0.0600000000000008));
#4065=CARTESIAN_POINT('',(2.72499999999998,4.0,-0.0600000000000006));
#4066=VECTOR('',#4695,1.0);
#4067=CARTESIAN_POINT('',(3.37499999999999,4.0,0.189999999999999));
#4068=CARTESIAN_POINT('',(3.37499999999999,4.0,-0.0600000000000008));
#4069=VECTOR('',#4696,1.0);
#4070=CARTESIAN_POINT('',(2.75499999999999,4.0,0.189999999999999));
#4071=CARTESIAN_POINT('',(3.37499999999999,4.0,0.189999999999999));
#4072=VECTOR('',#4697,1.0);
#4073=AXIS2_PLACEMENT_3D('',#4698,#4699,#4700);
#4074=CARTESIAN_POINT('',(2.14499999999998,5.04999999999999,1.91));
#4075=AXIS2_PLACEMENT_3D('',#4701,#4702,#4703);
#4076=CARTESIAN_POINT('',(2.14499999999998,6.6,1.91));
#4077=VECTOR('',#4704,1.0);
#4078=CARTESIAN_POINT('',(2.14499999999998,5.04999999999999,2.16));
#4079=AXIS2_PLACEMENT_3D('',#4705,#4706,#4707);
#4080=CARTESIAN_POINT('',(2.14499999999998,6.6,2.16));
#4081=VECTOR('',#4708,1.0);
#4082=CARTESIAN_POINT('',(1.925,6.14999999999999,2.16));
#4083=CARTESIAN_POINT('',(1.925,5.04999999999999,2.16));
#4084=CARTESIAN_POINT('',(1.92499999999999,6.14999999999999,2.16));
#4085=VECTOR('',#4709,1.0);
#4086=CARTESIAN_POINT('',(2.14499999999998,6.14999999999999,2.16));
#4087=CARTESIAN_POINT('',(1.925,6.14999999999999,2.16));
#4088=VECTOR('',#4710,1.0);
#4089=CARTESIAN_POINT('',(2.14499999999998,7.3,2.16));
#4090=CARTESIAN_POINT('',(2.14499999999998,6.6,2.16));
#4091=VECTOR('',#4711,1.0);
#4092=CARTESIAN_POINT('',(1.47499999999999,7.3,2.16));
#4093=CARTESIAN_POINT('',(2.14499999999998,7.3,2.16));
#4094=VECTOR('',#4712,1.0);
#4095=CARTESIAN_POINT('',(1.47499999999999,6.6,2.16));
#4096=VECTOR('',#4713,1.0);
#4097=CARTESIAN_POINT('',(1.925,5.04999999999999,2.16));
#4098=VECTOR('',#4714,1.0);
#4099=CARTESIAN_POINT('',(1.47499999999999,7.3,1.91));
#4100=CARTESIAN_POINT('',(1.47499999999999,7.3,2.16));
#4101=VECTOR('',#4715,1.0);
#4102=CARTESIAN_POINT('',(1.47499999999999,6.6,1.91));
#4103=VECTOR('',#4716,1.0);
#4104=CARTESIAN_POINT('',(1.925,5.04999999999999,1.91));
#4105=CARTESIAN_POINT('',(1.47499999999999,5.04999999999999,1.91));
#4106=VECTOR('',#4717,1.0);
#4107=CARTESIAN_POINT('',(2.14499999999998,7.3,1.91));
#4108=CARTESIAN_POINT('',(1.47499999999999,7.3,1.91));
#4109=VECTOR('',#4718,1.0);
#4110=CARTESIAN_POINT('',(2.14499999999998,6.14999999999999,1.91));
#4111=CARTESIAN_POINT('',(2.14499999999998,6.6,1.91));
#4112=VECTOR('',#4719,1.0);
#4113=CARTESIAN_POINT('',(1.925,6.14999999999999,1.91));
#4114=CARTESIAN_POINT('',(1.47499999999999,6.14999999999999,1.91));
#4115=VECTOR('',#4720,1.0);
#4116=CARTESIAN_POINT('',(1.925,6.6,1.91));
#4117=VECTOR('',#4721,1.0);
#4118=AXIS2_PLACEMENT_3D('',#4722,#4723,#4724);
#4119=AXIS2_PLACEMENT_3D('',#4725,#4726,#4727);
#4120=AXIS2_PLACEMENT_3D('',#4728,#4729,#4730);
#4121=CARTESIAN_POINT('',(2.72499999999998,6.6,-0.0599999999999994));
#4122=VECTOR('',#4731,1.0);
#4123=CARTESIAN_POINT('',(3.37499999999999,6.6,-0.0600000000000008));
#4124=VECTOR('',#4732,1.0);
#4125=CARTESIAN_POINT('',(3.37499999999999,6.6,0.189999999999999));
#4126=VECTOR('',#4733,1.0);
#4127=CARTESIAN_POINT('',(2.75499999999999,6.6,0.189999999999999));
#4128=VECTOR('',#4734,1.0);
#4129=AXIS2_PLACEMENT_3D('',#4735,#4736,#4737);
#4130=AXIS2_PLACEMENT_3D('',#4738,#4739,#4740);
#4131=CARTESIAN_POINT('',(2.14499999999998,7.3,1.69));
#4132=VECTOR('',#4741,1.0);
#4133=CARTESIAN_POINT('',(0.0999999999999998,6.6,0.27));
#4134=VECTOR('',#4742,1.0);
#4135=CARTESIAN_POINT('',(0.100000000000007,8.62999999999999,2.1));
#4136=VECTOR('',#4743,1.0);
#4137=CARTESIAN_POINT('',(1.925,5.04999999999999,2.16));
#4138=VECTOR('',#4744,1.0);
#4139=CARTESIAN_POINT('',(1.92499999999999,5.04999999999999,0.57));
#4140=VECTOR('',#4745,1.0);
#4141=CARTESIAN_POINT('',(1.925,6.14999999999999,0.57));
#4142=VECTOR('',#4746,1.0);
#4143=CARTESIAN_POINT('',(1.925,6.14999999999999,0.57));
#4144=VECTOR('',#4747,1.0);
#4145=CARTESIAN_POINT('',(-4.57499999999999,6.6,0.27));
#4146=CARTESIAN_POINT('',(-4.57499999999999,6.6,0.27));
#4147=VECTOR('',#4748,1.0);
#4148=CARTESIAN_POINT('',(-4.32499999999999,6.6,0.27));
#4149=CARTESIAN_POINT('',(-4.32499999999999,6.6,0.27));
#4150=VECTOR('',#4749,1.0);
#4151=CARTESIAN_POINT('',(-4.33117262664968,6.6,0.27));
#4152=CARTESIAN_POINT('',(-2.10000000000009,6.6,0.27));
#4153=VECTOR('',#4750,1.0);
#4154=CARTESIAN_POINT('',(-2.10000000000009,6.6,0.27));
#4155=VECTOR('',#4751,1.0);
#4156=CARTESIAN_POINT('',(-4.32499999999999,8.62999999999999,2.1));
#4157=CARTESIAN_POINT('',(-4.32499999999999,10.6,2.1));
#4158=VECTOR('',#4752,1.0);
#4159=CARTESIAN_POINT('',(-4.32499999999999,8.62999999999999,2.14));
#4160=CARTESIAN_POINT('',(-4.32499999999999,8.62999999999999,2.1));
#4161=VECTOR('',#4753,1.0);
#4162=CARTESIAN_POINT('',(-4.32499999999999,8.62999999999999,2.14));
#4163=VECTOR('',#4754,1.0);
#4164=CARTESIAN_POINT('',(-4.32499999999999,7.69999999999999,1.69));
#4165=CARTESIAN_POINT('',(-4.32499999999999,7.69999999999999,2.29));
#4166=VECTOR('',#4755,1.0);
#4167=CARTESIAN_POINT('',(-4.32499999999999,7.3,1.69));
#4168=CARTESIAN_POINT('',(-4.32499999999999,7.69999999999999,1.69));
#4169=VECTOR('',#4756,1.0);
#4170=CARTESIAN_POINT('',(-4.32499999999998,7.3,1.73));
#4171=CARTESIAN_POINT('',(-4.32499999999999,7.3,1.73));
#4172=VECTOR('',#4757,1.0);
#4173=CARTESIAN_POINT('',(-4.32499999999999,6.14999999999999,1.73));
#4174=CARTESIAN_POINT('',(-4.32499999999998,6.6,1.73));
#4175=VECTOR('',#4758,1.0);
#4176=CARTESIAN_POINT('',(-4.32499999999999,6.14999999999999,0.57));
#4177=CARTESIAN_POINT('',(-4.32499999999999,6.14999999999999,1.73));
#4178=VECTOR('',#4759,1.0);
#4179=CARTESIAN_POINT('',(-4.32499999999999,5.04999999999999,0.57));
#4180=CARTESIAN_POINT('',(-4.32499999999999,6.6,0.57));
#4181=VECTOR('',#4760,1.0);
#4182=CARTESIAN_POINT('',(-4.32499999999999,5.04999999999999,1.73));
#4183=CARTESIAN_POINT('',(-4.32499999999999,5.04999999999999,1.73));
#4184=VECTOR('',#4761,1.0);
#4185=CARTESIAN_POINT('',(-4.32499999999998,4.0,1.73));
#4186=CARTESIAN_POINT('',(-4.32499999999998,6.6,1.73));
#4187=VECTOR('',#4762,1.0);
#4188=CARTESIAN_POINT('',(-4.32499999999999,4.0,0.340000000000001));
#4189=CARTESIAN_POINT('',(-4.32499999999999,4.0,1.73));
#4190=VECTOR('',#4763,1.0);
#4191=CARTESIAN_POINT('',(-4.32499999999999,6.6,0.340000000000001));
#4192=CARTESIAN_POINT('',(-4.32499999999999,6.6,0.340000000000001));
#4193=VECTOR('',#4764,1.0);
#4194=CARTESIAN_POINT('',(-4.32499999999999,6.6,1.69));
#4195=VECTOR('',#4765,1.0);
#4196=CARTESIAN_POINT('',(-4.57499999999999,6.6,0.37));
#4197=CARTESIAN_POINT('',(-4.57499999999999,6.6,1.69));
#4198=VECTOR('',#4766,1.0);
#4199=CARTESIAN_POINT('',(-4.57499999999999,4.0,0.37));
#4200=CARTESIAN_POINT('',(-4.57499999999999,6.6,0.37));
#4201=VECTOR('',#4767,1.0);
#4202=CARTESIAN_POINT('',(-4.57499999999999,4.0,1.73));
#4203=CARTESIAN_POINT('',(-4.57499999999999,4.0,0.37));
#4204=VECTOR('',#4768,1.0);
#4205=CARTESIAN_POINT('',(-4.57499999999999,5.04999999999999,1.73));
#4206=CARTESIAN_POINT('',(-4.57499999999999,6.6,1.73));
#4207=VECTOR('',#4769,1.0);
#4208=CARTESIAN_POINT('',(-4.57499999999999,5.04999999999999,0.57));
#4209=CARTESIAN_POINT('',(-4.57499999999999,5.04999999999999,2.16));
#4210=VECTOR('',#4770,1.0);
#4211=CARTESIAN_POINT('',(-4.57499999999999,6.14999999999999,0.57));
#4212=CARTESIAN_POINT('',(-4.57499999999999,5.04999999999999,0.57));
#4213=VECTOR('',#4771,1.0);
#4214=CARTESIAN_POINT('',(-4.57499999999999,6.14999999999999,1.73));
#4215=CARTESIAN_POINT('',(-4.57499999999999,6.14999999999999,0.57));
#4216=VECTOR('',#4772,1.0);
#4217=CARTESIAN_POINT('',(-4.57499999999999,7.3,1.73));
#4218=CARTESIAN_POINT('',(-4.57499999999999,6.6,1.73));
#4219=VECTOR('',#4773,1.0);
#4220=CARTESIAN_POINT('',(-4.57499999999999,7.3,1.69));
#4221=CARTESIAN_POINT('',(-4.57499999999999,7.3,0.37));
#4222=VECTOR('',#4774,1.0);
#4223=CARTESIAN_POINT('',(-4.57499999999998,7.69999999999999,1.69));
#4224=CARTESIAN_POINT('',(-4.57499999999999,7.69999999999999,1.69));
#4225=VECTOR('',#4775,1.0);
#4226=CARTESIAN_POINT('',(-4.57499999999998,7.69999999999999,2.29));
#4227=VECTOR('',#4776,1.0);
#4228=CARTESIAN_POINT('',(-4.57499999999999,8.62999999999999,2.14));
#4229=CARTESIAN_POINT('',(-4.57499999999998,8.62999999999999,2.14));
#4230=VECTOR('',#4777,1.0);
#4231=CARTESIAN_POINT('',(-4.57499999999999,8.62999999999999,2.1));
#4232=CARTESIAN_POINT('',(-4.57499999999999,8.62999999999999,2.1));
#4233=VECTOR('',#4778,1.0);
#4234=CARTESIAN_POINT('',(-4.57499999999998,10.6,2.1));
#4235=VECTOR('',#4779,1.0);
#4236=CARTESIAN_POINT('',(-2.10000000000009,8.62999999999999,2.14));
#4237=VECTOR('',#4780,1.0);
#4238=CARTESIAN_POINT('',(-2.10000000000009,7.69999999999999,1.69));
#4239=VECTOR('',#4781,1.0);
#4240=AXIS2_PLACEMENT_3D('',#4782,#4783,#4784);
#4241=CARTESIAN_POINT('',(-4.72499999999998,6.6,-0.0599999999999993));
#4242=AXIS2_PLACEMENT_3D('',#4785,#4786,#4787);
#4243=CARTESIAN_POINT('',(-5.37499999999999,6.6,-0.0600000000000008));
#4244=CARTESIAN_POINT('',(-4.72499999999998,6.6,-0.0600000000000006));
#4245=VECTOR('',#4788,1.0);
#4246=CARTESIAN_POINT('',(-5.37499999999999,6.6,0.189999999999999));
#4247=CARTESIAN_POINT('',(-5.37499999999999,6.6,-0.0600000000000008));
#4248=VECTOR('',#4789,1.0);
#4249=CARTESIAN_POINT('',(-4.75499999999999,6.6,0.189999999999999));
#4250=CARTESIAN_POINT('',(-5.37499999999999,6.6,0.189999999999999));
#4251=VECTOR('',#4790,1.0);
#4252=AXIS2_PLACEMENT_3D('',#4791,#4792,#4793);
#4253=AXIS2_PLACEMENT_3D('',#4794,#4795,#4796);
#4254=CARTESIAN_POINT('',(-4.75499999999999,4.0,0.189999999999999));
#4255=AXIS2_PLACEMENT_3D('',#4797,#4798,#4799);
#4256=CARTESIAN_POINT('',(-5.37499999999999,4.0,0.189999999999999));
#4257=CARTESIAN_POINT('',(-5.37499999999999,4.0,0.189999999999999));
#4258=VECTOR('',#4800,1.0);
#4259=CARTESIAN_POINT('',(-5.37499999999999,4.0,-0.0600000000000008));
#4260=CARTESIAN_POINT('',(-5.37499999999999,4.0,-0.0600000000000008));
#4261=VECTOR('',#4801,1.0);
#4262=CARTESIAN_POINT('',(-4.72499999999998,4.0,-0.0599999999999993));
#4263=CARTESIAN_POINT('',(-4.72499999999998,4.0,-0.0600000000000006));
#4264=VECTOR('',#4802,1.0);
#4265=AXIS2_PLACEMENT_3D('',#4803,#4804,#4805);
#4266=CARTESIAN_POINT('',(-4.14499999999998,4.0,1.91));
#4267=AXIS2_PLACEMENT_3D('',#4806,#4807,#4808);
#4268=CARTESIAN_POINT('',(-3.47499999999999,4.0,1.91));
#4269=CARTESIAN_POINT('',(-3.47499999999999,4.0,1.91));
#4270=VECTOR('',#4809,1.0);
#4271=CARTESIAN_POINT('',(-3.47499999999999,4.0,2.16));
#4272=CARTESIAN_POINT('',(-3.47499999999999,4.0,2.16));
#4273=VECTOR('',#4810,1.0);
#4274=CARTESIAN_POINT('',(-4.14499999999998,4.0,2.16));
#4275=CARTESIAN_POINT('',(-4.14499999999999,4.0,2.16));
#4276=VECTOR('',#4811,1.0);
#4277=AXIS2_PLACEMENT_3D('',#4812,#4813,#4814);
#4278=CARTESIAN_POINT('',(-4.14499999999998,5.04999999999999,1.91));
#4279=CARTESIAN_POINT('',(-3.92499999999999,5.04999999999999,1.91));
#4280=CARTESIAN_POINT('',(-3.47499999999999,5.04999999999999,1.91));
#4281=VECTOR('',#4815,1.0);
#4282=CARTESIAN_POINT('',(-3.92499999999999,6.14999999999999,1.91));
#4283=CARTESIAN_POINT('',(-3.92499999999999,6.6,1.91));
#4284=VECTOR('',#4816,1.0);
#4285=CARTESIAN_POINT('',(-4.14499999999998,6.14999999999999,1.91));
#4286=CARTESIAN_POINT('',(-3.47499999999999,6.14999999999999,1.91));
#4287=VECTOR('',#4817,1.0);
#4288=CARTESIAN_POINT('',(-4.14499999999998,7.3,1.91));
#4289=CARTESIAN_POINT('',(-4.14499999999998,6.6,1.91));
#4290=VECTOR('',#4818,1.0);
#4291=CARTESIAN_POINT('',(-3.47499999999999,7.3,1.91));
#4292=CARTESIAN_POINT('',(-3.47499999999999,7.3,1.91));
#4293=VECTOR('',#4819,1.0);
#4294=CARTESIAN_POINT('',(-3.47499999999999,6.6,1.91));
#4295=VECTOR('',#4820,1.0);
#4296=CARTESIAN_POINT('',(-4.14499999999998,6.6,1.91));
#4297=VECTOR('',#4821,1.0);
#4298=AXIS2_PLACEMENT_3D('',#4822,#4823,#4824);
#4299=AXIS2_PLACEMENT_3D('',#4825,#4826,#4827);
#4300=AXIS2_PLACEMENT_3D('',#4828,#4829,#4830);
#4301=CARTESIAN_POINT('',(-4.14499999999998,5.04999999999999,2.16));
#4302=AXIS2_PLACEMENT_3D('',#4831,#4832,#4833);
#4303=CARTESIAN_POINT('',(-4.14499999999998,6.6,2.16));
#4304=VECTOR('',#4834,1.0);
#4305=CARTESIAN_POINT('',(-4.14499999999998,6.14999999999999,2.16));
#4306=AXIS2_PLACEMENT_3D('',#4835,#4836,#4837);
#4307=CARTESIAN_POINT('',(-4.14499999999998,7.3,2.16));
#4308=CARTESIAN_POINT('',(-4.14499999999998,6.6,2.16));
#4309=VECTOR('',#4838,1.0);
#4310=AXIS2_PLACEMENT_3D('',#4839,#4840,#4841);
#4311=CARTESIAN_POINT('',(-4.14499999999998,7.3,1.69));
#4312=VECTOR('',#4842,1.0);
#4313=CARTESIAN_POINT('',(-3.47499999999999,7.3,2.16));
#4314=CARTESIAN_POINT('',(-4.14499999999998,7.3,2.16));
#4315=VECTOR('',#4843,1.0);
#4316=CARTESIAN_POINT('',(-3.47499999999999,7.3,2.16));
#4317=VECTOR('',#4844,1.0);
#4318=CARTESIAN_POINT('',(-3.47499999999999,6.6,2.16));
#4319=VECTOR('',#4845,1.0);
#4320=CARTESIAN_POINT('',(-4.72499999999998,6.6,-0.0599999999999993));
#4321=VECTOR('',#4846,1.0);
#4322=AXIS2_PLACEMENT_3D('',#4847,#4848,#4849);
#4323=CARTESIAN_POINT('',(-5.37499999999999,6.6,-0.0600000000000008));
#4324=VECTOR('',#4850,1.0);
#4325=CARTESIAN_POINT('',(-5.37499999999999,6.6,0.189999999999999));
#4326=VECTOR('',#4851,1.0);
#4327=CARTESIAN_POINT('',(-4.75499999999999,6.6,0.189999999999999));
#4328=VECTOR('',#4852,1.0);
#4329=CARTESIAN_POINT('',(-3.92499999999999,6.14999999999999,2.16));
#4330=CARTESIAN_POINT('',(-3.92499999999999,5.04999999999999,2.16));
#4331=CARTESIAN_POINT('',(-3.92499999999999,6.14999999999999,2.16));
#4332=VECTOR('',#4853,1.0);
#4333=CARTESIAN_POINT('',(-3.92499999999999,5.04999999999999,2.16));
#4334=VECTOR('',#4854,1.0);
#4335=CARTESIAN_POINT('',(-3.92499999999999,6.14999999999999,2.16));
#4336=VECTOR('',#4855,1.0);
#4337=CARTESIAN_POINT('',(-2.10000000000009,8.62999999999999,2.1));
#4338=VECTOR('',#4856,1.0);
#4339=CARTESIAN_POINT('',(-3.92499999999999,6.14999999999999,0.57));
#4340=VECTOR('',#4857,1.0);
#4341=CARTESIAN_POINT('',(-3.92499999999999,5.04999999999999,0.57));
#4342=VECTOR('',#4858,1.0);
#4343=CARTESIAN_POINT('',(-3.92499999999999,5.04999999999999,2.16));
#4344=VECTOR('',#4859,1.0);
#4345=CARTESIAN_POINT('',(-3.92499999999999,6.14999999999999,0.57));
#4346=VECTOR('',#4860,1.0);
#4347=CARTESIAN_POINT('',(-2.0,6.45,2.49));
#4348=CARTESIAN_POINT('',(-2.0,6.45,2.49));
#4349=VECTOR('',#4861,1.0);
#4350=CARTESIAN_POINT('',(-2.25,6.95,2.49));
#4351=CARTESIAN_POINT('',(-2.25,6.95,2.49));
#4352=VECTOR('',#4862,1.0);
#4353=CARTESIAN_POINT('',(-2.25,6.95,2.49));
#4354=VECTOR('',#4863,1.0);
#4355=CARTESIAN_POINT('',(-1.75,6.95,2.49));
#4356=CARTESIAN_POINT('',(-1.75,6.95,2.49));
#4357=VECTOR('',#4864,1.0);
#4358=CARTESIAN_POINT('',(-2.0,6.45,2.49));
#4359=VECTOR('',#4865,1.0);
#4360=CARTESIAN_POINT('',(-1.75,6.95,2.49));
#4361=VECTOR('',#4866,1.0);
#4362=DIRECTION('',(-1.69135877816157E-32,-1.0,2.71050543121377E-17));
#4363=DIRECTION('',(1.0,0.0,2.00778180089915E-16));
#4364=DIRECTION('',(0.0,-1.0,0.0));
#4365=DIRECTION('',(-1.0,0.0,-2.00778180089915E-16));
#4366=DIRECTION('',(1.0,0.0,0.0));
#4367=DIRECTION('',(6.24001250351369E-16,0.0,-1.0));
#4368=DIRECTION('',(0.0,0.0,-1.0));
#4369=DIRECTION('',(-1.0,0.0,1.95704363264531E-16));
#4370=DIRECTION('',(0.0,0.0,1.0));
#4371=DIRECTION('',(-1.0,0.0,-1.28132984021014E-15));
#4372=DIRECTION('',(0.0,0.0,-1.0));
#4373=DIRECTION('',(-1.0,0.0,0.0));
#4374=DIRECTION('',(3.87215061601979E-16,0.0,1.0));
#4375=DIRECTION('',(1.0,0.0,0.0));
#4376=DIRECTION('',(3.87215061601979E-16,0.0,-1.0));
#4377=DIRECTION('',(-1.0,0.0,0.0));
#4378=DIRECTION('',(0.0,0.0,1.0));
#4379=DIRECTION('',(-1.0,0.0,-1.28132984021014E-15));
#4380=DIRECTION('',(0.0,0.0,-1.0));
#4381=DIRECTION('',(-1.0,0.0,0.0));
#4382=DIRECTION('',(1.93607530800989E-16,0.0,1.0));
#4383=DIRECTION('',(1.0,0.0,0.0));
#4384=DIRECTION('',(1.93607530800989E-16,0.0,-1.0));
#4385=DIRECTION('',(-1.0,0.0,0.0));
#4386=DIRECTION('',(0.0,0.0,1.0));
#4387=DIRECTION('',(-1.0,0.0,-1.28132984021014E-15));
#4388=DIRECTION('',(0.0,0.0,-1.0));
#4389=DIRECTION('',(-1.0,0.0,3.91408726529064E-16));
#4390=DIRECTION('',(0.0,0.0,1.0));
#4391=DIRECTION('',(-1.0,0.0,4.0155636017983E-16));
#4392=DIRECTION('',(-3.12000625175685E-16,0.0,-1.0));
#4393=DIRECTION('',(-1.0,0.0,0.0));
#4394=DIRECTION('',(6.37765983815005E-16,0.0,1.0));
#4395=DIRECTION('',(-1.0,0.0,4.0155636017983E-16));
#4396=DIRECTION('',(-4.76572383510113E-16,0.0,-1.0));
#4397=DIRECTION('',(1.0,0.0,0.0));
#4398=DIRECTION('',(0.0,0.0,-1.0));
#4399=DIRECTION('',(-1.0,0.0,4.87281875274384E-16));
#4400=DIRECTION('',(0.0,0.0,-1.0));
#4401=DIRECTION('',(1.0,0.0,6.25931151125651E-16));
#4402=DIRECTION('',(0.0,0.0,1.0));
#4403=DIRECTION('',(-1.0,0.0,0.0));
#4404=DIRECTION('',(0.0,0.0,1.0));
#4405=DIRECTION('',(1.0,0.0,0.0));
#4406=DIRECTION('',(0.0,0.0,1.0));
#4407=DIRECTION('',(-1.0,0.0,-2.00778180089915E-16));
#4408=DIRECTION('',(-1.27553196763001E-15,0.0,1.0));
#4409=DIRECTION('',(0.0,0.0,1.0));
#4410=DIRECTION('',(0.0,1.0,0.0));
#4411=DIRECTION('',(0.0,0.0,-1.0));
#4412=DIRECTION('',(0.0,-1.0,0.0));
#4413=DIRECTION('',(0.0,1.0,0.0));
#4414=DIRECTION('',(0.0,0.0,-1.0));
#4415=DIRECTION('',(0.0,1.0,0.0));
#4416=DIRECTION('',(0.0,0.0,1.0));
#4417=DIRECTION('',(0.0,-1.0,0.0));
#4418=DIRECTION('',(0.0,-1.0,0.0));
#4419=DIRECTION('',(1.0,0.0,0.0));
#4420=DIRECTION('',(0.0,1.0,0.0));
#4421=DIRECTION('',(-1.0,0.0,0.0));
#4422=DIRECTION('',(1.0,0.0,0.0));
#4423=DIRECTION('',(0.0,1.0,0.0));
#4424=DIRECTION('',(-1.0,0.0,0.0));
#4425=DIRECTION('',(0.0,-1.0,0.0));
#4426=DIRECTION('',(-1.0,0.0,0.0));
#4427=DIRECTION('',(0.0,-1.0,0.0));
#4428=DIRECTION('',(-1.0,0.0,0.0));
#4429=DIRECTION('',(1.0,0.0,0.0));
#4430=DIRECTION('',(2.89120579329469E-16,-1.0,0.0));
#4431=DIRECTION('',(-1.0,0.0,0.0));
#4432=DIRECTION('',(0.0,-1.0,2.71050543121377E-17));
#4433=DIRECTION('',(1.0,0.0,-4.0155636017983E-16));
#4434=DIRECTION('',(0.0,-1.0,0.0));
#4435=DIRECTION('',(0.0,1.0,0.0));
#4436=DIRECTION('',(-1.0,0.0,0.0));
#4437=DIRECTION('',(0.0,1.0,0.0));
#4438=DIRECTION('',(0.0,1.0,0.0));
#4439=DIRECTION('',(-1.0,0.0,0.0));
#4440=DIRECTION('',(0.0,1.0,0.0));
#4441=DIRECTION('',(1.0,6.14551703114814E-16,-6.14551703114818E-16));
#4442=DIRECTION('',(0.0,1.0,0.0));
#4443=DIRECTION('',(1.0,0.0,-6.14551703114818E-16));
#4444=DIRECTION('',(0.0,1.0,0.0));
#4445=DIRECTION('',(1.0,6.14551703114814E-16,-6.14551703114818E-16));
#4446=DIRECTION('',(0.0,1.0,0.0));
#4447=DIRECTION('',(1.0,0.0,-6.14551703114818E-16));
#4448=DIRECTION('',(0.0,-1.0,0.0));
#4449=DIRECTION('',(1.0,0.0,0.0));
#4450=DIRECTION('',(0.0,1.0,0.0));
#4451=DIRECTION('',(1.0,-1.44038411362696E-14,0.0));
#4452=DIRECTION('',(1.5770213417971E-15,-1.0,0.0));
#4453=DIRECTION('',(1.0,4.33680868994201E-15,0.0));
#4454=DIRECTION('',(0.0,1.0,0.0));
#4455=DIRECTION('',(1.0,0.0,-3.2046589484567E-16));
#4456=DIRECTION('',(0.0,-1.0,0.0));
#4457=DIRECTION('',(1.0,0.0,0.0));
#4458=DIRECTION('',(0.0,-1.0,0.0));
#4459=DIRECTION('',(1.0,0.0,-6.14551703114818E-16));
#4460=DIRECTION('',(0.0,1.0,0.0));
#4461=DIRECTION('',(0.0,0.0,-1.0));
#4462=DIRECTION('',(1.0,0.0,0.0));
#4463=DIRECTION('',(0.0,0.0,-1.0));
#4464=DIRECTION('',(0.0,0.0,-1.0));
#4465=DIRECTION('',(-1.0,0.0,-3.81857368925712E-16));
#4466=DIRECTION('',(0.0,0.0,1.0));
#4467=DIRECTION('',(0.0,0.0,-1.0));
#4468=DIRECTION('',(1.0,0.0,0.0));
#4469=DIRECTION('',(0.0,0.0,-1.0));
#4470=DIRECTION('',(0.0,1.0,0.0));
#4471=DIRECTION('',(1.0,0.0,-1.39000278523783E-16));
#4472=DIRECTION('',(0.0,1.0,0.0));
#4473=DIRECTION('',(0.0,1.0,0.0));
#4474=DIRECTION('',(1.0,4.33680868994201E-15,1.28132984021014E-15));
#4475=DIRECTION('',(0.0,1.0,0.0));
#4476=DIRECTION('',(0.0,1.0,0.0));
#4477=DIRECTION('',(1.0,0.0,-6.95001392618914E-16));
#4478=DIRECTION('',(0.0,1.0,0.0));
#4479=DIRECTION('',(0.0,1.0,0.0));
#4480=DIRECTION('',(-1.0,0.0,0.0));
#4481=DIRECTION('',(0.0,1.0,0.0));
#4482=DIRECTION('',(0.0,1.0,0.0));
#4483=DIRECTION('',(-1.0,0.0,0.0));
#4484=DIRECTION('',(0.0,1.0,0.0));
#4485=DIRECTION('',(0.0,-1.0,0.0));
#4486=DIRECTION('',(0.0,1.0,0.0));
#4487=DIRECTION('',(-1.0,1.44038411362696E-14,3.91408726529064E-16));
#4488=DIRECTION('',(1.0,0.0,-4.0155636017983E-16));
#4489=DIRECTION('',(0.0,0.0,1.0));
#4490=DIRECTION('',(0.0,0.0,-1.0));
#4491=DIRECTION('',(-1.0,0.0,4.17000835571339E-16));
#4492=DIRECTION('',(0.0,0.0,-1.0));
#4493=DIRECTION('',(1.0,0.0,-4.0155636017983E-16));
#4494=DIRECTION('',(1.0,0.0,2.00778180089915E-16));
#4495=DIRECTION('',(0.0,0.0,-1.0));
#4496=DIRECTION('',(0.0,0.0,1.0));
#4497=DIRECTION('',(1.0,0.0,2.00778180089915E-16));
#4498=DIRECTION('',(0.0,1.0,0.0));
#4499=DIRECTION('',(-1.0,0.0,3.91408726529064E-16));
#4500=DIRECTION('',(0.0,1.0,0.0));
#4501=DIRECTION('',(0.0,0.0,-1.0));
#4502=DIRECTION('',(0.0,-1.0,0.0));
#4503=DIRECTION('',(0.0,0.0,1.0));
#4504=DIRECTION('',(1.44560289664735E-16,1.0,0.0));
#4505=DIRECTION('',(0.0,-1.0,0.0));
#4506=DIRECTION('',(4.76572383510113E-16,0.0,1.0));
#4507=DIRECTION('',(1.0,0.0,-6.95001392618897E-16));
#4508=DIRECTION('',(-1.0,0.0,-3.81857368925712E-16));
#4509=DIRECTION('',(0.0,0.0,1.0));
#4510=DIRECTION('',(-1.0,0.0,0.0));
#4511=DIRECTION('',(0.0,0.0,-1.0));
#4512=DIRECTION('',(-1.0,0.0,-3.81857368925712E-16));
#4513=DIRECTION('',(0.0,-1.0,0.0));
#4514=DIRECTION('',(4.76572383510113E-16,0.0,1.0));
#4515=DIRECTION('',(0.0,-1.0,0.0));
#4516=DIRECTION('',(4.76572383510113E-16,0.0,1.0));
#4517=DIRECTION('',(0.0,-1.0,0.0));
#4518=DIRECTION('',(0.0,1.0,0.0));
#4519=DIRECTION('',(0.0,0.0,-1.0));
#4520=DIRECTION('',(0.0,0.0,-1.0));
#4521=DIRECTION('',(1.0,-3.4694469519536E-15,6.25931151125651E-16));
#4522=DIRECTION('',(0.0,1.0,0.0));
#4523=DIRECTION('',(0.0,1.0,0.0));
#4524=DIRECTION('',(1.0,0.0,6.25931151125651E-16));
#4525=DIRECTION('',(2.40410046942438E-15,1.0,1.50480137424852E-30));
#4526=DIRECTION('',(1.0,-2.25288763113871E-15,6.25931151125651E-16));
#4527=DIRECTION('',(-5.65670698688089E-16,-1.0,-3.54070911587887E-31));
#4528=DIRECTION('',(0.44721359549996,-0.894427190999915,0.0));
#4529=DIRECTION('',(-1.0,0.0,0.0));
#4530=DIRECTION('',(0.447213595499958,0.894427190999916,0.0));
#4531=DIRECTION('',(2.01712032090326E-16,-1.0,0.0));
#4532=DIRECTION('',(-1.0,3.4694469519536E-15,0.0));
#4533=DIRECTION('',(5.65670698688089E-16,1.0,0.0));
#4534=DIRECTION('',(-1.0,2.25288763113871E-15,0.0));
#4535=DIRECTION('',(-2.40410046942438E-15,-1.0,0.0));
#4536=DIRECTION('',(-1.0,0.0,0.0));
#4537=DIRECTION('',(2.62225641717424E-15,1.0,0.0));
#4538=DIRECTION('',(0.0,0.0,-1.0));
#4539=DIRECTION('',(0.0,0.0,-1.0));
#4540=DIRECTION('',(0.0,1.0,0.0));
#4541=DIRECTION('',(-1.0,0.0,0.0));
#4542=DIRECTION('',(0.0,-1.0,0.0));
#4543=DIRECTION('',(1.0,0.0,0.0));
#4544=DIRECTION('',(0.0,1.0,0.0));
#4545=DIRECTION('',(1.0,0.0,0.0));
#4546=DIRECTION('',(0.0,-1.0,0.0));
#4547=DIRECTION('',(0.0,0.0,1.0));
#4548=DIRECTION('',(0.0,-1.0,0.0));
#4549=DIRECTION('',(0.0,0.0,1.0));
#4550=DIRECTION('',(0.0,0.0,-1.0));
#4551=DIRECTION('',(0.0,-1.0,0.0));
#4552=DIRECTION('',(0.0,0.0,1.0));
#4553=DIRECTION('',(0.0,0.0,-1.0));
#4554=DIRECTION('',(0.0,0.0,-1.0));
#4555=DIRECTION('',(0.0,0.0,-1.0));
#4556=DIRECTION('',(0.0,0.0,-1.0));
#4557=DIRECTION('',(0.0,0.0,-1.0));
#4558=DIRECTION('',(0.0,0.0,1.0));
#4559=DIRECTION('',(0.0,-1.0,0.0));
#4560=DIRECTION('',(0.0,0.0,1.0));
#4561=DIRECTION('',(-1.0,0.0,0.0));
#4562=DIRECTION('',(0.0,-1.0,0.0));
#4563=DIRECTION('',(-1.0,0.0,4.87281875274384E-16));
#4564=DIRECTION('',(0.0,0.0,-1.0));
#4565=DIRECTION('',(0.0,-1.0,0.0));
#4566=DIRECTION('',(1.0,0.0,-4.17000835571339E-16));
#4567=DIRECTION('',(1.0,0.0,-4.17000835571339E-16));
#4568=DIRECTION('',(0.0,-1.0,0.0));
#4569=DIRECTION('',(0.0,-1.0,2.71050543121377E-17));
#4570=DIRECTION('',(8.45679389080785E-33,-1.0,2.71050543121377E-17));
#4571=DIRECTION('',(0.0,0.0,-1.0));
#4572=DIRECTION('',(0.0,1.0,0.0));
#4573=DIRECTION('',(0.0,1.0,0.0));
#4574=DIRECTION('',(0.0,1.0,0.0));
#4575=DIRECTION('',(0.0,0.0,1.0));
#4576=DIRECTION('',(-1.0,0.0,0.0));
#4577=DIRECTION('',(-1.0,0.0,5.56001114095131E-16));
#4578=DIRECTION('',(0.0,0.707106781186545,-0.70710678118655));
#4579=CARTESIAN_POINT('',(-0.25,11.359999999,0.83999999999996));
#4580=DIRECTION('',(-1.0,0.0,0.0));
#4581=DIRECTION('',(0.0,0.0,-1.0));
#4582=DIRECTION('',(0.0,-1.0,-2.86994692716751E-15));
#4583=DIRECTION('',(0.0,0.0,1.0));
#4584=DIRECTION('',(0.0,0.707106781186545,0.70710678118655));
#4585=DIRECTION('',(0.0,1.0,7.22801448323669E-17));
#4586=DIRECTION('',(0.0,0.707106781186545,-0.70710678118655));
#4587=DIRECTION('',(0.0,1.0,7.22801448323669E-17));
#4588=DIRECTION('',(0.0,0.707106781186545,0.70710678118655));
#4589=DIRECTION('',(0.0,0.0,1.0));
#4590=DIRECTION('',(0.0,-1.0,-2.86994692716751E-15));
#4591=CARTESIAN_POINT('',(0.25,11.359999999,0.83999999999996));
#4592=DIRECTION('',(-1.0,0.0,0.0));
#4593=DIRECTION('',(0.0,0.0,-1.0));
#4594=DIRECTION('',(-1.0,0.0,0.0));
#4595=DIRECTION('',(-1.0,0.0,0.0));
#4596=DIRECTION('',(-1.0,0.0,0.0));
#4597=DIRECTION('',(-1.0,0.0,0.0));
#4598=DIRECTION('',(-1.0,0.0,0.0));
#4599=DIRECTION('',(-1.93607530800989E-16,0.0,-1.0));
#4600=DIRECTION('',(-1.0,0.0,0.0));
#4601=DIRECTION('',(-1.93607530800989E-16,0.0,1.0));
#4602=DIRECTION('',(0.0,1.0,0.0));
#4603=DIRECTION('',(0.0,0.0,-1.0));
#4604=DIRECTION('',(0.0,1.0,0.0));
#4605=DIRECTION('',(0.0,1.0,0.0));
#4606=DIRECTION('',(0.0,1.0,0.0));
#4607=DIRECTION('',(0.0,0.0,1.0));
#4608=DIRECTION('',(-1.0,0.0,0.0));
#4609=DIRECTION('',(-1.0,0.0,0.0));
#4610=DIRECTION('',(0.0,0.707106781186545,-0.70710678118655));
#4611=CARTESIAN_POINT('',(-2.25,11.359999999,0.83999999999996));
#4612=DIRECTION('',(-1.0,0.0,0.0));
#4613=DIRECTION('',(0.0,0.0,-1.0));
#4614=DIRECTION('',(0.0,-1.0,-2.86994692716751E-15));
#4615=DIRECTION('',(0.0,0.0,1.0));
#4616=DIRECTION('',(0.0,0.707106781186545,0.70710678118655));
#4617=DIRECTION('',(0.0,1.0,7.22801448323669E-17));
#4618=DIRECTION('',(0.0,0.707106781186545,-0.70710678118655));
#4619=DIRECTION('',(0.0,1.0,7.22801448323669E-17));
#4620=DIRECTION('',(0.0,0.707106781186545,0.70710678118655));
#4621=DIRECTION('',(0.0,0.0,1.0));
#4622=DIRECTION('',(0.0,-1.0,-2.86994692716751E-15));
#4623=CARTESIAN_POINT('',(-1.75,11.359999999,0.83999999999996));
#4624=DIRECTION('',(-1.0,0.0,0.0));
#4625=DIRECTION('',(0.0,0.0,-1.0));
#4626=DIRECTION('',(-1.0,0.0,0.0));
#4627=DIRECTION('',(-1.0,0.0,0.0));
#4628=DIRECTION('',(-1.0,0.0,0.0));
#4629=DIRECTION('',(-1.0,0.0,0.0));
#4630=DIRECTION('',(-1.0,0.0,0.0));
#4631=DIRECTION('',(-3.87215061601979E-16,0.0,-1.0));
#4632=DIRECTION('',(-1.0,0.0,0.0));
#4633=DIRECTION('',(-3.87215061601979E-16,0.0,1.0));
#4634=DIRECTION('',(0.0,1.0,0.0));
#4635=DIRECTION('',(0.0,-1.0,0.0));
#4636=DIRECTION('',(-8.45679389080785E-33,1.0,-2.71050543121377E-17));
#4637=DIRECTION('',(-3.12000625175685E-16,0.0,-1.0));
#4638=DIRECTION('',(0.0,-1.0,0.0));
#4639=DIRECTION('',(-3.12000625175685E-16,0.0,-1.0));
#4640=DIRECTION('',(0.0,-1.0,0.0));
#4641=DIRECTION('',(3.12000625175685E-16,0.0,1.0));
#4642=DIRECTION('',(-3.07519777847557E-32,-1.0,-9.85638338623186E-17));
#4643=DIRECTION('',(-3.12000625175685E-16,0.0,-1.0));
#4644=DIRECTION('',(0.0,-1.0,0.0));
#4645=DIRECTION('',(3.18882991907501E-16,0.0,1.0));
#4646=DIRECTION('',(0.0,-1.0,0.0));
#4647=DIRECTION('',(-3.12000625175685E-16,0.0,-1.0));
#4648=DIRECTION('',(1.55913717903075E-16,-0.8661855860486,0.499722453489577));
#4649=DIRECTION('',(3.12000625175685E-16,0.0,1.0));
#4650=DIRECTION('',(-4.62299403496357E-15,-1.0,0.0));
#4651=DIRECTION('',(0.0,0.0,1.0));
#4652=DIRECTION('',(-1.4448004525685E-15,-0.8661855860486,0.499722453489577));
#4653=DIRECTION('',(0.0,0.0,-1.0));
#4654=DIRECTION('',(0.0,-1.0,0.0));
#4655=DIRECTION('',(-6.37765983815004E-16,0.0,-1.0));
#4656=DIRECTION('',(0.0,-1.0,0.0));
#4657=DIRECTION('',(2.72755263518366E-16,0.0,1.0));
#4658=DIRECTION('',(2.75978734814492E-15,1.0,9.85638338623186E-17));
#4659=DIRECTION('',(-2.72755263518366E-16,0.0,-1.0));
#4660=DIRECTION('',(0.0,-1.0,0.0));
#4661=DIRECTION('',(6.37765983815005E-16,0.0,1.0));
#4662=DIRECTION('',(0.0,-1.0,0.0));
#4663=DIRECTION('',(0.0,0.0,-1.0));
#4664=DIRECTION('',(0.0,1.0,-2.71050543121377E-17));
#4665=DIRECTION('',(1.0,0.0,0.0));
#4666=DIRECTION('',(1.0,0.0,0.0));
#4667=CARTESIAN_POINT('',(2.75499999999999,6.6,0.37));
#4668=DIRECTION('',(-0.0,1.0,0.0));
#4669=DIRECTION('',(1.0,0.0,0.0));
#4670=DIRECTION('',(-1.0,0.0,4.80896124892765E-16));
#4671=DIRECTION('',(1.73472347597681E-15,0.0,1.0));
#4672=DIRECTION('',(1.0,0.0,-4.27425856460625E-16));
#4673=CARTESIAN_POINT('',(2.72499999999998,6.6,0.340000000000001));
#4674=DIRECTION('',(0.0,-1.0,0.0));
#4675=DIRECTION('',(0.0,0.0,-1.0));
#4676=DIRECTION('',(1.0,0.0,0.0));
#4677=CARTESIAN_POINT('',(2.75499999999999,6.6,0.37));
#4678=DIRECTION('',(-0.0,1.0,0.0));
#4679=DIRECTION('',(1.0,0.0,0.0));
#4680=CARTESIAN_POINT('',(2.75499999999999,4.0,0.37));
#4681=DIRECTION('',(-0.0,1.0,0.0));
#4682=DIRECTION('',(1.0,0.0,0.0));
#4683=CARTESIAN_POINT('',(2.14499999999998,4.0,1.73));
#4684=DIRECTION('',(0.0,-1.0,0.0));
#4685=DIRECTION('',(1.0,0.0,0.0));
#4686=DIRECTION('',(-1.0,0.0,5.82556391186241E-15));
#4687=DIRECTION('',(-1.73472347597681E-15,0.0,-1.0));
#4688=DIRECTION('',(1.0,0.0,-3.23642439547917E-16));
#4689=CARTESIAN_POINT('',(2.14499999999998,4.0,1.73));
#4690=DIRECTION('',(0.0,1.0,0.0));
#4691=DIRECTION('',(0.0,0.0,-1.0));
#4692=CARTESIAN_POINT('',(2.72499999999998,4.0,0.340000000000001));
#4693=DIRECTION('',(0.0,-1.0,0.0));
#4694=DIRECTION('',(0.0,0.0,-1.0));
#4695=DIRECTION('',(1.0,0.0,-4.27425856460625E-16));
#4696=DIRECTION('',(1.73472347597681E-15,0.0,1.0));
#4697=DIRECTION('',(-1.0,0.0,4.80896124892765E-16));
#4698=CARTESIAN_POINT('',(2.75499999999999,4.0,0.37));
#4699=DIRECTION('',(-0.0,1.0,0.0));
#4700=DIRECTION('',(1.0,0.0,0.0));
#4701=CARTESIAN_POINT('',(2.14499999999998,5.04999999999999,1.73));
#4702=DIRECTION('',(0.0,-1.0,0.0));
#4703=DIRECTION('',(0.0,0.0,-1.0));
#4704=DIRECTION('',(0.0,-1.0,0.0));
#4705=CARTESIAN_POINT('',(2.14499999999998,5.04999999999999,1.73));
#4706=DIRECTION('',(0.0,1.0,0.0));
#4707=DIRECTION('',(0.0,0.0,-1.0));
#4708=DIRECTION('',(0.0,-1.0,0.0));
#4709=DIRECTION('',(0.0,-1.0,0.0));
#4710=DIRECTION('',(1.0,0.0,0.0));
#4711=DIRECTION('',(0.0,-1.0,0.0));
#4712=DIRECTION('',(1.0,0.0,-5.8255639118625E-15));
#4713=DIRECTION('',(0.0,-1.0,0.0));
#4714=DIRECTION('',(1.0,0.0,0.0));
#4715=DIRECTION('',(1.73472347597681E-15,0.0,1.0));
#4716=DIRECTION('',(0.0,-1.0,0.0));
#4717=DIRECTION('',(-1.0,0.0,3.23642439547917E-16));
#4718=DIRECTION('',(-1.0,0.0,3.23642439547916E-16));
#4719=DIRECTION('',(0.0,-1.0,0.0));
#4720=DIRECTION('',(1.0,0.0,-3.23642439547917E-16));
#4721=DIRECTION('',(-2.75978734814492E-15,-1.0,8.93184309987098E-31));
#4722=CARTESIAN_POINT('',(2.14499999999998,6.14999999999999,1.73));
#4723=DIRECTION('',(0.0,1.0,0.0));
#4724=DIRECTION('',(0.0,0.0,1.0));
#4725=CARTESIAN_POINT('',(2.14499999999998,7.3,1.73));
#4726=DIRECTION('',(0.0,1.0,0.0));
#4727=DIRECTION('',(0.0,0.0,1.0));
#4728=CARTESIAN_POINT('',(2.72499999999998,6.6,0.340000000000001));
#4729=DIRECTION('',(0.0,-1.0,0.0));
#4730=DIRECTION('',(0.0,0.0,-1.0));
#4731=DIRECTION('',(0.0,-1.0,0.0));
#4732=DIRECTION('',(0.0,-1.0,0.0));
#4733=DIRECTION('',(0.0,-1.0,0.0));
#4734=DIRECTION('',(0.0,-1.0,0.0));
#4735=CARTESIAN_POINT('',(2.14499999999998,6.14999999999999,1.73));
#4736=DIRECTION('',(0.0,-1.0,0.0));
#4737=DIRECTION('',(0.0,0.0,1.0));
#4738=CARTESIAN_POINT('',(2.14499999999998,7.3,1.73));
#4739=DIRECTION('',(0.0,-1.0,0.0));
#4740=DIRECTION('',(0.0,0.0,1.0));
#4741=DIRECTION('',(1.0,0.0,0.0));
#4742=DIRECTION('',(1.0,0.0,0.0));
#4743=DIRECTION('',(1.0,0.0,0.0));
#4744=DIRECTION('',(2.72755263518366E-16,0.0,1.0));
#4745=DIRECTION('',(-1.0,0.0,0.0));
#4746=DIRECTION('',(-1.0,0.0,0.0));
#4747=DIRECTION('',(-2.72755263518366E-16,0.0,-1.0));
#4748=DIRECTION('',(0.0,1.0,-2.71050543121377E-17));
#4749=DIRECTION('',(1.69135877816157E-32,1.0,-2.71050543121377E-17));
#4750=DIRECTION('',(-1.0,0.0,0.0));
#4751=DIRECTION('',(-1.0,0.0,0.0));
#4752=DIRECTION('',(0.0,-1.0,0.0));
#4753=DIRECTION('',(-6.24001250351369E-16,0.0,1.0));
#4754=DIRECTION('',(-3.1182743580615E-16,-0.8661855860486,0.499722453489577));
#4755=DIRECTION('',(6.24001250351369E-16,0.0,-1.0));
#4756=DIRECTION('',(0.0,-1.0,0.0));
#4757=DIRECTION('',(0.0,0.0,1.0));
#4758=DIRECTION('',(0.0,-1.0,0.0));
#4759=DIRECTION('',(6.24001250351369E-16,0.0,-1.0));
#4760=DIRECTION('',(6.15039555695114E-32,-1.0,-9.85638338623186E-17));
#4761=DIRECTION('',(-6.24001250351369E-16,0.0,1.0));
#4762=DIRECTION('',(0.0,-1.0,0.0));
#4763=DIRECTION('',(6.24001250351369E-16,0.0,-1.0));
#4764=DIRECTION('',(0.0,-1.0,0.0));
#4765=DIRECTION('',(6.24001250351369E-16,0.0,-1.0));
#4766=DIRECTION('',(0.0,0.0,-1.0));
#4767=DIRECTION('',(0.0,-1.0,0.0));
#4768=DIRECTION('',(-1.27553196763001E-15,0.0,1.0));
#4769=DIRECTION('',(0.0,-1.0,0.0));
#4770=DIRECTION('',(-5.45510527036732E-16,0.0,-1.0));
#4771=DIRECTION('',(3.15404268359419E-15,1.0,9.85638338623186E-17));
#4772=DIRECTION('',(0.0,0.0,1.0));
#4773=DIRECTION('',(0.0,-1.0,0.0));
#4774=DIRECTION('',(1.27553196763001E-15,0.0,-1.0));
#4775=DIRECTION('',(0.0,-1.0,0.0));
#4776=DIRECTION('',(0.0,0.0,-1.0));
#4777=DIRECTION('',(-2.88960090513699E-15,-0.8661855860486,0.499722453489577));
#4778=DIRECTION('',(0.0,0.0,1.0));
#4779=DIRECTION('',(-4.40285146187007E-15,-1.0,0.0));
#4780=DIRECTION('',(-1.0,0.0,0.0));
#4781=DIRECTION('',(-1.0,0.0,0.0));
#4782=CARTESIAN_POINT('',(-4.75499999999999,6.6,0.37));
#4783=DIRECTION('',(0.0,-1.0,0.0));
#4784=DIRECTION('',(-1.0,0.0,3.01167270134862E-16));
#4785=CARTESIAN_POINT('',(-4.72499999999998,6.6,0.340000000000001));
#4786=DIRECTION('',(0.0,1.0,0.0));
#4787=DIRECTION('',(0.0,0.0,-1.0));
#4788=DIRECTION('',(-1.0,0.0,-4.27425856460626E-16));
#4789=DIRECTION('',(-3.46944695195361E-15,0.0,1.0));
#4790=DIRECTION('',(1.0,0.0,4.80896124892765E-16));
#4791=CARTESIAN_POINT('',(-4.75499999999999,6.6,0.37));
#4792=DIRECTION('',(0.0,-1.0,0.0));
#4793=DIRECTION('',(-1.0,0.0,3.01167270134862E-16));
#4794=CARTESIAN_POINT('',(-4.75499999999999,4.0,0.37));
#4795=DIRECTION('',(0.0,-1.0,0.0));
#4796=DIRECTION('',(-1.0,0.0,3.01167270134862E-16));
#4797=CARTESIAN_POINT('',(-4.75499999999999,4.0,0.37));
#4798=DIRECTION('',(0.0,-1.0,0.0));
#4799=DIRECTION('',(-1.0,0.0,3.01167270134862E-16));
#4800=DIRECTION('',(1.0,0.0,4.80896124892765E-16));
#4801=DIRECTION('',(-3.46944695195361E-15,0.0,1.0));
#4802=DIRECTION('',(-1.0,0.0,-4.27425856460626E-16));
#4803=CARTESIAN_POINT('',(-4.72499999999998,4.0,0.340000000000001));
#4804=DIRECTION('',(0.0,1.0,0.0));
#4805=DIRECTION('',(0.0,0.0,-1.0));
#4806=CARTESIAN_POINT('',(-4.14499999999998,4.0,1.73));
#4807=DIRECTION('',(0.0,-1.0,0.0));
#4808=DIRECTION('',(0.0,0.0,-1.0));
#4809=DIRECTION('',(-1.0,0.0,-3.23642439547917E-16));
#4810=DIRECTION('',(0.0,0.0,-1.0));
#4811=DIRECTION('',(1.0,0.0,5.8255639118624E-15));
#4812=CARTESIAN_POINT('',(-4.14499999999998,4.0,1.73));
#4813=DIRECTION('',(0.0,1.0,0.0));
#4814=DIRECTION('',(-1.0,0.0,0.0));
#4815=DIRECTION('',(1.0,0.0,3.23642439547917E-16));
#4816=DIRECTION('',(-3.15404268359419E-15,-1.0,-1.02078206855668E-30));
#4817=DIRECTION('',(-1.0,0.0,-3.23642439547917E-16));
#4818=DIRECTION('',(0.0,-1.0,0.0));
#4819=DIRECTION('',(1.0,0.0,3.23642439547916E-16));
#4820=DIRECTION('',(0.0,-1.0,0.0));
#4821=DIRECTION('',(0.0,-1.0,0.0));
#4822=CARTESIAN_POINT('',(-4.14499999999998,5.04999999999999,1.73));
#4823=DIRECTION('',(0.0,1.0,0.0));
#4824=DIRECTION('',(0.0,0.0,1.0));
#4825=CARTESIAN_POINT('',(-4.14499999999998,6.14999999999999,1.73));
#4826=DIRECTION('',(0.0,-1.0,0.0));
#4827=DIRECTION('',(0.0,0.0,-1.0));
#4828=CARTESIAN_POINT('',(-4.14499999999998,7.3,1.73));
#4829=DIRECTION('',(0.0,-1.0,0.0));
#4830=DIRECTION('',(0.0,0.0,-1.0));
#4831=CARTESIAN_POINT('',(-4.14499999999998,5.04999999999999,1.73));
#4832=DIRECTION('',(0.0,-1.0,0.0));
#4833=DIRECTION('',(0.0,0.0,1.0));
#4834=DIRECTION('',(0.0,-1.0,0.0));
#4835=CARTESIAN_POINT('',(-4.14499999999998,6.14999999999999,1.73));
#4836=DIRECTION('',(0.0,1.0,0.0));
#4837=DIRECTION('',(0.0,0.0,-1.0));
#4838=DIRECTION('',(0.0,-1.0,0.0));
#4839=CARTESIAN_POINT('',(-4.14499999999998,7.3,1.73));
#4840=DIRECTION('',(0.0,1.0,0.0));
#4841=DIRECTION('',(0.0,0.0,-1.0));
#4842=DIRECTION('',(-1.0,0.0,0.0));
#4843=DIRECTION('',(-1.0,0.0,-5.82556391186249E-15));
#4844=DIRECTION('',(0.0,0.0,1.0));
#4845=DIRECTION('',(0.0,-1.0,0.0));
#4846=DIRECTION('',(0.0,-1.0,0.0));
#4847=CARTESIAN_POINT('',(-4.72499999999998,6.6,0.340000000000001));
#4848=DIRECTION('',(0.0,1.0,0.0));
#4849=DIRECTION('',(0.0,0.0,-1.0));
#4850=DIRECTION('',(0.0,-1.0,0.0));
#4851=DIRECTION('',(0.0,-1.0,0.0));
#4852=DIRECTION('',(0.0,-1.0,0.0));
#4853=DIRECTION('',(0.0,-1.0,0.0));
#4854=DIRECTION('',(-1.0,0.0,0.0));
#4855=DIRECTION('',(-1.0,0.0,0.0));
#4856=DIRECTION('',(-1.0,0.0,0.0));
#4857=DIRECTION('',(1.0,0.0,0.0));
#4858=DIRECTION('',(1.0,0.0,0.0));
#4859=DIRECTION('',(5.45510527036732E-16,0.0,1.0));
#4860=DIRECTION('',(0.0,0.0,-1.0));
#4861=DIRECTION('',(0.0,0.0,-1.0));
#4862=DIRECTION('',(-0.44721359549996,0.894427190999915,0.0));
#4863=DIRECTION('',(0.0,0.0,-1.0));
#4864=DIRECTION('',(0.0,0.0,-1.0));
#4865=DIRECTION('',(-0.447213595499958,-0.894427190999916,0.0));
#4866=DIRECTION('',(1.0,0.0,0.0));
#4867=PRESENTATION_LAYER_ASSIGNMENT('1','Layer 1',(#25));
ENDSEC;
END-ISO-10303-21;
