ISO-10303-21;
HEADER;
FILE_DESCRIPTION(('STEP AP242'),'1');
FILE_NAME('5037630491.stp','2024-11-06T06:23:58',('TraceParts'),('TraceParts S.A.'),'Spatial InterOp 3D',' ',' ');
FILE_SCHEMA(('AP242_MANAGED_MODEL_BASED_3D_ENGINEERING_MIM_LF  {1 0 10303 442 1 1 4}'));
ENDSEC;
DATA;
#1=MECHANICAL_DESIGN_GEOMETRIC_PRESENTATION_REPRESENTATION(' ',(#10),#6);
#2=PRODUCT_DEFINITION_CONTEXT('',#11,'design');
#3=APPLICATION_PROTOCOL_DEFINITION('INTERNATIONAL STANDARD','ap242_managed_model_based_3d_engineering',2014,#11);
#4=PRODUCT_CATEGORY_RELATIONSHIP('NONE','NONE',#12,#13);
#5=SHAPE_DEFINITION_REPRESENTATION(#14,#15);
#6= (GEOMETRIC_REPRESENTATION_CONTEXT(3)GLOBAL_UNCERTAINTY_ASSIGNED_CONTEXT((#18))GLOBAL_UNIT_ASSIGNED_CONTEXT((#20,#21,#22))REPRESENTATION_CONTEXT('NONE','WORKSPACE'));
#10=STYLED_ITEM('',(#24),#25);
#11=APPLICATION_CONTEXT('managed model based 3d engineering');
#12=PRODUCT_CATEGORY('part','NONE');
#13=PRODUCT_RELATED_PRODUCT_CATEGORY('detail',' ',(#26));
#14=PRODUCT_DEFINITION_SHAPE('NONE','NONE',#27);
#15=ADVANCED_BREP_SHAPE_REPRESENTATION('5037630491',(#25,#28),#6);
#18=UNCERTAINTY_MEASURE_WITH_UNIT(LENGTH_MEASURE(1.0E-06),#20,'','');
#20= (CONVERSION_BASED_UNIT('MILLIMETRE',#31)LENGTH_UNIT()NAMED_UNIT(#34));
#21= (NAMED_UNIT(#36)PLANE_ANGLE_UNIT()SI_UNIT($,.RADIAN.));
#22= (NAMED_UNIT(#36)SOLID_ANGLE_UNIT()SI_UNIT($,.STERADIAN.));
#24=PRESENTATION_STYLE_ASSIGNMENT((#42));
#25=MANIFOLD_SOLID_BREP('5037630491',#43);
#26=PRODUCT('5037630491','','PART--DESC',(#44));
#27=PRODUCT_DEFINITION('','NONE',#45,#2);
#28=AXIS2_PLACEMENT_3D('',#46,#47,#48);
#31=LENGTH_MEASURE_WITH_UNIT(LENGTH_MEASURE(1.0),#49);
#34=DIMENSIONAL_EXPONENTS(1.0,0.0,0.0,0.0,0.0,0.0,0.0);
#36=DIMENSIONAL_EXPONENTS(0.0,0.0,0.0,0.0,0.0,0.0,0.0);
#42=SURFACE_STYLE_USAGE(.BOTH.,#50);
#43=CLOSED_SHELL('',(#51,#52,#53,#54,#55,#56,#57,#58,#59,#60,#61,#62,#63,#64,#65,#66,#67,#68,#69,#70,#71,#72,#73,#74,#75,#76,#77,#78,#79,#80,#81,#82,#83,#84,#85,#86,#87,#88,#89,#90,#91,#92,#93,#94,#95,#96,#97,#98,#99,#100,#101,#102,#103,#104,#105,#106,#107,#108,#109,#110,#111,#112,#113,#114,#115,#116,#117,#118,#119,#120,#121,#122,#123,#124,#125,#126,#127,#128,#129,#130,#131,#132,#133,#134,#135,#136,#137,#138,#139,#140,#141,#142,#143,#144,#145,#146,#147,#148,#149,#150,#151,#152,#153,#154,#155,#156,#157,#158,#159,#160,#161,#162,#163,#164,#165,#166,#167,#168,#169,#170,#171,#172,#173,#174,#175,#176,#177,#178,#179,#180,#181,#182,#183,#184,#185,#186,#187,#188,#189,#190,#191,#192,#193,#194,#195,#196,#197,#198,#199,#200,#201,#202,#203,#204,#205,#206,#207,#208,#209,#210,#211,#212,#213,#214,#215,#216,#217,#218,#219,#220,#221,#222,#223,#224,#225,#226,#227,#228,#229,#230,#231,#232,#233,#234,#235,#236,#237,#238,#239,#240,#241,#242,#243,#244,#245,#246,#247,#248,#249,#250));
#44=PRODUCT_CONTEXT('',#11,'mechanical');
#45=PRODUCT_DEFINITION_FORMATION_WITH_SPECIFIED_SOURCE(' ','NONE',#26,.NOT_KNOWN.);
#46=CARTESIAN_POINT('',(0.0,0.0,0.0));
#47=DIRECTION('',(0.0,0.0,1.0));
#48=DIRECTION('',(1.0,0.0,0.0));
#49= (NAMED_UNIT(#34)LENGTH_UNIT()SI_UNIT(.MILLI.,.METRE.));
#50=SURFACE_SIDE_STYLE('',(#252));
#51=ADVANCED_FACE('',(#253,#254,#255,#256,#257),#258,.F.);
#52=ADVANCED_FACE('',(#259),#260,.T.);
#53=ADVANCED_FACE('',(#261),#262,.F.);
#54=ADVANCED_FACE('',(#263),#264,.T.);
#55=ADVANCED_FACE('',(#265),#266,.T.);
#56=ADVANCED_FACE('',(#267),#268,.F.);
#57=ADVANCED_FACE('',(#269),#270,.T.);
#58=ADVANCED_FACE('',(#271),#272,.F.);
#59=ADVANCED_FACE('',(#273),#274,.F.);
#60=ADVANCED_FACE('',(#275),#276,.F.);
#61=ADVANCED_FACE('',(#277),#278,.F.);
#62=ADVANCED_FACE('',(#279),#280,.F.);
#63=ADVANCED_FACE('',(#281),#282,.F.);
#64=ADVANCED_FACE('',(#283),#284,.T.);
#65=ADVANCED_FACE('',(#285),#286,.T.);
#66=ADVANCED_FACE('',(#287),#288,.T.);
#67=ADVANCED_FACE('',(#289),#290,.T.);
#68=ADVANCED_FACE('',(#291),#292,.F.);
#69=ADVANCED_FACE('',(#293),#294,.T.);
#70=ADVANCED_FACE('',(#295,#296,#297),#298,.T.);
#71=ADVANCED_FACE('',(#299),#300,.F.);
#72=ADVANCED_FACE('',(#301),#302,.F.);
#73=ADVANCED_FACE('',(#303),#304,.F.);
#74=ADVANCED_FACE('',(#305),#306,.F.);
#75=ADVANCED_FACE('',(#307),#308,.F.);
#76=ADVANCED_FACE('',(#309),#310,.F.);
#77=ADVANCED_FACE('',(#311,#312),#313,.F.);
#78=ADVANCED_FACE('',(#314),#315,.F.);
#79=ADVANCED_FACE('',(#316,#317,#318,#319,#320),#321,.T.);
#80=ADVANCED_FACE('',(#322),#323,.F.);
#81=ADVANCED_FACE('',(#324),#325,.F.);
#82=ADVANCED_FACE('',(#326),#327,.F.);
#83=ADVANCED_FACE('',(#328),#329,.F.);
#84=ADVANCED_FACE('',(#330),#331,.F.);
#85=ADVANCED_FACE('',(#332),#333,.T.);
#86=ADVANCED_FACE('',(#334),#335,.T.);
#87=ADVANCED_FACE('',(#336),#337,.F.);
#88=ADVANCED_FACE('',(#338),#339,.F.);
#89=ADVANCED_FACE('',(#340),#341,.F.);
#90=ADVANCED_FACE('',(#342),#343,.F.);
#91=ADVANCED_FACE('',(#344),#345,.F.);
#92=ADVANCED_FACE('',(#346),#347,.F.);
#93=ADVANCED_FACE('',(#348),#349,.F.);
#94=ADVANCED_FACE('',(#350),#351,.F.);
#95=ADVANCED_FACE('',(#352),#353,.F.);
#96=ADVANCED_FACE('',(#354),#355,.F.);
#97=ADVANCED_FACE('',(#356),#357,.F.);
#98=ADVANCED_FACE('',(#358),#359,.F.);
#99=ADVANCED_FACE('',(#360),#361,.F.);
#100=ADVANCED_FACE('',(#362),#363,.F.);
#101=ADVANCED_FACE('',(#364),#365,.F.);
#102=ADVANCED_FACE('',(#366),#367,.F.);
#103=ADVANCED_FACE('',(#368),#369,.T.);
#104=ADVANCED_FACE('',(#370),#371,.F.);
#105=ADVANCED_FACE('',(#372),#373,.F.);
#106=ADVANCED_FACE('',(#374),#375,.F.);
#107=ADVANCED_FACE('',(#376),#377,.T.);
#108=ADVANCED_FACE('',(#378),#379,.F.);
#109=ADVANCED_FACE('',(#380),#381,.F.);
#110=ADVANCED_FACE('',(#382),#383,.F.);
#111=ADVANCED_FACE('',(#384),#385,.T.);
#112=ADVANCED_FACE('',(#386),#387,.F.);
#113=ADVANCED_FACE('',(#388),#389,.F.);
#114=ADVANCED_FACE('',(#390),#391,.F.);
#115=ADVANCED_FACE('',(#392),#393,.F.);
#116=ADVANCED_FACE('',(#394),#395,.F.);
#117=ADVANCED_FACE('',(#396),#397,.F.);
#118=ADVANCED_FACE('',(#398),#399,.F.);
#119=ADVANCED_FACE('',(#400),#401,.T.);
#120=ADVANCED_FACE('',(#402),#403,.F.);
#121=ADVANCED_FACE('',(#404),#405,.F.);
#122=ADVANCED_FACE('',(#406),#407,.T.);
#123=ADVANCED_FACE('',(#408),#409,.F.);
#124=ADVANCED_FACE('',(#410),#411,.F.);
#125=ADVANCED_FACE('',(#412),#413,.T.);
#126=ADVANCED_FACE('',(#414),#415,.T.);
#127=ADVANCED_FACE('',(#416),#417,.T.);
#128=ADVANCED_FACE('',(#418),#419,.T.);
#129=ADVANCED_FACE('',(#420),#421,.T.);
#130=ADVANCED_FACE('',(#422),#423,.T.);
#131=ADVANCED_FACE('',(#424),#425,.F.);
#132=ADVANCED_FACE('',(#426),#427,.T.);
#133=ADVANCED_FACE('',(#428),#429,.T.);
#134=ADVANCED_FACE('',(#430),#431,.T.);
#135=ADVANCED_FACE('',(#432),#433,.T.);
#136=ADVANCED_FACE('',(#434),#435,.T.);
#137=ADVANCED_FACE('',(#436),#437,.F.);
#138=ADVANCED_FACE('',(#438),#439,.T.);
#139=ADVANCED_FACE('',(#440),#441,.T.);
#140=ADVANCED_FACE('',(#442),#443,.T.);
#141=ADVANCED_FACE('',(#444),#445,.T.);
#142=ADVANCED_FACE('',(#446),#447,.T.);
#143=ADVANCED_FACE('',(#448),#449,.T.);
#144=ADVANCED_FACE('',(#450),#451,.T.);
#145=ADVANCED_FACE('',(#452),#453,.F.);
#146=ADVANCED_FACE('',(#454),#455,.F.);
#147=ADVANCED_FACE('',(#456),#457,.T.);
#148=ADVANCED_FACE('',(#458),#459,.T.);
#149=ADVANCED_FACE('',(#460),#461,.F.);
#150=ADVANCED_FACE('',(#462),#463,.F.);
#151=ADVANCED_FACE('',(#464),#465,.F.);
#152=ADVANCED_FACE('',(#466),#467,.F.);
#153=ADVANCED_FACE('',(#468),#469,.T.);
#154=ADVANCED_FACE('',(#470),#471,.F.);
#155=ADVANCED_FACE('',(#472),#473,.F.);
#156=ADVANCED_FACE('',(#474),#475,.F.);
#157=ADVANCED_FACE('',(#476),#477,.F.);
#158=ADVANCED_FACE('',(#478),#479,.F.);
#159=ADVANCED_FACE('',(#480),#481,.F.);
#160=ADVANCED_FACE('',(#482),#483,.F.);
#161=ADVANCED_FACE('',(#484),#485,.F.);
#162=ADVANCED_FACE('',(#486),#487,.T.);
#163=ADVANCED_FACE('',(#488),#489,.T.);
#164=ADVANCED_FACE('',(#490),#491,.F.);
#165=ADVANCED_FACE('',(#492),#493,.F.);
#166=ADVANCED_FACE('',(#494),#495,.F.);
#167=ADVANCED_FACE('',(#496),#497,.F.);
#168=ADVANCED_FACE('',(#498),#499,.F.);
#169=ADVANCED_FACE('',(#500),#501,.F.);
#170=ADVANCED_FACE('',(#502),#503,.T.);
#171=ADVANCED_FACE('',(#504),#505,.T.);
#172=ADVANCED_FACE('',(#506),#507,.F.);
#173=ADVANCED_FACE('',(#508),#509,.F.);
#174=ADVANCED_FACE('',(#510),#511,.F.);
#175=ADVANCED_FACE('',(#512),#513,.F.);
#176=ADVANCED_FACE('',(#514),#515,.F.);
#177=ADVANCED_FACE('',(#516),#517,.F.);
#178=ADVANCED_FACE('',(#518),#519,.T.);
#179=ADVANCED_FACE('',(#520),#521,.F.);
#180=ADVANCED_FACE('',(#522),#523,.F.);
#181=ADVANCED_FACE('',(#524),#525,.F.);
#182=ADVANCED_FACE('',(#526),#527,.F.);
#183=ADVANCED_FACE('',(#528),#529,.F.);
#184=ADVANCED_FACE('',(#530),#531,.T.);
#185=ADVANCED_FACE('',(#532),#533,.T.);
#186=ADVANCED_FACE('',(#534),#535,.T.);
#187=ADVANCED_FACE('',(#536),#537,.T.);
#188=ADVANCED_FACE('',(#538),#539,.T.);
#189=ADVANCED_FACE('',(#540),#541,.F.);
#190=ADVANCED_FACE('',(#542),#543,.F.);
#191=ADVANCED_FACE('',(#544),#545,.F.);
#192=ADVANCED_FACE('',(#546),#547,.F.);
#193=ADVANCED_FACE('',(#548),#549,.T.);
#194=ADVANCED_FACE('',(#550),#551,.T.);
#195=ADVANCED_FACE('',(#552),#553,.T.);
#196=ADVANCED_FACE('',(#554),#555,.F.);
#197=ADVANCED_FACE('',(#556),#557,.F.);
#198=ADVANCED_FACE('',(#558),#559,.F.);
#199=ADVANCED_FACE('',(#560),#561,.F.);
#200=ADVANCED_FACE('',(#562),#563,.F.);
#201=ADVANCED_FACE('',(#564),#565,.F.);
#202=ADVANCED_FACE('',(#566),#567,.F.);
#203=ADVANCED_FACE('',(#568),#569,.T.);
#204=ADVANCED_FACE('',(#570),#571,.F.);
#205=ADVANCED_FACE('',(#572),#573,.F.);
#206=ADVANCED_FACE('',(#574),#575,.F.);
#207=ADVANCED_FACE('',(#576),#577,.T.);
#208=ADVANCED_FACE('',(#578),#579,.F.);
#209=ADVANCED_FACE('',(#580),#581,.F.);
#210=ADVANCED_FACE('',(#582),#583,.F.);
#211=ADVANCED_FACE('',(#584),#585,.T.);
#212=ADVANCED_FACE('',(#586),#587,.F.);
#213=ADVANCED_FACE('',(#588),#589,.F.);
#214=ADVANCED_FACE('',(#590),#591,.F.);
#215=ADVANCED_FACE('',(#592),#593,.F.);
#216=ADVANCED_FACE('',(#594),#595,.F.);
#217=ADVANCED_FACE('',(#596),#597,.F.);
#218=ADVANCED_FACE('',(#598),#599,.F.);
#219=ADVANCED_FACE('',(#600),#601,.F.);
#220=ADVANCED_FACE('',(#602),#603,.T.);
#221=ADVANCED_FACE('',(#604),#605,.F.);
#222=ADVANCED_FACE('',(#606),#607,.F.);
#223=ADVANCED_FACE('',(#608),#609,.F.);
#224=ADVANCED_FACE('',(#610),#611,.T.);
#225=ADVANCED_FACE('',(#612),#613,.F.);
#226=ADVANCED_FACE('',(#614),#615,.F.);
#227=ADVANCED_FACE('',(#616),#617,.F.);
#228=ADVANCED_FACE('',(#618),#619,.T.);
#229=ADVANCED_FACE('',(#620),#621,.F.);
#230=ADVANCED_FACE('',(#622),#623,.F.);
#231=ADVANCED_FACE('',(#624),#625,.F.);
#232=ADVANCED_FACE('',(#626),#627,.F.);
#233=ADVANCED_FACE('',(#628),#629,.F.);
#234=ADVANCED_FACE('',(#630),#631,.F.);
#235=ADVANCED_FACE('',(#632),#633,.F.);
#236=ADVANCED_FACE('',(#634),#635,.F.);
#237=ADVANCED_FACE('',(#636),#637,.T.);
#238=ADVANCED_FACE('',(#638),#639,.F.);
#239=ADVANCED_FACE('',(#640),#641,.F.);
#240=ADVANCED_FACE('',(#642),#643,.F.);
#241=ADVANCED_FACE('',(#644),#645,.T.);
#242=ADVANCED_FACE('',(#646),#647,.F.);
#243=ADVANCED_FACE('',(#648),#649,.F.);
#244=ADVANCED_FACE('',(#650),#651,.F.);
#245=ADVANCED_FACE('',(#652),#653,.T.);
#246=ADVANCED_FACE('',(#654),#655,.F.);
#247=ADVANCED_FACE('',(#656),#657,.F.);
#248=ADVANCED_FACE('',(#658),#659,.F.);
#249=ADVANCED_FACE('',(#660),#661,.F.);
#250=ADVANCED_FACE('',(#662),#663,.F.);
#252=SURFACE_STYLE_FILL_AREA(#664);
#253=FACE_BOUND('',#665,.T.);
#254=FACE_BOUND('',#666,.T.);
#255=FACE_OUTER_BOUND('',#667,.T.);
#256=FACE_BOUND('',#668,.T.);
#257=FACE_BOUND('',#669,.T.);
#258=PLANE('',#670);
#259=FACE_OUTER_BOUND('',#671,.T.);
#260=PLANE('',#672);
#261=FACE_OUTER_BOUND('',#673,.T.);
#262=PLANE('',#674);
#263=FACE_OUTER_BOUND('',#675,.T.);
#264=PLANE('',#676);
#265=FACE_OUTER_BOUND('',#677,.T.);
#266=PLANE('',#678);
#267=FACE_OUTER_BOUND('',#679,.T.);
#268=PLANE('',#680);
#269=FACE_OUTER_BOUND('',#681,.T.);
#270=PLANE('',#682);
#271=FACE_OUTER_BOUND('',#683,.T.);
#272=PLANE('',#684);
#273=FACE_OUTER_BOUND('',#685,.T.);
#274=PLANE('',#686);
#275=FACE_OUTER_BOUND('',#687,.T.);
#276=PLANE('',#688);
#277=FACE_OUTER_BOUND('',#689,.T.);
#278=PLANE('',#690);
#279=FACE_OUTER_BOUND('',#691,.T.);
#280=PLANE('',#692);
#281=FACE_OUTER_BOUND('',#693,.T.);
#282=PLANE('',#694);
#283=FACE_OUTER_BOUND('',#695,.T.);
#284=PLANE('',#696);
#285=FACE_OUTER_BOUND('',#697,.T.);
#286=PLANE('',#698);
#287=FACE_OUTER_BOUND('',#699,.T.);
#288=PLANE('',#700);
#289=FACE_OUTER_BOUND('',#701,.T.);
#290=PLANE('',#702);
#291=FACE_OUTER_BOUND('',#703,.T.);
#292=PLANE('',#704);
#293=FACE_OUTER_BOUND('',#705,.T.);
#294=PLANE('',#706);
#295=FACE_BOUND('',#707,.T.);
#296=FACE_BOUND('',#708,.T.);
#297=FACE_OUTER_BOUND('',#709,.T.);
#298=PLANE('',#710);
#299=FACE_OUTER_BOUND('',#711,.T.);
#300=PLANE('',#712);
#301=FACE_OUTER_BOUND('',#713,.T.);
#302=PLANE('',#714);
#303=FACE_OUTER_BOUND('',#715,.T.);
#304=PLANE('',#716);
#305=FACE_OUTER_BOUND('',#717,.T.);
#306=PLANE('',#718);
#307=FACE_OUTER_BOUND('',#719,.T.);
#308=PLANE('',#720);
#309=FACE_OUTER_BOUND('',#721,.T.);
#310=PLANE('',#722);
#311=FACE_BOUND('',#723,.T.);
#312=FACE_OUTER_BOUND('',#724,.T.);
#313=PLANE('',#725);
#314=FACE_OUTER_BOUND('',#726,.T.);
#315=PLANE('',#727);
#316=FACE_BOUND('',#728,.T.);
#317=FACE_BOUND('',#729,.T.);
#318=FACE_BOUND('',#730,.T.);
#319=FACE_OUTER_BOUND('',#731,.T.);
#320=FACE_BOUND('',#732,.T.);
#321=PLANE('',#733);
#322=FACE_OUTER_BOUND('',#734,.T.);
#323=PLANE('',#735);
#324=FACE_OUTER_BOUND('',#736,.T.);
#325=PLANE('',#737);
#326=FACE_OUTER_BOUND('',#738,.T.);
#327=PLANE('',#739);
#328=FACE_OUTER_BOUND('',#740,.T.);
#329=PLANE('',#741);
#330=FACE_OUTER_BOUND('',#742,.T.);
#331=PLANE('',#743);
#332=FACE_OUTER_BOUND('',#744,.T.);
#333=PLANE('',#745);
#334=FACE_OUTER_BOUND('',#746,.T.);
#335=PLANE('',#747);
#336=FACE_OUTER_BOUND('',#748,.T.);
#337=PLANE('',#749);
#338=FACE_OUTER_BOUND('',#750,.T.);
#339=PLANE('',#751);
#340=FACE_OUTER_BOUND('',#752,.T.);
#341=PLANE('',#753);
#342=FACE_OUTER_BOUND('',#754,.T.);
#343=PLANE('',#755);
#344=FACE_OUTER_BOUND('',#756,.T.);
#345=PLANE('',#757);
#346=FACE_OUTER_BOUND('',#758,.T.);
#347=PLANE('',#759);
#348=FACE_OUTER_BOUND('',#760,.T.);
#349=PLANE('',#761);
#350=FACE_OUTER_BOUND('',#762,.T.);
#351=PLANE('',#763);
#352=FACE_OUTER_BOUND('',#764,.T.);
#353=PLANE('',#765);
#354=FACE_OUTER_BOUND('',#766,.T.);
#355=PLANE('',#767);
#356=FACE_OUTER_BOUND('',#768,.T.);
#357=PLANE('',#769);
#358=FACE_OUTER_BOUND('',#770,.T.);
#359=PLANE('',#771);
#360=FACE_OUTER_BOUND('',#772,.T.);
#361=PLANE('',#773);
#362=FACE_OUTER_BOUND('',#774,.T.);
#363=PLANE('',#775);
#364=FACE_OUTER_BOUND('',#776,.T.);
#365=PLANE('',#777);
#366=FACE_OUTER_BOUND('',#778,.T.);
#367=PLANE('',#779);
#368=FACE_OUTER_BOUND('',#780,.T.);
#369=PLANE('',#781);
#370=FACE_OUTER_BOUND('',#782,.T.);
#371=PLANE('',#783);
#372=FACE_OUTER_BOUND('',#784,.T.);
#373=PLANE('',#785);
#374=FACE_OUTER_BOUND('',#786,.T.);
#375=PLANE('',#787);
#376=FACE_OUTER_BOUND('',#788,.T.);
#377=PLANE('',#789);
#378=FACE_OUTER_BOUND('',#790,.T.);
#379=PLANE('',#791);
#380=FACE_OUTER_BOUND('',#792,.T.);
#381=PLANE('',#793);
#382=FACE_OUTER_BOUND('',#794,.T.);
#383=PLANE('',#795);
#384=FACE_OUTER_BOUND('',#796,.T.);
#385=PLANE('',#797);
#386=FACE_OUTER_BOUND('',#798,.T.);
#387=PLANE('',#799);
#388=FACE_OUTER_BOUND('',#800,.T.);
#389=PLANE('',#801);
#390=FACE_OUTER_BOUND('',#802,.T.);
#391=PLANE('',#803);
#392=FACE_OUTER_BOUND('',#804,.T.);
#393=PLANE('',#805);
#394=FACE_OUTER_BOUND('',#806,.T.);
#395=PLANE('',#807);
#396=FACE_OUTER_BOUND('',#808,.T.);
#397=PLANE('',#809);
#398=FACE_OUTER_BOUND('',#810,.T.);
#399=PLANE('',#811);
#400=FACE_OUTER_BOUND('',#812,.T.);
#401=PLANE('',#813);
#402=FACE_OUTER_BOUND('',#814,.T.);
#403=PLANE('',#815);
#404=FACE_OUTER_BOUND('',#816,.T.);
#405=PLANE('',#817);
#406=FACE_OUTER_BOUND('',#818,.T.);
#407=PLANE('',#819);
#408=FACE_OUTER_BOUND('',#820,.T.);
#409=PLANE('',#821);
#410=FACE_OUTER_BOUND('',#822,.T.);
#411=PLANE('',#823);
#412=FACE_OUTER_BOUND('',#824,.T.);
#413=PLANE('',#825);
#414=FACE_OUTER_BOUND('',#826,.T.);
#415=PLANE('',#827);
#416=FACE_OUTER_BOUND('',#828,.T.);
#417=PLANE('',#829);
#418=FACE_OUTER_BOUND('',#830,.T.);
#419=PLANE('',#831);
#420=FACE_OUTER_BOUND('',#832,.T.);
#421=PLANE('',#833);
#422=FACE_OUTER_BOUND('',#834,.T.);
#423=PLANE('',#835);
#424=FACE_OUTER_BOUND('',#836,.T.);
#425=PLANE('',#837);
#426=FACE_OUTER_BOUND('',#838,.T.);
#427=PLANE('',#839);
#428=FACE_OUTER_BOUND('',#840,.T.);
#429=PLANE('',#841);
#430=FACE_OUTER_BOUND('',#842,.T.);
#431=PLANE('',#843);
#432=FACE_OUTER_BOUND('',#844,.T.);
#433=CYLINDRICAL_SURFACE('',#845,0.2);
#434=FACE_OUTER_BOUND('',#846,.T.);
#435=PLANE('',#847);
#436=FACE_OUTER_BOUND('',#848,.T.);
#437=CYLINDRICAL_SURFACE('',#849,0.05);
#438=FACE_OUTER_BOUND('',#850,.T.);
#439=PLANE('',#851);
#440=FACE_OUTER_BOUND('',#852,.T.);
#441=PLANE('',#853);
#442=FACE_OUTER_BOUND('',#854,.T.);
#443=PLANE('',#855);
#444=FACE_OUTER_BOUND('',#856,.T.);
#445=PLANE('',#857);
#446=FACE_OUTER_BOUND('',#858,.T.);
#447=CYLINDRICAL_SURFACE('',#859,0.2);
#448=FACE_OUTER_BOUND('',#860,.T.);
#449=CYLINDRICAL_SURFACE('',#861,0.2);
#450=FACE_OUTER_BOUND('',#862,.T.);
#451=PLANE('',#863);
#452=FACE_OUTER_BOUND('',#864,.T.);
#453=CYLINDRICAL_SURFACE('',#865,0.05);
#454=FACE_OUTER_BOUND('',#866,.T.);
#455=CYLINDRICAL_SURFACE('',#867,0.05);
#456=FACE_OUTER_BOUND('',#868,.T.);
#457=PLANE('',#869);
#458=FACE_OUTER_BOUND('',#870,.T.);
#459=PLANE('',#871);
#460=FACE_OUTER_BOUND('',#872,.T.);
#461=CYLINDRICAL_SURFACE('',#873,0.1);
#462=FACE_OUTER_BOUND('',#874,.T.);
#463=PLANE('',#875);
#464=FACE_OUTER_BOUND('',#876,.T.);
#465=PLANE('',#877);
#466=FACE_OUTER_BOUND('',#878,.T.);
#467=PLANE('',#879);
#468=FACE_OUTER_BOUND('',#880,.T.);
#469=CYLINDRICAL_SURFACE('',#881,0.25);
#470=FACE_OUTER_BOUND('',#882,.T.);
#471=PLANE('',#883);
#472=FACE_OUTER_BOUND('',#884,.T.);
#473=PLANE('',#885);
#474=FACE_OUTER_BOUND('',#886,.T.);
#475=PLANE('',#887);
#476=FACE_OUTER_BOUND('',#888,.T.);
#477=PLANE('',#889);
#478=FACE_OUTER_BOUND('',#890,.T.);
#479=PLANE('',#891);
#480=FACE_OUTER_BOUND('',#892,.T.);
#481=PLANE('',#893);
#482=FACE_OUTER_BOUND('',#894,.T.);
#483=PLANE('',#895);
#484=FACE_OUTER_BOUND('',#896,.T.);
#485=PLANE('',#897);
#486=FACE_OUTER_BOUND('',#898,.T.);
#487=PLANE('',#899);
#488=FACE_OUTER_BOUND('',#900,.T.);
#489=PLANE('',#901);
#490=FACE_OUTER_BOUND('',#902,.T.);
#491=PLANE('',#903);
#492=FACE_OUTER_BOUND('',#904,.T.);
#493=PLANE('',#905);
#494=FACE_OUTER_BOUND('',#906,.T.);
#495=PLANE('',#907);
#496=FACE_OUTER_BOUND('',#908,.T.);
#497=PLANE('',#909);
#498=FACE_OUTER_BOUND('',#910,.T.);
#499=PLANE('',#911);
#500=FACE_OUTER_BOUND('',#912,.T.);
#501=PLANE('',#913);
#502=FACE_OUTER_BOUND('',#914,.T.);
#503=CYLINDRICAL_SURFACE('',#915,0.2);
#504=FACE_OUTER_BOUND('',#916,.T.);
#505=CYLINDRICAL_SURFACE('',#917,0.2);
#506=FACE_OUTER_BOUND('',#918,.T.);
#507=PLANE('',#919);
#508=FACE_OUTER_BOUND('',#920,.T.);
#509=CYLINDRICAL_SURFACE('',#921,0.05);
#510=FACE_OUTER_BOUND('',#922,.T.);
#511=CYLINDRICAL_SURFACE('',#923,0.05);
#512=FACE_OUTER_BOUND('',#924,.T.);
#513=PLANE('',#925);
#514=FACE_OUTER_BOUND('',#926,.T.);
#515=PLANE('',#927);
#516=FACE_OUTER_BOUND('',#928,.T.);
#517=PLANE('',#929);
#518=FACE_OUTER_BOUND('',#930,.T.);
#519=CYLINDRICAL_SURFACE('',#931,0.2);
#520=FACE_OUTER_BOUND('',#932,.T.);
#521=PLANE('',#933);
#522=FACE_OUTER_BOUND('',#934,.T.);
#523=CYLINDRICAL_SURFACE('',#935,0.05);
#524=FACE_OUTER_BOUND('',#936,.T.);
#525=PLANE('',#937);
#526=FACE_OUTER_BOUND('',#938,.T.);
#527=PLANE('',#939);
#528=FACE_OUTER_BOUND('',#940,.T.);
#529=CYLINDRICAL_SURFACE('',#941,0.1);
#530=FACE_OUTER_BOUND('',#942,.T.);
#531=PLANE('',#943);
#532=FACE_OUTER_BOUND('',#944,.T.);
#533=PLANE('',#945);
#534=FACE_OUTER_BOUND('',#946,.T.);
#535=PLANE('',#947);
#536=FACE_OUTER_BOUND('',#948,.T.);
#537=CYLINDRICAL_SURFACE('',#949,0.25);
#538=FACE_OUTER_BOUND('',#950,.T.);
#539=PLANE('',#951);
#540=FACE_OUTER_BOUND('',#952,.T.);
#541=PLANE('',#953);
#542=FACE_OUTER_BOUND('',#954,.T.);
#543=PLANE('',#955);
#544=FACE_OUTER_BOUND('',#956,.T.);
#545=PLANE('',#957);
#546=FACE_OUTER_BOUND('',#958,.T.);
#547=PLANE('',#959);
#548=FACE_OUTER_BOUND('',#960,.T.);
#549=PLANE('',#961);
#550=FACE_OUTER_BOUND('',#962,.T.);
#551=PLANE('',#963);
#552=FACE_OUTER_BOUND('',#964,.T.);
#553=PLANE('',#965);
#554=FACE_OUTER_BOUND('',#966,.T.);
#555=PLANE('',#967);
#556=FACE_OUTER_BOUND('',#968,.T.);
#557=PLANE('',#969);
#558=FACE_OUTER_BOUND('',#970,.T.);
#559=PLANE('',#971);
#560=FACE_OUTER_BOUND('',#972,.T.);
#561=PLANE('',#973);
#562=FACE_OUTER_BOUND('',#974,.T.);
#563=PLANE('',#975);
#564=FACE_OUTER_BOUND('',#976,.T.);
#565=PLANE('',#977);
#566=FACE_OUTER_BOUND('',#978,.T.);
#567=PLANE('',#979);
#568=FACE_OUTER_BOUND('',#980,.T.);
#569=PLANE('',#981);
#570=FACE_OUTER_BOUND('',#982,.T.);
#571=PLANE('',#983);
#572=FACE_OUTER_BOUND('',#984,.T.);
#573=PLANE('',#985);
#574=FACE_OUTER_BOUND('',#986,.T.);
#575=PLANE('',#987);
#576=FACE_OUTER_BOUND('',#988,.T.);
#577=PLANE('',#989);
#578=FACE_OUTER_BOUND('',#990,.T.);
#579=PLANE('',#991);
#580=FACE_OUTER_BOUND('',#992,.T.);
#581=PLANE('',#993);
#582=FACE_OUTER_BOUND('',#994,.T.);
#583=PLANE('',#995);
#584=FACE_OUTER_BOUND('',#996,.T.);
#585=PLANE('',#997);
#586=FACE_OUTER_BOUND('',#998,.T.);
#587=PLANE('',#999);
#588=FACE_OUTER_BOUND('',#1000,.T.);
#589=PLANE('',#1001);
#590=FACE_OUTER_BOUND('',#1002,.T.);
#591=PLANE('',#1003);
#592=FACE_OUTER_BOUND('',#1004,.T.);
#593=PLANE('',#1005);
#594=FACE_OUTER_BOUND('',#1006,.T.);
#595=PLANE('',#1007);
#596=FACE_OUTER_BOUND('',#1008,.T.);
#597=PLANE('',#1009);
#598=FACE_OUTER_BOUND('',#1010,.T.);
#599=PLANE('',#1011);
#600=FACE_OUTER_BOUND('',#1012,.T.);
#601=PLANE('',#1013);
#602=FACE_OUTER_BOUND('',#1014,.T.);
#603=PLANE('',#1015);
#604=FACE_OUTER_BOUND('',#1016,.T.);
#605=PLANE('',#1017);
#606=FACE_OUTER_BOUND('',#1018,.T.);
#607=PLANE('',#1019);
#608=FACE_OUTER_BOUND('',#1020,.T.);
#609=PLANE('',#1021);
#610=FACE_OUTER_BOUND('',#1022,.T.);
#611=PLANE('',#1023);
#612=FACE_OUTER_BOUND('',#1024,.T.);
#613=PLANE('',#1025);
#614=FACE_OUTER_BOUND('',#1026,.T.);
#615=PLANE('',#1027);
#616=FACE_OUTER_BOUND('',#1028,.T.);
#617=PLANE('',#1029);
#618=FACE_OUTER_BOUND('',#1030,.T.);
#619=PLANE('',#1031);
#620=FACE_OUTER_BOUND('',#1032,.T.);
#621=PLANE('',#1033);
#622=FACE_OUTER_BOUND('',#1034,.T.);
#623=PLANE('',#1035);
#624=FACE_OUTER_BOUND('',#1036,.T.);
#625=PLANE('',#1037);
#626=FACE_OUTER_BOUND('',#1038,.T.);
#627=PLANE('',#1039);
#628=FACE_OUTER_BOUND('',#1040,.T.);
#629=PLANE('',#1041);
#630=FACE_OUTER_BOUND('',#1042,.T.);
#631=PLANE('',#1043);
#632=FACE_OUTER_BOUND('',#1044,.T.);
#633=PLANE('',#1045);
#634=FACE_OUTER_BOUND('',#1046,.T.);
#635=PLANE('',#1047);
#636=FACE_OUTER_BOUND('',#1048,.T.);
#637=PLANE('',#1049);
#638=FACE_OUTER_BOUND('',#1050,.T.);
#639=PLANE('',#1051);
#640=FACE_OUTER_BOUND('',#1052,.T.);
#641=PLANE('',#1053);
#642=FACE_OUTER_BOUND('',#1054,.T.);
#643=PLANE('',#1055);
#644=FACE_OUTER_BOUND('',#1056,.T.);
#645=PLANE('',#1057);
#646=FACE_OUTER_BOUND('',#1058,.T.);
#647=PLANE('',#1059);
#648=FACE_OUTER_BOUND('',#1060,.T.);
#649=PLANE('',#1061);
#650=FACE_OUTER_BOUND('',#1062,.T.);
#651=PLANE('',#1063);
#652=FACE_OUTER_BOUND('',#1064,.T.);
#653=PLANE('',#1065);
#654=FACE_OUTER_BOUND('',#1066,.T.);
#655=PLANE('',#1067);
#656=FACE_OUTER_BOUND('',#1068,.T.);
#657=PLANE('',#1069);
#658=FACE_OUTER_BOUND('',#1070,.T.);
#659=PLANE('',#1071);
#660=FACE_OUTER_BOUND('',#1072,.T.);
#661=PLANE('',#1073);
#662=FACE_OUTER_BOUND('',#1074,.T.);
#663=PLANE('',#1075);
#664=FILL_AREA_STYLE('',(#1076));
#665=EDGE_LOOP('',(#1077,#1078,#1079,#1080));
#666=EDGE_LOOP('',(#1081,#1082,#1083,#1084));
#667=EDGE_LOOP('',(#1085,#1086,#1087,#1088));
#668=EDGE_LOOP('',(#1089,#1090,#1091,#1092));
#669=EDGE_LOOP('',(#1093,#1094,#1095,#1096));
#670=AXIS2_PLACEMENT_3D('',#1097,#1098,#1099);
#671=EDGE_LOOP('',(#1100,#1101,#1102,#1103));
#672=AXIS2_PLACEMENT_3D('',#1104,#1105,#1106);
#673=EDGE_LOOP('',(#1107,#1108,#1109,#1110,#1111,#1112,#1113,#1114,#1115,#1116,#1117,#1118));
#674=AXIS2_PLACEMENT_3D('',#1119,#1120,#1121);
#675=EDGE_LOOP('',(#1122,#1123,#1124,#1125,#1126,#1127,#1128,#1129));
#676=AXIS2_PLACEMENT_3D('',#1130,#1131,#1132);
#677=EDGE_LOOP('',(#1133,#1134,#1135,#1136));
#678=AXIS2_PLACEMENT_3D('',#1137,#1138,#1139);
#679=EDGE_LOOP('',(#1140,#1141,#1142,#1143));
#680=AXIS2_PLACEMENT_3D('',#1144,#1145,#1146);
#681=EDGE_LOOP('',(#1147,#1148,#1149,#1150));
#682=AXIS2_PLACEMENT_3D('',#1151,#1152,#1153);
#683=EDGE_LOOP('',(#1154,#1155,#1156,#1157,#1158,#1159,#1160));
#684=AXIS2_PLACEMENT_3D('',#1161,#1162,#1163);
#685=EDGE_LOOP('',(#1164,#1165,#1166,#1167,#1168,#1169));
#686=AXIS2_PLACEMENT_3D('',#1170,#1171,#1172);
#687=EDGE_LOOP('',(#1173,#1174,#1175,#1176,#1177,#1178,#1179,#1180));
#688=AXIS2_PLACEMENT_3D('',#1181,#1182,#1183);
#689=EDGE_LOOP('',(#1184,#1185,#1186,#1187));
#690=AXIS2_PLACEMENT_3D('',#1188,#1189,#1190);
#691=EDGE_LOOP('',(#1191,#1192,#1193,#1194,#1195,#1196,#1197));
#692=AXIS2_PLACEMENT_3D('',#1198,#1199,#1200);
#693=EDGE_LOOP('',(#1201,#1202,#1203,#1204));
#694=AXIS2_PLACEMENT_3D('',#1205,#1206,#1207);
#695=EDGE_LOOP('',(#1208,#1209,#1210,#1211,#1212,#1213));
#696=AXIS2_PLACEMENT_3D('',#1214,#1215,#1216);
#697=EDGE_LOOP('',(#1217,#1218,#1219,#1220,#1221,#1222));
#698=AXIS2_PLACEMENT_3D('',#1223,#1224,#1225);
#699=EDGE_LOOP('',(#1226,#1227,#1228,#1229,#1230,#1231,#1232,#1233));
#700=AXIS2_PLACEMENT_3D('',#1234,#1235,#1236);
#701=EDGE_LOOP('',(#1237,#1238,#1239,#1240,#1241,#1242,#1243,#1244));
#702=AXIS2_PLACEMENT_3D('',#1245,#1246,#1247);
#703=EDGE_LOOP('',(#1248,#1249,#1250,#1251,#1252,#1253));
#704=AXIS2_PLACEMENT_3D('',#1254,#1255,#1256);
#705=EDGE_LOOP('',(#1257,#1258,#1259,#1260,#1261,#1262,#1263,#1264,#1265,#1266,#1267,#1268,#1269,#1270,#1271,#1272,#1273,#1274,#1275,#1276,#1277,#1278,#1279,#1280,#1281,#1282,#1283,#1284));
#706=AXIS2_PLACEMENT_3D('',#1285,#1286,#1287);
#707=EDGE_LOOP('',(#1288,#1289,#1290));
#708=EDGE_LOOP('',(#1291,#1292,#1293,#1294));
#709=EDGE_LOOP('',(#1295,#1296,#1297,#1298,#1299,#1300,#1301,#1302,#1303,#1304,#1305,#1306));
#710=AXIS2_PLACEMENT_3D('',#1307,#1308,#1309);
#711=EDGE_LOOP('',(#1310,#1311,#1312,#1313,#1314,#1315,#1316,#1317,#1318,#1319,#1320,#1321,#1322,#1323,#1324,#1325,#1326,#1327,#1328,#1329));
#712=AXIS2_PLACEMENT_3D('',#1330,#1331,#1332);
#713=EDGE_LOOP('',(#1333,#1334,#1335,#1336,#1337,#1338,#1339,#1340));
#714=AXIS2_PLACEMENT_3D('',#1341,#1342,#1343);
#715=EDGE_LOOP('',(#1344,#1345,#1346,#1347));
#716=AXIS2_PLACEMENT_3D('',#1348,#1349,#1350);
#717=EDGE_LOOP('',(#1351,#1352,#1353,#1354));
#718=AXIS2_PLACEMENT_3D('',#1355,#1356,#1357);
#719=EDGE_LOOP('',(#1358,#1359,#1360,#1361,#1362,#1363,#1364,#1365,#1366,#1367,#1368,#1369));
#720=AXIS2_PLACEMENT_3D('',#1370,#1371,#1372);
#721=EDGE_LOOP('',(#1373,#1374,#1375,#1376,#1377,#1378));
#722=AXIS2_PLACEMENT_3D('',#1379,#1380,#1381);
#723=EDGE_LOOP('',(#1382,#1383,#1384,#1385));
#724=EDGE_LOOP('',(#1386,#1387,#1388,#1389,#1390,#1391,#1392,#1393));
#725=AXIS2_PLACEMENT_3D('',#1394,#1395,#1396);
#726=EDGE_LOOP('',(#1397,#1398,#1399,#1400,#1401,#1402));
#727=AXIS2_PLACEMENT_3D('',#1403,#1404,#1405);
#728=EDGE_LOOP('',(#1406,#1407,#1408,#1409));
#729=EDGE_LOOP('',(#1410,#1411,#1412,#1413));
#730=EDGE_LOOP('',(#1414,#1415,#1416,#1417));
#731=EDGE_LOOP('',(#1418,#1419,#1420,#1421,#1422,#1423,#1424,#1425,#1426,#1427,#1428,#1429));
#732=EDGE_LOOP('',(#1430,#1431,#1432,#1433));
#733=AXIS2_PLACEMENT_3D('',#1434,#1435,#1436);
#734=EDGE_LOOP('',(#1437,#1438,#1439,#1440));
#735=AXIS2_PLACEMENT_3D('',#1441,#1442,#1443);
#736=EDGE_LOOP('',(#1444,#1445,#1446,#1447));
#737=AXIS2_PLACEMENT_3D('',#1448,#1449,#1450);
#738=EDGE_LOOP('',(#1451,#1452,#1453,#1454));
#739=AXIS2_PLACEMENT_3D('',#1455,#1456,#1457);
#740=EDGE_LOOP('',(#1458,#1459,#1460,#1461));
#741=AXIS2_PLACEMENT_3D('',#1462,#1463,#1464);
#742=EDGE_LOOP('',(#1465,#1466,#1467,#1468));
#743=AXIS2_PLACEMENT_3D('',#1469,#1470,#1471);
#744=EDGE_LOOP('',(#1472,#1473,#1474,#1475));
#745=AXIS2_PLACEMENT_3D('',#1476,#1477,#1478);
#746=EDGE_LOOP('',(#1479,#1480,#1481,#1482));
#747=AXIS2_PLACEMENT_3D('',#1483,#1484,#1485);
#748=EDGE_LOOP('',(#1486,#1487,#1488,#1489,#1490,#1491));
#749=AXIS2_PLACEMENT_3D('',#1492,#1493,#1494);
#750=EDGE_LOOP('',(#1495,#1496,#1497,#1498));
#751=AXIS2_PLACEMENT_3D('',#1499,#1500,#1501);
#752=EDGE_LOOP('',(#1502,#1503,#1504,#1505));
#753=AXIS2_PLACEMENT_3D('',#1506,#1507,#1508);
#754=EDGE_LOOP('',(#1509,#1510,#1511,#1512,#1513));
#755=AXIS2_PLACEMENT_3D('',#1514,#1515,#1516);
#756=EDGE_LOOP('',(#1517,#1518,#1519,#1520,#1521,#1522,#1523,#1524));
#757=AXIS2_PLACEMENT_3D('',#1525,#1526,#1527);
#758=EDGE_LOOP('',(#1528,#1529,#1530,#1531,#1532));
#759=AXIS2_PLACEMENT_3D('',#1533,#1534,#1535);
#760=EDGE_LOOP('',(#1536,#1537,#1538,#1539));
#761=AXIS2_PLACEMENT_3D('',#1540,#1541,#1542);
#762=EDGE_LOOP('',(#1543,#1544,#1545,#1546));
#763=AXIS2_PLACEMENT_3D('',#1547,#1548,#1549);
#764=EDGE_LOOP('',(#1550,#1551,#1552,#1553,#1554,#1555));
#765=AXIS2_PLACEMENT_3D('',#1556,#1557,#1558);
#766=EDGE_LOOP('',(#1559,#1560,#1561,#1562));
#767=AXIS2_PLACEMENT_3D('',#1563,#1564,#1565);
#768=EDGE_LOOP('',(#1566,#1567,#1568,#1569));
#769=AXIS2_PLACEMENT_3D('',#1570,#1571,#1572);
#770=EDGE_LOOP('',(#1573,#1574,#1575,#1576));
#771=AXIS2_PLACEMENT_3D('',#1577,#1578,#1579);
#772=EDGE_LOOP('',(#1580,#1581,#1582,#1583));
#773=AXIS2_PLACEMENT_3D('',#1584,#1585,#1586);
#774=EDGE_LOOP('',(#1587,#1588,#1589,#1590,#1591));
#775=AXIS2_PLACEMENT_3D('',#1592,#1593,#1594);
#776=EDGE_LOOP('',(#1595,#1596,#1597,#1598,#1599));
#777=AXIS2_PLACEMENT_3D('',#1600,#1601,#1602);
#778=EDGE_LOOP('',(#1603,#1604,#1605,#1606));
#779=AXIS2_PLACEMENT_3D('',#1607,#1608,#1609);
#780=EDGE_LOOP('',(#1610,#1611,#1612,#1613));
#781=AXIS2_PLACEMENT_3D('',#1614,#1615,#1616);
#782=EDGE_LOOP('',(#1617,#1618,#1619,#1620));
#783=AXIS2_PLACEMENT_3D('',#1621,#1622,#1623);
#784=EDGE_LOOP('',(#1624,#1625,#1626,#1627,#1628,#1629,#1630,#1631));
#785=AXIS2_PLACEMENT_3D('',#1632,#1633,#1634);
#786=EDGE_LOOP('',(#1635,#1636,#1637,#1638));
#787=AXIS2_PLACEMENT_3D('',#1639,#1640,#1641);
#788=EDGE_LOOP('',(#1642,#1643,#1644,#1645));
#789=AXIS2_PLACEMENT_3D('',#1646,#1647,#1648);
#790=EDGE_LOOP('',(#1649,#1650,#1651,#1652));
#791=AXIS2_PLACEMENT_3D('',#1653,#1654,#1655);
#792=EDGE_LOOP('',(#1656,#1657,#1658,#1659,#1660,#1661));
#793=AXIS2_PLACEMENT_3D('',#1662,#1663,#1664);
#794=EDGE_LOOP('',(#1665,#1666,#1667,#1668));
#795=AXIS2_PLACEMENT_3D('',#1669,#1670,#1671);
#796=EDGE_LOOP('',(#1672,#1673,#1674,#1675,#1676,#1677,#1678));
#797=AXIS2_PLACEMENT_3D('',#1679,#1680,#1681);
#798=EDGE_LOOP('',(#1682,#1683,#1684,#1685,#1686,#1687,#1688));
#799=AXIS2_PLACEMENT_3D('',#1689,#1690,#1691);
#800=EDGE_LOOP('',(#1692,#1693,#1694,#1695));
#801=AXIS2_PLACEMENT_3D('',#1696,#1697,#1698);
#802=EDGE_LOOP('',(#1699,#1700,#1701,#1702));
#803=AXIS2_PLACEMENT_3D('',#1703,#1704,#1705);
#804=EDGE_LOOP('',(#1706,#1707,#1708,#1709));
#805=AXIS2_PLACEMENT_3D('',#1710,#1711,#1712);
#806=EDGE_LOOP('',(#1713,#1714,#1715,#1716));
#807=AXIS2_PLACEMENT_3D('',#1717,#1718,#1719);
#808=EDGE_LOOP('',(#1720,#1721,#1722,#1723));
#809=AXIS2_PLACEMENT_3D('',#1724,#1725,#1726);
#810=EDGE_LOOP('',(#1727,#1728,#1729,#1730));
#811=AXIS2_PLACEMENT_3D('',#1731,#1732,#1733);
#812=EDGE_LOOP('',(#1734,#1735,#1736,#1737));
#813=AXIS2_PLACEMENT_3D('',#1738,#1739,#1740);
#814=EDGE_LOOP('',(#1741,#1742,#1743,#1744));
#815=AXIS2_PLACEMENT_3D('',#1745,#1746,#1747);
#816=EDGE_LOOP('',(#1748,#1749,#1750,#1751));
#817=AXIS2_PLACEMENT_3D('',#1752,#1753,#1754);
#818=EDGE_LOOP('',(#1755,#1756,#1757,#1758));
#819=AXIS2_PLACEMENT_3D('',#1759,#1760,#1761);
#820=EDGE_LOOP('',(#1762,#1763,#1764,#1765,#1766,#1767));
#821=AXIS2_PLACEMENT_3D('',#1768,#1769,#1770);
#822=EDGE_LOOP('',(#1771,#1772,#1773,#1774));
#823=AXIS2_PLACEMENT_3D('',#1775,#1776,#1777);
#824=EDGE_LOOP('',(#1778,#1779,#1780,#1781));
#825=AXIS2_PLACEMENT_3D('',#1782,#1783,#1784);
#826=EDGE_LOOP('',(#1785,#1786,#1787,#1788,#1789,#1790,#1791,#1792));
#827=AXIS2_PLACEMENT_3D('',#1793,#1794,#1795);
#828=EDGE_LOOP('',(#1796,#1797,#1798,#1799));
#829=AXIS2_PLACEMENT_3D('',#1800,#1801,#1802);
#830=EDGE_LOOP('',(#1803,#1804,#1805,#1806));
#831=AXIS2_PLACEMENT_3D('',#1807,#1808,#1809);
#832=EDGE_LOOP('',(#1810,#1811,#1812,#1813,#1814,#1815));
#833=AXIS2_PLACEMENT_3D('',#1816,#1817,#1818);
#834=EDGE_LOOP('',(#1819,#1820,#1821,#1822));
#835=AXIS2_PLACEMENT_3D('',#1823,#1824,#1825);
#836=EDGE_LOOP('',(#1826,#1827,#1828,#1829));
#837=AXIS2_PLACEMENT_3D('',#1830,#1831,#1832);
#838=EDGE_LOOP('',(#1833,#1834,#1835,#1836));
#839=AXIS2_PLACEMENT_3D('',#1837,#1838,#1839);
#840=EDGE_LOOP('',(#1840,#1841,#1842,#1843,#1844,#1845,#1846,#1847,#1848,#1849,#1850,#1851,#1852,#1853,#1854,#1855,#1856,#1857,#1858));
#841=AXIS2_PLACEMENT_3D('',#1859,#1860,#1861);
#842=EDGE_LOOP('',(#1862,#1863,#1864,#1865,#1866,#1867,#1868,#1869,#1870,#1871,#1872,#1873,#1874,#1875,#1876,#1877,#1878,#1879,#1880));
#843=AXIS2_PLACEMENT_3D('',#1881,#1882,#1883);
#844=EDGE_LOOP('',(#1884,#1885,#1886,#1887));
#845=AXIS2_PLACEMENT_3D('',#1888,#1889,#1890);
#846=EDGE_LOOP('',(#1891,#1892,#1893,#1894,#1895,#1896,#1897,#1898));
#847=AXIS2_PLACEMENT_3D('',#1899,#1900,#1901);
#848=EDGE_LOOP('',(#1902,#1903,#1904,#1905));
#849=AXIS2_PLACEMENT_3D('',#1906,#1907,#1908);
#850=EDGE_LOOP('',(#1909,#1910,#1911,#1912));
#851=AXIS2_PLACEMENT_3D('',#1913,#1914,#1915);
#852=EDGE_LOOP('',(#1916,#1917,#1918,#1919));
#853=AXIS2_PLACEMENT_3D('',#1920,#1921,#1922);
#854=EDGE_LOOP('',(#1923,#1924,#1925,#1926));
#855=AXIS2_PLACEMENT_3D('',#1927,#1928,#1929);
#856=EDGE_LOOP('',(#1930,#1931,#1932,#1933,#1934,#1935,#1936,#1937));
#857=AXIS2_PLACEMENT_3D('',#1938,#1939,#1940);
#858=EDGE_LOOP('',(#1941,#1942,#1943,#1944));
#859=AXIS2_PLACEMENT_3D('',#1945,#1946,#1947);
#860=EDGE_LOOP('',(#1948,#1949,#1950,#1951));
#861=AXIS2_PLACEMENT_3D('',#1952,#1953,#1954);
#862=EDGE_LOOP('',(#1955,#1956,#1957,#1958,#1959,#1960,#1961,#1962));
#863=AXIS2_PLACEMENT_3D('',#1963,#1964,#1965);
#864=EDGE_LOOP('',(#1966,#1967,#1968,#1969));
#865=AXIS2_PLACEMENT_3D('',#1970,#1971,#1972);
#866=EDGE_LOOP('',(#1973,#1974,#1975,#1976));
#867=AXIS2_PLACEMENT_3D('',#1977,#1978,#1979);
#868=EDGE_LOOP('',(#1980,#1981,#1982,#1983));
#869=AXIS2_PLACEMENT_3D('',#1984,#1985,#1986);
#870=EDGE_LOOP('',(#1987,#1988,#1989,#1990,#1991,#1992,#1993,#1994,#1995,#1996,#1997,#1998));
#871=AXIS2_PLACEMENT_3D('',#1999,#2000,#2001);
#872=EDGE_LOOP('',(#2002,#2003,#2004,#2005));
#873=AXIS2_PLACEMENT_3D('',#2006,#2007,#2008);
#874=EDGE_LOOP('',(#2009,#2010,#2011,#2012));
#875=AXIS2_PLACEMENT_3D('',#2013,#2014,#2015);
#876=EDGE_LOOP('',(#2016,#2017,#2018,#2019));
#877=AXIS2_PLACEMENT_3D('',#2020,#2021,#2022);
#878=EDGE_LOOP('',(#2023,#2024,#2025,#2026));
#879=AXIS2_PLACEMENT_3D('',#2027,#2028,#2029);
#880=EDGE_LOOP('',(#2030,#2031,#2032,#2033));
#881=AXIS2_PLACEMENT_3D('',#2034,#2035,#2036);
#882=EDGE_LOOP('',(#2037,#2038,#2039,#2040,#2041,#2042,#2043,#2044));
#883=AXIS2_PLACEMENT_3D('',#2045,#2046,#2047);
#884=EDGE_LOOP('',(#2048,#2049,#2050,#2051,#2052,#2053,#2054,#2055));
#885=AXIS2_PLACEMENT_3D('',#2056,#2057,#2058);
#886=EDGE_LOOP('',(#2059,#2060,#2061,#2062));
#887=AXIS2_PLACEMENT_3D('',#2063,#2064,#2065);
#888=EDGE_LOOP('',(#2066,#2067,#2068,#2069));
#889=AXIS2_PLACEMENT_3D('',#2070,#2071,#2072);
#890=EDGE_LOOP('',(#2073,#2074,#2075,#2076,#2077,#2078,#2079,#2080));
#891=AXIS2_PLACEMENT_3D('',#2081,#2082,#2083);
#892=EDGE_LOOP('',(#2084,#2085,#2086,#2087,#2088,#2089,#2090,#2091));
#893=AXIS2_PLACEMENT_3D('',#2092,#2093,#2094);
#894=EDGE_LOOP('',(#2095,#2096,#2097,#2098));
#895=AXIS2_PLACEMENT_3D('',#2099,#2100,#2101);
#896=EDGE_LOOP('',(#2102,#2103,#2104,#2105,#2106,#2107,#2108,#2109));
#897=AXIS2_PLACEMENT_3D('',#2110,#2111,#2112);
#898=EDGE_LOOP('',(#2113,#2114,#2115,#2116));
#899=AXIS2_PLACEMENT_3D('',#2117,#2118,#2119);
#900=EDGE_LOOP('',(#2120,#2121,#2122,#2123));
#901=AXIS2_PLACEMENT_3D('',#2124,#2125,#2126);
#902=EDGE_LOOP('',(#2127,#2128,#2129,#2130));
#903=AXIS2_PLACEMENT_3D('',#2131,#2132,#2133);
#904=EDGE_LOOP('',(#2134,#2135,#2136,#2137));
#905=AXIS2_PLACEMENT_3D('',#2138,#2139,#2140);
#906=EDGE_LOOP('',(#2141,#2142,#2143,#2144,#2145,#2146,#2147,#2148,#2149,#2150,#2151,#2152,#2153,#2154,#2155,#2156,#2157,#2158,#2159));
#907=AXIS2_PLACEMENT_3D('',#2160,#2161,#2162);
#908=EDGE_LOOP('',(#2163,#2164,#2165,#2166,#2167,#2168,#2169,#2170,#2171,#2172,#2173,#2174,#2175,#2176,#2177,#2178,#2179,#2180,#2181));
#909=AXIS2_PLACEMENT_3D('',#2182,#2183,#2184);
#910=EDGE_LOOP('',(#2185,#2186,#2187,#2188,#2189,#2190,#2191,#2192));
#911=AXIS2_PLACEMENT_3D('',#2193,#2194,#2195);
#912=EDGE_LOOP('',(#2196,#2197,#2198,#2199));
#913=AXIS2_PLACEMENT_3D('',#2200,#2201,#2202);
#914=EDGE_LOOP('',(#2203,#2204,#2205,#2206));
#915=AXIS2_PLACEMENT_3D('',#2207,#2208,#2209);
#916=EDGE_LOOP('',(#2210,#2211,#2212,#2213));
#917=AXIS2_PLACEMENT_3D('',#2214,#2215,#2216);
#918=EDGE_LOOP('',(#2217,#2218,#2219,#2220,#2221,#2222,#2223,#2224));
#919=AXIS2_PLACEMENT_3D('',#2225,#2226,#2227);
#920=EDGE_LOOP('',(#2228,#2229,#2230,#2231));
#921=AXIS2_PLACEMENT_3D('',#2232,#2233,#2234);
#922=EDGE_LOOP('',(#2235,#2236,#2237,#2238));
#923=AXIS2_PLACEMENT_3D('',#2239,#2240,#2241);
#924=EDGE_LOOP('',(#2242,#2243,#2244,#2245));
#925=AXIS2_PLACEMENT_3D('',#2246,#2247,#2248);
#926=EDGE_LOOP('',(#2249,#2250,#2251,#2252));
#927=AXIS2_PLACEMENT_3D('',#2253,#2254,#2255);
#928=EDGE_LOOP('',(#2256,#2257,#2258,#2259));
#929=AXIS2_PLACEMENT_3D('',#2260,#2261,#2262);
#930=EDGE_LOOP('',(#2263,#2264,#2265,#2266));
#931=AXIS2_PLACEMENT_3D('',#2267,#2268,#2269);
#932=EDGE_LOOP('',(#2270,#2271,#2272,#2273,#2274,#2275,#2276,#2277));
#933=AXIS2_PLACEMENT_3D('',#2278,#2279,#2280);
#934=EDGE_LOOP('',(#2281,#2282,#2283,#2284));
#935=AXIS2_PLACEMENT_3D('',#2285,#2286,#2287);
#936=EDGE_LOOP('',(#2288,#2289,#2290,#2291));
#937=AXIS2_PLACEMENT_3D('',#2292,#2293,#2294);
#938=EDGE_LOOP('',(#2295,#2296,#2297,#2298,#2299,#2300,#2301,#2302,#2303,#2304,#2305,#2306));
#939=AXIS2_PLACEMENT_3D('',#2307,#2308,#2309);
#940=EDGE_LOOP('',(#2310,#2311,#2312,#2313));
#941=AXIS2_PLACEMENT_3D('',#2314,#2315,#2316);
#942=EDGE_LOOP('',(#2317,#2318,#2319,#2320));
#943=AXIS2_PLACEMENT_3D('',#2321,#2322,#2323);
#944=EDGE_LOOP('',(#2324,#2325,#2326,#2327));
#945=AXIS2_PLACEMENT_3D('',#2328,#2329,#2330);
#946=EDGE_LOOP('',(#2331,#2332,#2333,#2334));
#947=AXIS2_PLACEMENT_3D('',#2335,#2336,#2337);
#948=EDGE_LOOP('',(#2338,#2339,#2340,#2341));
#949=AXIS2_PLACEMENT_3D('',#2342,#2343,#2344);
#950=EDGE_LOOP('',(#2345,#2346,#2347,#2348,#2349,#2350,#2351,#2352));
#951=AXIS2_PLACEMENT_3D('',#2353,#2354,#2355);
#952=EDGE_LOOP('',(#2356,#2357,#2358,#2359));
#953=AXIS2_PLACEMENT_3D('',#2360,#2361,#2362);
#954=EDGE_LOOP('',(#2363,#2364,#2365,#2366,#2367,#2368,#2369,#2370));
#955=AXIS2_PLACEMENT_3D('',#2371,#2372,#2373);
#956=EDGE_LOOP('',(#2374,#2375,#2376,#2377,#2378,#2379,#2380,#2381));
#957=AXIS2_PLACEMENT_3D('',#2382,#2383,#2384);
#958=EDGE_LOOP('',(#2385,#2386,#2387,#2388));
#959=AXIS2_PLACEMENT_3D('',#2389,#2390,#2391);
#960=EDGE_LOOP('',(#2392,#2393,#2394,#2395,#2396,#2397,#2398,#2399));
#961=AXIS2_PLACEMENT_3D('',#2400,#2401,#2402);
#962=EDGE_LOOP('',(#2403,#2404,#2405,#2406));
#963=AXIS2_PLACEMENT_3D('',#2407,#2408,#2409);
#964=EDGE_LOOP('',(#2410,#2411,#2412,#2413,#2414,#2415,#2416,#2417));
#965=AXIS2_PLACEMENT_3D('',#2418,#2419,#2420);
#966=EDGE_LOOP('',(#2421,#2422,#2423,#2424));
#967=AXIS2_PLACEMENT_3D('',#2425,#2426,#2427);
#968=EDGE_LOOP('',(#2428,#2429,#2430,#2431));
#969=AXIS2_PLACEMENT_3D('',#2432,#2433,#2434);
#970=EDGE_LOOP('',(#2435,#2436,#2437,#2438));
#971=AXIS2_PLACEMENT_3D('',#2439,#2440,#2441);
#972=EDGE_LOOP('',(#2442,#2443,#2444));
#973=AXIS2_PLACEMENT_3D('',#2445,#2446,#2447);
#974=EDGE_LOOP('',(#2448,#2449,#2450,#2451,#2452));
#975=AXIS2_PLACEMENT_3D('',#2453,#2454,#2455);
#976=EDGE_LOOP('',(#2456,#2457,#2458,#2459,#2460));
#977=AXIS2_PLACEMENT_3D('',#2461,#2462,#2463);
#978=EDGE_LOOP('',(#2464,#2465,#2466,#2467));
#979=AXIS2_PLACEMENT_3D('',#2468,#2469,#2470);
#980=EDGE_LOOP('',(#2471,#2472,#2473,#2474));
#981=AXIS2_PLACEMENT_3D('',#2475,#2476,#2477);
#982=EDGE_LOOP('',(#2478,#2479,#2480,#2481));
#983=AXIS2_PLACEMENT_3D('',#2482,#2483,#2484);
#984=EDGE_LOOP('',(#2485,#2486,#2487,#2488,#2489,#2490,#2491,#2492));
#985=AXIS2_PLACEMENT_3D('',#2493,#2494,#2495);
#986=EDGE_LOOP('',(#2496,#2497,#2498,#2499));
#987=AXIS2_PLACEMENT_3D('',#2500,#2501,#2502);
#988=EDGE_LOOP('',(#2503,#2504,#2505,#2506));
#989=AXIS2_PLACEMENT_3D('',#2507,#2508,#2509);
#990=EDGE_LOOP('',(#2510,#2511,#2512,#2513));
#991=AXIS2_PLACEMENT_3D('',#2514,#2515,#2516);
#992=EDGE_LOOP('',(#2517,#2518,#2519,#2520,#2521,#2522));
#993=AXIS2_PLACEMENT_3D('',#2523,#2524,#2525);
#994=EDGE_LOOP('',(#2526,#2527,#2528,#2529));
#995=AXIS2_PLACEMENT_3D('',#2530,#2531,#2532);
#996=EDGE_LOOP('',(#2533,#2534,#2535,#2536,#2537,#2538,#2539));
#997=AXIS2_PLACEMENT_3D('',#2540,#2541,#2542);
#998=EDGE_LOOP('',(#2543,#2544,#2545,#2546,#2547,#2548,#2549));
#999=AXIS2_PLACEMENT_3D('',#2550,#2551,#2552);
#1000=EDGE_LOOP('',(#2553,#2554,#2555,#2556));
#1001=AXIS2_PLACEMENT_3D('',#2557,#2558,#2559);
#1002=EDGE_LOOP('',(#2560,#2561,#2562,#2563));
#1003=AXIS2_PLACEMENT_3D('',#2564,#2565,#2566);
#1004=EDGE_LOOP('',(#2567,#2568,#2569,#2570));
#1005=AXIS2_PLACEMENT_3D('',#2571,#2572,#2573);
#1006=EDGE_LOOP('',(#2574,#2575,#2576,#2577));
#1007=AXIS2_PLACEMENT_3D('',#2578,#2579,#2580);
#1008=EDGE_LOOP('',(#2581,#2582,#2583,#2584,#2585));
#1009=AXIS2_PLACEMENT_3D('',#2586,#2587,#2588);
#1010=EDGE_LOOP('',(#2589,#2590,#2591,#2592,#2593));
#1011=AXIS2_PLACEMENT_3D('',#2594,#2595,#2596);
#1012=EDGE_LOOP('',(#2597,#2598,#2599,#2600));
#1013=AXIS2_PLACEMENT_3D('',#2601,#2602,#2603);
#1014=EDGE_LOOP('',(#2604,#2605,#2606,#2607));
#1015=AXIS2_PLACEMENT_3D('',#2608,#2609,#2610);
#1016=EDGE_LOOP('',(#2611,#2612,#2613,#2614));
#1017=AXIS2_PLACEMENT_3D('',#2615,#2616,#2617);
#1018=EDGE_LOOP('',(#2618,#2619,#2620,#2621,#2622,#2623,#2624,#2625));
#1019=AXIS2_PLACEMENT_3D('',#2626,#2627,#2628);
#1020=EDGE_LOOP('',(#2629,#2630,#2631,#2632));
#1021=AXIS2_PLACEMENT_3D('',#2633,#2634,#2635);
#1022=EDGE_LOOP('',(#2636,#2637,#2638,#2639));
#1023=AXIS2_PLACEMENT_3D('',#2640,#2641,#2642);
#1024=EDGE_LOOP('',(#2643,#2644,#2645,#2646));
#1025=AXIS2_PLACEMENT_3D('',#2647,#2648,#2649);
#1026=EDGE_LOOP('',(#2650,#2651,#2652,#2653,#2654,#2655));
#1027=AXIS2_PLACEMENT_3D('',#2656,#2657,#2658);
#1028=EDGE_LOOP('',(#2659,#2660,#2661,#2662));
#1029=AXIS2_PLACEMENT_3D('',#2663,#2664,#2665);
#1030=EDGE_LOOP('',(#2666,#2667,#2668,#2669,#2670,#2671,#2672));
#1031=AXIS2_PLACEMENT_3D('',#2673,#2674,#2675);
#1032=EDGE_LOOP('',(#2676,#2677,#2678,#2679,#2680,#2681,#2682));
#1033=AXIS2_PLACEMENT_3D('',#2683,#2684,#2685);
#1034=EDGE_LOOP('',(#2686,#2687,#2688,#2689));
#1035=AXIS2_PLACEMENT_3D('',#2690,#2691,#2692);
#1036=EDGE_LOOP('',(#2693,#2694,#2695,#2696));
#1037=AXIS2_PLACEMENT_3D('',#2697,#2698,#2699);
#1038=EDGE_LOOP('',(#2700,#2701,#2702,#2703));
#1039=AXIS2_PLACEMENT_3D('',#2704,#2705,#2706);
#1040=EDGE_LOOP('',(#2707,#2708,#2709,#2710));
#1041=AXIS2_PLACEMENT_3D('',#2711,#2712,#2713);
#1042=EDGE_LOOP('',(#2714,#2715,#2716,#2717,#2718));
#1043=AXIS2_PLACEMENT_3D('',#2719,#2720,#2721);
#1044=EDGE_LOOP('',(#2722,#2723,#2724,#2725,#2726));
#1045=AXIS2_PLACEMENT_3D('',#2727,#2728,#2729);
#1046=EDGE_LOOP('',(#2730,#2731,#2732,#2733));
#1047=AXIS2_PLACEMENT_3D('',#2734,#2735,#2736);
#1048=EDGE_LOOP('',(#2737,#2738,#2739,#2740));
#1049=AXIS2_PLACEMENT_3D('',#2741,#2742,#2743);
#1050=EDGE_LOOP('',(#2744,#2745,#2746,#2747));
#1051=AXIS2_PLACEMENT_3D('',#2748,#2749,#2750);
#1052=EDGE_LOOP('',(#2751,#2752,#2753,#2754,#2755,#2756,#2757,#2758));
#1053=AXIS2_PLACEMENT_3D('',#2759,#2760,#2761);
#1054=EDGE_LOOP('',(#2762,#2763,#2764,#2765));
#1055=AXIS2_PLACEMENT_3D('',#2766,#2767,#2768);
#1056=EDGE_LOOP('',(#2769,#2770,#2771,#2772));
#1057=AXIS2_PLACEMENT_3D('',#2773,#2774,#2775);
#1058=EDGE_LOOP('',(#2776,#2777,#2778,#2779));
#1059=AXIS2_PLACEMENT_3D('',#2780,#2781,#2782);
#1060=EDGE_LOOP('',(#2783,#2784,#2785,#2786,#2787,#2788));
#1061=AXIS2_PLACEMENT_3D('',#2789,#2790,#2791);
#1062=EDGE_LOOP('',(#2792,#2793,#2794,#2795));
#1063=AXIS2_PLACEMENT_3D('',#2796,#2797,#2798);
#1064=EDGE_LOOP('',(#2799,#2800,#2801,#2802,#2803,#2804,#2805));
#1065=AXIS2_PLACEMENT_3D('',#2806,#2807,#2808);
#1066=EDGE_LOOP('',(#2809,#2810,#2811,#2812,#2813,#2814,#2815));
#1067=AXIS2_PLACEMENT_3D('',#2816,#2817,#2818);
#1068=EDGE_LOOP('',(#2819,#2820,#2821,#2822));
#1069=AXIS2_PLACEMENT_3D('',#2823,#2824,#2825);
#1070=EDGE_LOOP('',(#2826,#2827,#2828,#2829));
#1071=AXIS2_PLACEMENT_3D('',#2830,#2831,#2832);
#1072=EDGE_LOOP('',(#2833,#2834,#2835,#2836));
#1073=AXIS2_PLACEMENT_3D('',#2837,#2838,#2839);
#1074=EDGE_LOOP('',(#2840,#2841,#2842,#2843));
#1075=AXIS2_PLACEMENT_3D('',#2844,#2845,#2846);
#1076=FILL_AREA_STYLE_COLOUR('',#2847);
#1077=ORIENTED_EDGE('',*,*,#2848,.F.);
#1078=ORIENTED_EDGE('',*,*,#2849,.T.);
#1079=ORIENTED_EDGE('',*,*,#2850,.T.);
#1080=ORIENTED_EDGE('',*,*,#2851,.F.);
#1081=ORIENTED_EDGE('',*,*,#2852,.F.);
#1082=ORIENTED_EDGE('',*,*,#2853,.T.);
#1083=ORIENTED_EDGE('',*,*,#2854,.T.);
#1084=ORIENTED_EDGE('',*,*,#2855,.F.);
#1085=ORIENTED_EDGE('',*,*,#2856,.F.);
#1086=ORIENTED_EDGE('',*,*,#2857,.T.);
#1087=ORIENTED_EDGE('',*,*,#2858,.T.);
#1088=ORIENTED_EDGE('',*,*,#2859,.F.);
#1089=ORIENTED_EDGE('',*,*,#2860,.F.);
#1090=ORIENTED_EDGE('',*,*,#2861,.T.);
#1091=ORIENTED_EDGE('',*,*,#2862,.T.);
#1092=ORIENTED_EDGE('',*,*,#2863,.F.);
#1093=ORIENTED_EDGE('',*,*,#2864,.F.);
#1094=ORIENTED_EDGE('',*,*,#2865,.T.);
#1095=ORIENTED_EDGE('',*,*,#2866,.T.);
#1096=ORIENTED_EDGE('',*,*,#2867,.F.);
#1097=CARTESIAN_POINT('',(-3.7,5.15,0.160000000000004));
#1098=DIRECTION('',(1.84807188491847E-17,0.0,-1.0));
#1099=DIRECTION('',(0.0,-1.0,0.0));
#1100=ORIENTED_EDGE('',*,*,#2868,.F.);
#1101=ORIENTED_EDGE('',*,*,#2869,.T.);
#1102=ORIENTED_EDGE('',*,*,#2870,.F.);
#1103=ORIENTED_EDGE('',*,*,#2871,.F.);
#1104=CARTESIAN_POINT('',(-4.84,4.62,0.260000000000006));
#1105=DIRECTION('',(0.0,5.21644441478871E-15,1.0));
#1106=DIRECTION('',(0.0,-1.0,5.21644441478871E-15));
#1107=ORIENTED_EDGE('',*,*,#2872,.F.);
#1108=ORIENTED_EDGE('',*,*,#2873,.F.);
#1109=ORIENTED_EDGE('',*,*,#2874,.T.);
#1110=ORIENTED_EDGE('',*,*,#2875,.T.);
#1111=ORIENTED_EDGE('',*,*,#2876,.F.);
#1112=ORIENTED_EDGE('',*,*,#2877,.T.);
#1113=ORIENTED_EDGE('',*,*,#2878,.F.);
#1114=ORIENTED_EDGE('',*,*,#2879,.F.);
#1115=ORIENTED_EDGE('',*,*,#2880,.T.);
#1116=ORIENTED_EDGE('',*,*,#2881,.F.);
#1117=ORIENTED_EDGE('',*,*,#2882,.F.);
#1118=ORIENTED_EDGE('',*,*,#2883,.F.);
#1119=CARTESIAN_POINT('',(-3.95,5.15,1.0));
#1120=DIRECTION('',(-2.04566447638775E-16,0.0,1.0));
#1121=DIRECTION('',(1.0,-0.0,2.04566447638775E-16));
#1122=ORIENTED_EDGE('',*,*,#2873,.T.);
#1123=ORIENTED_EDGE('',*,*,#2884,.T.);
#1124=ORIENTED_EDGE('',*,*,#2885,.T.);
#1125=ORIENTED_EDGE('',*,*,#2886,.T.);
#1126=ORIENTED_EDGE('',*,*,#2887,.T.);
#1127=ORIENTED_EDGE('',*,*,#2888,.T.);
#1128=ORIENTED_EDGE('',*,*,#2889,.T.);
#1129=ORIENTED_EDGE('',*,*,#2890,.F.);
#1130=CARTESIAN_POINT('',(0.0,5.5,0.0));
#1131=DIRECTION('',(0.0,-1.0,0.0));
#1132=DIRECTION('',(0.0,0.0,-1.0));
#1133=ORIENTED_EDGE('',*,*,#2870,.T.);
#1134=ORIENTED_EDGE('',*,*,#2891,.T.);
#1135=ORIENTED_EDGE('',*,*,#2881,.T.);
#1136=ORIENTED_EDGE('',*,*,#2892,.T.);
#1137=CARTESIAN_POINT('',(0.0,5.5,0.0));
#1138=DIRECTION('',(0.0,-1.0,0.0));
#1139=DIRECTION('',(0.0,0.0,-1.0));
#1140=ORIENTED_EDGE('',*,*,#2893,.F.);
#1141=ORIENTED_EDGE('',*,*,#2894,.T.);
#1142=ORIENTED_EDGE('',*,*,#2895,.T.);
#1143=ORIENTED_EDGE('',*,*,#2896,.T.);
#1144=CARTESIAN_POINT('',(1.84,4.62,0.260000000000006));
#1145=DIRECTION('',(0.0,-5.21644441478871E-15,-1.0));
#1146=DIRECTION('',(0.0,-1.0,5.21644441478871E-15));
#1147=ORIENTED_EDGE('',*,*,#2897,.F.);
#1148=ORIENTED_EDGE('',*,*,#2896,.F.);
#1149=ORIENTED_EDGE('',*,*,#2898,.T.);
#1150=ORIENTED_EDGE('',*,*,#2899,.T.);
#1151=CARTESIAN_POINT('',(0.0,5.5,0.0));
#1152=DIRECTION('',(0.0,-1.0,0.0));
#1153=DIRECTION('',(0.0,0.0,-1.0));
#1154=ORIENTED_EDGE('',*,*,#2900,.T.);
#1155=ORIENTED_EDGE('',*,*,#2901,.F.);
#1156=ORIENTED_EDGE('',*,*,#2902,.T.);
#1157=ORIENTED_EDGE('',*,*,#2903,.T.);
#1158=ORIENTED_EDGE('',*,*,#2904,.F.);
#1159=ORIENTED_EDGE('',*,*,#2905,.F.);
#1160=ORIENTED_EDGE('',*,*,#2906,.F.);
#1161=CARTESIAN_POINT('',(0.700000000000002,5.15,0.340000000000004));
#1162=DIRECTION('',(1.30851986334458E-15,0.0,-1.0));
#1163=DIRECTION('',(0.0,-1.0,0.0));
#1164=ORIENTED_EDGE('',*,*,#2907,.F.);
#1165=ORIENTED_EDGE('',*,*,#2908,.T.);
#1166=ORIENTED_EDGE('',*,*,#2909,.F.);
#1167=ORIENTED_EDGE('',*,*,#2910,.F.);
#1168=ORIENTED_EDGE('',*,*,#2911,.F.);
#1169=ORIENTED_EDGE('',*,*,#2912,.F.);
#1170=CARTESIAN_POINT('',(1.28,5.15,0.160000000000004));
#1171=DIRECTION('',(1.1139063415947E-15,0.0,-1.0));
#1172=DIRECTION('',(0.0,-1.0,0.0));
#1173=ORIENTED_EDGE('',*,*,#2898,.F.);
#1174=ORIENTED_EDGE('',*,*,#2895,.F.);
#1175=ORIENTED_EDGE('',*,*,#2913,.F.);
#1176=ORIENTED_EDGE('',*,*,#2914,.F.);
#1177=ORIENTED_EDGE('',*,*,#2915,.T.);
#1178=ORIENTED_EDGE('',*,*,#2916,.F.);
#1179=ORIENTED_EDGE('',*,*,#2917,.F.);
#1180=ORIENTED_EDGE('',*,*,#2918,.T.);
#1181=CARTESIAN_POINT('',(2.01,5.15,0.160000000000005));
#1182=DIRECTION('',(1.0,0.0,3.09772049281573E-15));
#1183=DIRECTION('',(-3.09772049281573E-15,0.0,1.0));
#1184=ORIENTED_EDGE('',*,*,#2919,.F.);
#1185=ORIENTED_EDGE('',*,*,#2920,.T.);
#1186=ORIENTED_EDGE('',*,*,#2888,.F.);
#1187=ORIENTED_EDGE('',*,*,#2921,.F.);
#1188=CARTESIAN_POINT('',(-4.28,5.15,0.160000000000003));
#1189=DIRECTION('',(1.0,0.0,0.0));
#1190=DIRECTION('',(0.0,1.0,0.0));
#1191=ORIENTED_EDGE('',*,*,#2889,.F.);
#1192=ORIENTED_EDGE('',*,*,#2920,.F.);
#1193=ORIENTED_EDGE('',*,*,#2922,.F.);
#1194=ORIENTED_EDGE('',*,*,#2923,.F.);
#1195=ORIENTED_EDGE('',*,*,#2924,.T.);
#1196=ORIENTED_EDGE('',*,*,#2925,.T.);
#1197=ORIENTED_EDGE('',*,*,#2926,.T.);
#1198=CARTESIAN_POINT('',(-4.28,5.15,0.340000000000003));
#1199=DIRECTION('',(1.86931409049225E-16,0.0,-1.0));
#1200=DIRECTION('',(0.0,-1.0,0.0));
#1201=ORIENTED_EDGE('',*,*,#2927,.F.);
#1202=ORIENTED_EDGE('',*,*,#2904,.T.);
#1203=ORIENTED_EDGE('',*,*,#2928,.T.);
#1204=ORIENTED_EDGE('',*,*,#2857,.F.);
#1205=CARTESIAN_POINT('',(0.700000000000002,5.15,0.160000000000004));
#1206=DIRECTION('',(1.0,0.0,0.0));
#1207=DIRECTION('',(0.0,1.0,0.0));
#1208=ORIENTED_EDGE('',*,*,#2929,.F.);
#1209=ORIENTED_EDGE('',*,*,#2930,.T.);
#1210=ORIENTED_EDGE('',*,*,#2931,.F.);
#1211=ORIENTED_EDGE('',*,*,#2932,.F.);
#1212=ORIENTED_EDGE('',*,*,#2933,.T.);
#1213=ORIENTED_EDGE('',*,*,#2934,.T.);
#1214=CARTESIAN_POINT('',(-5.4,6.9,1.42));
#1215=DIRECTION('',(-1.0,0.0,0.0));
#1216=DIRECTION('',(0.0,0.0,1.0));
#1217=ORIENTED_EDGE('',*,*,#2935,.F.);
#1218=ORIENTED_EDGE('',*,*,#2936,.T.);
#1219=ORIENTED_EDGE('',*,*,#2937,.T.);
#1220=ORIENTED_EDGE('',*,*,#2938,.F.);
#1221=ORIENTED_EDGE('',*,*,#2939,.T.);
#1222=ORIENTED_EDGE('',*,*,#2940,.T.);
#1223=CARTESIAN_POINT('',(2.4,6.9,-0.0400000000000003));
#1224=DIRECTION('',(1.0,0.0,0.0));
#1225=DIRECTION('',(0.0,1.0,0.0));
#1226=ORIENTED_EDGE('',*,*,#2941,.F.);
#1227=ORIENTED_EDGE('',*,*,#2942,.F.);
#1228=ORIENTED_EDGE('',*,*,#2943,.F.);
#1229=ORIENTED_EDGE('',*,*,#2877,.F.);
#1230=ORIENTED_EDGE('',*,*,#2944,.F.);
#1231=ORIENTED_EDGE('',*,*,#2945,.T.);
#1232=ORIENTED_EDGE('',*,*,#2931,.T.);
#1233=ORIENTED_EDGE('',*,*,#2946,.T.);
#1234=CARTESIAN_POINT('',(0.0,2.05,0.0));
#1235=DIRECTION('',(0.0,-1.0,0.0));
#1236=DIRECTION('',(0.0,0.0,-1.0));
#1237=ORIENTED_EDGE('',*,*,#2947,.F.);
#1238=ORIENTED_EDGE('',*,*,#2948,.F.);
#1239=ORIENTED_EDGE('',*,*,#2915,.F.);
#1240=ORIENTED_EDGE('',*,*,#2949,.T.);
#1241=ORIENTED_EDGE('',*,*,#2935,.T.);
#1242=ORIENTED_EDGE('',*,*,#2950,.T.);
#1243=ORIENTED_EDGE('',*,*,#2951,.F.);
#1244=ORIENTED_EDGE('',*,*,#2952,.F.);
#1245=CARTESIAN_POINT('',(0.0,2.05,0.0));
#1246=DIRECTION('',(0.0,-1.0,0.0));
#1247=DIRECTION('',(0.0,0.0,-1.0));
#1248=ORIENTED_EDGE('',*,*,#2921,.T.);
#1249=ORIENTED_EDGE('',*,*,#2887,.F.);
#1250=ORIENTED_EDGE('',*,*,#2953,.T.);
#1251=ORIENTED_EDGE('',*,*,#2954,.F.);
#1252=ORIENTED_EDGE('',*,*,#2955,.F.);
#1253=ORIENTED_EDGE('',*,*,#2956,.F.);
#1254=CARTESIAN_POINT('',(-5.01,5.15,0.160000000000002));
#1255=DIRECTION('',(2.97041691091919E-16,0.0,-1.0));
#1256=DIRECTION('',(0.0,-1.0,0.0));
#1257=ORIENTED_EDGE('',*,*,#2957,.F.);
#1258=ORIENTED_EDGE('',*,*,#2958,.T.);
#1259=ORIENTED_EDGE('',*,*,#2959,.T.);
#1260=ORIENTED_EDGE('',*,*,#2960,.T.);
#1261=ORIENTED_EDGE('',*,*,#2961,.F.);
#1262=ORIENTED_EDGE('',*,*,#2962,.T.);
#1263=ORIENTED_EDGE('',*,*,#2963,.T.);
#1264=ORIENTED_EDGE('',*,*,#2964,.T.);
#1265=ORIENTED_EDGE('',*,*,#2965,.F.);
#1266=ORIENTED_EDGE('',*,*,#2966,.T.);
#1267=ORIENTED_EDGE('',*,*,#2967,.T.);
#1268=ORIENTED_EDGE('',*,*,#2968,.T.);
#1269=ORIENTED_EDGE('',*,*,#2969,.F.);
#1270=ORIENTED_EDGE('',*,*,#2970,.T.);
#1271=ORIENTED_EDGE('',*,*,#2938,.T.);
#1272=ORIENTED_EDGE('',*,*,#2971,.F.);
#1273=ORIENTED_EDGE('',*,*,#2972,.F.);
#1274=ORIENTED_EDGE('',*,*,#2973,.F.);
#1275=ORIENTED_EDGE('',*,*,#2974,.F.);
#1276=ORIENTED_EDGE('',*,*,#2975,.F.);
#1277=ORIENTED_EDGE('',*,*,#2976,.F.);
#1278=ORIENTED_EDGE('',*,*,#2977,.F.);
#1279=ORIENTED_EDGE('',*,*,#2978,.F.);
#1280=ORIENTED_EDGE('',*,*,#2979,.F.);
#1281=ORIENTED_EDGE('',*,*,#2934,.F.);
#1282=ORIENTED_EDGE('',*,*,#2980,.T.);
#1283=ORIENTED_EDGE('',*,*,#2981,.T.);
#1284=ORIENTED_EDGE('',*,*,#2982,.T.);
#1285=CARTESIAN_POINT('',(-5.4,6.9,-0.0400000000000017));
#1286=DIRECTION('',(1.76356603377049E-16,0.0,-1.0));
#1287=DIRECTION('',(0.0,-1.0,0.0));
#1288=ORIENTED_EDGE('',*,*,#2983,.F.);
#1289=ORIENTED_EDGE('',*,*,#2984,.F.);
#1290=ORIENTED_EDGE('',*,*,#2985,.F.);
#1291=ORIENTED_EDGE('',*,*,#2986,.F.);
#1292=ORIENTED_EDGE('',*,*,#2987,.F.);
#1293=ORIENTED_EDGE('',*,*,#2988,.F.);
#1294=ORIENTED_EDGE('',*,*,#2989,.F.);
#1295=ORIENTED_EDGE('',*,*,#2990,.F.);
#1296=ORIENTED_EDGE('',*,*,#2991,.F.);
#1297=ORIENTED_EDGE('',*,*,#2992,.F.);
#1298=ORIENTED_EDGE('',*,*,#2993,.F.);
#1299=ORIENTED_EDGE('',*,*,#2994,.F.);
#1300=ORIENTED_EDGE('',*,*,#2995,.F.);
#1301=ORIENTED_EDGE('',*,*,#2996,.F.);
#1302=ORIENTED_EDGE('',*,*,#2950,.F.);
#1303=ORIENTED_EDGE('',*,*,#2940,.F.);
#1304=ORIENTED_EDGE('',*,*,#2997,.T.);
#1305=ORIENTED_EDGE('',*,*,#2932,.T.);
#1306=ORIENTED_EDGE('',*,*,#2945,.F.);
#1307=CARTESIAN_POINT('',(2.4,6.9,1.42));
#1308=DIRECTION('',(2.78000557047565E-17,0.0,1.0));
#1309=DIRECTION('',(1.0,0.0,-2.78000557047565E-17));
#1310=ORIENTED_EDGE('',*,*,#2958,.F.);
#1311=ORIENTED_EDGE('',*,*,#2998,.T.);
#1312=ORIENTED_EDGE('',*,*,#2999,.F.);
#1313=ORIENTED_EDGE('',*,*,#3000,.F.);
#1314=ORIENTED_EDGE('',*,*,#2980,.F.);
#1315=ORIENTED_EDGE('',*,*,#2933,.F.);
#1316=ORIENTED_EDGE('',*,*,#2997,.F.);
#1317=ORIENTED_EDGE('',*,*,#2939,.F.);
#1318=ORIENTED_EDGE('',*,*,#2970,.F.);
#1319=ORIENTED_EDGE('',*,*,#3001,.T.);
#1320=ORIENTED_EDGE('',*,*,#3002,.F.);
#1321=ORIENTED_EDGE('',*,*,#3003,.F.);
#1322=ORIENTED_EDGE('',*,*,#2966,.F.);
#1323=ORIENTED_EDGE('',*,*,#3004,.T.);
#1324=ORIENTED_EDGE('',*,*,#3005,.F.);
#1325=ORIENTED_EDGE('',*,*,#3006,.F.);
#1326=ORIENTED_EDGE('',*,*,#2962,.F.);
#1327=ORIENTED_EDGE('',*,*,#3007,.T.);
#1328=ORIENTED_EDGE('',*,*,#3008,.F.);
#1329=ORIENTED_EDGE('',*,*,#3009,.F.);
#1330=CARTESIAN_POINT('',(0.0,6.9,0.0));
#1331=DIRECTION('',(0.0,-1.0,0.0));
#1332=DIRECTION('',(0.0,0.0,-1.0));
#1333=ORIENTED_EDGE('',*,*,#3010,.T.);
#1334=ORIENTED_EDGE('',*,*,#3011,.T.);
#1335=ORIENTED_EDGE('',*,*,#2871,.T.);
#1336=ORIENTED_EDGE('',*,*,#2892,.F.);
#1337=ORIENTED_EDGE('',*,*,#2880,.F.);
#1338=ORIENTED_EDGE('',*,*,#3012,.F.);
#1339=ORIENTED_EDGE('',*,*,#3013,.T.);
#1340=ORIENTED_EDGE('',*,*,#2941,.T.);
#1341=CARTESIAN_POINT('',(-5.01,5.15,1.0));
#1342=DIRECTION('',(-1.0,0.0,0.0));
#1343=DIRECTION('',(0.0,0.0,1.0));
#1344=ORIENTED_EDGE('',*,*,#2924,.F.);
#1345=ORIENTED_EDGE('',*,*,#3014,.T.);
#1346=ORIENTED_EDGE('',*,*,#2859,.T.);
#1347=ORIENTED_EDGE('',*,*,#3015,.T.);
#1348=CARTESIAN_POINT('',(-3.7,5.15,0.340000000000003));
#1349=DIRECTION('',(-1.0,0.0,0.0));
#1350=DIRECTION('',(0.0,0.0,1.0));
#1351=ORIENTED_EDGE('',*,*,#2900,.F.);
#1352=ORIENTED_EDGE('',*,*,#3016,.T.);
#1353=ORIENTED_EDGE('',*,*,#2909,.T.);
#1354=ORIENTED_EDGE('',*,*,#3017,.T.);
#1355=CARTESIAN_POINT('',(1.28,5.15,0.340000000000005));
#1356=DIRECTION('',(-1.0,0.0,0.0));
#1357=DIRECTION('',(0.0,0.0,1.0));
#1358=ORIENTED_EDGE('',*,*,#3018,.T.);
#1359=ORIENTED_EDGE('',*,*,#3019,.T.);
#1360=ORIENTED_EDGE('',*,*,#2899,.F.);
#1361=ORIENTED_EDGE('',*,*,#2918,.F.);
#1362=ORIENTED_EDGE('',*,*,#3020,.F.);
#1363=ORIENTED_EDGE('',*,*,#3021,.T.);
#1364=ORIENTED_EDGE('',*,*,#2952,.T.);
#1365=ORIENTED_EDGE('',*,*,#3022,.T.);
#1366=ORIENTED_EDGE('',*,*,#3023,.T.);
#1367=ORIENTED_EDGE('',*,*,#3024,.T.);
#1368=ORIENTED_EDGE('',*,*,#3025,.F.);
#1369=ORIENTED_EDGE('',*,*,#3026,.T.);
#1370=CARTESIAN_POINT('',(2.01,5.15,1.0));
#1371=DIRECTION('',(-8.18265790555101E-16,0.0,1.0));
#1372=DIRECTION('',(1.0,-0.0,8.18265790555101E-16));
#1373=ORIENTED_EDGE('',*,*,#3027,.T.);
#1374=ORIENTED_EDGE('',*,*,#3022,.F.);
#1375=ORIENTED_EDGE('',*,*,#2951,.T.);
#1376=ORIENTED_EDGE('',*,*,#2996,.T.);
#1377=ORIENTED_EDGE('',*,*,#3028,.F.);
#1378=ORIENTED_EDGE('',*,*,#3029,.T.);
#1379=CARTESIAN_POINT('',(0.950000000000004,5.15,1.0));
#1380=DIRECTION('',(1.0,0.0,0.0));
#1381=DIRECTION('',(0.0,1.0,0.0));
#1382=ORIENTED_EDGE('',*,*,#3030,.F.);
#1383=ORIENTED_EDGE('',*,*,#3031,.F.);
#1384=ORIENTED_EDGE('',*,*,#3032,.F.);
#1385=ORIENTED_EDGE('',*,*,#3033,.F.);
#1386=ORIENTED_EDGE('',*,*,#3029,.F.);
#1387=ORIENTED_EDGE('',*,*,#3034,.T.);
#1388=ORIENTED_EDGE('',*,*,#3035,.T.);
#1389=ORIENTED_EDGE('',*,*,#3036,.T.);
#1390=ORIENTED_EDGE('',*,*,#3037,.T.);
#1391=ORIENTED_EDGE('',*,*,#3038,.T.);
#1392=ORIENTED_EDGE('',*,*,#3039,.T.);
#1393=ORIENTED_EDGE('',*,*,#3040,.T.);
#1394=CARTESIAN_POINT('',(0.950000000000004,5.15,1.17));
#1395=DIRECTION('',(-3.98278349076307E-16,0.0,1.0));
#1396=DIRECTION('',(1.0,-0.0,3.98278349076307E-16));
#1397=ORIENTED_EDGE('',*,*,#2876,.T.);
#1398=ORIENTED_EDGE('',*,*,#3041,.T.);
#1399=ORIENTED_EDGE('',*,*,#3039,.F.);
#1400=ORIENTED_EDGE('',*,*,#3042,.T.);
#1401=ORIENTED_EDGE('',*,*,#2990,.T.);
#1402=ORIENTED_EDGE('',*,*,#2944,.T.);
#1403=CARTESIAN_POINT('',(-3.95,5.15,1.17));
#1404=DIRECTION('',(-1.0,0.0,0.0));
#1405=DIRECTION('',(0.0,0.0,1.0));
#1406=ORIENTED_EDGE('',*,*,#3043,.F.);
#1407=ORIENTED_EDGE('',*,*,#3044,.T.);
#1408=ORIENTED_EDGE('',*,*,#3045,.T.);
#1409=ORIENTED_EDGE('',*,*,#3046,.T.);
#1410=ORIENTED_EDGE('',*,*,#3047,.F.);
#1411=ORIENTED_EDGE('',*,*,#3048,.T.);
#1412=ORIENTED_EDGE('',*,*,#3049,.T.);
#1413=ORIENTED_EDGE('',*,*,#3050,.T.);
#1414=ORIENTED_EDGE('',*,*,#3051,.F.);
#1415=ORIENTED_EDGE('',*,*,#3052,.T.);
#1416=ORIENTED_EDGE('',*,*,#3053,.T.);
#1417=ORIENTED_EDGE('',*,*,#3054,.T.);
#1418=ORIENTED_EDGE('',*,*,#2875,.F.);
#1419=ORIENTED_EDGE('',*,*,#3055,.T.);
#1420=ORIENTED_EDGE('',*,*,#2925,.F.);
#1421=ORIENTED_EDGE('',*,*,#3015,.F.);
#1422=ORIENTED_EDGE('',*,*,#2858,.F.);
#1423=ORIENTED_EDGE('',*,*,#2928,.F.);
#1424=ORIENTED_EDGE('',*,*,#2903,.F.);
#1425=ORIENTED_EDGE('',*,*,#3056,.T.);
#1426=ORIENTED_EDGE('',*,*,#3023,.F.);
#1427=ORIENTED_EDGE('',*,*,#3027,.F.);
#1428=ORIENTED_EDGE('',*,*,#3040,.F.);
#1429=ORIENTED_EDGE('',*,*,#3041,.F.);
#1430=ORIENTED_EDGE('',*,*,#3057,.F.);
#1431=ORIENTED_EDGE('',*,*,#3058,.T.);
#1432=ORIENTED_EDGE('',*,*,#3059,.T.);
#1433=ORIENTED_EDGE('',*,*,#3060,.T.);
#1434=CARTESIAN_POINT('',(0.0,5.15,0.0));
#1435=DIRECTION('',(0.0,-1.0,0.0));
#1436=DIRECTION('',(0.0,0.0,-1.0));
#1437=ORIENTED_EDGE('',*,*,#3028,.T.);
#1438=ORIENTED_EDGE('',*,*,#2995,.T.);
#1439=ORIENTED_EDGE('',*,*,#3061,.T.);
#1440=ORIENTED_EDGE('',*,*,#3034,.F.);
#1441=CARTESIAN_POINT('',(0.950000000000002,4.1,-2.73799999999995));
#1442=DIRECTION('',(-0.0,1.0,0.0));
#1443=DIRECTION('',(1.0,0.0,0.0));
#1444=ORIENTED_EDGE('',*,*,#3061,.F.);
#1445=ORIENTED_EDGE('',*,*,#2994,.T.);
#1446=ORIENTED_EDGE('',*,*,#3062,.T.);
#1447=ORIENTED_EDGE('',*,*,#3035,.F.);
#1448=CARTESIAN_POINT('',(0.450000000000002,4.1,-2.73799999999995));
#1449=DIRECTION('',(-1.0,1.19262238973406E-15,0.0));
#1450=DIRECTION('',(0.0,0.0,1.0));
#1451=ORIENTED_EDGE('',*,*,#3062,.F.);
#1452=ORIENTED_EDGE('',*,*,#2993,.T.);
#1453=ORIENTED_EDGE('',*,*,#3063,.T.);
#1454=ORIENTED_EDGE('',*,*,#3036,.F.);
#1455=CARTESIAN_POINT('',(0.450000000000001,3.1,-2.73799999999995));
#1456=DIRECTION('',(4.44800891276104E-16,1.0,0.0));
#1457=DIRECTION('',(1.0,-4.44800891276104E-16,0.0));
#1458=ORIENTED_EDGE('',*,*,#3063,.F.);
#1459=ORIENTED_EDGE('',*,*,#2992,.T.);
#1460=ORIENTED_EDGE('',*,*,#3064,.T.);
#1461=ORIENTED_EDGE('',*,*,#3037,.F.);
#1462=CARTESIAN_POINT('',(-3.45,3.1,-2.73799999999996));
#1463=DIRECTION('',(1.0,-4.33680868994202E-16,0.0));
#1464=DIRECTION('',(-4.33680868994202E-16,-1.0,0.0));
#1465=ORIENTED_EDGE('',*,*,#3064,.F.);
#1466=ORIENTED_EDGE('',*,*,#2991,.T.);
#1467=ORIENTED_EDGE('',*,*,#3042,.F.);
#1468=ORIENTED_EDGE('',*,*,#3038,.F.);
#1469=CARTESIAN_POINT('',(-3.45,4.1,-2.73799999999996));
#1470=DIRECTION('',(-0.0,1.0,0.0));
#1471=DIRECTION('',(1.0,0.0,0.0));
#1472=ORIENTED_EDGE('',*,*,#2914,.T.);
#1473=ORIENTED_EDGE('',*,*,#3065,.T.);
#1474=ORIENTED_EDGE('',*,*,#2936,.F.);
#1475=ORIENTED_EDGE('',*,*,#2949,.F.);
#1476=CARTESIAN_POINT('',(-3.7,5.15,0.160000000000004));
#1477=DIRECTION('',(1.84807188491847E-17,0.0,-1.0));
#1478=DIRECTION('',(0.0,-1.0,0.0));
#1479=ORIENTED_EDGE('',*,*,#2946,.F.);
#1480=ORIENTED_EDGE('',*,*,#2930,.F.);
#1481=ORIENTED_EDGE('',*,*,#3066,.T.);
#1482=ORIENTED_EDGE('',*,*,#3010,.F.);
#1483=CARTESIAN_POINT('',(-3.7,5.15,0.160000000000004));
#1484=DIRECTION('',(1.84807188491847E-17,0.0,-1.0));
#1485=DIRECTION('',(0.0,-1.0,0.0));
#1486=ORIENTED_EDGE('',*,*,#2954,.T.);
#1487=ORIENTED_EDGE('',*,*,#3067,.T.);
#1488=ORIENTED_EDGE('',*,*,#3066,.F.);
#1489=ORIENTED_EDGE('',*,*,#2929,.T.);
#1490=ORIENTED_EDGE('',*,*,#2979,.T.);
#1491=ORIENTED_EDGE('',*,*,#3068,.T.);
#1492=CARTESIAN_POINT('',(-5.4,4.52,1.93999999999998));
#1493=DIRECTION('',(-2.62836890299516E-15,1.0,-4.63530212154088E-31));
#1494=DIRECTION('',(1.0,2.62836890299516E-15,0.0));
#1495=ORIENTED_EDGE('',*,*,#2955,.T.);
#1496=ORIENTED_EDGE('',*,*,#3068,.F.);
#1497=ORIENTED_EDGE('',*,*,#2978,.T.);
#1498=ORIENTED_EDGE('',*,*,#3069,.T.);
#1499=CARTESIAN_POINT('',(-4.74,4.52,1.93999999999998));
#1500=DIRECTION('',(1.0,0.0,1.76356603377049E-16));
#1501=DIRECTION('',(-1.76356603377049E-16,0.0,1.0));
#1502=ORIENTED_EDGE('',*,*,#2956,.T.);
#1503=ORIENTED_EDGE('',*,*,#3069,.F.);
#1504=ORIENTED_EDGE('',*,*,#2977,.T.);
#1505=ORIENTED_EDGE('',*,*,#3070,.T.);
#1506=CARTESIAN_POINT('',(-4.74,3.30000000000001,1.93999999999998));
#1507=DIRECTION('',(3.7711379912539E-15,1.0,6.65065087003687E-31));
#1508=DIRECTION('',(1.0,-3.7711379912539E-15,0.0));
#1509=ORIENTED_EDGE('',*,*,#3071,.T.);
#1510=ORIENTED_EDGE('',*,*,#2922,.T.);
#1511=ORIENTED_EDGE('',*,*,#2919,.T.);
#1512=ORIENTED_EDGE('',*,*,#3070,.F.);
#1513=ORIENTED_EDGE('',*,*,#2976,.T.);
#1514=CARTESIAN_POINT('',(-4.28,3.3,1.93999999999998));
#1515=DIRECTION('',(0.894427190999914,0.447213595499961,1.5773814137282E-16));
#1516=DIRECTION('',(0.0,3.52713206754095E-16,-1.0));
#1517=ORIENTED_EDGE('',*,*,#3072,.T.);
#1518=ORIENTED_EDGE('',*,*,#2905,.T.);
#1519=ORIENTED_EDGE('',*,*,#2927,.T.);
#1520=ORIENTED_EDGE('',*,*,#2856,.T.);
#1521=ORIENTED_EDGE('',*,*,#3014,.F.);
#1522=ORIENTED_EDGE('',*,*,#2923,.T.);
#1523=ORIENTED_EDGE('',*,*,#3071,.F.);
#1524=ORIENTED_EDGE('',*,*,#2975,.T.);
#1525=CARTESIAN_POINT('',(-4.17999999999999,3.1,1.93999999999998));
#1526=DIRECTION('',(4.85463659321868E-16,1.0,8.56147220209976E-32));
#1527=DIRECTION('',(1.0,-4.85463659321868E-16,0.0));
#1528=ORIENTED_EDGE('',*,*,#3073,.T.);
#1529=ORIENTED_EDGE('',*,*,#3016,.F.);
#1530=ORIENTED_EDGE('',*,*,#2906,.T.);
#1531=ORIENTED_EDGE('',*,*,#3072,.F.);
#1532=ORIENTED_EDGE('',*,*,#2974,.T.);
#1533=CARTESIAN_POINT('',(1.18,3.1,1.93999999999999));
#1534=DIRECTION('',(-0.894427190999915,0.44721359549996,-1.5773814137282E-16));
#1535=DIRECTION('',(-1.76356603377049E-16,0.0,1.0));
#1536=ORIENTED_EDGE('',*,*,#2910,.T.);
#1537=ORIENTED_EDGE('',*,*,#3073,.F.);
#1538=ORIENTED_EDGE('',*,*,#2973,.T.);
#1539=ORIENTED_EDGE('',*,*,#3074,.T.);
#1540=CARTESIAN_POINT('',(1.28,3.3,1.93999999999999));
#1541=DIRECTION('',(1.88556899562697E-15,1.0,3.32532543501846E-31));
#1542=DIRECTION('',(1.0,-1.88556899562697E-15,0.0));
#1543=ORIENTED_EDGE('',*,*,#2911,.T.);
#1544=ORIENTED_EDGE('',*,*,#3074,.F.);
#1545=ORIENTED_EDGE('',*,*,#2972,.T.);
#1546=ORIENTED_EDGE('',*,*,#3075,.T.);
#1547=CARTESIAN_POINT('',(1.74,3.3,1.93999999999998));
#1548=DIRECTION('',(-1.0,2.13285673275837E-15,-1.76356603377049E-16));
#1549=DIRECTION('',(-1.76356603377049E-16,0.0,1.0));
#1550=ORIENTED_EDGE('',*,*,#3065,.F.);
#1551=ORIENTED_EDGE('',*,*,#3076,.T.);
#1552=ORIENTED_EDGE('',*,*,#2912,.T.);
#1553=ORIENTED_EDGE('',*,*,#3075,.F.);
#1554=ORIENTED_EDGE('',*,*,#2971,.T.);
#1555=ORIENTED_EDGE('',*,*,#2937,.F.);
#1556=CARTESIAN_POINT('',(1.74,4.52,1.93999999999998));
#1557=DIRECTION('',(1.31418445149758E-15,1.0,2.31765106077044E-31));
#1558=DIRECTION('',(1.0,-1.31418445149758E-15,0.0));
#1559=ORIENTED_EDGE('',*,*,#3031,.T.);
#1560=ORIENTED_EDGE('',*,*,#3077,.F.);
#1561=ORIENTED_EDGE('',*,*,#2986,.T.);
#1562=ORIENTED_EDGE('',*,*,#3078,.T.);
#1563=CARTESIAN_POINT('',(-1.8,4.55,-1.05499999999997));
#1564=DIRECTION('',(-1.0,4.81867632215779E-16,0.0));
#1565=DIRECTION('',(0.0,0.0,1.0));
#1566=ORIENTED_EDGE('',*,*,#3032,.T.);
#1567=ORIENTED_EDGE('',*,*,#3078,.F.);
#1568=ORIENTED_EDGE('',*,*,#2989,.T.);
#1569=ORIENTED_EDGE('',*,*,#3079,.T.);
#1570=CARTESIAN_POINT('',(-1.8,3.65,-1.05499999999997));
#1571=DIRECTION('',(-1.44560289664734E-15,-1.0,0.0));
#1572=DIRECTION('',(-1.0,1.44560289664734E-15,0.0));
#1573=ORIENTED_EDGE('',*,*,#3033,.T.);
#1574=ORIENTED_EDGE('',*,*,#3079,.F.);
#1575=ORIENTED_EDGE('',*,*,#2988,.T.);
#1576=ORIENTED_EDGE('',*,*,#3080,.T.);
#1577=CARTESIAN_POINT('',(-1.2,3.65,-1.05499999999997));
#1578=DIRECTION('',(1.0,-9.6373526443156E-16,0.0));
#1579=DIRECTION('',(-9.6373526443156E-16,-1.0,0.0));
#1580=ORIENTED_EDGE('',*,*,#3030,.T.);
#1581=ORIENTED_EDGE('',*,*,#3080,.F.);
#1582=ORIENTED_EDGE('',*,*,#2987,.T.);
#1583=ORIENTED_EDGE('',*,*,#3077,.T.);
#1584=CARTESIAN_POINT('',(-1.2,4.55,-1.05499999999997));
#1585=DIRECTION('',(2.89120579329468E-15,1.0,0.0));
#1586=DIRECTION('',(1.0,-2.89120579329468E-15,0.0));
#1587=ORIENTED_EDGE('',*,*,#3081,.T.);
#1588=ORIENTED_EDGE('',*,*,#2853,.F.);
#1589=ORIENTED_EDGE('',*,*,#3082,.F.);
#1590=ORIENTED_EDGE('',*,*,#3083,.T.);
#1591=ORIENTED_EDGE('',*,*,#3084,.T.);
#1592=CARTESIAN_POINT('',(-0.119999999999996,3.35,0.300000000000003));
#1593=DIRECTION('',(1.0,0.0,9.68037654004911E-17));
#1594=DIRECTION('',(-9.68037654004911E-17,0.0,1.0));
#1595=ORIENTED_EDGE('',*,*,#3085,.T.);
#1596=ORIENTED_EDGE('',*,*,#3086,.F.);
#1597=ORIENTED_EDGE('',*,*,#3087,.F.);
#1598=ORIENTED_EDGE('',*,*,#3088,.F.);
#1599=ORIENTED_EDGE('',*,*,#2855,.T.);
#1600=CARTESIAN_POINT('',(0.120000000000003,3.35,0.160000000000003));
#1601=DIRECTION('',(-1.0,0.0,-9.68037654004911E-17));
#1602=DIRECTION('',(-9.68037654004911E-17,0.0,1.0));
#1603=ORIENTED_EDGE('',*,*,#3087,.T.);
#1604=ORIENTED_EDGE('',*,*,#3089,.T.);
#1605=ORIENTED_EDGE('',*,*,#3083,.F.);
#1606=ORIENTED_EDGE('',*,*,#3090,.F.);
#1607=CARTESIAN_POINT('',(0.120000000000003,3.35,0.300000000000003));
#1608=DIRECTION('',(1.35525271560688E-15,0.0,-1.0));
#1609=DIRECTION('',(0.0,-1.0,0.0));
#1610=ORIENTED_EDGE('',*,*,#3082,.T.);
#1611=ORIENTED_EDGE('',*,*,#2852,.T.);
#1612=ORIENTED_EDGE('',*,*,#3088,.T.);
#1613=ORIENTED_EDGE('',*,*,#3090,.T.);
#1614=CARTESIAN_POINT('',(0.0,3.35,0.0));
#1615=DIRECTION('',(0.0,-1.0,0.0));
#1616=DIRECTION('',(0.0,0.0,-1.0));
#1617=ORIENTED_EDGE('',*,*,#3081,.F.);
#1618=ORIENTED_EDGE('',*,*,#3091,.F.);
#1619=ORIENTED_EDGE('',*,*,#3085,.F.);
#1620=ORIENTED_EDGE('',*,*,#2854,.F.);
#1621=CARTESIAN_POINT('',(0.0,5.06,0.0));
#1622=DIRECTION('',(0.0,-1.0,0.0));
#1623=DIRECTION('',(0.0,0.0,-1.0));
#1624=ORIENTED_EDGE('',*,*,#3058,.F.);
#1625=ORIENTED_EDGE('',*,*,#3092,.F.);
#1626=ORIENTED_EDGE('',*,*,#3093,.T.);
#1627=ORIENTED_EDGE('',*,*,#3086,.T.);
#1628=ORIENTED_EDGE('',*,*,#3091,.T.);
#1629=ORIENTED_EDGE('',*,*,#3084,.F.);
#1630=ORIENTED_EDGE('',*,*,#3094,.T.);
#1631=ORIENTED_EDGE('',*,*,#3095,.T.);
#1632=CARTESIAN_POINT('',(0.125,3.5,0.300000000000001));
#1633=DIRECTION('',(0.0,0.0,1.0));
#1634=DIRECTION('',(1.0,0.0,0.0));
#1635=ORIENTED_EDGE('',*,*,#3059,.F.);
#1636=ORIENTED_EDGE('',*,*,#3095,.F.);
#1637=ORIENTED_EDGE('',*,*,#3096,.F.);
#1638=ORIENTED_EDGE('',*,*,#3097,.F.);
#1639=CARTESIAN_POINT('',(-0.125,0.0,0.0));
#1640=DIRECTION('',(1.0,0.0,0.0));
#1641=DIRECTION('',(0.0,1.0,0.0));
#1642=ORIENTED_EDGE('',*,*,#3092,.T.);
#1643=ORIENTED_EDGE('',*,*,#3057,.T.);
#1644=ORIENTED_EDGE('',*,*,#3098,.T.);
#1645=ORIENTED_EDGE('',*,*,#3099,.T.);
#1646=CARTESIAN_POINT('',(0.125,0.0,0.0));
#1647=DIRECTION('',(1.0,0.0,0.0));
#1648=DIRECTION('',(0.0,1.0,0.0));
#1649=ORIENTED_EDGE('',*,*,#3060,.F.);
#1650=ORIENTED_EDGE('',*,*,#3097,.T.);
#1651=ORIENTED_EDGE('',*,*,#3100,.F.);
#1652=ORIENTED_EDGE('',*,*,#3098,.F.);
#1653=CARTESIAN_POINT('',(0.125,6.86,0.680000000000002));
#1654=DIRECTION('',(0.0,2.58143374401311E-16,-1.0));
#1655=DIRECTION('',(-1.0,0.0,0.0));
#1656=ORIENTED_EDGE('',*,*,#3096,.T.);
#1657=ORIENTED_EDGE('',*,*,#3094,.F.);
#1658=ORIENTED_EDGE('',*,*,#3089,.F.);
#1659=ORIENTED_EDGE('',*,*,#3093,.F.);
#1660=ORIENTED_EDGE('',*,*,#3099,.F.);
#1661=ORIENTED_EDGE('',*,*,#3100,.T.);
#1662=CARTESIAN_POINT('',(0.125,3.5,0.680000000000001));
#1663=DIRECTION('',(-0.0,1.0,0.0));
#1664=DIRECTION('',(1.0,0.0,0.0));
#1665=ORIENTED_EDGE('',*,*,#3101,.T.);
#1666=ORIENTED_EDGE('',*,*,#3002,.T.);
#1667=ORIENTED_EDGE('',*,*,#3102,.F.);
#1668=ORIENTED_EDGE('',*,*,#3103,.T.);
#1669=CARTESIAN_POINT('',(0.125,7.24,0.230000000000002));
#1670=DIRECTION('',(0.0,-1.64056907678728E-15,-1.0));
#1671=DIRECTION('',(0.0,-1.0,1.64056907678728E-15));
#1672=ORIENTED_EDGE('',*,*,#3001,.F.);
#1673=ORIENTED_EDGE('',*,*,#2969,.T.);
#1674=ORIENTED_EDGE('',*,*,#3104,.T.);
#1675=ORIENTED_EDGE('',*,*,#3105,.T.);
#1676=ORIENTED_EDGE('',*,*,#3106,.T.);
#1677=ORIENTED_EDGE('',*,*,#3107,.T.);
#1678=ORIENTED_EDGE('',*,*,#3102,.T.);
#1679=CARTESIAN_POINT('',(0.125,0.0,0.0));
#1680=DIRECTION('',(1.0,0.0,0.0));
#1681=DIRECTION('',(0.0,1.0,0.0));
#1682=ORIENTED_EDGE('',*,*,#2967,.F.);
#1683=ORIENTED_EDGE('',*,*,#3003,.T.);
#1684=ORIENTED_EDGE('',*,*,#3101,.F.);
#1685=ORIENTED_EDGE('',*,*,#3108,.F.);
#1686=ORIENTED_EDGE('',*,*,#3109,.F.);
#1687=ORIENTED_EDGE('',*,*,#3110,.F.);
#1688=ORIENTED_EDGE('',*,*,#3111,.F.);
#1689=CARTESIAN_POINT('',(-0.125,0.0,0.0));
#1690=DIRECTION('',(1.0,0.0,0.0));
#1691=DIRECTION('',(0.0,1.0,0.0));
#1692=ORIENTED_EDGE('',*,*,#2968,.F.);
#1693=ORIENTED_EDGE('',*,*,#3111,.T.);
#1694=ORIENTED_EDGE('',*,*,#3112,.F.);
#1695=ORIENTED_EDGE('',*,*,#3104,.F.);
#1696=CARTESIAN_POINT('',(0.125,6.54,1.99840144432528E-15));
#1697=DIRECTION('',(0.0,0.707106781186546,0.707106781186549));
#1698=DIRECTION('',(1.0,-0.0,0.0));
#1699=ORIENTED_EDGE('',*,*,#3110,.T.);
#1700=ORIENTED_EDGE('',*,*,#3113,.F.);
#1701=ORIENTED_EDGE('',*,*,#3105,.F.);
#1702=ORIENTED_EDGE('',*,*,#3112,.T.);
#1703=CARTESIAN_POINT('',(0.125,6.62,-0.079999999999998));
#1704=DIRECTION('',(0.0,-2.00778180089909E-16,1.0));
#1705=DIRECTION('',(0.0,-1.0,-2.00778180089909E-16));
#1706=ORIENTED_EDGE('',*,*,#3109,.T.);
#1707=ORIENTED_EDGE('',*,*,#3114,.F.);
#1708=ORIENTED_EDGE('',*,*,#3106,.F.);
#1709=ORIENTED_EDGE('',*,*,#3113,.T.);
#1710=CARTESIAN_POINT('',(0.125,7.16,-0.0799999999999979));
#1711=DIRECTION('',(0.0,-0.707106781186543,0.707106781186552));
#1712=DIRECTION('',(-1.0,0.0,0.0));
#1713=ORIENTED_EDGE('',*,*,#3108,.T.);
#1714=ORIENTED_EDGE('',*,*,#3103,.F.);
#1715=ORIENTED_EDGE('',*,*,#3107,.F.);
#1716=ORIENTED_EDGE('',*,*,#3114,.T.);
#1717=CARTESIAN_POINT('',(0.125,7.24,2.1094237467878E-15));
#1718=DIRECTION('',(0.0,-1.0,0.0));
#1719=DIRECTION('',(0.0,0.0,-1.0));
#1720=ORIENTED_EDGE('',*,*,#2947,.T.);
#1721=ORIENTED_EDGE('',*,*,#3021,.F.);
#1722=ORIENTED_EDGE('',*,*,#3115,.T.);
#1723=ORIENTED_EDGE('',*,*,#3116,.F.);
#1724=CARTESIAN_POINT('',(1.25,4.1,1.17000000000001));
#1725=DIRECTION('',(-1.0,0.0,-5.10212787051999E-15));
#1726=DIRECTION('',(-5.10212787051999E-15,0.0,1.0));
#1727=ORIENTED_EDGE('',*,*,#2948,.T.);
#1728=ORIENTED_EDGE('',*,*,#3116,.T.);
#1729=ORIENTED_EDGE('',*,*,#3117,.T.);
#1730=ORIENTED_EDGE('',*,*,#2916,.T.);
#1731=CARTESIAN_POINT('',(2.01,4.1,1.17000000000001));
#1732=DIRECTION('',(-1.14126544472158E-15,0.0,1.0));
#1733=DIRECTION('',(1.0,-0.0,1.14126544472158E-15));
#1734=ORIENTED_EDGE('',*,*,#3115,.F.);
#1735=ORIENTED_EDGE('',*,*,#3020,.T.);
#1736=ORIENTED_EDGE('',*,*,#2917,.T.);
#1737=ORIENTED_EDGE('',*,*,#3117,.F.);
#1738=CARTESIAN_POINT('',(0.0,4.1,0.0));
#1739=DIRECTION('',(0.0,-1.0,0.0));
#1740=DIRECTION('',(0.0,0.0,-1.0));
#1741=ORIENTED_EDGE('',*,*,#2943,.T.);
#1742=ORIENTED_EDGE('',*,*,#3118,.T.);
#1743=ORIENTED_EDGE('',*,*,#3119,.T.);
#1744=ORIENTED_EDGE('',*,*,#2878,.T.);
#1745=CARTESIAN_POINT('',(-4.25,4.1,1.00000000000001));
#1746=DIRECTION('',(1.0,0.0,-5.10212787051999E-15));
#1747=DIRECTION('',(-5.10212787051999E-15,0.0,-1.0));
#1748=ORIENTED_EDGE('',*,*,#2942,.T.);
#1749=ORIENTED_EDGE('',*,*,#3013,.F.);
#1750=ORIENTED_EDGE('',*,*,#3120,.T.);
#1751=ORIENTED_EDGE('',*,*,#3118,.F.);
#1752=CARTESIAN_POINT('',(-4.25,4.1,1.17000000000001));
#1753=DIRECTION('',(1.14126544472158E-15,0.0,1.0));
#1754=DIRECTION('',(1.0,0.0,-1.14126544472158E-15));
#1755=ORIENTED_EDGE('',*,*,#3012,.T.);
#1756=ORIENTED_EDGE('',*,*,#2879,.T.);
#1757=ORIENTED_EDGE('',*,*,#3119,.F.);
#1758=ORIENTED_EDGE('',*,*,#3120,.F.);
#1759=CARTESIAN_POINT('',(0.0,4.1,0.0));
#1760=DIRECTION('',(0.0,-1.0,0.0));
#1761=DIRECTION('',(0.0,0.0,-1.0));
#1762=ORIENTED_EDGE('',*,*,#2913,.T.);
#1763=ORIENTED_EDGE('',*,*,#2894,.F.);
#1764=ORIENTED_EDGE('',*,*,#3121,.F.);
#1765=ORIENTED_EDGE('',*,*,#3122,.F.);
#1766=ORIENTED_EDGE('',*,*,#3123,.F.);
#1767=ORIENTED_EDGE('',*,*,#3076,.F.);
#1768=CARTESIAN_POINT('',(1.84,4.52,0.160000000000009));
#1769=DIRECTION('',(0.0,0.707106781186551,-0.707106781186544));
#1770=DIRECTION('',(-1.0,0.0,0.0));
#1771=ORIENTED_EDGE('',*,*,#3122,.T.);
#1772=ORIENTED_EDGE('',*,*,#3124,.T.);
#1773=ORIENTED_EDGE('',*,*,#3125,.T.);
#1774=ORIENTED_EDGE('',*,*,#3126,.F.);
#1775=CARTESIAN_POINT('',(1.84,4.62,0.260000000000006));
#1776=DIRECTION('',(0.0,-5.21644441478871E-15,-1.0));
#1777=DIRECTION('',(0.0,-1.0,5.21644441478871E-15));
#1778=ORIENTED_EDGE('',*,*,#3123,.T.);
#1779=ORIENTED_EDGE('',*,*,#3126,.T.);
#1780=ORIENTED_EDGE('',*,*,#3127,.T.);
#1781=ORIENTED_EDGE('',*,*,#2907,.T.);
#1782=CARTESIAN_POINT('',(1.84,0.0,0.0));
#1783=DIRECTION('',(-1.0,0.0,0.0));
#1784=DIRECTION('',(0.0,0.0,1.0));
#1785=ORIENTED_EDGE('',*,*,#3128,.F.);
#1786=ORIENTED_EDGE('',*,*,#3025,.T.);
#1787=ORIENTED_EDGE('',*,*,#3129,.F.);
#1788=ORIENTED_EDGE('',*,*,#2901,.T.);
#1789=ORIENTED_EDGE('',*,*,#3017,.F.);
#1790=ORIENTED_EDGE('',*,*,#2908,.F.);
#1791=ORIENTED_EDGE('',*,*,#3127,.F.);
#1792=ORIENTED_EDGE('',*,*,#3125,.F.);
#1793=CARTESIAN_POINT('',(0.0,5.5,0.0));
#1794=DIRECTION('',(0.0,-1.0,0.0));
#1795=DIRECTION('',(0.0,0.0,-1.0));
#1796=ORIENTED_EDGE('',*,*,#2926,.F.);
#1797=ORIENTED_EDGE('',*,*,#3055,.F.);
#1798=ORIENTED_EDGE('',*,*,#2874,.F.);
#1799=ORIENTED_EDGE('',*,*,#2890,.T.);
#1800=CARTESIAN_POINT('',(-3.625,5.5,0.340000000000004));
#1801=DIRECTION('',(-0.961523947640823,-0.274721127897378,0.0));
#1802=DIRECTION('',(-0.274721127897378,0.961523947640823,0.0));
#1803=ORIENTED_EDGE('',*,*,#3024,.F.);
#1804=ORIENTED_EDGE('',*,*,#3056,.F.);
#1805=ORIENTED_EDGE('',*,*,#2902,.F.);
#1806=ORIENTED_EDGE('',*,*,#3129,.T.);
#1807=CARTESIAN_POINT('',(0.625,5.5,1.0));
#1808=DIRECTION('',(0.961523947640823,-0.274721127897379,0.0));
#1809=DIRECTION('',(0.0,0.0,-1.0));
#1810=ORIENTED_EDGE('',*,*,#3011,.F.);
#1811=ORIENTED_EDGE('',*,*,#3067,.F.);
#1812=ORIENTED_EDGE('',*,*,#3130,.T.);
#1813=ORIENTED_EDGE('',*,*,#3131,.T.);
#1814=ORIENTED_EDGE('',*,*,#3132,.T.);
#1815=ORIENTED_EDGE('',*,*,#2868,.T.);
#1816=CARTESIAN_POINT('',(-4.84,4.52,0.160000000000009));
#1817=DIRECTION('',(0.0,-0.707106781186551,0.707106781186544));
#1818=DIRECTION('',(-1.0,0.0,0.0));
#1819=ORIENTED_EDGE('',*,*,#3133,.F.);
#1820=ORIENTED_EDGE('',*,*,#3131,.F.);
#1821=ORIENTED_EDGE('',*,*,#3134,.T.);
#1822=ORIENTED_EDGE('',*,*,#2885,.F.);
#1823=CARTESIAN_POINT('',(-4.84,4.62,0.260000000000006));
#1824=DIRECTION('',(0.0,5.21644441478871E-15,1.0));
#1825=DIRECTION('',(0.0,-1.0,5.21644441478871E-15));
#1826=ORIENTED_EDGE('',*,*,#3130,.F.);
#1827=ORIENTED_EDGE('',*,*,#2953,.F.);
#1828=ORIENTED_EDGE('',*,*,#2886,.F.);
#1829=ORIENTED_EDGE('',*,*,#3134,.F.);
#1830=CARTESIAN_POINT('',(-4.84,0.0,0.0));
#1831=DIRECTION('',(-1.0,0.0,0.0));
#1832=DIRECTION('',(0.0,0.0,1.0));
#1833=ORIENTED_EDGE('',*,*,#3018,.F.);
#1834=ORIENTED_EDGE('',*,*,#3135,.T.);
#1835=ORIENTED_EDGE('',*,*,#3136,.F.);
#1836=ORIENTED_EDGE('',*,*,#3137,.F.);
#1837=CARTESIAN_POINT('',(0.515000000000018,4.2,1.18000000000001));
#1838=DIRECTION('',(0.0,-1.0,0.0));
#1839=DIRECTION('',(0.0,0.0,-1.0));
#1840=ORIENTED_EDGE('',*,*,#3019,.F.);
#1841=ORIENTED_EDGE('',*,*,#3137,.T.);
#1842=ORIENTED_EDGE('',*,*,#3138,.F.);
#1843=ORIENTED_EDGE('',*,*,#3139,.F.);
#1844=ORIENTED_EDGE('',*,*,#3140,.T.);
#1845=ORIENTED_EDGE('',*,*,#3141,.F.);
#1846=ORIENTED_EDGE('',*,*,#3142,.F.);
#1847=ORIENTED_EDGE('',*,*,#3143,.F.);
#1848=ORIENTED_EDGE('',*,*,#3144,.T.);
#1849=ORIENTED_EDGE('',*,*,#3145,.F.);
#1850=ORIENTED_EDGE('',*,*,#3146,.F.);
#1851=ORIENTED_EDGE('',*,*,#3147,.F.);
#1852=ORIENTED_EDGE('',*,*,#3148,.F.);
#1853=ORIENTED_EDGE('',*,*,#3149,.F.);
#1854=ORIENTED_EDGE('',*,*,#3150,.T.);
#1855=ORIENTED_EDGE('',*,*,#3151,.T.);
#1856=ORIENTED_EDGE('',*,*,#3152,.T.);
#1857=ORIENTED_EDGE('',*,*,#2893,.T.);
#1858=ORIENTED_EDGE('',*,*,#2897,.T.);
#1859=CARTESIAN_POINT('',(2.0,3.42,0.250000000000003));
#1860=DIRECTION('',(1.0,0.0,-1.91329795144501E-15));
#1861=DIRECTION('',(-1.91329795144501E-15,0.0,-1.0));
#1862=ORIENTED_EDGE('',*,*,#3026,.F.);
#1863=ORIENTED_EDGE('',*,*,#3128,.T.);
#1864=ORIENTED_EDGE('',*,*,#3124,.F.);
#1865=ORIENTED_EDGE('',*,*,#3153,.F.);
#1866=ORIENTED_EDGE('',*,*,#3154,.T.);
#1867=ORIENTED_EDGE('',*,*,#3155,.F.);
#1868=ORIENTED_EDGE('',*,*,#3156,.T.);
#1869=ORIENTED_EDGE('',*,*,#3157,.F.);
#1870=ORIENTED_EDGE('',*,*,#3158,.F.);
#1871=ORIENTED_EDGE('',*,*,#3159,.T.);
#1872=ORIENTED_EDGE('',*,*,#3160,.F.);
#1873=ORIENTED_EDGE('',*,*,#3161,.F.);
#1874=ORIENTED_EDGE('',*,*,#3162,.F.);
#1875=ORIENTED_EDGE('',*,*,#3163,.F.);
#1876=ORIENTED_EDGE('',*,*,#3164,.F.);
#1877=ORIENTED_EDGE('',*,*,#3165,.F.);
#1878=ORIENTED_EDGE('',*,*,#3166,.F.);
#1879=ORIENTED_EDGE('',*,*,#3167,.F.);
#1880=ORIENTED_EDGE('',*,*,#3135,.F.);
#1881=CARTESIAN_POINT('',(1.85,3.42,0.930000000000004));
#1882=DIRECTION('',(-1.0,0.0,1.913297951445E-15));
#1883=DIRECTION('',(0.0,1.0,0.0));
#1884=ORIENTED_EDGE('',*,*,#3168,.F.);
#1885=ORIENTED_EDGE('',*,*,#3169,.T.);
#1886=ORIENTED_EDGE('',*,*,#3170,.F.);
#1887=ORIENTED_EDGE('',*,*,#3144,.F.);
#1888=CARTESIAN_POINT('',(1.8,3.42,0.930000000000004));
#1889=DIRECTION('',(0.0,1.0,0.0));
#1890=DIRECTION('',(0.0,0.0,-1.0));
#1891=ORIENTED_EDGE('',*,*,#3171,.F.);
#1892=ORIENTED_EDGE('',*,*,#3172,.T.);
#1893=ORIENTED_EDGE('',*,*,#3173,.F.);
#1894=ORIENTED_EDGE('',*,*,#3174,.F.);
#1895=ORIENTED_EDGE('',*,*,#3175,.T.);
#1896=ORIENTED_EDGE('',*,*,#3176,.F.);
#1897=ORIENTED_EDGE('',*,*,#3169,.F.);
#1898=ORIENTED_EDGE('',*,*,#3177,.F.);
#1899=CARTESIAN_POINT('',(1.8,3.42,1.13000000000001));
#1900=DIRECTION('',(-9.22725253179154E-16,0.0,1.0));
#1901=DIRECTION('',(1.0,-0.0,9.22725253179154E-16));
#1902=ORIENTED_EDGE('',*,*,#3178,.F.);
#1903=ORIENTED_EDGE('',*,*,#3161,.T.);
#1904=ORIENTED_EDGE('',*,*,#3179,.F.);
#1905=ORIENTED_EDGE('',*,*,#3180,.F.);
#1906=CARTESIAN_POINT('',(1.8,3.42,0.930000000000004));
#1907=DIRECTION('',(0.0,1.0,0.0));
#1908=DIRECTION('',(0.0,0.0,-1.0));
#1909=ORIENTED_EDGE('',*,*,#3181,.F.);
#1910=ORIENTED_EDGE('',*,*,#3182,.T.);
#1911=ORIENTED_EDGE('',*,*,#3183,.T.);
#1912=ORIENTED_EDGE('',*,*,#3184,.F.);
#1913=CARTESIAN_POINT('',(1.33,3.42,0.200000000000005));
#1914=DIRECTION('',(-1.0,0.0,1.44560289664734E-15));
#1915=DIRECTION('',(0.0,1.0,0.0));
#1916=ORIENTED_EDGE('',*,*,#3183,.F.);
#1917=ORIENTED_EDGE('',*,*,#3185,.T.);
#1918=ORIENTED_EDGE('',*,*,#3186,.T.);
#1919=ORIENTED_EDGE('',*,*,#3187,.F.);
#1920=CARTESIAN_POINT('',(1.33,3.42,0.0500000000000048));
#1921=DIRECTION('',(1.18224173063579E-15,0.0,-1.0));
#1922=DIRECTION('',(0.0,-1.0,0.0));
#1923=ORIENTED_EDGE('',*,*,#3175,.F.);
#1924=ORIENTED_EDGE('',*,*,#3188,.T.);
#1925=ORIENTED_EDGE('',*,*,#3189,.T.);
#1926=ORIENTED_EDGE('',*,*,#3190,.F.);
#1927=CARTESIAN_POINT('',(1.33,3.42,1.13000000000001));
#1928=DIRECTION('',(-1.0,0.0,1.44560289664734E-15));
#1929=DIRECTION('',(0.0,1.0,0.0));
#1930=ORIENTED_EDGE('',*,*,#3191,.F.);
#1931=ORIENTED_EDGE('',*,*,#3151,.F.);
#1932=ORIENTED_EDGE('',*,*,#3192,.F.);
#1933=ORIENTED_EDGE('',*,*,#3193,.F.);
#1934=ORIENTED_EDGE('',*,*,#3194,.F.);
#1935=ORIENTED_EDGE('',*,*,#3195,.F.);
#1936=ORIENTED_EDGE('',*,*,#3196,.F.);
#1937=ORIENTED_EDGE('',*,*,#3154,.F.);
#1938=CARTESIAN_POINT('',(1.8,4.42,0.930000000000004));
#1939=DIRECTION('',(-0.0,1.0,0.0));
#1940=DIRECTION('',(1.0,0.0,0.0));
#1941=ORIENTED_EDGE('',*,*,#3197,.F.);
#1942=ORIENTED_EDGE('',*,*,#3146,.T.);
#1943=ORIENTED_EDGE('',*,*,#3198,.F.);
#1944=ORIENTED_EDGE('',*,*,#3186,.F.);
#1945=CARTESIAN_POINT('',(1.8,3.42,0.250000000000003));
#1946=DIRECTION('',(0.0,1.0,0.0));
#1947=DIRECTION('',(0.0,0.0,-1.0));
#1948=ORIENTED_EDGE('',*,*,#3199,.F.);
#1949=ORIENTED_EDGE('',*,*,#3140,.F.);
#1950=ORIENTED_EDGE('',*,*,#3200,.F.);
#1951=ORIENTED_EDGE('',*,*,#3173,.T.);
#1952=CARTESIAN_POINT('',(1.8,3.42,0.930000000000004));
#1953=DIRECTION('',(0.0,1.0,0.0));
#1954=DIRECTION('',(0.0,0.0,-1.0));
#1955=ORIENTED_EDGE('',*,*,#3201,.F.);
#1956=ORIENTED_EDGE('',*,*,#3180,.T.);
#1957=ORIENTED_EDGE('',*,*,#3202,.F.);
#1958=ORIENTED_EDGE('',*,*,#3189,.F.);
#1959=ORIENTED_EDGE('',*,*,#3203,.F.);
#1960=ORIENTED_EDGE('',*,*,#3204,.T.);
#1961=ORIENTED_EDGE('',*,*,#3205,.F.);
#1962=ORIENTED_EDGE('',*,*,#3206,.T.);
#1963=CARTESIAN_POINT('',(1.33,3.42,0.980000000000005));
#1964=DIRECTION('',(9.22725253179154E-16,0.0,-1.0));
#1965=DIRECTION('',(0.0,-1.0,0.0));
#1966=ORIENTED_EDGE('',*,*,#3207,.F.);
#1967=ORIENTED_EDGE('',*,*,#3204,.F.);
#1968=ORIENTED_EDGE('',*,*,#3208,.F.);
#1969=ORIENTED_EDGE('',*,*,#3165,.T.);
#1970=CARTESIAN_POINT('',(1.8,3.42,0.930000000000004));
#1971=DIRECTION('',(0.0,1.0,0.0));
#1972=DIRECTION('',(0.0,0.0,-1.0));
#1973=ORIENTED_EDGE('',*,*,#3209,.F.);
#1974=ORIENTED_EDGE('',*,*,#3210,.T.);
#1975=ORIENTED_EDGE('',*,*,#3211,.F.);
#1976=ORIENTED_EDGE('',*,*,#3159,.F.);
#1977=CARTESIAN_POINT('',(1.8,3.42,0.250000000000003));
#1978=DIRECTION('',(0.0,1.0,0.0));
#1979=DIRECTION('',(0.0,0.0,-1.0));
#1980=ORIENTED_EDGE('',*,*,#3212,.F.);
#1981=ORIENTED_EDGE('',*,*,#3181,.T.);
#1982=ORIENTED_EDGE('',*,*,#3213,.F.);
#1983=ORIENTED_EDGE('',*,*,#3210,.F.);
#1984=CARTESIAN_POINT('',(1.8,3.42,0.200000000000005));
#1985=DIRECTION('',(-1.21107689479764E-15,0.0,1.0));
#1986=DIRECTION('',(1.0,-0.0,1.21107689479764E-15));
#1987=ORIENTED_EDGE('',*,*,#3184,.T.);
#1988=ORIENTED_EDGE('',*,*,#3187,.T.);
#1989=ORIENTED_EDGE('',*,*,#3198,.T.);
#1990=ORIENTED_EDGE('',*,*,#3145,.T.);
#1991=ORIENTED_EDGE('',*,*,#3170,.T.);
#1992=ORIENTED_EDGE('',*,*,#3176,.T.);
#1993=ORIENTED_EDGE('',*,*,#3190,.T.);
#1994=ORIENTED_EDGE('',*,*,#3202,.T.);
#1995=ORIENTED_EDGE('',*,*,#3179,.T.);
#1996=ORIENTED_EDGE('',*,*,#3160,.T.);
#1997=ORIENTED_EDGE('',*,*,#3211,.T.);
#1998=ORIENTED_EDGE('',*,*,#3213,.T.);
#1999=CARTESIAN_POINT('',(1.8,2.2,0.250000000000003));
#2000=DIRECTION('',(0.0,-1.0,0.0));
#2001=DIRECTION('',(0.0,0.0,-1.0));
#2002=ORIENTED_EDGE('',*,*,#3214,.F.);
#2003=ORIENTED_EDGE('',*,*,#3215,.T.);
#2004=ORIENTED_EDGE('',*,*,#3192,.T.);
#2005=ORIENTED_EDGE('',*,*,#3150,.F.);
#2006=CARTESIAN_POINT('',(2.1,4.42,0.170000000000003));
#2007=DIRECTION('',(0.0,1.0,0.0));
#2008=DIRECTION('',(0.0,0.0,-1.0));
#2009=ORIENTED_EDGE('',*,*,#3216,.F.);
#2010=ORIENTED_EDGE('',*,*,#3217,.T.);
#2011=ORIENTED_EDGE('',*,*,#3193,.T.);
#2012=ORIENTED_EDGE('',*,*,#3215,.F.);
#2013=CARTESIAN_POINT('',(2.1,4.42,0.0700000000000057));
#2014=DIRECTION('',(9.48676900924818E-16,0.0,-1.0));
#2015=DIRECTION('',(0.0,-1.0,0.0));
#2016=ORIENTED_EDGE('',*,*,#3218,.F.);
#2017=ORIENTED_EDGE('',*,*,#3219,.T.);
#2018=ORIENTED_EDGE('',*,*,#3194,.T.);
#2019=ORIENTED_EDGE('',*,*,#3217,.F.);
#2020=CARTESIAN_POINT('',(2.8,4.42,0.0700000000000064));
#2021=DIRECTION('',(-1.0,0.0,-2.89120579329468E-15));
#2022=DIRECTION('',(-2.89120579329468E-15,0.0,1.0));
#2023=ORIENTED_EDGE('',*,*,#3220,.F.);
#2024=ORIENTED_EDGE('',*,*,#3221,.T.);
#2025=ORIENTED_EDGE('',*,*,#3195,.T.);
#2026=ORIENTED_EDGE('',*,*,#3219,.F.);
#2027=CARTESIAN_POINT('',(2.8,4.42,-0.0799999999999936));
#2028=DIRECTION('',(-9.48676900924818E-16,0.0,1.0));
#2029=DIRECTION('',(1.0,-0.0,9.48676900924818E-16));
#2030=ORIENTED_EDGE('',*,*,#3222,.F.);
#2031=ORIENTED_EDGE('',*,*,#3155,.T.);
#2032=ORIENTED_EDGE('',*,*,#3196,.T.);
#2033=ORIENTED_EDGE('',*,*,#3221,.F.);
#2034=CARTESIAN_POINT('',(2.1,4.42,0.170000000000003));
#2035=DIRECTION('',(0.0,1.0,0.0));
#2036=DIRECTION('',(0.0,0.0,-1.0));
#2037=ORIENTED_EDGE('',*,*,#3222,.T.);
#2038=ORIENTED_EDGE('',*,*,#3220,.T.);
#2039=ORIENTED_EDGE('',*,*,#3218,.T.);
#2040=ORIENTED_EDGE('',*,*,#3216,.T.);
#2041=ORIENTED_EDGE('',*,*,#3214,.T.);
#2042=ORIENTED_EDGE('',*,*,#3149,.T.);
#2043=ORIENTED_EDGE('',*,*,#3223,.F.);
#2044=ORIENTED_EDGE('',*,*,#3156,.F.);
#2045=CARTESIAN_POINT('',(1.8,3.42,0.930000000000004));
#2046=DIRECTION('',(-0.0,1.0,0.0));
#2047=DIRECTION('',(1.0,0.0,0.0));
#2048=ORIENTED_EDGE('',*,*,#3197,.T.);
#2049=ORIENTED_EDGE('',*,*,#3185,.F.);
#2050=ORIENTED_EDGE('',*,*,#3182,.F.);
#2051=ORIENTED_EDGE('',*,*,#3212,.T.);
#2052=ORIENTED_EDGE('',*,*,#3209,.T.);
#2053=ORIENTED_EDGE('',*,*,#3158,.T.);
#2054=ORIENTED_EDGE('',*,*,#3224,.F.);
#2055=ORIENTED_EDGE('',*,*,#3147,.T.);
#2056=CARTESIAN_POINT('',(-4.63299999999995,3.25,0.300000000000006));
#2057=DIRECTION('',(0.0,-1.0,0.0));
#2058=DIRECTION('',(0.0,0.0,-1.0));
#2059=ORIENTED_EDGE('',*,*,#3157,.T.);
#2060=ORIENTED_EDGE('',*,*,#3223,.T.);
#2061=ORIENTED_EDGE('',*,*,#3148,.T.);
#2062=ORIENTED_EDGE('',*,*,#3224,.T.);
#2063=CARTESIAN_POINT('',(-4.63299999999995,3.42,0.300000000000006));
#2064=DIRECTION('',(0.0,9.56648975722506E-16,1.0));
#2065=DIRECTION('',(0.0,-1.0,9.56648975722506E-16));
#2066=ORIENTED_EDGE('',*,*,#3138,.T.);
#2067=ORIENTED_EDGE('',*,*,#3136,.T.);
#2068=ORIENTED_EDGE('',*,*,#3167,.T.);
#2069=ORIENTED_EDGE('',*,*,#3225,.F.);
#2070=CARTESIAN_POINT('',(-4.63299999999995,4.05,0.850000000000006));
#2071=DIRECTION('',(0.0,0.0,-1.0));
#2072=DIRECTION('',(0.0,-1.0,0.0));
#2073=ORIENTED_EDGE('',*,*,#3200,.T.);
#2074=ORIENTED_EDGE('',*,*,#3139,.T.);
#2075=ORIENTED_EDGE('',*,*,#3225,.T.);
#2076=ORIENTED_EDGE('',*,*,#3166,.T.);
#2077=ORIENTED_EDGE('',*,*,#3208,.T.);
#2078=ORIENTED_EDGE('',*,*,#3203,.T.);
#2079=ORIENTED_EDGE('',*,*,#3188,.F.);
#2080=ORIENTED_EDGE('',*,*,#3174,.T.);
#2081=CARTESIAN_POINT('',(-4.63299999999995,4.05,1.13));
#2082=DIRECTION('',(0.0,-1.0,0.0));
#2083=DIRECTION('',(0.0,0.0,-1.0));
#2084=ORIENTED_EDGE('',*,*,#3168,.T.);
#2085=ORIENTED_EDGE('',*,*,#3143,.T.);
#2086=ORIENTED_EDGE('',*,*,#3226,.T.);
#2087=ORIENTED_EDGE('',*,*,#3162,.T.);
#2088=ORIENTED_EDGE('',*,*,#3178,.T.);
#2089=ORIENTED_EDGE('',*,*,#3201,.T.);
#2090=ORIENTED_EDGE('',*,*,#3227,.T.);
#2091=ORIENTED_EDGE('',*,*,#3177,.T.);
#2092=CARTESIAN_POINT('',(1.75,2.5,1.13000000000001));
#2093=DIRECTION('',(0.0,-1.0,0.0));
#2094=DIRECTION('',(0.0,0.0,-1.0));
#2095=ORIENTED_EDGE('',*,*,#3163,.T.);
#2096=ORIENTED_EDGE('',*,*,#3226,.F.);
#2097=ORIENTED_EDGE('',*,*,#3142,.T.);
#2098=ORIENTED_EDGE('',*,*,#3228,.T.);
#2099=CARTESIAN_POINT('',(1.75,2.5,0.330000000000006));
#2100=DIRECTION('',(0.0,0.0,-1.0));
#2101=DIRECTION('',(0.0,-1.0,0.0));
#2102=ORIENTED_EDGE('',*,*,#3199,.T.);
#2103=ORIENTED_EDGE('',*,*,#3172,.F.);
#2104=ORIENTED_EDGE('',*,*,#3229,.T.);
#2105=ORIENTED_EDGE('',*,*,#3205,.T.);
#2106=ORIENTED_EDGE('',*,*,#3207,.T.);
#2107=ORIENTED_EDGE('',*,*,#3164,.T.);
#2108=ORIENTED_EDGE('',*,*,#3228,.F.);
#2109=ORIENTED_EDGE('',*,*,#3141,.T.);
#2110=CARTESIAN_POINT('',(1.75,3.04,0.330000000000006));
#2111=DIRECTION('',(-0.0,1.0,0.0));
#2112=DIRECTION('',(1.0,0.0,0.0));
#2113=ORIENTED_EDGE('',*,*,#3229,.F.);
#2114=ORIENTED_EDGE('',*,*,#3171,.T.);
#2115=ORIENTED_EDGE('',*,*,#3227,.F.);
#2116=ORIENTED_EDGE('',*,*,#3206,.F.);
#2117=CARTESIAN_POINT('',(1.75,0.0,2.16840434497101E-15));
#2118=DIRECTION('',(1.0,0.0,1.0842021724855E-15));
#2119=DIRECTION('',(-1.0842021724855E-15,0.0,1.0));
#2120=ORIENTED_EDGE('',*,*,#3153,.T.);
#2121=ORIENTED_EDGE('',*,*,#3121,.T.);
#2122=ORIENTED_EDGE('',*,*,#3152,.F.);
#2123=ORIENTED_EDGE('',*,*,#3191,.T.);
#2124=CARTESIAN_POINT('',(0.51500000000002,4.2,0.260000000000006));
#2125=DIRECTION('',(0.0,4.25177322543336E-17,-1.0));
#2126=DIRECTION('',(-1.0,0.0,0.0));
#2127=ORIENTED_EDGE('',*,*,#3132,.F.);
#2128=ORIENTED_EDGE('',*,*,#3230,.F.);
#2129=ORIENTED_EDGE('',*,*,#3231,.F.);
#2130=ORIENTED_EDGE('',*,*,#3232,.T.);
#2131=CARTESIAN_POINT('',(-3.5150000000001,4.2,0.260000000000006));
#2132=DIRECTION('',(0.0,-4.25177322543335E-17,1.0));
#2133=DIRECTION('',(0.0,-1.0,-4.25177322543335E-17));
#2134=ORIENTED_EDGE('',*,*,#3233,.F.);
#2135=ORIENTED_EDGE('',*,*,#2883,.T.);
#2136=ORIENTED_EDGE('',*,*,#3234,.T.);
#2137=ORIENTED_EDGE('',*,*,#3235,.T.);
#2138=CARTESIAN_POINT('',(-3.5150000000001,4.2,1.18000000000001));
#2139=DIRECTION('',(-0.0,1.0,0.0));
#2140=DIRECTION('',(1.0,0.0,0.0));
#2141=ORIENTED_EDGE('',*,*,#2884,.F.);
#2142=ORIENTED_EDGE('',*,*,#2872,.T.);
#2143=ORIENTED_EDGE('',*,*,#3233,.T.);
#2144=ORIENTED_EDGE('',*,*,#3236,.T.);
#2145=ORIENTED_EDGE('',*,*,#3237,.T.);
#2146=ORIENTED_EDGE('',*,*,#3238,.T.);
#2147=ORIENTED_EDGE('',*,*,#3239,.T.);
#2148=ORIENTED_EDGE('',*,*,#3240,.T.);
#2149=ORIENTED_EDGE('',*,*,#3241,.T.);
#2150=ORIENTED_EDGE('',*,*,#3242,.T.);
#2151=ORIENTED_EDGE('',*,*,#3243,.T.);
#2152=ORIENTED_EDGE('',*,*,#3244,.F.);
#2153=ORIENTED_EDGE('',*,*,#3245,.T.);
#2154=ORIENTED_EDGE('',*,*,#3246,.T.);
#2155=ORIENTED_EDGE('',*,*,#3247,.F.);
#2156=ORIENTED_EDGE('',*,*,#3248,.T.);
#2157=ORIENTED_EDGE('',*,*,#3249,.F.);
#2158=ORIENTED_EDGE('',*,*,#3230,.T.);
#2159=ORIENTED_EDGE('',*,*,#3133,.T.);
#2160=CARTESIAN_POINT('',(-4.85,3.42,0.930000000000004));
#2161=DIRECTION('',(-1.0,0.0,-2.55106393526001E-15));
#2162=DIRECTION('',(-2.55106393526001E-15,0.0,1.0));
#2163=ORIENTED_EDGE('',*,*,#3234,.F.);
#2164=ORIENTED_EDGE('',*,*,#2882,.T.);
#2165=ORIENTED_EDGE('',*,*,#2891,.F.);
#2166=ORIENTED_EDGE('',*,*,#2869,.F.);
#2167=ORIENTED_EDGE('',*,*,#3232,.F.);
#2168=ORIENTED_EDGE('',*,*,#3250,.F.);
#2169=ORIENTED_EDGE('',*,*,#3251,.F.);
#2170=ORIENTED_EDGE('',*,*,#3252,.T.);
#2171=ORIENTED_EDGE('',*,*,#3253,.T.);
#2172=ORIENTED_EDGE('',*,*,#3254,.T.);
#2173=ORIENTED_EDGE('',*,*,#3255,.T.);
#2174=ORIENTED_EDGE('',*,*,#3256,.T.);
#2175=ORIENTED_EDGE('',*,*,#3257,.F.);
#2176=ORIENTED_EDGE('',*,*,#3258,.T.);
#2177=ORIENTED_EDGE('',*,*,#3259,.T.);
#2178=ORIENTED_EDGE('',*,*,#3260,.T.);
#2179=ORIENTED_EDGE('',*,*,#3261,.F.);
#2180=ORIENTED_EDGE('',*,*,#3262,.T.);
#2181=ORIENTED_EDGE('',*,*,#3263,.T.);
#2182=CARTESIAN_POINT('',(-5.0,3.42,0.250000000000003));
#2183=DIRECTION('',(1.0,0.0,1.27553196763E-15));
#2184=DIRECTION('',(-1.27553196763E-15,0.0,1.0));
#2185=ORIENTED_EDGE('',*,*,#3231,.T.);
#2186=ORIENTED_EDGE('',*,*,#3249,.T.);
#2187=ORIENTED_EDGE('',*,*,#3264,.T.);
#2188=ORIENTED_EDGE('',*,*,#3265,.T.);
#2189=ORIENTED_EDGE('',*,*,#3266,.T.);
#2190=ORIENTED_EDGE('',*,*,#3267,.T.);
#2191=ORIENTED_EDGE('',*,*,#3268,.T.);
#2192=ORIENTED_EDGE('',*,*,#3250,.T.);
#2193=CARTESIAN_POINT('',(-4.8,4.42,0.930000000000002));
#2194=DIRECTION('',(0.0,-1.0,0.0));
#2195=DIRECTION('',(0.0,0.0,-1.0));
#2196=ORIENTED_EDGE('',*,*,#3235,.F.);
#2197=ORIENTED_EDGE('',*,*,#3263,.F.);
#2198=ORIENTED_EDGE('',*,*,#3269,.T.);
#2199=ORIENTED_EDGE('',*,*,#3236,.F.);
#2200=CARTESIAN_POINT('',(1.63299999999994,4.42,0.850000000000006));
#2201=DIRECTION('',(0.0,0.0,-1.0));
#2202=DIRECTION('',(0.0,-1.0,0.0));
#2203=ORIENTED_EDGE('',*,*,#3270,.T.);
#2204=ORIENTED_EDGE('',*,*,#3257,.T.);
#2205=ORIENTED_EDGE('',*,*,#3271,.T.);
#2206=ORIENTED_EDGE('',*,*,#3272,.F.);
#2207=CARTESIAN_POINT('',(-4.8,3.42,0.930000000000002));
#2208=DIRECTION('',(0.0,1.0,0.0));
#2209=DIRECTION('',(0.0,0.0,-1.0));
#2210=ORIENTED_EDGE('',*,*,#3273,.T.);
#2211=ORIENTED_EDGE('',*,*,#3274,.F.);
#2212=ORIENTED_EDGE('',*,*,#3275,.T.);
#2213=ORIENTED_EDGE('',*,*,#3261,.T.);
#2214=CARTESIAN_POINT('',(-4.8,3.42,0.930000000000002));
#2215=DIRECTION('',(0.0,1.0,0.0));
#2216=DIRECTION('',(0.0,0.0,-1.0));
#2217=ORIENTED_EDGE('',*,*,#3276,.T.);
#2218=ORIENTED_EDGE('',*,*,#3277,.F.);
#2219=ORIENTED_EDGE('',*,*,#3278,.T.);
#2220=ORIENTED_EDGE('',*,*,#3279,.F.);
#2221=ORIENTED_EDGE('',*,*,#3280,.T.);
#2222=ORIENTED_EDGE('',*,*,#3281,.T.);
#2223=ORIENTED_EDGE('',*,*,#3282,.T.);
#2224=ORIENTED_EDGE('',*,*,#3283,.F.);
#2225=CARTESIAN_POINT('',(-4.33,3.42,0.980000000000005));
#2226=DIRECTION('',(9.22725253179156E-16,0.0,1.0));
#2227=DIRECTION('',(1.0,0.0,-9.22725253179156E-16));
#2228=ORIENTED_EDGE('',*,*,#3284,.T.);
#2229=ORIENTED_EDGE('',*,*,#3283,.T.);
#2230=ORIENTED_EDGE('',*,*,#3285,.T.);
#2231=ORIENTED_EDGE('',*,*,#3242,.F.);
#2232=CARTESIAN_POINT('',(-4.8,3.42,0.930000000000004));
#2233=DIRECTION('',(0.0,1.0,0.0));
#2234=DIRECTION('',(0.0,0.0,-1.0));
#2235=ORIENTED_EDGE('',*,*,#3286,.T.);
#2236=ORIENTED_EDGE('',*,*,#3238,.F.);
#2237=ORIENTED_EDGE('',*,*,#3287,.T.);
#2238=ORIENTED_EDGE('',*,*,#3279,.T.);
#2239=CARTESIAN_POINT('',(-4.8,3.42,0.930000000000004));
#2240=DIRECTION('',(0.0,1.0,0.0));
#2241=DIRECTION('',(0.0,0.0,-1.0));
#2242=ORIENTED_EDGE('',*,*,#3288,.F.);
#2243=ORIENTED_EDGE('',*,*,#3289,.T.);
#2244=ORIENTED_EDGE('',*,*,#3290,.T.);
#2245=ORIENTED_EDGE('',*,*,#3291,.F.);
#2246=CARTESIAN_POINT('',(-4.33,3.42,0.200000000000005));
#2247=DIRECTION('',(-1.0,0.0,-5.78241158658936E-15));
#2248=DIRECTION('',(-5.78241158658936E-15,0.0,1.0));
#2249=ORIENTED_EDGE('',*,*,#3292,.F.);
#2250=ORIENTED_EDGE('',*,*,#3291,.T.);
#2251=ORIENTED_EDGE('',*,*,#3293,.T.);
#2252=ORIENTED_EDGE('',*,*,#3294,.F.);
#2253=CARTESIAN_POINT('',(-4.33,3.42,0.0500000000000048));
#2254=DIRECTION('',(1.18224173063579E-15,0.0,1.0));
#2255=DIRECTION('',(1.0,0.0,-1.18224173063579E-15));
#2256=ORIENTED_EDGE('',*,*,#3295,.F.);
#2257=ORIENTED_EDGE('',*,*,#3296,.T.);
#2258=ORIENTED_EDGE('',*,*,#3297,.T.);
#2259=ORIENTED_EDGE('',*,*,#3281,.F.);
#2260=CARTESIAN_POINT('',(-4.33,3.42,1.13000000000001));
#2261=DIRECTION('',(-1.0,0.0,-5.78241158658935E-15));
#2262=DIRECTION('',(-5.78241158658935E-15,0.0,1.0));
#2263=ORIENTED_EDGE('',*,*,#3255,.F.);
#2264=ORIENTED_EDGE('',*,*,#3298,.T.);
#2265=ORIENTED_EDGE('',*,*,#3294,.T.);
#2266=ORIENTED_EDGE('',*,*,#3299,.T.);
#2267=CARTESIAN_POINT('',(-4.8,3.42,0.250000000000002));
#2268=DIRECTION('',(0.0,1.0,0.0));
#2269=DIRECTION('',(0.0,0.0,-1.0));
#2270=ORIENTED_EDGE('',*,*,#3300,.T.);
#2271=ORIENTED_EDGE('',*,*,#3301,.T.);
#2272=ORIENTED_EDGE('',*,*,#3272,.T.);
#2273=ORIENTED_EDGE('',*,*,#3302,.T.);
#2274=ORIENTED_EDGE('',*,*,#3296,.F.);
#2275=ORIENTED_EDGE('',*,*,#3303,.T.);
#2276=ORIENTED_EDGE('',*,*,#3274,.T.);
#2277=ORIENTED_EDGE('',*,*,#3304,.F.);
#2278=CARTESIAN_POINT('',(-4.8,3.42,1.13000000000001));
#2279=DIRECTION('',(-9.22725253179156E-16,0.0,-1.0));
#2280=DIRECTION('',(-1.0,0.0,9.22725253179156E-16));
#2281=ORIENTED_EDGE('',*,*,#3305,.F.);
#2282=ORIENTED_EDGE('',*,*,#3306,.T.);
#2283=ORIENTED_EDGE('',*,*,#3244,.T.);
#2284=ORIENTED_EDGE('',*,*,#3307,.T.);
#2285=CARTESIAN_POINT('',(-4.8,3.42,0.250000000000004));
#2286=DIRECTION('',(0.0,1.0,0.0));
#2287=DIRECTION('',(0.0,0.0,-1.0));
#2288=ORIENTED_EDGE('',*,*,#3289,.F.);
#2289=ORIENTED_EDGE('',*,*,#3308,.T.);
#2290=ORIENTED_EDGE('',*,*,#3305,.T.);
#2291=ORIENTED_EDGE('',*,*,#3309,.T.);
#2292=CARTESIAN_POINT('',(-4.8,3.42,0.200000000000005));
#2293=DIRECTION('',(-1.21107689479764E-15,0.0,-1.0));
#2294=DIRECTION('',(-1.0,0.0,1.21107689479764E-15));
#2295=ORIENTED_EDGE('',*,*,#3290,.F.);
#2296=ORIENTED_EDGE('',*,*,#3309,.F.);
#2297=ORIENTED_EDGE('',*,*,#3307,.F.);
#2298=ORIENTED_EDGE('',*,*,#3243,.F.);
#2299=ORIENTED_EDGE('',*,*,#3285,.F.);
#2300=ORIENTED_EDGE('',*,*,#3282,.F.);
#2301=ORIENTED_EDGE('',*,*,#3297,.F.);
#2302=ORIENTED_EDGE('',*,*,#3302,.F.);
#2303=ORIENTED_EDGE('',*,*,#3271,.F.);
#2304=ORIENTED_EDGE('',*,*,#3256,.F.);
#2305=ORIENTED_EDGE('',*,*,#3299,.F.);
#2306=ORIENTED_EDGE('',*,*,#3293,.F.);
#2307=CARTESIAN_POINT('',(-4.8,2.2,0.250000000000002));
#2308=DIRECTION('',(-0.0,1.0,0.0));
#2309=DIRECTION('',(1.0,0.0,0.0));
#2310=ORIENTED_EDGE('',*,*,#3310,.T.);
#2311=ORIENTED_EDGE('',*,*,#3251,.T.);
#2312=ORIENTED_EDGE('',*,*,#3268,.F.);
#2313=ORIENTED_EDGE('',*,*,#3311,.F.);
#2314=CARTESIAN_POINT('',(-5.1,4.42,0.170000000000003));
#2315=DIRECTION('',(0.0,1.0,0.0));
#2316=DIRECTION('',(0.0,0.0,-1.0));
#2317=ORIENTED_EDGE('',*,*,#3312,.T.);
#2318=ORIENTED_EDGE('',*,*,#3311,.T.);
#2319=ORIENTED_EDGE('',*,*,#3267,.F.);
#2320=ORIENTED_EDGE('',*,*,#3313,.F.);
#2321=CARTESIAN_POINT('',(-5.1,4.42,0.0700000000000057));
#2322=DIRECTION('',(9.48676900924818E-16,0.0,1.0));
#2323=DIRECTION('',(1.0,0.0,-9.48676900924818E-16));
#2324=ORIENTED_EDGE('',*,*,#3314,.T.);
#2325=ORIENTED_EDGE('',*,*,#3313,.T.);
#2326=ORIENTED_EDGE('',*,*,#3266,.F.);
#2327=ORIENTED_EDGE('',*,*,#3315,.F.);
#2328=CARTESIAN_POINT('',(-5.8,4.42,0.0700000000000064));
#2329=DIRECTION('',(-1.0,0.0,0.0));
#2330=DIRECTION('',(0.0,0.0,1.0));
#2331=ORIENTED_EDGE('',*,*,#3316,.T.);
#2332=ORIENTED_EDGE('',*,*,#3315,.T.);
#2333=ORIENTED_EDGE('',*,*,#3265,.F.);
#2334=ORIENTED_EDGE('',*,*,#3317,.F.);
#2335=CARTESIAN_POINT('',(-5.8,4.42,-0.0799999999999936));
#2336=DIRECTION('',(-9.48676900924818E-16,0.0,-1.0));
#2337=DIRECTION('',(-1.0,0.0,9.48676900924818E-16));
#2338=ORIENTED_EDGE('',*,*,#3318,.T.);
#2339=ORIENTED_EDGE('',*,*,#3317,.T.);
#2340=ORIENTED_EDGE('',*,*,#3264,.F.);
#2341=ORIENTED_EDGE('',*,*,#3248,.F.);
#2342=CARTESIAN_POINT('',(-5.1,4.42,0.170000000000003));
#2343=DIRECTION('',(0.0,1.0,0.0));
#2344=DIRECTION('',(0.0,0.0,-1.0));
#2345=ORIENTED_EDGE('',*,*,#3316,.F.);
#2346=ORIENTED_EDGE('',*,*,#3318,.F.);
#2347=ORIENTED_EDGE('',*,*,#3247,.T.);
#2348=ORIENTED_EDGE('',*,*,#3319,.T.);
#2349=ORIENTED_EDGE('',*,*,#3252,.F.);
#2350=ORIENTED_EDGE('',*,*,#3310,.F.);
#2351=ORIENTED_EDGE('',*,*,#3312,.F.);
#2352=ORIENTED_EDGE('',*,*,#3314,.F.);
#2353=CARTESIAN_POINT('',(-4.8,3.42,0.930000000000002));
#2354=DIRECTION('',(0.0,-1.0,0.0));
#2355=DIRECTION('',(0.0,0.0,-1.0));
#2356=ORIENTED_EDGE('',*,*,#3320,.F.);
#2357=ORIENTED_EDGE('',*,*,#3253,.F.);
#2358=ORIENTED_EDGE('',*,*,#3319,.F.);
#2359=ORIENTED_EDGE('',*,*,#3246,.F.);
#2360=CARTESIAN_POINT('',(1.63299999999994,3.25,0.300000000000006));
#2361=DIRECTION('',(0.0,9.56648975722507E-16,1.0));
#2362=DIRECTION('',(0.0,-1.0,9.56648975722507E-16));
#2363=ORIENTED_EDGE('',*,*,#3254,.F.);
#2364=ORIENTED_EDGE('',*,*,#3320,.T.);
#2365=ORIENTED_EDGE('',*,*,#3245,.F.);
#2366=ORIENTED_EDGE('',*,*,#3306,.F.);
#2367=ORIENTED_EDGE('',*,*,#3308,.F.);
#2368=ORIENTED_EDGE('',*,*,#3288,.T.);
#2369=ORIENTED_EDGE('',*,*,#3292,.T.);
#2370=ORIENTED_EDGE('',*,*,#3298,.F.);
#2371=CARTESIAN_POINT('',(1.63299999999995,3.25,0.0499999999999953));
#2372=DIRECTION('',(0.0,-1.0,0.0));
#2373=DIRECTION('',(0.0,0.0,-1.0));
#2374=ORIENTED_EDGE('',*,*,#3303,.F.);
#2375=ORIENTED_EDGE('',*,*,#3295,.T.);
#2376=ORIENTED_EDGE('',*,*,#3280,.F.);
#2377=ORIENTED_EDGE('',*,*,#3287,.F.);
#2378=ORIENTED_EDGE('',*,*,#3237,.F.);
#2379=ORIENTED_EDGE('',*,*,#3269,.F.);
#2380=ORIENTED_EDGE('',*,*,#3262,.F.);
#2381=ORIENTED_EDGE('',*,*,#3275,.F.);
#2382=CARTESIAN_POINT('',(1.63299999999995,4.05,0.850000000000006));
#2383=DIRECTION('',(0.0,-1.0,0.0));
#2384=DIRECTION('',(0.0,0.0,-1.0));
#2385=ORIENTED_EDGE('',*,*,#3321,.T.);
#2386=ORIENTED_EDGE('',*,*,#3300,.F.);
#2387=ORIENTED_EDGE('',*,*,#3322,.T.);
#2388=ORIENTED_EDGE('',*,*,#3277,.T.);
#2389=CARTESIAN_POINT('',(-4.75,0.0,5.42101086242752E-15));
#2390=DIRECTION('',(1.0,0.0,-1.0842021724855E-15));
#2391=DIRECTION('',(-1.0842021724855E-15,0.0,-1.0));
#2392=ORIENTED_EDGE('',*,*,#3270,.F.);
#2393=ORIENTED_EDGE('',*,*,#3301,.F.);
#2394=ORIENTED_EDGE('',*,*,#3321,.F.);
#2395=ORIENTED_EDGE('',*,*,#3276,.F.);
#2396=ORIENTED_EDGE('',*,*,#3284,.F.);
#2397=ORIENTED_EDGE('',*,*,#3241,.F.);
#2398=ORIENTED_EDGE('',*,*,#3323,.F.);
#2399=ORIENTED_EDGE('',*,*,#3258,.F.);
#2400=CARTESIAN_POINT('',(-4.75,2.5,1.13000000000001));
#2401=DIRECTION('',(-0.0,1.0,0.0));
#2402=DIRECTION('',(1.0,0.0,0.0));
#2403=ORIENTED_EDGE('',*,*,#3240,.F.);
#2404=ORIENTED_EDGE('',*,*,#3324,.F.);
#2405=ORIENTED_EDGE('',*,*,#3259,.F.);
#2406=ORIENTED_EDGE('',*,*,#3323,.T.);
#2407=CARTESIAN_POINT('',(-4.75,2.5,0.330000000000006));
#2408=DIRECTION('',(0.0,0.0,1.0));
#2409=DIRECTION('',(1.0,0.0,0.0));
#2410=ORIENTED_EDGE('',*,*,#3273,.F.);
#2411=ORIENTED_EDGE('',*,*,#3260,.F.);
#2412=ORIENTED_EDGE('',*,*,#3324,.T.);
#2413=ORIENTED_EDGE('',*,*,#3239,.F.);
#2414=ORIENTED_EDGE('',*,*,#3286,.F.);
#2415=ORIENTED_EDGE('',*,*,#3278,.F.);
#2416=ORIENTED_EDGE('',*,*,#3322,.F.);
#2417=ORIENTED_EDGE('',*,*,#3304,.T.);
#2418=CARTESIAN_POINT('',(-4.75,3.04,0.330000000000006));
#2419=DIRECTION('',(0.0,-1.0,0.0));
#2420=DIRECTION('',(0.0,0.0,-1.0));
#2421=ORIENTED_EDGE('',*,*,#2983,.T.);
#2422=ORIENTED_EDGE('',*,*,#3325,.T.);
#2423=ORIENTED_EDGE('',*,*,#3326,.T.);
#2424=ORIENTED_EDGE('',*,*,#3327,.F.);
#2425=CARTESIAN_POINT('',(-3.3,3.85,1.41));
#2426=DIRECTION('',(-0.894427190999917,-0.447213595499955,0.0));
#2427=DIRECTION('',(-0.447213595499955,0.894427190999917,0.0));
#2428=ORIENTED_EDGE('',*,*,#2985,.T.);
#2429=ORIENTED_EDGE('',*,*,#3328,.T.);
#2430=ORIENTED_EDGE('',*,*,#3329,.T.);
#2431=ORIENTED_EDGE('',*,*,#3325,.F.);
#2432=CARTESIAN_POINT('',(-3.1,3.45,1.41));
#2433=DIRECTION('',(0.894427190999915,-0.44721359549996,0.0));
#2434=DIRECTION('',(0.0,0.0,-1.0));
#2435=ORIENTED_EDGE('',*,*,#2984,.T.);
#2436=ORIENTED_EDGE('',*,*,#3327,.T.);
#2437=ORIENTED_EDGE('',*,*,#3330,.T.);
#2438=ORIENTED_EDGE('',*,*,#3328,.F.);
#2439=CARTESIAN_POINT('',(-2.9,3.85,1.41));
#2440=DIRECTION('',(1.0842021724855E-15,1.0,0.0));
#2441=DIRECTION('',(1.0,-1.0842021724855E-15,0.0));
#2442=ORIENTED_EDGE('',*,*,#3326,.F.);
#2443=ORIENTED_EDGE('',*,*,#3329,.F.);
#2444=ORIENTED_EDGE('',*,*,#3330,.F.);
#2445=CARTESIAN_POINT('',(-7.69783542464709E-16,3.84891771232357E-16,1.41));
#2446=DIRECTION('',(5.42101086242752E-16,-2.71050543121378E-16,-1.0));
#2447=DIRECTION('',(0.0,-1.0,2.71050543121378E-16));
#2448=ORIENTED_EDGE('',*,*,#3331,.T.);
#2449=ORIENTED_EDGE('',*,*,#2861,.F.);
#2450=ORIENTED_EDGE('',*,*,#3332,.F.);
#2451=ORIENTED_EDGE('',*,*,#3333,.T.);
#2452=ORIENTED_EDGE('',*,*,#3334,.T.);
#2453=CARTESIAN_POINT('',(-1.12,3.35,0.300000000000003));
#2454=DIRECTION('',(1.0,0.0,1.54886024640786E-15));
#2455=DIRECTION('',(-1.54886024640786E-15,0.0,1.0));
#2456=ORIENTED_EDGE('',*,*,#3335,.T.);
#2457=ORIENTED_EDGE('',*,*,#3336,.F.);
#2458=ORIENTED_EDGE('',*,*,#3337,.F.);
#2459=ORIENTED_EDGE('',*,*,#3338,.F.);
#2460=ORIENTED_EDGE('',*,*,#2863,.T.);
#2461=CARTESIAN_POINT('',(-0.879999999999997,3.35,0.160000000000003));
#2462=DIRECTION('',(-1.0,0.0,0.0));
#2463=DIRECTION('',(0.0,0.0,1.0));
#2464=ORIENTED_EDGE('',*,*,#3337,.T.);
#2465=ORIENTED_EDGE('',*,*,#3339,.T.);
#2466=ORIENTED_EDGE('',*,*,#3333,.F.);
#2467=ORIENTED_EDGE('',*,*,#3340,.F.);
#2468=CARTESIAN_POINT('',(-0.879999999999997,3.35,0.300000000000003));
#2469=DIRECTION('',(1.35525271560688E-15,0.0,-1.0));
#2470=DIRECTION('',(0.0,-1.0,0.0));
#2471=ORIENTED_EDGE('',*,*,#3332,.T.);
#2472=ORIENTED_EDGE('',*,*,#2860,.T.);
#2473=ORIENTED_EDGE('',*,*,#3338,.T.);
#2474=ORIENTED_EDGE('',*,*,#3340,.T.);
#2475=CARTESIAN_POINT('',(0.0,3.35,0.0));
#2476=DIRECTION('',(0.0,-1.0,0.0));
#2477=DIRECTION('',(0.0,0.0,-1.0));
#2478=ORIENTED_EDGE('',*,*,#3331,.F.);
#2479=ORIENTED_EDGE('',*,*,#3341,.F.);
#2480=ORIENTED_EDGE('',*,*,#3335,.F.);
#2481=ORIENTED_EDGE('',*,*,#2862,.F.);
#2482=CARTESIAN_POINT('',(0.0,5.06,0.0));
#2483=DIRECTION('',(0.0,-1.0,0.0));
#2484=DIRECTION('',(0.0,0.0,-1.0));
#2485=ORIENTED_EDGE('',*,*,#3052,.F.);
#2486=ORIENTED_EDGE('',*,*,#3342,.F.);
#2487=ORIENTED_EDGE('',*,*,#3343,.T.);
#2488=ORIENTED_EDGE('',*,*,#3336,.T.);
#2489=ORIENTED_EDGE('',*,*,#3341,.T.);
#2490=ORIENTED_EDGE('',*,*,#3334,.F.);
#2491=ORIENTED_EDGE('',*,*,#3344,.T.);
#2492=ORIENTED_EDGE('',*,*,#3345,.T.);
#2493=CARTESIAN_POINT('',(-0.875,3.5,0.300000000000001));
#2494=DIRECTION('',(0.0,0.0,1.0));
#2495=DIRECTION('',(1.0,0.0,0.0));
#2496=ORIENTED_EDGE('',*,*,#3053,.F.);
#2497=ORIENTED_EDGE('',*,*,#3345,.F.);
#2498=ORIENTED_EDGE('',*,*,#3346,.F.);
#2499=ORIENTED_EDGE('',*,*,#3347,.F.);
#2500=CARTESIAN_POINT('',(-1.125,0.0,0.0));
#2501=DIRECTION('',(1.0,0.0,0.0));
#2502=DIRECTION('',(0.0,1.0,0.0));
#2503=ORIENTED_EDGE('',*,*,#3342,.T.);
#2504=ORIENTED_EDGE('',*,*,#3051,.T.);
#2505=ORIENTED_EDGE('',*,*,#3348,.T.);
#2506=ORIENTED_EDGE('',*,*,#3349,.T.);
#2507=CARTESIAN_POINT('',(-0.875,0.0,0.0));
#2508=DIRECTION('',(1.0,0.0,0.0));
#2509=DIRECTION('',(0.0,1.0,0.0));
#2510=ORIENTED_EDGE('',*,*,#3054,.F.);
#2511=ORIENTED_EDGE('',*,*,#3347,.T.);
#2512=ORIENTED_EDGE('',*,*,#3350,.F.);
#2513=ORIENTED_EDGE('',*,*,#3348,.F.);
#2514=CARTESIAN_POINT('',(-0.875,6.86,0.680000000000002));
#2515=DIRECTION('',(0.0,2.58143374401311E-16,-1.0));
#2516=DIRECTION('',(-1.0,0.0,0.0));
#2517=ORIENTED_EDGE('',*,*,#3346,.T.);
#2518=ORIENTED_EDGE('',*,*,#3344,.F.);
#2519=ORIENTED_EDGE('',*,*,#3339,.F.);
#2520=ORIENTED_EDGE('',*,*,#3343,.F.);
#2521=ORIENTED_EDGE('',*,*,#3349,.F.);
#2522=ORIENTED_EDGE('',*,*,#3350,.T.);
#2523=CARTESIAN_POINT('',(-0.875,3.5,0.680000000000001));
#2524=DIRECTION('',(-0.0,1.0,0.0));
#2525=DIRECTION('',(1.0,0.0,0.0));
#2526=ORIENTED_EDGE('',*,*,#3351,.T.);
#2527=ORIENTED_EDGE('',*,*,#3005,.T.);
#2528=ORIENTED_EDGE('',*,*,#3352,.F.);
#2529=ORIENTED_EDGE('',*,*,#3353,.T.);
#2530=CARTESIAN_POINT('',(-0.875,7.24,0.230000000000002));
#2531=DIRECTION('',(0.0,-1.64056907678728E-15,-1.0));
#2532=DIRECTION('',(0.0,-1.0,1.64056907678728E-15));
#2533=ORIENTED_EDGE('',*,*,#3004,.F.);
#2534=ORIENTED_EDGE('',*,*,#2965,.T.);
#2535=ORIENTED_EDGE('',*,*,#3354,.T.);
#2536=ORIENTED_EDGE('',*,*,#3355,.T.);
#2537=ORIENTED_EDGE('',*,*,#3356,.T.);
#2538=ORIENTED_EDGE('',*,*,#3357,.T.);
#2539=ORIENTED_EDGE('',*,*,#3352,.T.);
#2540=CARTESIAN_POINT('',(-0.875,0.0,0.0));
#2541=DIRECTION('',(1.0,0.0,0.0));
#2542=DIRECTION('',(0.0,1.0,0.0));
#2543=ORIENTED_EDGE('',*,*,#2963,.F.);
#2544=ORIENTED_EDGE('',*,*,#3006,.T.);
#2545=ORIENTED_EDGE('',*,*,#3351,.F.);
#2546=ORIENTED_EDGE('',*,*,#3358,.F.);
#2547=ORIENTED_EDGE('',*,*,#3359,.F.);
#2548=ORIENTED_EDGE('',*,*,#3360,.F.);
#2549=ORIENTED_EDGE('',*,*,#3361,.F.);
#2550=CARTESIAN_POINT('',(-1.125,0.0,0.0));
#2551=DIRECTION('',(1.0,0.0,0.0));
#2552=DIRECTION('',(0.0,1.0,0.0));
#2553=ORIENTED_EDGE('',*,*,#2964,.F.);
#2554=ORIENTED_EDGE('',*,*,#3361,.T.);
#2555=ORIENTED_EDGE('',*,*,#3362,.F.);
#2556=ORIENTED_EDGE('',*,*,#3354,.F.);
#2557=CARTESIAN_POINT('',(-0.875,6.54,1.99840144432528E-15));
#2558=DIRECTION('',(0.0,0.707106781186546,0.707106781186549));
#2559=DIRECTION('',(1.0,-0.0,0.0));
#2560=ORIENTED_EDGE('',*,*,#3360,.T.);
#2561=ORIENTED_EDGE('',*,*,#3363,.F.);
#2562=ORIENTED_EDGE('',*,*,#3355,.F.);
#2563=ORIENTED_EDGE('',*,*,#3362,.T.);
#2564=CARTESIAN_POINT('',(-0.875,6.62,-0.079999999999998));
#2565=DIRECTION('',(0.0,-2.00778180089909E-16,1.0));
#2566=DIRECTION('',(0.0,-1.0,-2.00778180089909E-16));
#2567=ORIENTED_EDGE('',*,*,#3359,.T.);
#2568=ORIENTED_EDGE('',*,*,#3364,.F.);
#2569=ORIENTED_EDGE('',*,*,#3356,.F.);
#2570=ORIENTED_EDGE('',*,*,#3363,.T.);
#2571=CARTESIAN_POINT('',(-0.875,7.16,-0.0799999999999979));
#2572=DIRECTION('',(0.0,-0.707106781186543,0.707106781186552));
#2573=DIRECTION('',(-1.0,0.0,0.0));
#2574=ORIENTED_EDGE('',*,*,#3358,.T.);
#2575=ORIENTED_EDGE('',*,*,#3353,.F.);
#2576=ORIENTED_EDGE('',*,*,#3357,.F.);
#2577=ORIENTED_EDGE('',*,*,#3364,.T.);
#2578=CARTESIAN_POINT('',(-0.875,7.24,2.1094237467878E-15));
#2579=DIRECTION('',(0.0,-1.0,0.0));
#2580=DIRECTION('',(0.0,0.0,-1.0));
#2581=ORIENTED_EDGE('',*,*,#3365,.T.);
#2582=ORIENTED_EDGE('',*,*,#2849,.F.);
#2583=ORIENTED_EDGE('',*,*,#3366,.F.);
#2584=ORIENTED_EDGE('',*,*,#3367,.T.);
#2585=ORIENTED_EDGE('',*,*,#3368,.T.);
#2586=CARTESIAN_POINT('',(-2.12,3.35,0.300000000000003));
#2587=DIRECTION('',(1.0,0.0,0.0));
#2588=DIRECTION('',(0.0,1.0,0.0));
#2589=ORIENTED_EDGE('',*,*,#3369,.T.);
#2590=ORIENTED_EDGE('',*,*,#3370,.F.);
#2591=ORIENTED_EDGE('',*,*,#3371,.F.);
#2592=ORIENTED_EDGE('',*,*,#3372,.F.);
#2593=ORIENTED_EDGE('',*,*,#2851,.T.);
#2594=CARTESIAN_POINT('',(-1.88,3.35,0.160000000000003));
#2595=DIRECTION('',(-1.0,0.0,0.0));
#2596=DIRECTION('',(0.0,0.0,1.0));
#2597=ORIENTED_EDGE('',*,*,#3371,.T.);
#2598=ORIENTED_EDGE('',*,*,#3373,.T.);
#2599=ORIENTED_EDGE('',*,*,#3367,.F.);
#2600=ORIENTED_EDGE('',*,*,#3374,.F.);
#2601=CARTESIAN_POINT('',(-1.88,3.35,0.300000000000003));
#2602=DIRECTION('',(1.35525271560689E-15,0.0,-1.0));
#2603=DIRECTION('',(0.0,-1.0,0.0));
#2604=ORIENTED_EDGE('',*,*,#3366,.T.);
#2605=ORIENTED_EDGE('',*,*,#2848,.T.);
#2606=ORIENTED_EDGE('',*,*,#3372,.T.);
#2607=ORIENTED_EDGE('',*,*,#3374,.T.);
#2608=CARTESIAN_POINT('',(0.0,3.35,0.0));
#2609=DIRECTION('',(0.0,-1.0,0.0));
#2610=DIRECTION('',(0.0,0.0,-1.0));
#2611=ORIENTED_EDGE('',*,*,#3365,.F.);
#2612=ORIENTED_EDGE('',*,*,#3375,.F.);
#2613=ORIENTED_EDGE('',*,*,#3369,.F.);
#2614=ORIENTED_EDGE('',*,*,#2850,.F.);
#2615=CARTESIAN_POINT('',(0.0,5.06,0.0));
#2616=DIRECTION('',(0.0,-1.0,0.0));
#2617=DIRECTION('',(0.0,0.0,-1.0));
#2618=ORIENTED_EDGE('',*,*,#3048,.F.);
#2619=ORIENTED_EDGE('',*,*,#3376,.F.);
#2620=ORIENTED_EDGE('',*,*,#3377,.T.);
#2621=ORIENTED_EDGE('',*,*,#3370,.T.);
#2622=ORIENTED_EDGE('',*,*,#3375,.T.);
#2623=ORIENTED_EDGE('',*,*,#3368,.F.);
#2624=ORIENTED_EDGE('',*,*,#3378,.T.);
#2625=ORIENTED_EDGE('',*,*,#3379,.T.);
#2626=CARTESIAN_POINT('',(-1.875,3.5,0.300000000000001));
#2627=DIRECTION('',(0.0,0.0,1.0));
#2628=DIRECTION('',(1.0,0.0,0.0));
#2629=ORIENTED_EDGE('',*,*,#3049,.F.);
#2630=ORIENTED_EDGE('',*,*,#3379,.F.);
#2631=ORIENTED_EDGE('',*,*,#3380,.F.);
#2632=ORIENTED_EDGE('',*,*,#3381,.F.);
#2633=CARTESIAN_POINT('',(-2.125,0.0,0.0));
#2634=DIRECTION('',(1.0,0.0,0.0));
#2635=DIRECTION('',(0.0,1.0,0.0));
#2636=ORIENTED_EDGE('',*,*,#3376,.T.);
#2637=ORIENTED_EDGE('',*,*,#3047,.T.);
#2638=ORIENTED_EDGE('',*,*,#3382,.T.);
#2639=ORIENTED_EDGE('',*,*,#3383,.T.);
#2640=CARTESIAN_POINT('',(-1.875,0.0,0.0));
#2641=DIRECTION('',(1.0,0.0,0.0));
#2642=DIRECTION('',(0.0,1.0,0.0));
#2643=ORIENTED_EDGE('',*,*,#3050,.F.);
#2644=ORIENTED_EDGE('',*,*,#3381,.T.);
#2645=ORIENTED_EDGE('',*,*,#3384,.F.);
#2646=ORIENTED_EDGE('',*,*,#3382,.F.);
#2647=CARTESIAN_POINT('',(-1.875,6.86,0.680000000000002));
#2648=DIRECTION('',(0.0,2.58143374401311E-16,-1.0));
#2649=DIRECTION('',(-1.0,0.0,0.0));
#2650=ORIENTED_EDGE('',*,*,#3380,.T.);
#2651=ORIENTED_EDGE('',*,*,#3378,.F.);
#2652=ORIENTED_EDGE('',*,*,#3373,.F.);
#2653=ORIENTED_EDGE('',*,*,#3377,.F.);
#2654=ORIENTED_EDGE('',*,*,#3383,.F.);
#2655=ORIENTED_EDGE('',*,*,#3384,.T.);
#2656=CARTESIAN_POINT('',(-1.875,3.5,0.680000000000001));
#2657=DIRECTION('',(-0.0,1.0,0.0));
#2658=DIRECTION('',(1.0,0.0,0.0));
#2659=ORIENTED_EDGE('',*,*,#3385,.T.);
#2660=ORIENTED_EDGE('',*,*,#3008,.T.);
#2661=ORIENTED_EDGE('',*,*,#3386,.F.);
#2662=ORIENTED_EDGE('',*,*,#3387,.T.);
#2663=CARTESIAN_POINT('',(-1.875,7.24,0.230000000000002));
#2664=DIRECTION('',(0.0,-1.64056907678728E-15,-1.0));
#2665=DIRECTION('',(0.0,-1.0,1.64056907678728E-15));
#2666=ORIENTED_EDGE('',*,*,#3007,.F.);
#2667=ORIENTED_EDGE('',*,*,#2961,.T.);
#2668=ORIENTED_EDGE('',*,*,#3388,.T.);
#2669=ORIENTED_EDGE('',*,*,#3389,.T.);
#2670=ORIENTED_EDGE('',*,*,#3390,.T.);
#2671=ORIENTED_EDGE('',*,*,#3391,.T.);
#2672=ORIENTED_EDGE('',*,*,#3386,.T.);
#2673=CARTESIAN_POINT('',(-1.875,0.0,0.0));
#2674=DIRECTION('',(1.0,0.0,0.0));
#2675=DIRECTION('',(0.0,1.0,0.0));
#2676=ORIENTED_EDGE('',*,*,#2959,.F.);
#2677=ORIENTED_EDGE('',*,*,#3009,.T.);
#2678=ORIENTED_EDGE('',*,*,#3385,.F.);
#2679=ORIENTED_EDGE('',*,*,#3392,.F.);
#2680=ORIENTED_EDGE('',*,*,#3393,.F.);
#2681=ORIENTED_EDGE('',*,*,#3394,.F.);
#2682=ORIENTED_EDGE('',*,*,#3395,.F.);
#2683=CARTESIAN_POINT('',(-2.125,0.0,0.0));
#2684=DIRECTION('',(1.0,0.0,0.0));
#2685=DIRECTION('',(0.0,1.0,0.0));
#2686=ORIENTED_EDGE('',*,*,#2960,.F.);
#2687=ORIENTED_EDGE('',*,*,#3395,.T.);
#2688=ORIENTED_EDGE('',*,*,#3396,.F.);
#2689=ORIENTED_EDGE('',*,*,#3388,.F.);
#2690=CARTESIAN_POINT('',(-1.875,6.54,1.99840144432528E-15));
#2691=DIRECTION('',(0.0,0.707106781186546,0.707106781186549));
#2692=DIRECTION('',(1.0,-0.0,0.0));
#2693=ORIENTED_EDGE('',*,*,#3394,.T.);
#2694=ORIENTED_EDGE('',*,*,#3397,.F.);
#2695=ORIENTED_EDGE('',*,*,#3389,.F.);
#2696=ORIENTED_EDGE('',*,*,#3396,.T.);
#2697=CARTESIAN_POINT('',(-1.875,6.62,-0.079999999999998));
#2698=DIRECTION('',(0.0,-2.00778180089909E-16,1.0));
#2699=DIRECTION('',(0.0,-1.0,-2.00778180089909E-16));
#2700=ORIENTED_EDGE('',*,*,#3393,.T.);
#2701=ORIENTED_EDGE('',*,*,#3398,.F.);
#2702=ORIENTED_EDGE('',*,*,#3390,.F.);
#2703=ORIENTED_EDGE('',*,*,#3397,.T.);
#2704=CARTESIAN_POINT('',(-1.875,7.16,-0.0799999999999979));
#2705=DIRECTION('',(0.0,-0.707106781186543,0.707106781186552));
#2706=DIRECTION('',(-1.0,0.0,0.0));
#2707=ORIENTED_EDGE('',*,*,#3392,.T.);
#2708=ORIENTED_EDGE('',*,*,#3387,.F.);
#2709=ORIENTED_EDGE('',*,*,#3391,.F.);
#2710=ORIENTED_EDGE('',*,*,#3398,.T.);
#2711=CARTESIAN_POINT('',(-1.875,7.24,2.1094237467878E-15));
#2712=DIRECTION('',(0.0,-1.0,0.0));
#2713=DIRECTION('',(0.0,0.0,-1.0));
#2714=ORIENTED_EDGE('',*,*,#3399,.T.);
#2715=ORIENTED_EDGE('',*,*,#2865,.F.);
#2716=ORIENTED_EDGE('',*,*,#3400,.F.);
#2717=ORIENTED_EDGE('',*,*,#3401,.T.);
#2718=ORIENTED_EDGE('',*,*,#3402,.T.);
#2719=CARTESIAN_POINT('',(-3.12,3.35,0.300000000000003));
#2720=DIRECTION('',(1.0,0.0,0.0));
#2721=DIRECTION('',(0.0,1.0,0.0));
#2722=ORIENTED_EDGE('',*,*,#3403,.T.);
#2723=ORIENTED_EDGE('',*,*,#3404,.F.);
#2724=ORIENTED_EDGE('',*,*,#3405,.F.);
#2725=ORIENTED_EDGE('',*,*,#3406,.F.);
#2726=ORIENTED_EDGE('',*,*,#2867,.T.);
#2727=CARTESIAN_POINT('',(-2.88,3.35,0.160000000000003));
#2728=DIRECTION('',(-1.0,0.0,0.0));
#2729=DIRECTION('',(0.0,0.0,1.0));
#2730=ORIENTED_EDGE('',*,*,#3405,.T.);
#2731=ORIENTED_EDGE('',*,*,#3407,.T.);
#2732=ORIENTED_EDGE('',*,*,#3401,.F.);
#2733=ORIENTED_EDGE('',*,*,#3408,.F.);
#2734=CARTESIAN_POINT('',(-2.88,3.35,0.300000000000003));
#2735=DIRECTION('',(1.35525271560688E-15,0.0,-1.0));
#2736=DIRECTION('',(0.0,-1.0,0.0));
#2737=ORIENTED_EDGE('',*,*,#3400,.T.);
#2738=ORIENTED_EDGE('',*,*,#2864,.T.);
#2739=ORIENTED_EDGE('',*,*,#3406,.T.);
#2740=ORIENTED_EDGE('',*,*,#3408,.T.);
#2741=CARTESIAN_POINT('',(0.0,3.35,0.0));
#2742=DIRECTION('',(0.0,-1.0,0.0));
#2743=DIRECTION('',(0.0,0.0,-1.0));
#2744=ORIENTED_EDGE('',*,*,#3399,.F.);
#2745=ORIENTED_EDGE('',*,*,#3409,.F.);
#2746=ORIENTED_EDGE('',*,*,#3403,.F.);
#2747=ORIENTED_EDGE('',*,*,#2866,.F.);
#2748=CARTESIAN_POINT('',(0.0,5.06,0.0));
#2749=DIRECTION('',(0.0,-1.0,0.0));
#2750=DIRECTION('',(0.0,0.0,-1.0));
#2751=ORIENTED_EDGE('',*,*,#3044,.F.);
#2752=ORIENTED_EDGE('',*,*,#3410,.F.);
#2753=ORIENTED_EDGE('',*,*,#3411,.T.);
#2754=ORIENTED_EDGE('',*,*,#3404,.T.);
#2755=ORIENTED_EDGE('',*,*,#3409,.T.);
#2756=ORIENTED_EDGE('',*,*,#3402,.F.);
#2757=ORIENTED_EDGE('',*,*,#3412,.T.);
#2758=ORIENTED_EDGE('',*,*,#3413,.T.);
#2759=CARTESIAN_POINT('',(-2.875,3.5,0.300000000000001));
#2760=DIRECTION('',(0.0,0.0,1.0));
#2761=DIRECTION('',(1.0,0.0,0.0));
#2762=ORIENTED_EDGE('',*,*,#3045,.F.);
#2763=ORIENTED_EDGE('',*,*,#3413,.F.);
#2764=ORIENTED_EDGE('',*,*,#3414,.F.);
#2765=ORIENTED_EDGE('',*,*,#3415,.F.);
#2766=CARTESIAN_POINT('',(-3.125,0.0,0.0));
#2767=DIRECTION('',(1.0,0.0,0.0));
#2768=DIRECTION('',(0.0,1.0,0.0));
#2769=ORIENTED_EDGE('',*,*,#3410,.T.);
#2770=ORIENTED_EDGE('',*,*,#3043,.T.);
#2771=ORIENTED_EDGE('',*,*,#3416,.T.);
#2772=ORIENTED_EDGE('',*,*,#3417,.T.);
#2773=CARTESIAN_POINT('',(-2.875,0.0,0.0));
#2774=DIRECTION('',(1.0,0.0,0.0));
#2775=DIRECTION('',(0.0,1.0,0.0));
#2776=ORIENTED_EDGE('',*,*,#3046,.F.);
#2777=ORIENTED_EDGE('',*,*,#3415,.T.);
#2778=ORIENTED_EDGE('',*,*,#3418,.F.);
#2779=ORIENTED_EDGE('',*,*,#3416,.F.);
#2780=CARTESIAN_POINT('',(-2.875,6.86,0.680000000000002));
#2781=DIRECTION('',(0.0,2.58143374401311E-16,-1.0));
#2782=DIRECTION('',(-1.0,0.0,0.0));
#2783=ORIENTED_EDGE('',*,*,#3414,.T.);
#2784=ORIENTED_EDGE('',*,*,#3412,.F.);
#2785=ORIENTED_EDGE('',*,*,#3407,.F.);
#2786=ORIENTED_EDGE('',*,*,#3411,.F.);
#2787=ORIENTED_EDGE('',*,*,#3417,.F.);
#2788=ORIENTED_EDGE('',*,*,#3418,.T.);
#2789=CARTESIAN_POINT('',(-2.875,3.5,0.680000000000001));
#2790=DIRECTION('',(-0.0,1.0,0.0));
#2791=DIRECTION('',(1.0,0.0,0.0));
#2792=ORIENTED_EDGE('',*,*,#3419,.T.);
#2793=ORIENTED_EDGE('',*,*,#2999,.T.);
#2794=ORIENTED_EDGE('',*,*,#3420,.F.);
#2795=ORIENTED_EDGE('',*,*,#3421,.T.);
#2796=CARTESIAN_POINT('',(-2.875,7.24,0.230000000000002));
#2797=DIRECTION('',(0.0,-1.64056907678728E-15,-1.0));
#2798=DIRECTION('',(0.0,-1.0,1.64056907678728E-15));
#2799=ORIENTED_EDGE('',*,*,#2998,.F.);
#2800=ORIENTED_EDGE('',*,*,#2957,.T.);
#2801=ORIENTED_EDGE('',*,*,#3422,.T.);
#2802=ORIENTED_EDGE('',*,*,#3423,.T.);
#2803=ORIENTED_EDGE('',*,*,#3424,.T.);
#2804=ORIENTED_EDGE('',*,*,#3425,.T.);
#2805=ORIENTED_EDGE('',*,*,#3420,.T.);
#2806=CARTESIAN_POINT('',(-2.875,0.0,0.0));
#2807=DIRECTION('',(1.0,0.0,0.0));
#2808=DIRECTION('',(0.0,1.0,0.0));
#2809=ORIENTED_EDGE('',*,*,#2981,.F.);
#2810=ORIENTED_EDGE('',*,*,#3000,.T.);
#2811=ORIENTED_EDGE('',*,*,#3419,.F.);
#2812=ORIENTED_EDGE('',*,*,#3426,.F.);
#2813=ORIENTED_EDGE('',*,*,#3427,.F.);
#2814=ORIENTED_EDGE('',*,*,#3428,.F.);
#2815=ORIENTED_EDGE('',*,*,#3429,.F.);
#2816=CARTESIAN_POINT('',(-3.125,0.0,0.0));
#2817=DIRECTION('',(1.0,0.0,0.0));
#2818=DIRECTION('',(0.0,1.0,0.0));
#2819=ORIENTED_EDGE('',*,*,#2982,.F.);
#2820=ORIENTED_EDGE('',*,*,#3429,.T.);
#2821=ORIENTED_EDGE('',*,*,#3430,.F.);
#2822=ORIENTED_EDGE('',*,*,#3422,.F.);
#2823=CARTESIAN_POINT('',(-2.875,6.54,1.99840144432528E-15));
#2824=DIRECTION('',(0.0,0.707106781186546,0.707106781186549));
#2825=DIRECTION('',(1.0,-0.0,0.0));
#2826=ORIENTED_EDGE('',*,*,#3428,.T.);
#2827=ORIENTED_EDGE('',*,*,#3431,.F.);
#2828=ORIENTED_EDGE('',*,*,#3423,.F.);
#2829=ORIENTED_EDGE('',*,*,#3430,.T.);
#2830=CARTESIAN_POINT('',(-2.875,6.62,-0.079999999999998));
#2831=DIRECTION('',(0.0,-2.00778180089909E-16,1.0));
#2832=DIRECTION('',(0.0,-1.0,-2.00778180089909E-16));
#2833=ORIENTED_EDGE('',*,*,#3427,.T.);
#2834=ORIENTED_EDGE('',*,*,#3432,.F.);
#2835=ORIENTED_EDGE('',*,*,#3424,.F.);
#2836=ORIENTED_EDGE('',*,*,#3431,.T.);
#2837=CARTESIAN_POINT('',(-2.875,7.16,-0.0799999999999979));
#2838=DIRECTION('',(0.0,-0.707106781186543,0.707106781186552));
#2839=DIRECTION('',(-1.0,0.0,0.0));
#2840=ORIENTED_EDGE('',*,*,#3426,.T.);
#2841=ORIENTED_EDGE('',*,*,#3421,.F.);
#2842=ORIENTED_EDGE('',*,*,#3425,.F.);
#2843=ORIENTED_EDGE('',*,*,#3432,.T.);
#2844=CARTESIAN_POINT('',(-2.875,7.24,2.1094237467878E-15));
#2845=DIRECTION('',(0.0,-1.0,0.0));
#2846=DIRECTION('',(0.0,0.0,-1.0));
#2847=COLOUR_RGB('',0.596063196659088,0.666666686534882,0.686259269714355);
#2848=EDGE_CURVE('',#3433,#3434,#3435,.T.);
#2849=EDGE_CURVE('',#3433,#3436,#3437,.T.);
#2850=EDGE_CURVE('',#3436,#3438,#3439,.T.);
#2851=EDGE_CURVE('',#3434,#3438,#3440,.T.);
#2852=EDGE_CURVE('',#3441,#3442,#3443,.T.);
#2853=EDGE_CURVE('',#3441,#3444,#3445,.T.);
#2854=EDGE_CURVE('',#3444,#3446,#3447,.T.);
#2855=EDGE_CURVE('',#3442,#3446,#3448,.T.);
#2856=EDGE_CURVE('',#3449,#3450,#3451,.T.);
#2857=EDGE_CURVE('',#3449,#3452,#3453,.T.);
#2858=EDGE_CURVE('',#3452,#3454,#3455,.T.);
#2859=EDGE_CURVE('',#3450,#3454,#3456,.T.);
#2860=EDGE_CURVE('',#3457,#3458,#3459,.T.);
#2861=EDGE_CURVE('',#3457,#3460,#3461,.T.);
#2862=EDGE_CURVE('',#3460,#3462,#3463,.T.);
#2863=EDGE_CURVE('',#3458,#3462,#3464,.T.);
#2864=EDGE_CURVE('',#3465,#3466,#3467,.T.);
#2865=EDGE_CURVE('',#3465,#3468,#3469,.T.);
#2866=EDGE_CURVE('',#3468,#3470,#3471,.T.);
#2867=EDGE_CURVE('',#3466,#3470,#3472,.T.);
#2868=EDGE_CURVE('',#3473,#3474,#3475,.T.);
#2869=EDGE_CURVE('',#3473,#3476,#3477,.T.);
#2870=EDGE_CURVE('',#3478,#3476,#3479,.T.);
#2871=EDGE_CURVE('',#3474,#3478,#3480,.T.);
#2872=EDGE_CURVE('',#3481,#3482,#3483,.T.);
#2873=EDGE_CURVE('',#3484,#3481,#3485,.T.);
#2874=EDGE_CURVE('',#3484,#3486,#3487,.T.);
#2875=EDGE_CURVE('',#3486,#3488,#3489,.T.);
#2876=EDGE_CURVE('',#3490,#3488,#3491,.T.);
#2877=EDGE_CURVE('',#3490,#3492,#3493,.T.);
#2878=EDGE_CURVE('',#3494,#3492,#3495,.T.);
#2879=EDGE_CURVE('',#3496,#3494,#3497,.T.);
#2880=EDGE_CURVE('',#3496,#3498,#3499,.T.);
#2881=EDGE_CURVE('',#3500,#3498,#3501,.T.);
#2882=EDGE_CURVE('',#3502,#3500,#3503,.T.);
#2883=EDGE_CURVE('',#3482,#3502,#3504,.T.);
#2884=EDGE_CURVE('',#3481,#3505,#3506,.T.);
#2885=EDGE_CURVE('',#3505,#3507,#3508,.T.);
#2886=EDGE_CURVE('',#3507,#3509,#3510,.T.);
#2887=EDGE_CURVE('',#3509,#3511,#3512,.T.);
#2888=EDGE_CURVE('',#3511,#3513,#3514,.T.);
#2889=EDGE_CURVE('',#3513,#3515,#3516,.T.);
#2890=EDGE_CURVE('',#3484,#3515,#3517,.T.);
#2891=EDGE_CURVE('',#3476,#3500,#3518,.T.);
#2892=EDGE_CURVE('',#3498,#3478,#3519,.T.);
#2893=EDGE_CURVE('',#3520,#3521,#3522,.T.);
#2894=EDGE_CURVE('',#3520,#3523,#3524,.T.);
#2895=EDGE_CURVE('',#3523,#3525,#3526,.T.);
#2896=EDGE_CURVE('',#3525,#3521,#3527,.T.);
#2897=EDGE_CURVE('',#3521,#3528,#3529,.T.);
#2898=EDGE_CURVE('',#3525,#3530,#3531,.T.);
#2899=EDGE_CURVE('',#3530,#3528,#3532,.T.);
#2900=EDGE_CURVE('',#3533,#3534,#3535,.T.);
#2901=EDGE_CURVE('',#3536,#3534,#3537,.T.);
#2902=EDGE_CURVE('',#3536,#3538,#3539,.T.);
#2903=EDGE_CURVE('',#3538,#3540,#3541,.T.);
#2904=EDGE_CURVE('',#3542,#3540,#3543,.T.);
#2905=EDGE_CURVE('',#3544,#3542,#3545,.T.);
#2906=EDGE_CURVE('',#3533,#3544,#3546,.T.);
#2907=EDGE_CURVE('',#3547,#3548,#3549,.T.);
#2908=EDGE_CURVE('',#3547,#3550,#3551,.T.);
#2909=EDGE_CURVE('',#3552,#3550,#3553,.T.);
#2910=EDGE_CURVE('',#3554,#3552,#3555,.T.);
#2911=EDGE_CURVE('',#3556,#3554,#3557,.T.);
#2912=EDGE_CURVE('',#3548,#3556,#3558,.T.);
#2913=EDGE_CURVE('',#3559,#3523,#3560,.T.);
#2914=EDGE_CURVE('',#3561,#3559,#3562,.T.);
#2915=EDGE_CURVE('',#3561,#3563,#3564,.T.);
#2916=EDGE_CURVE('',#3565,#3563,#3566,.T.);
#2917=EDGE_CURVE('',#3567,#3565,#3568,.T.);
#2918=EDGE_CURVE('',#3567,#3530,#3569,.T.);
#2919=EDGE_CURVE('',#3570,#3571,#3572,.T.);
#2920=EDGE_CURVE('',#3570,#3513,#3573,.T.);
#2921=EDGE_CURVE('',#3571,#3511,#3574,.T.);
#2922=EDGE_CURVE('',#3575,#3570,#3576,.T.);
#2923=EDGE_CURVE('',#3577,#3575,#3578,.T.);
#2924=EDGE_CURVE('',#3577,#3579,#3580,.T.);
#2925=EDGE_CURVE('',#3579,#3581,#3582,.T.);
#2926=EDGE_CURVE('',#3581,#3515,#3583,.T.);
#2927=EDGE_CURVE('',#3542,#3449,#3584,.T.);
#2928=EDGE_CURVE('',#3540,#3452,#3585,.T.);
#2929=EDGE_CURVE('',#3586,#3587,#3588,.T.);
#2930=EDGE_CURVE('',#3586,#3589,#3590,.T.);
#2931=EDGE_CURVE('',#3591,#3589,#3592,.T.);
#2932=EDGE_CURVE('',#3593,#3591,#3594,.T.);
#2933=EDGE_CURVE('',#3593,#3595,#3596,.T.);
#2934=EDGE_CURVE('',#3595,#3587,#3597,.T.);
#2935=EDGE_CURVE('',#3598,#3599,#3600,.T.);
#2936=EDGE_CURVE('',#3598,#3601,#3602,.T.);
#2937=EDGE_CURVE('',#3601,#3603,#3604,.T.);
#2938=EDGE_CURVE('',#3605,#3603,#3606,.T.);
#2939=EDGE_CURVE('',#3605,#3607,#3608,.T.);
#2940=EDGE_CURVE('',#3607,#3599,#3609,.T.);
#2941=EDGE_CURVE('',#3610,#3611,#3612,.T.);
#2942=EDGE_CURVE('',#3613,#3610,#3614,.T.);
#2943=EDGE_CURVE('',#3492,#3613,#3615,.T.);
#2944=EDGE_CURVE('',#3616,#3490,#3617,.T.);
#2945=EDGE_CURVE('',#3616,#3591,#3618,.T.);
#2946=EDGE_CURVE('',#3589,#3611,#3619,.T.);
#2947=EDGE_CURVE('',#3620,#3621,#3622,.T.);
#2948=EDGE_CURVE('',#3563,#3620,#3623,.T.);
#2949=EDGE_CURVE('',#3561,#3598,#3624,.T.);
#2950=EDGE_CURVE('',#3599,#3625,#3626,.T.);
#2951=EDGE_CURVE('',#3627,#3625,#3628,.T.);
#2952=EDGE_CURVE('',#3621,#3627,#3629,.T.);
#2953=EDGE_CURVE('',#3509,#3630,#3631,.T.);
#2954=EDGE_CURVE('',#3632,#3630,#3633,.T.);
#2955=EDGE_CURVE('',#3634,#3632,#3635,.T.);
#2956=EDGE_CURVE('',#3571,#3634,#3636,.T.);
#2957=EDGE_CURVE('',#3637,#3638,#3639,.T.);
#2958=EDGE_CURVE('',#3637,#3640,#3641,.T.);
#2959=EDGE_CURVE('',#3640,#3642,#3643,.T.);
#2960=EDGE_CURVE('',#3642,#3644,#3645,.T.);
#2961=EDGE_CURVE('',#3646,#3644,#3647,.T.);
#2962=EDGE_CURVE('',#3646,#3648,#3649,.T.);
#2963=EDGE_CURVE('',#3648,#3650,#3651,.T.);
#2964=EDGE_CURVE('',#3650,#3652,#3653,.T.);
#2965=EDGE_CURVE('',#3654,#3652,#3655,.T.);
#2966=EDGE_CURVE('',#3654,#3656,#3657,.T.);
#2967=EDGE_CURVE('',#3656,#3658,#3659,.T.);
#2968=EDGE_CURVE('',#3658,#3660,#3661,.T.);
#2969=EDGE_CURVE('',#3662,#3660,#3663,.T.);
#2970=EDGE_CURVE('',#3662,#3605,#3664,.T.);
#2971=EDGE_CURVE('',#3665,#3603,#3666,.T.);
#2972=EDGE_CURVE('',#3667,#3665,#3668,.T.);
#2973=EDGE_CURVE('',#3669,#3667,#3670,.T.);
#2974=EDGE_CURVE('',#3671,#3669,#3672,.T.);
#2975=EDGE_CURVE('',#3673,#3671,#3674,.T.);
#2976=EDGE_CURVE('',#3675,#3673,#3676,.T.);
#2977=EDGE_CURVE('',#3677,#3675,#3678,.T.);
#2978=EDGE_CURVE('',#3679,#3677,#3680,.T.);
#2979=EDGE_CURVE('',#3587,#3679,#3681,.T.);
#2980=EDGE_CURVE('',#3595,#3682,#3683,.T.);
#2981=EDGE_CURVE('',#3682,#3684,#3685,.T.);
#2982=EDGE_CURVE('',#3684,#3638,#3686,.T.);
#2983=EDGE_CURVE('',#3687,#3688,#3689,.T.);
#2984=EDGE_CURVE('',#3690,#3687,#3691,.T.);
#2985=EDGE_CURVE('',#3688,#3690,#3692,.T.);
#2986=EDGE_CURVE('',#3693,#3694,#3695,.T.);
#2987=EDGE_CURVE('',#3696,#3693,#3697,.T.);
#2988=EDGE_CURVE('',#3698,#3696,#3699,.T.);
#2989=EDGE_CURVE('',#3694,#3698,#3700,.T.);
#2990=EDGE_CURVE('',#3701,#3616,#3702,.T.);
#2991=EDGE_CURVE('',#3703,#3701,#3704,.T.);
#2992=EDGE_CURVE('',#3705,#3703,#3706,.T.);
#2993=EDGE_CURVE('',#3707,#3705,#3708,.T.);
#2994=EDGE_CURVE('',#3709,#3707,#3710,.T.);
#2995=EDGE_CURVE('',#3711,#3709,#3712,.T.);
#2996=EDGE_CURVE('',#3625,#3711,#3713,.T.);
#2997=EDGE_CURVE('',#3607,#3593,#3714,.T.);
#2998=EDGE_CURVE('',#3637,#3715,#3716,.T.);
#2999=EDGE_CURVE('',#3717,#3715,#3718,.T.);
#3000=EDGE_CURVE('',#3682,#3717,#3719,.T.);
#3001=EDGE_CURVE('',#3662,#3720,#3721,.T.);
#3002=EDGE_CURVE('',#3722,#3720,#3723,.T.);
#3003=EDGE_CURVE('',#3656,#3722,#3724,.T.);
#3004=EDGE_CURVE('',#3654,#3725,#3726,.T.);
#3005=EDGE_CURVE('',#3727,#3725,#3728,.T.);
#3006=EDGE_CURVE('',#3648,#3727,#3729,.T.);
#3007=EDGE_CURVE('',#3646,#3730,#3731,.T.);
#3008=EDGE_CURVE('',#3732,#3730,#3733,.T.);
#3009=EDGE_CURVE('',#3640,#3732,#3734,.T.);
#3010=EDGE_CURVE('',#3611,#3735,#3736,.T.);
#3011=EDGE_CURVE('',#3735,#3474,#3737,.T.);
#3012=EDGE_CURVE('',#3738,#3496,#3739,.T.);
#3013=EDGE_CURVE('',#3738,#3610,#3740,.T.);
#3014=EDGE_CURVE('',#3577,#3450,#3741,.T.);
#3015=EDGE_CURVE('',#3454,#3579,#3742,.T.);
#3016=EDGE_CURVE('',#3533,#3552,#3743,.T.);
#3017=EDGE_CURVE('',#3550,#3534,#3744,.T.);
#3018=EDGE_CURVE('',#3745,#3746,#3747,.T.);
#3019=EDGE_CURVE('',#3746,#3528,#3748,.T.);
#3020=EDGE_CURVE('',#3749,#3567,#3750,.T.);
#3021=EDGE_CURVE('',#3749,#3621,#3751,.T.);
#3022=EDGE_CURVE('',#3627,#3752,#3753,.T.);
#3023=EDGE_CURVE('',#3752,#3754,#3755,.T.);
#3024=EDGE_CURVE('',#3754,#3756,#3757,.T.);
#3025=EDGE_CURVE('',#3758,#3756,#3759,.T.);
#3026=EDGE_CURVE('',#3758,#3745,#3760,.T.);
#3027=EDGE_CURVE('',#3761,#3752,#3762,.T.);
#3028=EDGE_CURVE('',#3763,#3711,#3764,.T.);
#3029=EDGE_CURVE('',#3763,#3761,#3765,.T.);
#3030=EDGE_CURVE('',#3766,#3767,#3768,.T.);
#3031=EDGE_CURVE('',#3769,#3766,#3770,.T.);
#3032=EDGE_CURVE('',#3771,#3769,#3772,.T.);
#3033=EDGE_CURVE('',#3767,#3771,#3773,.T.);
#3034=EDGE_CURVE('',#3763,#3774,#3775,.T.);
#3035=EDGE_CURVE('',#3774,#3776,#3777,.T.);
#3036=EDGE_CURVE('',#3776,#3778,#3779,.T.);
#3037=EDGE_CURVE('',#3778,#3780,#3781,.T.);
#3038=EDGE_CURVE('',#3780,#3782,#3783,.T.);
#3039=EDGE_CURVE('',#3782,#3784,#3785,.T.);
#3040=EDGE_CURVE('',#3784,#3761,#3786,.T.);
#3041=EDGE_CURVE('',#3488,#3784,#3787,.T.);
#3042=EDGE_CURVE('',#3782,#3701,#3788,.T.);
#3043=EDGE_CURVE('',#3789,#3790,#3791,.T.);
#3044=EDGE_CURVE('',#3789,#3792,#3793,.T.);
#3045=EDGE_CURVE('',#3792,#3794,#3795,.T.);
#3046=EDGE_CURVE('',#3794,#3790,#3796,.T.);
#3047=EDGE_CURVE('',#3797,#3798,#3799,.T.);
#3048=EDGE_CURVE('',#3797,#3800,#3801,.T.);
#3049=EDGE_CURVE('',#3800,#3802,#3803,.T.);
#3050=EDGE_CURVE('',#3802,#3798,#3804,.T.);
#3051=EDGE_CURVE('',#3805,#3806,#3807,.T.);
#3052=EDGE_CURVE('',#3805,#3808,#3809,.T.);
#3053=EDGE_CURVE('',#3808,#3810,#3811,.T.);
#3054=EDGE_CURVE('',#3810,#3806,#3812,.T.);
#3055=EDGE_CURVE('',#3486,#3581,#3813,.T.);
#3056=EDGE_CURVE('',#3538,#3754,#3814,.T.);
#3057=EDGE_CURVE('',#3815,#3816,#3817,.T.);
#3058=EDGE_CURVE('',#3815,#3818,#3819,.T.);
#3059=EDGE_CURVE('',#3818,#3820,#3821,.T.);
#3060=EDGE_CURVE('',#3820,#3816,#3822,.T.);
#3061=EDGE_CURVE('',#3709,#3774,#3823,.T.);
#3062=EDGE_CURVE('',#3707,#3776,#3824,.T.);
#3063=EDGE_CURVE('',#3705,#3778,#3825,.T.);
#3064=EDGE_CURVE('',#3703,#3780,#3826,.T.);
#3065=EDGE_CURVE('',#3559,#3601,#3827,.T.);
#3066=EDGE_CURVE('',#3586,#3735,#3828,.T.);
#3067=EDGE_CURVE('',#3630,#3735,#3829,.T.);
#3068=EDGE_CURVE('',#3679,#3632,#3830,.T.);
#3069=EDGE_CURVE('',#3677,#3634,#3831,.T.);
#3070=EDGE_CURVE('',#3675,#3571,#3832,.T.);
#3071=EDGE_CURVE('',#3673,#3575,#3833,.T.);
#3072=EDGE_CURVE('',#3671,#3544,#3834,.T.);
#3073=EDGE_CURVE('',#3669,#3552,#3835,.T.);
#3074=EDGE_CURVE('',#3667,#3554,#3836,.T.);
#3075=EDGE_CURVE('',#3665,#3556,#3837,.T.);
#3076=EDGE_CURVE('',#3559,#3548,#3838,.T.);
#3077=EDGE_CURVE('',#3693,#3766,#3839,.T.);
#3078=EDGE_CURVE('',#3694,#3769,#3840,.T.);
#3079=EDGE_CURVE('',#3698,#3771,#3841,.T.);
#3080=EDGE_CURVE('',#3696,#3767,#3842,.T.);
#3081=EDGE_CURVE('',#3843,#3444,#3844,.T.);
#3082=EDGE_CURVE('',#3845,#3441,#3846,.T.);
#3083=EDGE_CURVE('',#3845,#3847,#3848,.T.);
#3084=EDGE_CURVE('',#3847,#3843,#3849,.T.);
#3085=EDGE_CURVE('',#3446,#3850,#3851,.T.);
#3086=EDGE_CURVE('',#3852,#3850,#3853,.T.);
#3087=EDGE_CURVE('',#3854,#3852,#3855,.T.);
#3088=EDGE_CURVE('',#3442,#3854,#3856,.T.);
#3089=EDGE_CURVE('',#3852,#3847,#3857,.T.);
#3090=EDGE_CURVE('',#3854,#3845,#3858,.T.);
#3091=EDGE_CURVE('',#3850,#3843,#3859,.T.);
#3092=EDGE_CURVE('',#3860,#3815,#3861,.T.);
#3093=EDGE_CURVE('',#3860,#3852,#3862,.T.);
#3094=EDGE_CURVE('',#3847,#3863,#3864,.T.);
#3095=EDGE_CURVE('',#3863,#3818,#3865,.T.);
#3096=EDGE_CURVE('',#3866,#3863,#3867,.T.);
#3097=EDGE_CURVE('',#3820,#3866,#3868,.T.);
#3098=EDGE_CURVE('',#3816,#3869,#3870,.T.);
#3099=EDGE_CURVE('',#3869,#3860,#3871,.T.);
#3100=EDGE_CURVE('',#3869,#3866,#3872,.T.);
#3101=EDGE_CURVE('',#3873,#3722,#3874,.T.);
#3102=EDGE_CURVE('',#3875,#3720,#3876,.T.);
#3103=EDGE_CURVE('',#3875,#3873,#3877,.T.);
#3104=EDGE_CURVE('',#3660,#3878,#3879,.T.);
#3105=EDGE_CURVE('',#3878,#3880,#3881,.T.);
#3106=EDGE_CURVE('',#3880,#3882,#3883,.T.);
#3107=EDGE_CURVE('',#3882,#3875,#3884,.T.);
#3108=EDGE_CURVE('',#3885,#3873,#3886,.T.);
#3109=EDGE_CURVE('',#3887,#3885,#3888,.T.);
#3110=EDGE_CURVE('',#3889,#3887,#3890,.T.);
#3111=EDGE_CURVE('',#3658,#3889,#3891,.T.);
#3112=EDGE_CURVE('',#3878,#3889,#3892,.T.);
#3113=EDGE_CURVE('',#3880,#3887,#3893,.T.);
#3114=EDGE_CURVE('',#3882,#3885,#3894,.T.);
#3115=EDGE_CURVE('',#3749,#3895,#3896,.T.);
#3116=EDGE_CURVE('',#3620,#3895,#3897,.T.);
#3117=EDGE_CURVE('',#3895,#3565,#3898,.T.);
#3118=EDGE_CURVE('',#3613,#3899,#3900,.T.);
#3119=EDGE_CURVE('',#3899,#3494,#3901,.T.);
#3120=EDGE_CURVE('',#3738,#3899,#3902,.T.);
#3121=EDGE_CURVE('',#3903,#3520,#3904,.T.);
#3122=EDGE_CURVE('',#3905,#3903,#3906,.T.);
#3123=EDGE_CURVE('',#3548,#3905,#3907,.T.);
#3124=EDGE_CURVE('',#3903,#3908,#3909,.T.);
#3125=EDGE_CURVE('',#3908,#3910,#3911,.T.);
#3126=EDGE_CURVE('',#3905,#3910,#3912,.T.);
#3127=EDGE_CURVE('',#3910,#3547,#3913,.T.);
#3128=EDGE_CURVE('',#3758,#3908,#3914,.T.);
#3129=EDGE_CURVE('',#3536,#3756,#3915,.T.);
#3130=EDGE_CURVE('',#3630,#3916,#3917,.T.);
#3131=EDGE_CURVE('',#3916,#3918,#3919,.T.);
#3132=EDGE_CURVE('',#3918,#3473,#3920,.T.);
#3133=EDGE_CURVE('',#3918,#3505,#3921,.T.);
#3134=EDGE_CURVE('',#3916,#3507,#3922,.T.);
#3135=EDGE_CURVE('',#3745,#3923,#3924,.T.);
#3136=EDGE_CURVE('',#3925,#3923,#3926,.T.);
#3137=EDGE_CURVE('',#3746,#3925,#3927,.T.);
#3138=EDGE_CURVE('',#3928,#3925,#3929,.T.);
#3139=EDGE_CURVE('',#3930,#3928,#3931,.T.);
#3140=EDGE_CURVE('',#3930,#3932,#3933,.T.);
#3141=EDGE_CURVE('',#3934,#3932,#3935,.T.);
#3142=EDGE_CURVE('',#3936,#3934,#3937,.T.);
#3143=EDGE_CURVE('',#3938,#3936,#3939,.T.);
#3144=EDGE_CURVE('',#3938,#3940,#3941,.T.);
#3145=EDGE_CURVE('',#3942,#3940,#3943,.T.);
#3146=EDGE_CURVE('',#3944,#3942,#3945,.T.);
#3147=EDGE_CURVE('',#3946,#3944,#3947,.T.);
#3148=EDGE_CURVE('',#3948,#3946,#3949,.T.);
#3149=EDGE_CURVE('',#3950,#3948,#3951,.T.);
#3150=EDGE_CURVE('',#3950,#3952,#3953,.T.);
#3151=EDGE_CURVE('',#3952,#3954,#3955,.T.);
#3152=EDGE_CURVE('',#3954,#3520,#3956,.T.);
#3153=EDGE_CURVE('',#3957,#3903,#3958,.T.);
#3154=EDGE_CURVE('',#3957,#3959,#3960,.T.);
#3155=EDGE_CURVE('',#3961,#3959,#3962,.T.);
#3156=EDGE_CURVE('',#3961,#3963,#3964,.T.);
#3157=EDGE_CURVE('',#3965,#3963,#3966,.T.);
#3158=EDGE_CURVE('',#3967,#3965,#3968,.T.);
#3159=EDGE_CURVE('',#3967,#3969,#3970,.T.);
#3160=EDGE_CURVE('',#3971,#3969,#3972,.T.);
#3161=EDGE_CURVE('',#3973,#3971,#3974,.T.);
#3162=EDGE_CURVE('',#3975,#3973,#3976,.T.);
#3163=EDGE_CURVE('',#3977,#3975,#3978,.T.);
#3164=EDGE_CURVE('',#3979,#3977,#3980,.T.);
#3165=EDGE_CURVE('',#3981,#3979,#3982,.T.);
#3166=EDGE_CURVE('',#3983,#3981,#3984,.T.);
#3167=EDGE_CURVE('',#3923,#3983,#3985,.T.);
#3168=EDGE_CURVE('',#3986,#3938,#3987,.T.);
#3169=EDGE_CURVE('',#3986,#3988,#3989,.T.);
#3170=EDGE_CURVE('',#3940,#3988,#3990,.T.);
#3171=EDGE_CURVE('',#3991,#3992,#3993,.T.);
#3172=EDGE_CURVE('',#3991,#3994,#3995,.T.);
#3173=EDGE_CURVE('',#3996,#3994,#3997,.T.);
#3174=EDGE_CURVE('',#3998,#3996,#3999,.T.);
#3175=EDGE_CURVE('',#3998,#4000,#4001,.T.);
#3176=EDGE_CURVE('',#3988,#4000,#4002,.T.);
#3177=EDGE_CURVE('',#3992,#3986,#4003,.T.);
#3178=EDGE_CURVE('',#3973,#4004,#4005,.T.);
#3179=EDGE_CURVE('',#4006,#3971,#4007,.T.);
#3180=EDGE_CURVE('',#4004,#4006,#4008,.T.);
#3181=EDGE_CURVE('',#4009,#4010,#4011,.T.);
#3182=EDGE_CURVE('',#4009,#4012,#4013,.T.);
#3183=EDGE_CURVE('',#4012,#4014,#4015,.T.);
#3184=EDGE_CURVE('',#4010,#4014,#4016,.T.);
#3185=EDGE_CURVE('',#4012,#4017,#4018,.T.);
#3186=EDGE_CURVE('',#4017,#4019,#4020,.T.);
#3187=EDGE_CURVE('',#4014,#4019,#4021,.T.);
#3188=EDGE_CURVE('',#3998,#4022,#4023,.T.);
#3189=EDGE_CURVE('',#4022,#4024,#4025,.T.);
#3190=EDGE_CURVE('',#4000,#4024,#4026,.T.);
#3191=EDGE_CURVE('',#3954,#3957,#4027,.T.);
#3192=EDGE_CURVE('',#4028,#3952,#4029,.T.);
#3193=EDGE_CURVE('',#4030,#4028,#4031,.T.);
#3194=EDGE_CURVE('',#4032,#4030,#4033,.T.);
#3195=EDGE_CURVE('',#4034,#4032,#4035,.T.);
#3196=EDGE_CURVE('',#3959,#4034,#4036,.T.);
#3197=EDGE_CURVE('',#3944,#4017,#4037,.T.);
#3198=EDGE_CURVE('',#4019,#3942,#4038,.T.);
#3199=EDGE_CURVE('',#3932,#3994,#4039,.T.);
#3200=EDGE_CURVE('',#3996,#3930,#4040,.T.);
#3201=EDGE_CURVE('',#4004,#4041,#4042,.T.);
#3202=EDGE_CURVE('',#4024,#4006,#4043,.T.);
#3203=EDGE_CURVE('',#4044,#4022,#4045,.T.);
#3204=EDGE_CURVE('',#4044,#4046,#4047,.T.);
#3205=EDGE_CURVE('',#4048,#4046,#4049,.T.);
#3206=EDGE_CURVE('',#4048,#4041,#4050,.T.);
#3207=EDGE_CURVE('',#4046,#3979,#4051,.T.);
#3208=EDGE_CURVE('',#3981,#4044,#4052,.T.);
#3209=EDGE_CURVE('',#4053,#3967,#4054,.T.);
#3210=EDGE_CURVE('',#4053,#4055,#4056,.T.);
#3211=EDGE_CURVE('',#3969,#4055,#4057,.T.);
#3212=EDGE_CURVE('',#4009,#4053,#4058,.T.);
#3213=EDGE_CURVE('',#4055,#4010,#4059,.T.);
#3214=EDGE_CURVE('',#4060,#3950,#4061,.T.);
#3215=EDGE_CURVE('',#4060,#4028,#4062,.T.);
#3216=EDGE_CURVE('',#4063,#4060,#4064,.T.);
#3217=EDGE_CURVE('',#4063,#4030,#4065,.T.);
#3218=EDGE_CURVE('',#4066,#4063,#4067,.T.);
#3219=EDGE_CURVE('',#4066,#4032,#4068,.T.);
#3220=EDGE_CURVE('',#4069,#4066,#4070,.T.);
#3221=EDGE_CURVE('',#4069,#4034,#4071,.T.);
#3222=EDGE_CURVE('',#3961,#4069,#4072,.T.);
#3223=EDGE_CURVE('',#3963,#3948,#4073,.T.);
#3224=EDGE_CURVE('',#3946,#3965,#4074,.T.);
#3225=EDGE_CURVE('',#3928,#3983,#4075,.T.);
#3226=EDGE_CURVE('',#3936,#3975,#4076,.T.);
#3227=EDGE_CURVE('',#4041,#3992,#4077,.T.);
#3228=EDGE_CURVE('',#3934,#3977,#4078,.T.);
#3229=EDGE_CURVE('',#3991,#4048,#4079,.T.);
#3230=EDGE_CURVE('',#4080,#3918,#4081,.T.);
#3231=EDGE_CURVE('',#4082,#4080,#4083,.T.);
#3232=EDGE_CURVE('',#4082,#3473,#4084,.T.);
#3233=EDGE_CURVE('',#3482,#4085,#4086,.T.);
#3234=EDGE_CURVE('',#3502,#4087,#4088,.T.);
#3235=EDGE_CURVE('',#4087,#4085,#4089,.T.);
#3236=EDGE_CURVE('',#4085,#4090,#4091,.T.);
#3237=EDGE_CURVE('',#4090,#4092,#4093,.T.);
#3238=EDGE_CURVE('',#4092,#4094,#4095,.T.);
#3239=EDGE_CURVE('',#4094,#4096,#4097,.T.);
#3240=EDGE_CURVE('',#4096,#4098,#4099,.T.);
#3241=EDGE_CURVE('',#4098,#4100,#4101,.T.);
#3242=EDGE_CURVE('',#4100,#4102,#4103,.T.);
#3243=EDGE_CURVE('',#4102,#4104,#4105,.T.);
#3244=EDGE_CURVE('',#4106,#4104,#4107,.T.);
#3245=EDGE_CURVE('',#4106,#4108,#4109,.T.);
#3246=EDGE_CURVE('',#4108,#4110,#4111,.T.);
#3247=EDGE_CURVE('',#4112,#4110,#4113,.T.);
#3248=EDGE_CURVE('',#4112,#4114,#4115,.T.);
#3249=EDGE_CURVE('',#4080,#4114,#4116,.T.);
#3250=EDGE_CURVE('',#4117,#4082,#4118,.T.);
#3251=EDGE_CURVE('',#4119,#4117,#4120,.T.);
#3252=EDGE_CURVE('',#4119,#4121,#4122,.T.);
#3253=EDGE_CURVE('',#4121,#4123,#4124,.T.);
#3254=EDGE_CURVE('',#4123,#4125,#4126,.T.);
#3255=EDGE_CURVE('',#4125,#4127,#4128,.T.);
#3256=EDGE_CURVE('',#4127,#4129,#4130,.T.);
#3257=EDGE_CURVE('',#4131,#4129,#4132,.T.);
#3258=EDGE_CURVE('',#4131,#4133,#4134,.T.);
#3259=EDGE_CURVE('',#4133,#4135,#4136,.T.);
#3260=EDGE_CURVE('',#4135,#4137,#4138,.T.);
#3261=EDGE_CURVE('',#4139,#4137,#4140,.T.);
#3262=EDGE_CURVE('',#4139,#4141,#4142,.T.);
#3263=EDGE_CURVE('',#4141,#4087,#4143,.T.);
#3264=EDGE_CURVE('',#4114,#4144,#4145,.T.);
#3265=EDGE_CURVE('',#4144,#4146,#4147,.T.);
#3266=EDGE_CURVE('',#4146,#4148,#4149,.T.);
#3267=EDGE_CURVE('',#4148,#4150,#4151,.T.);
#3268=EDGE_CURVE('',#4150,#4117,#4152,.T.);
#3269=EDGE_CURVE('',#4141,#4090,#4153,.T.);
#3270=EDGE_CURVE('',#4154,#4131,#4155,.T.);
#3271=EDGE_CURVE('',#4129,#4156,#4157,.T.);
#3272=EDGE_CURVE('',#4154,#4156,#4158,.T.);
#3273=EDGE_CURVE('',#4137,#4159,#4160,.T.);
#3274=EDGE_CURVE('',#4161,#4159,#4162,.T.);
#3275=EDGE_CURVE('',#4161,#4139,#4163,.T.);
#3276=EDGE_CURVE('',#4164,#4165,#4166,.T.);
#3277=EDGE_CURVE('',#4167,#4165,#4168,.T.);
#3278=EDGE_CURVE('',#4167,#4169,#4170,.T.);
#3279=EDGE_CURVE('',#4171,#4169,#4172,.T.);
#3280=EDGE_CURVE('',#4171,#4173,#4174,.T.);
#3281=EDGE_CURVE('',#4173,#4175,#4176,.T.);
#3282=EDGE_CURVE('',#4175,#4177,#4178,.T.);
#3283=EDGE_CURVE('',#4164,#4177,#4179,.T.);
#3284=EDGE_CURVE('',#4100,#4164,#4180,.T.);
#3285=EDGE_CURVE('',#4177,#4102,#4181,.T.);
#3286=EDGE_CURVE('',#4169,#4094,#4182,.T.);
#3287=EDGE_CURVE('',#4092,#4171,#4183,.T.);
#3288=EDGE_CURVE('',#4184,#4185,#4186,.T.);
#3289=EDGE_CURVE('',#4184,#4187,#4188,.T.);
#3290=EDGE_CURVE('',#4187,#4189,#4190,.T.);
#3291=EDGE_CURVE('',#4185,#4189,#4191,.T.);
#3292=EDGE_CURVE('',#4185,#4192,#4193,.T.);
#3293=EDGE_CURVE('',#4189,#4194,#4195,.T.);
#3294=EDGE_CURVE('',#4192,#4194,#4196,.T.);
#3295=EDGE_CURVE('',#4197,#4173,#4198,.T.);
#3296=EDGE_CURVE('',#4197,#4199,#4200,.T.);
#3297=EDGE_CURVE('',#4199,#4175,#4201,.T.);
#3298=EDGE_CURVE('',#4125,#4192,#4202,.T.);
#3299=EDGE_CURVE('',#4194,#4127,#4203,.T.);
#3300=EDGE_CURVE('',#4204,#4205,#4206,.T.);
#3301=EDGE_CURVE('',#4205,#4154,#4207,.T.);
#3302=EDGE_CURVE('',#4156,#4199,#4208,.T.);
#3303=EDGE_CURVE('',#4197,#4161,#4209,.T.);
#3304=EDGE_CURVE('',#4204,#4159,#4210,.T.);
#3305=EDGE_CURVE('',#4211,#4212,#4213,.T.);
#3306=EDGE_CURVE('',#4211,#4106,#4214,.T.);
#3307=EDGE_CURVE('',#4104,#4212,#4215,.T.);
#3308=EDGE_CURVE('',#4184,#4211,#4216,.T.);
#3309=EDGE_CURVE('',#4212,#4187,#4217,.T.);
#3310=EDGE_CURVE('',#4218,#4119,#4219,.T.);
#3311=EDGE_CURVE('',#4218,#4150,#4220,.T.);
#3312=EDGE_CURVE('',#4221,#4218,#4222,.T.);
#3313=EDGE_CURVE('',#4221,#4148,#4223,.T.);
#3314=EDGE_CURVE('',#4224,#4221,#4225,.T.);
#3315=EDGE_CURVE('',#4224,#4146,#4226,.T.);
#3316=EDGE_CURVE('',#4227,#4224,#4228,.T.);
#3317=EDGE_CURVE('',#4227,#4144,#4229,.T.);
#3318=EDGE_CURVE('',#4112,#4227,#4230,.T.);
#3319=EDGE_CURVE('',#4110,#4121,#4231,.T.);
#3320=EDGE_CURVE('',#4123,#4108,#4232,.T.);
#3321=EDGE_CURVE('',#4165,#4205,#4233,.T.);
#3322=EDGE_CURVE('',#4204,#4167,#4234,.T.);
#3323=EDGE_CURVE('',#4133,#4098,#4235,.T.);
#3324=EDGE_CURVE('',#4135,#4096,#4236,.T.);
#3325=EDGE_CURVE('',#3688,#4237,#4238,.T.);
#3326=EDGE_CURVE('',#4237,#4239,#4240,.T.);
#3327=EDGE_CURVE('',#3687,#4239,#4241,.T.);
#3328=EDGE_CURVE('',#3690,#4242,#4243,.T.);
#3329=EDGE_CURVE('',#4242,#4237,#4244,.T.);
#3330=EDGE_CURVE('',#4239,#4242,#4245,.T.);
#3331=EDGE_CURVE('',#4246,#3460,#4247,.T.);
#3332=EDGE_CURVE('',#4248,#3457,#4249,.T.);
#3333=EDGE_CURVE('',#4248,#4250,#4251,.T.);
#3334=EDGE_CURVE('',#4250,#4246,#4252,.T.);
#3335=EDGE_CURVE('',#3462,#4253,#4254,.T.);
#3336=EDGE_CURVE('',#4255,#4253,#4256,.T.);
#3337=EDGE_CURVE('',#4257,#4255,#4258,.T.);
#3338=EDGE_CURVE('',#3458,#4257,#4259,.T.);
#3339=EDGE_CURVE('',#4255,#4250,#4260,.T.);
#3340=EDGE_CURVE('',#4257,#4248,#4261,.T.);
#3341=EDGE_CURVE('',#4253,#4246,#4262,.T.);
#3342=EDGE_CURVE('',#4263,#3805,#4264,.T.);
#3343=EDGE_CURVE('',#4263,#4255,#4265,.T.);
#3344=EDGE_CURVE('',#4250,#4266,#4267,.T.);
#3345=EDGE_CURVE('',#4266,#3808,#4268,.T.);
#3346=EDGE_CURVE('',#4269,#4266,#4270,.T.);
#3347=EDGE_CURVE('',#3810,#4269,#4271,.T.);
#3348=EDGE_CURVE('',#3806,#4272,#4273,.T.);
#3349=EDGE_CURVE('',#4272,#4263,#4274,.T.);
#3350=EDGE_CURVE('',#4272,#4269,#4275,.T.);
#3351=EDGE_CURVE('',#4276,#3727,#4277,.T.);
#3352=EDGE_CURVE('',#4278,#3725,#4279,.T.);
#3353=EDGE_CURVE('',#4278,#4276,#4280,.T.);
#3354=EDGE_CURVE('',#3652,#4281,#4282,.T.);
#3355=EDGE_CURVE('',#4281,#4283,#4284,.T.);
#3356=EDGE_CURVE('',#4283,#4285,#4286,.T.);
#3357=EDGE_CURVE('',#4285,#4278,#4287,.T.);
#3358=EDGE_CURVE('',#4288,#4276,#4289,.T.);
#3359=EDGE_CURVE('',#4290,#4288,#4291,.T.);
#3360=EDGE_CURVE('',#4292,#4290,#4293,.T.);
#3361=EDGE_CURVE('',#3650,#4292,#4294,.T.);
#3362=EDGE_CURVE('',#4281,#4292,#4295,.T.);
#3363=EDGE_CURVE('',#4283,#4290,#4296,.T.);
#3364=EDGE_CURVE('',#4285,#4288,#4297,.T.);
#3365=EDGE_CURVE('',#4298,#3436,#4299,.T.);
#3366=EDGE_CURVE('',#4300,#3433,#4301,.T.);
#3367=EDGE_CURVE('',#4300,#4302,#4303,.T.);
#3368=EDGE_CURVE('',#4302,#4298,#4304,.T.);
#3369=EDGE_CURVE('',#3438,#4305,#4306,.T.);
#3370=EDGE_CURVE('',#4307,#4305,#4308,.T.);
#3371=EDGE_CURVE('',#4309,#4307,#4310,.T.);
#3372=EDGE_CURVE('',#3434,#4309,#4311,.T.);
#3373=EDGE_CURVE('',#4307,#4302,#4312,.T.);
#3374=EDGE_CURVE('',#4309,#4300,#4313,.T.);
#3375=EDGE_CURVE('',#4305,#4298,#4314,.T.);
#3376=EDGE_CURVE('',#4315,#3797,#4316,.T.);
#3377=EDGE_CURVE('',#4315,#4307,#4317,.T.);
#3378=EDGE_CURVE('',#4302,#4318,#4319,.T.);
#3379=EDGE_CURVE('',#4318,#3800,#4320,.T.);
#3380=EDGE_CURVE('',#4321,#4318,#4322,.T.);
#3381=EDGE_CURVE('',#3802,#4321,#4323,.T.);
#3382=EDGE_CURVE('',#3798,#4324,#4325,.T.);
#3383=EDGE_CURVE('',#4324,#4315,#4326,.T.);
#3384=EDGE_CURVE('',#4324,#4321,#4327,.T.);
#3385=EDGE_CURVE('',#4328,#3732,#4329,.T.);
#3386=EDGE_CURVE('',#4330,#3730,#4331,.T.);
#3387=EDGE_CURVE('',#4330,#4328,#4332,.T.);
#3388=EDGE_CURVE('',#3644,#4333,#4334,.T.);
#3389=EDGE_CURVE('',#4333,#4335,#4336,.T.);
#3390=EDGE_CURVE('',#4335,#4337,#4338,.T.);
#3391=EDGE_CURVE('',#4337,#4330,#4339,.T.);
#3392=EDGE_CURVE('',#4340,#4328,#4341,.T.);
#3393=EDGE_CURVE('',#4342,#4340,#4343,.T.);
#3394=EDGE_CURVE('',#4344,#4342,#4345,.T.);
#3395=EDGE_CURVE('',#3642,#4344,#4346,.T.);
#3396=EDGE_CURVE('',#4333,#4344,#4347,.T.);
#3397=EDGE_CURVE('',#4335,#4342,#4348,.T.);
#3398=EDGE_CURVE('',#4337,#4340,#4349,.T.);
#3399=EDGE_CURVE('',#4350,#3468,#4351,.T.);
#3400=EDGE_CURVE('',#4352,#3465,#4353,.T.);
#3401=EDGE_CURVE('',#4352,#4354,#4355,.T.);
#3402=EDGE_CURVE('',#4354,#4350,#4356,.T.);
#3403=EDGE_CURVE('',#3470,#4357,#4358,.T.);
#3404=EDGE_CURVE('',#4359,#4357,#4360,.T.);
#3405=EDGE_CURVE('',#4361,#4359,#4362,.T.);
#3406=EDGE_CURVE('',#3466,#4361,#4363,.T.);
#3407=EDGE_CURVE('',#4359,#4354,#4364,.T.);
#3408=EDGE_CURVE('',#4361,#4352,#4365,.T.);
#3409=EDGE_CURVE('',#4357,#4350,#4366,.T.);
#3410=EDGE_CURVE('',#4367,#3789,#4368,.T.);
#3411=EDGE_CURVE('',#4367,#4359,#4369,.T.);
#3412=EDGE_CURVE('',#4354,#4370,#4371,.T.);
#3413=EDGE_CURVE('',#4370,#3792,#4372,.T.);
#3414=EDGE_CURVE('',#4373,#4370,#4374,.T.);
#3415=EDGE_CURVE('',#3794,#4373,#4375,.T.);
#3416=EDGE_CURVE('',#3790,#4376,#4377,.T.);
#3417=EDGE_CURVE('',#4376,#4367,#4378,.T.);
#3418=EDGE_CURVE('',#4376,#4373,#4379,.T.);
#3419=EDGE_CURVE('',#4380,#3717,#4381,.T.);
#3420=EDGE_CURVE('',#4382,#3715,#4383,.T.);
#3421=EDGE_CURVE('',#4382,#4380,#4384,.T.);
#3422=EDGE_CURVE('',#3638,#4385,#4386,.T.);
#3423=EDGE_CURVE('',#4385,#4387,#4388,.T.);
#3424=EDGE_CURVE('',#4387,#4389,#4390,.T.);
#3425=EDGE_CURVE('',#4389,#4382,#4391,.T.);
#3426=EDGE_CURVE('',#4392,#4380,#4393,.T.);
#3427=EDGE_CURVE('',#4394,#4392,#4395,.T.);
#3428=EDGE_CURVE('',#4396,#4394,#4397,.T.);
#3429=EDGE_CURVE('',#3684,#4396,#4398,.T.);
#3430=EDGE_CURVE('',#4385,#4396,#4399,.T.);
#3431=EDGE_CURVE('',#4387,#4394,#4400,.T.);
#3432=EDGE_CURVE('',#4389,#4392,#4401,.T.);
#3433=VERTEX_POINT('',#4402);
#3434=VERTEX_POINT('',#4403);
#3435=LINE('',#4404,#4405);
#3436=VERTEX_POINT('',#4406);
#3437=LINE('',#4407,#4408);
#3438=VERTEX_POINT('',#4409);
#3439=LINE('',#4410,#4411);
#3440=LINE('',#4412,#4413);
#3441=VERTEX_POINT('',#4414);
#3442=VERTEX_POINT('',#4415);
#3443=LINE('',#4416,#4417);
#3444=VERTEX_POINT('',#4418);
#3445=LINE('',#4419,#4420);
#3446=VERTEX_POINT('',#4421);
#3447=LINE('',#4422,#4423);
#3448=LINE('',#4424,#4425);
#3449=VERTEX_POINT('',#4426);
#3450=VERTEX_POINT('',#4427);
#3451=LINE('',#4428,#4429);
#3452=VERTEX_POINT('',#4430);
#3453=LINE('',#4431,#4432);
#3454=VERTEX_POINT('',#4433);
#3455=LINE('',#4434,#4435);
#3456=LINE('',#4436,#4437);
#3457=VERTEX_POINT('',#4438);
#3458=VERTEX_POINT('',#4439);
#3459=LINE('',#4440,#4441);
#3460=VERTEX_POINT('',#4442);
#3461=LINE('',#4443,#4444);
#3462=VERTEX_POINT('',#4445);
#3463=LINE('',#4446,#4447);
#3464=LINE('',#4448,#4449);
#3465=VERTEX_POINT('',#4450);
#3466=VERTEX_POINT('',#4451);
#3467=LINE('',#4452,#4453);
#3468=VERTEX_POINT('',#4454);
#3469=LINE('',#4455,#4456);
#3470=VERTEX_POINT('',#4457);
#3471=LINE('',#4458,#4459);
#3472=LINE('',#4460,#4461);
#3473=VERTEX_POINT('',#4462);
#3474=VERTEX_POINT('',#4463);
#3475=LINE('',#4464,#4465);
#3476=VERTEX_POINT('',#4466);
#3477=LINE('',#4467,#4468);
#3478=VERTEX_POINT('',#4469);
#3479=LINE('',#4470,#4471);
#3480=LINE('',#4472,#4473);
#3481=VERTEX_POINT('',#4474);
#3482=VERTEX_POINT('',#4475);
#3483=LINE('',#4476,#4477);
#3484=VERTEX_POINT('',#4478);
#3485=LINE('',#4479,#4480);
#3486=VERTEX_POINT('',#4481);
#3487=LINE('',#4482,#4483);
#3488=VERTEX_POINT('',#4484);
#3489=LINE('',#4485,#4486);
#3490=VERTEX_POINT('',#4487);
#3491=LINE('',#4488,#4489);
#3492=VERTEX_POINT('',#4490);
#3493=LINE('',#4491,#4492);
#3494=VERTEX_POINT('',#4493);
#3495=LINE('',#4494,#4495);
#3496=VERTEX_POINT('',#4496);
#3497=LINE('',#4497,#4498);
#3498=VERTEX_POINT('',#4499);
#3499=LINE('',#4500,#4501);
#3500=VERTEX_POINT('',#4502);
#3501=LINE('',#4503,#4504);
#3502=VERTEX_POINT('',#4505);
#3503=LINE('',#4506,#4507);
#3504=LINE('',#4508,#4509);
#3505=VERTEX_POINT('',#4510);
#3506=LINE('',#4511,#4512);
#3507=VERTEX_POINT('',#4513);
#3508=LINE('',#4514,#4515);
#3509=VERTEX_POINT('',#4516);
#3510=LINE('',#4517,#4518);
#3511=VERTEX_POINT('',#4519);
#3512=LINE('',#4520,#4521);
#3513=VERTEX_POINT('',#4522);
#3514=LINE('',#4523,#4524);
#3515=VERTEX_POINT('',#4525);
#3516=LINE('',#4526,#4527);
#3517=LINE('',#4528,#4529);
#3518=LINE('',#4530,#4531);
#3519=LINE('',#4532,#4533);
#3520=VERTEX_POINT('',#4534);
#3521=VERTEX_POINT('',#4535);
#3522=LINE('',#4536,#4537);
#3523=VERTEX_POINT('',#4538);
#3524=LINE('',#4539,#4540);
#3525=VERTEX_POINT('',#4541);
#3526=LINE('',#4542,#4543);
#3527=LINE('',#4544,#4545);
#3528=VERTEX_POINT('',#4546);
#3529=LINE('',#4547,#4548);
#3530=VERTEX_POINT('',#4549);
#3531=LINE('',#4550,#4551);
#3532=LINE('',#4552,#4553);
#3533=VERTEX_POINT('',#4554);
#3534=VERTEX_POINT('',#4555);
#3535=LINE('',#4556,#4557);
#3536=VERTEX_POINT('',#4558);
#3537=LINE('',#4559,#4560);
#3538=VERTEX_POINT('',#4561);
#3539=LINE('',#4562,#4563);
#3540=VERTEX_POINT('',#4564);
#3541=LINE('',#4565,#4566);
#3542=VERTEX_POINT('',#4567);
#3543=LINE('',#4568,#4569);
#3544=VERTEX_POINT('',#4570);
#3545=LINE('',#4571,#4572);
#3546=LINE('',#4573,#4574);
#3547=VERTEX_POINT('',#4575);
#3548=VERTEX_POINT('',#4576);
#3549=LINE('',#4577,#4578);
#3550=VERTEX_POINT('',#4579);
#3551=LINE('',#4580,#4581);
#3552=VERTEX_POINT('',#4582);
#3553=LINE('',#4583,#4584);
#3554=VERTEX_POINT('',#4585);
#3555=LINE('',#4586,#4587);
#3556=VERTEX_POINT('',#4588);
#3557=LINE('',#4589,#4590);
#3558=LINE('',#4591,#4592);
#3559=VERTEX_POINT('',#4593);
#3560=LINE('',#4594,#4595);
#3561=VERTEX_POINT('',#4596);
#3562=LINE('',#4597,#4598);
#3563=VERTEX_POINT('',#4599);
#3564=LINE('',#4600,#4601);
#3565=VERTEX_POINT('',#4602);
#3566=LINE('',#4603,#4604);
#3567=VERTEX_POINT('',#4605);
#3568=LINE('',#4606,#4607);
#3569=LINE('',#4608,#4609);
#3570=VERTEX_POINT('',#4610);
#3571=VERTEX_POINT('',#4611);
#3572=LINE('',#4612,#4613);
#3573=LINE('',#4614,#4615);
#3574=LINE('',#4616,#4617);
#3575=VERTEX_POINT('',#4618);
#3576=LINE('',#4619,#4620);
#3577=VERTEX_POINT('',#4621);
#3578=LINE('',#4622,#4623);
#3579=VERTEX_POINT('',#4624);
#3580=LINE('',#4625,#4626);
#3581=VERTEX_POINT('',#4627);
#3582=LINE('',#4628,#4629);
#3583=LINE('',#4630,#4631);
#3584=LINE('',#4632,#4633);
#3585=LINE('',#4634,#4635);
#3586=VERTEX_POINT('',#4636);
#3587=VERTEX_POINT('',#4637);
#3588=LINE('',#4638,#4639);
#3589=VERTEX_POINT('',#4640);
#3590=LINE('',#4641,#4642);
#3591=VERTEX_POINT('',#4643);
#3592=LINE('',#4644,#4645);
#3593=VERTEX_POINT('',#4646);
#3594=LINE('',#4647,#4648);
#3595=VERTEX_POINT('',#4649);
#3596=LINE('',#4650,#4651);
#3597=LINE('',#4652,#4653);
#3598=VERTEX_POINT('',#4654);
#3599=VERTEX_POINT('',#4655);
#3600=LINE('',#4656,#4657);
#3601=VERTEX_POINT('',#4658);
#3602=LINE('',#4659,#4660);
#3603=VERTEX_POINT('',#4661);
#3604=LINE('',#4662,#4663);
#3605=VERTEX_POINT('',#4664);
#3606=LINE('',#4665,#4666);
#3607=VERTEX_POINT('',#4667);
#3608=LINE('',#4668,#4669);
#3609=LINE('',#4670,#4671);
#3610=VERTEX_POINT('',#4672);
#3611=VERTEX_POINT('',#4673);
#3612=LINE('',#4674,#4675);
#3613=VERTEX_POINT('',#4676);
#3614=LINE('',#4677,#4678);
#3615=LINE('',#4679,#4680);
#3616=VERTEX_POINT('',#4681);
#3617=LINE('',#4682,#4683);
#3618=LINE('',#4684,#4685);
#3619=LINE('',#4686,#4687);
#3620=VERTEX_POINT('',#4688);
#3621=VERTEX_POINT('',#4689);
#3622=LINE('',#4690,#4691);
#3623=LINE('',#4692,#4693);
#3624=LINE('',#4694,#4695);
#3625=VERTEX_POINT('',#4696);
#3626=LINE('',#4697,#4698);
#3627=VERTEX_POINT('',#4699);
#3628=LINE('',#4700,#4701);
#3629=LINE('',#4702,#4703);
#3630=VERTEX_POINT('',#4704);
#3631=LINE('',#4705,#4706);
#3632=VERTEX_POINT('',#4707);
#3633=LINE('',#4708,#4709);
#3634=VERTEX_POINT('',#4710);
#3635=LINE('',#4711,#4712);
#3636=LINE('',#4713,#4714);
#3637=VERTEX_POINT('',#4715);
#3638=VERTEX_POINT('',#4716);
#3639=LINE('',#4717,#4718);
#3640=VERTEX_POINT('',#4719);
#3641=LINE('',#4720,#4721);
#3642=VERTEX_POINT('',#4722);
#3643=LINE('',#4723,#4724);
#3644=VERTEX_POINT('',#4725);
#3645=LINE('',#4726,#4727);
#3646=VERTEX_POINT('',#4728);
#3647=LINE('',#4729,#4730);
#3648=VERTEX_POINT('',#4731);
#3649=LINE('',#4732,#4733);
#3650=VERTEX_POINT('',#4734);
#3651=LINE('',#4735,#4736);
#3652=VERTEX_POINT('',#4737);
#3653=LINE('',#4738,#4739);
#3654=VERTEX_POINT('',#4740);
#3655=LINE('',#4741,#4742);
#3656=VERTEX_POINT('',#4743);
#3657=LINE('',#4744,#4745);
#3658=VERTEX_POINT('',#4746);
#3659=LINE('',#4747,#4748);
#3660=VERTEX_POINT('',#4749);
#3661=LINE('',#4750,#4751);
#3662=VERTEX_POINT('',#4752);
#3663=LINE('',#4753,#4754);
#3664=LINE('',#4755,#4756);
#3665=VERTEX_POINT('',#4757);
#3666=LINE('',#4758,#4759);
#3667=VERTEX_POINT('',#4760);
#3668=LINE('',#4761,#4762);
#3669=VERTEX_POINT('',#4763);
#3670=LINE('',#4764,#4765);
#3671=VERTEX_POINT('',#4766);
#3672=LINE('',#4767,#4768);
#3673=VERTEX_POINT('',#4769);
#3674=LINE('',#4770,#4771);
#3675=VERTEX_POINT('',#4772);
#3676=LINE('',#4773,#4774);
#3677=VERTEX_POINT('',#4775);
#3678=LINE('',#4776,#4777);
#3679=VERTEX_POINT('',#4778);
#3680=LINE('',#4779,#4780);
#3681=LINE('',#4781,#4782);
#3682=VERTEX_POINT('',#4783);
#3683=LINE('',#4784,#4785);
#3684=VERTEX_POINT('',#4786);
#3685=LINE('',#4787,#4788);
#3686=LINE('',#4789,#4790);
#3687=VERTEX_POINT('',#4791);
#3688=VERTEX_POINT('',#4792);
#3689=LINE('',#4793,#4794);
#3690=VERTEX_POINT('',#4795);
#3691=LINE('',#4796,#4797);
#3692=LINE('',#4798,#4799);
#3693=VERTEX_POINT('',#4800);
#3694=VERTEX_POINT('',#4801);
#3695=LINE('',#4802,#4803);
#3696=VERTEX_POINT('',#4804);
#3697=LINE('',#4805,#4806);
#3698=VERTEX_POINT('',#4807);
#3699=LINE('',#4808,#4809);
#3700=LINE('',#4810,#4811);
#3701=VERTEX_POINT('',#4812);
#3702=LINE('',#4813,#4814);
#3703=VERTEX_POINT('',#4815);
#3704=LINE('',#4816,#4817);
#3705=VERTEX_POINT('',#4818);
#3706=LINE('',#4819,#4820);
#3707=VERTEX_POINT('',#4821);
#3708=LINE('',#4822,#4823);
#3709=VERTEX_POINT('',#4824);
#3710=LINE('',#4825,#4826);
#3711=VERTEX_POINT('',#4827);
#3712=LINE('',#4828,#4829);
#3713=LINE('',#4830,#4831);
#3714=LINE('',#4832,#4833);
#3715=VERTEX_POINT('',#4834);
#3716=LINE('',#4835,#4836);
#3717=VERTEX_POINT('',#4837);
#3718=LINE('',#4838,#4839);
#3719=LINE('',#4840,#4841);
#3720=VERTEX_POINT('',#4842);
#3721=LINE('',#4843,#4844);
#3722=VERTEX_POINT('',#4845);
#3723=LINE('',#4846,#4847);
#3724=LINE('',#4848,#4849);
#3725=VERTEX_POINT('',#4850);
#3726=LINE('',#4851,#4852);
#3727=VERTEX_POINT('',#4853);
#3728=LINE('',#4854,#4855);
#3729=LINE('',#4856,#4857);
#3730=VERTEX_POINT('',#4858);
#3731=LINE('',#4859,#4860);
#3732=VERTEX_POINT('',#4861);
#3733=LINE('',#4862,#4863);
#3734=LINE('',#4864,#4865);
#3735=VERTEX_POINT('',#4866);
#3736=LINE('',#4867,#4868);
#3737=LINE('',#4869,#4870);
#3738=VERTEX_POINT('',#4871);
#3739=LINE('',#4872,#4873);
#3740=LINE('',#4874,#4875);
#3741=LINE('',#4876,#4877);
#3742=LINE('',#4878,#4879);
#3743=LINE('',#4880,#4881);
#3744=LINE('',#4882,#4883);
#3745=VERTEX_POINT('',#4884);
#3746=VERTEX_POINT('',#4885);
#3747=LINE('',#4886,#4887);
#3748=LINE('',#4888,#4889);
#3749=VERTEX_POINT('',#4890);
#3750=LINE('',#4891,#4892);
#3751=LINE('',#4893,#4894);
#3752=VERTEX_POINT('',#4895);
#3753=LINE('',#4896,#4897);
#3754=VERTEX_POINT('',#4898);
#3755=LINE('',#4899,#4900);
#3756=VERTEX_POINT('',#4901);
#3757=LINE('',#4902,#4903);
#3758=VERTEX_POINT('',#4904);
#3759=LINE('',#4905,#4906);
#3760=LINE('',#4907,#4908);
#3761=VERTEX_POINT('',#4909);
#3762=LINE('',#4910,#4911);
#3763=VERTEX_POINT('',#4912);
#3764=LINE('',#4913,#4914);
#3765=LINE('',#4915,#4916);
#3766=VERTEX_POINT('',#4917);
#3767=VERTEX_POINT('',#4918);
#3768=LINE('',#4919,#4920);
#3769=VERTEX_POINT('',#4921);
#3770=LINE('',#4922,#4923);
#3771=VERTEX_POINT('',#4924);
#3772=LINE('',#4925,#4926);
#3773=LINE('',#4927,#4928);
#3774=VERTEX_POINT('',#4929);
#3775=LINE('',#4930,#4931);
#3776=VERTEX_POINT('',#4932);
#3777=LINE('',#4933,#4934);
#3778=VERTEX_POINT('',#4935);
#3779=LINE('',#4936,#4937);
#3780=VERTEX_POINT('',#4938);
#3781=LINE('',#4939,#4940);
#3782=VERTEX_POINT('',#4941);
#3783=LINE('',#4942,#4943);
#3784=VERTEX_POINT('',#4944);
#3785=LINE('',#4945,#4946);
#3786=LINE('',#4947,#4948);
#3787=LINE('',#4949,#4950);
#3788=LINE('',#4951,#4952);
#3789=VERTEX_POINT('',#4953);
#3790=VERTEX_POINT('',#4954);
#3791=LINE('',#4955,#4956);
#3792=VERTEX_POINT('',#4957);
#3793=LINE('',#4958,#4959);
#3794=VERTEX_POINT('',#4960);
#3795=LINE('',#4961,#4962);
#3796=LINE('',#4963,#4964);
#3797=VERTEX_POINT('',#4965);
#3798=VERTEX_POINT('',#4966);
#3799=LINE('',#4967,#4968);
#3800=VERTEX_POINT('',#4969);
#3801=LINE('',#4970,#4971);
#3802=VERTEX_POINT('',#4972);
#3803=LINE('',#4973,#4974);
#3804=LINE('',#4975,#4976);
#3805=VERTEX_POINT('',#4977);
#3806=VERTEX_POINT('',#4978);
#3807=LINE('',#4979,#4980);
#3808=VERTEX_POINT('',#4981);
#3809=LINE('',#4982,#4983);
#3810=VERTEX_POINT('',#4984);
#3811=LINE('',#4985,#4986);
#3812=LINE('',#4987,#4988);
#3813=LINE('',#4989,#4990);
#3814=LINE('',#4991,#4992);
#3815=VERTEX_POINT('',#4993);
#3816=VERTEX_POINT('',#4994);
#3817=LINE('',#4995,#4996);
#3818=VERTEX_POINT('',#4997);
#3819=LINE('',#4998,#4999);
#3820=VERTEX_POINT('',#5000);
#3821=LINE('',#5001,#5002);
#3822=LINE('',#5003,#5004);
#3823=LINE('',#5005,#5006);
#3824=LINE('',#5007,#5008);
#3825=LINE('',#5009,#5010);
#3826=LINE('',#5011,#5012);
#3827=LINE('',#5013,#5014);
#3828=LINE('',#5015,#5016);
#3829=LINE('',#5017,#5018);
#3830=LINE('',#5019,#5020);
#3831=LINE('',#5021,#5022);
#3832=LINE('',#5023,#5024);
#3833=LINE('',#5025,#5026);
#3834=LINE('',#5027,#5028);
#3835=LINE('',#5029,#5030);
#3836=LINE('',#5031,#5032);
#3837=LINE('',#5033,#5034);
#3838=LINE('',#5035,#5036);
#3839=LINE('',#5037,#5038);
#3840=LINE('',#5039,#5040);
#3841=LINE('',#5041,#5042);
#3842=LINE('',#5043,#5044);
#3843=VERTEX_POINT('',#5045);
#3844=LINE('',#5046,#5047);
#3845=VERTEX_POINT('',#5048);
#3846=LINE('',#5049,#5050);
#3847=VERTEX_POINT('',#5051);
#3848=LINE('',#5052,#5053);
#3849=LINE('',#5054,#5055);
#3850=VERTEX_POINT('',#5056);
#3851=LINE('',#5057,#5058);
#3852=VERTEX_POINT('',#5059);
#3853=LINE('',#5060,#5061);
#3854=VERTEX_POINT('',#5062);
#3855=LINE('',#5063,#5064);
#3856=LINE('',#5065,#5066);
#3857=LINE('',#5067,#5068);
#3858=LINE('',#5069,#5070);
#3859=LINE('',#5071,#5072);
#3860=VERTEX_POINT('',#5073);
#3861=LINE('',#5074,#5075);
#3862=LINE('',#5076,#5077);
#3863=VERTEX_POINT('',#5078);
#3864=LINE('',#5079,#5080);
#3865=LINE('',#5081,#5082);
#3866=VERTEX_POINT('',#5083);
#3867=LINE('',#5084,#5085);
#3868=LINE('',#5086,#5087);
#3869=VERTEX_POINT('',#5088);
#3870=LINE('',#5089,#5090);
#3871=LINE('',#5091,#5092);
#3872=LINE('',#5093,#5094);
#3873=VERTEX_POINT('',#5095);
#3874=LINE('',#5096,#5097);
#3875=VERTEX_POINT('',#5098);
#3876=LINE('',#5099,#5100);
#3877=LINE('',#5101,#5102);
#3878=VERTEX_POINT('',#5103);
#3879=LINE('',#5104,#5105);
#3880=VERTEX_POINT('',#5106);
#3881=LINE('',#5107,#5108);
#3882=VERTEX_POINT('',#5109);
#3883=LINE('',#5110,#5111);
#3884=LINE('',#5112,#5113);
#3885=VERTEX_POINT('',#5114);
#3886=LINE('',#5115,#5116);
#3887=VERTEX_POINT('',#5117);
#3888=LINE('',#5118,#5119);
#3889=VERTEX_POINT('',#5120);
#3890=LINE('',#5121,#5122);
#3891=LINE('',#5123,#5124);
#3892=LINE('',#5125,#5126);
#3893=LINE('',#5127,#5128);
#3894=LINE('',#5129,#5130);
#3895=VERTEX_POINT('',#5131);
#3896=LINE('',#5132,#5133);
#3897=LINE('',#5134,#5135);
#3898=LINE('',#5136,#5137);
#3899=VERTEX_POINT('',#5138);
#3900=LINE('',#5139,#5140);
#3901=LINE('',#5141,#5142);
#3902=LINE('',#5143,#5144);
#3903=VERTEX_POINT('',#5145);
#3904=LINE('',#5146,#5147);
#3905=VERTEX_POINT('',#5148);
#3906=LINE('',#5149,#5150);
#3907=LINE('',#5151,#5152);
#3908=VERTEX_POINT('',#5153);
#3909=LINE('',#5154,#5155);
#3910=VERTEX_POINT('',#5156);
#3911=LINE('',#5157,#5158);
#3912=LINE('',#5159,#5160);
#3913=LINE('',#5161,#5162);
#3914=LINE('',#5163,#5164);
#3915=LINE('',#5165,#5166);
#3916=VERTEX_POINT('',#5167);
#3917=LINE('',#5168,#5169);
#3918=VERTEX_POINT('',#5170);
#3919=LINE('',#5171,#5172);
#3920=LINE('',#5173,#5174);
#3921=LINE('',#5175,#5176);
#3922=LINE('',#5177,#5178);
#3923=VERTEX_POINT('',#5179);
#3924=LINE('',#5180,#5181);
#3925=VERTEX_POINT('',#5182);
#3926=LINE('',#5183,#5184);
#3927=LINE('',#5185,#5186);
#3928=VERTEX_POINT('',#5187);
#3929=LINE('',#5188,#5189);
#3930=VERTEX_POINT('',#5190);
#3931=LINE('',#5191,#5192);
#3932=VERTEX_POINT('',#5193);
#3933=LINE('',#5194,#5195);
#3934=VERTEX_POINT('',#5196);
#3935=LINE('',#5197,#5198);
#3936=VERTEX_POINT('',#5199);
#3937=LINE('',#5200,#5201);
#3938=VERTEX_POINT('',#5202);
#3939=LINE('',#5203,#5204);
#3940=VERTEX_POINT('',#5205);
#3941=LINE('',#5206,#5207);
#3942=VERTEX_POINT('',#5208);
#3943=LINE('',#5209,#5210);
#3944=VERTEX_POINT('',#5211);
#3945=LINE('',#5212,#5213);
#3946=VERTEX_POINT('',#5214);
#3947=LINE('',#5215,#5216);
#3948=VERTEX_POINT('',#5217);
#3949=LINE('',#5218,#5219);
#3950=VERTEX_POINT('',#5220);
#3951=LINE('',#5221,#5222);
#3952=VERTEX_POINT('',#5223);
#3953=LINE('',#5224,#5225);
#3954=VERTEX_POINT('',#5226);
#3955=LINE('',#5227,#5228);
#3956=LINE('',#5229,#5230);
#3957=VERTEX_POINT('',#5231);
#3958=LINE('',#5232,#5233);
#3959=VERTEX_POINT('',#5234);
#3960=LINE('',#5235,#5236);
#3961=VERTEX_POINT('',#5237);
#3962=LINE('',#5238,#5239);
#3963=VERTEX_POINT('',#5240);
#3964=LINE('',#5241,#5242);
#3965=VERTEX_POINT('',#5243);
#3966=LINE('',#5244,#5245);
#3967=VERTEX_POINT('',#5246);
#3968=LINE('',#5247,#5248);
#3969=VERTEX_POINT('',#5249);
#3970=LINE('',#5250,#5251);
#3971=VERTEX_POINT('',#5252);
#3972=LINE('',#5253,#5254);
#3973=VERTEX_POINT('',#5255);
#3974=LINE('',#5256,#5257);
#3975=VERTEX_POINT('',#5258);
#3976=LINE('',#5259,#5260);
#3977=VERTEX_POINT('',#5261);
#3978=LINE('',#5262,#5263);
#3979=VERTEX_POINT('',#5264);
#3980=LINE('',#5265,#5266);
#3981=VERTEX_POINT('',#5267);
#3982=LINE('',#5268,#5269);
#3983=VERTEX_POINT('',#5270);
#3984=LINE('',#5271,#5272);
#3985=LINE('',#5273,#5274);
#3986=VERTEX_POINT('',#5275);
#3987=CIRCLE('',#5276,0.2);
#3988=VERTEX_POINT('',#5277);
#3989=LINE('',#5278,#5279);
#3990=CIRCLE('',#5280,0.2);
#3991=VERTEX_POINT('',#5281);
#3992=VERTEX_POINT('',#5282);
#3993=LINE('',#5283,#5284);
#3994=VERTEX_POINT('',#5285);
#3995=LINE('',#5286,#5287);
#3996=VERTEX_POINT('',#5288);
#3997=LINE('',#5289,#5290);
#3998=VERTEX_POINT('',#5291);
#3999=LINE('',#5292,#5293);
#4000=VERTEX_POINT('',#5294);
#4001=LINE('',#5295,#5296);
#4002=LINE('',#5297,#5298);
#4003=LINE('',#5299,#5300);
#4004=VERTEX_POINT('',#5301);
#4005=CIRCLE('',#5302,0.05);
#4006=VERTEX_POINT('',#5303);
#4007=CIRCLE('',#5304,0.05);
#4008=LINE('',#5305,#5306);
#4009=VERTEX_POINT('',#5307);
#4010=VERTEX_POINT('',#5308);
#4011=LINE('',#5309,#5310);
#4012=VERTEX_POINT('',#5311);
#4013=LINE('',#5312,#5313);
#4014=VERTEX_POINT('',#5314);
#4015=LINE('',#5315,#5316);
#4016=LINE('',#5317,#5318);
#4017=VERTEX_POINT('',#5319);
#4018=LINE('',#5320,#5321);
#4019=VERTEX_POINT('',#5322);
#4020=LINE('',#5323,#5324);
#4021=LINE('',#5325,#5326);
#4022=VERTEX_POINT('',#5327);
#4023=LINE('',#5328,#5329);
#4024=VERTEX_POINT('',#5330);
#4025=LINE('',#5331,#5332);
#4026=LINE('',#5333,#5334);
#4027=LINE('',#5335,#5336);
#4028=VERTEX_POINT('',#5337);
#4029=CIRCLE('',#5338,0.1);
#4030=VERTEX_POINT('',#5339);
#4031=LINE('',#5340,#5341);
#4032=VERTEX_POINT('',#5342);
#4033=LINE('',#5343,#5344);
#4034=VERTEX_POINT('',#5345);
#4035=LINE('',#5346,#5347);
#4036=CIRCLE('',#5348,0.25);
#4037=CIRCLE('',#5349,0.2);
#4038=CIRCLE('',#5350,0.2);
#4039=CIRCLE('',#5351,0.2);
#4040=CIRCLE('',#5352,0.2);
#4041=VERTEX_POINT('',#5353);
#4042=LINE('',#5354,#5355);
#4043=LINE('',#5356,#5357);
#4044=VERTEX_POINT('',#5358);
#4045=LINE('',#5359,#5360);
#4046=VERTEX_POINT('',#5361);
#4047=LINE('',#5362,#5363);
#4048=VERTEX_POINT('',#5364);
#4049=LINE('',#5365,#5366);
#4050=LINE('',#5367,#5368);
#4051=CIRCLE('',#5369,0.05);
#4052=CIRCLE('',#5370,0.05);
#4053=VERTEX_POINT('',#5371);
#4054=CIRCLE('',#5372,0.05);
#4055=VERTEX_POINT('',#5373);
#4056=LINE('',#5374,#5375);
#4057=CIRCLE('',#5376,0.05);
#4058=LINE('',#5377,#5378);
#4059=LINE('',#5379,#5380);
#4060=VERTEX_POINT('',#5381);
#4061=CIRCLE('',#5382,0.1);
#4062=LINE('',#5383,#5384);
#4063=VERTEX_POINT('',#5385);
#4064=LINE('',#5386,#5387);
#4065=LINE('',#5388,#5389);
#4066=VERTEX_POINT('',#5390);
#4067=LINE('',#5391,#5392);
#4068=LINE('',#5393,#5394);
#4069=VERTEX_POINT('',#5395);
#4070=LINE('',#5396,#5397);
#4071=LINE('',#5398,#5399);
#4072=CIRCLE('',#5400,0.25);
#4073=LINE('',#5401,#5402);
#4074=LINE('',#5403,#5404);
#4075=LINE('',#5405,#5406);
#4076=LINE('',#5407,#5408);
#4077=LINE('',#5409,#5410);
#4078=LINE('',#5411,#5412);
#4079=LINE('',#5413,#5414);
#4080=VERTEX_POINT('',#5415);
#4081=LINE('',#5416,#5417);
#4082=VERTEX_POINT('',#5418);
#4083=LINE('',#5419,#5420);
#4084=LINE('',#5421,#5422);
#4085=VERTEX_POINT('',#5423);
#4086=LINE('',#5424,#5425);
#4087=VERTEX_POINT('',#5426);
#4088=LINE('',#5427,#5428);
#4089=LINE('',#5429,#5430);
#4090=VERTEX_POINT('',#5431);
#4091=LINE('',#5432,#5433);
#4092=VERTEX_POINT('',#5434);
#4093=LINE('',#5435,#5436);
#4094=VERTEX_POINT('',#5437);
#4095=LINE('',#5438,#5439);
#4096=VERTEX_POINT('',#5440);
#4097=LINE('',#5441,#5442);
#4098=VERTEX_POINT('',#5443);
#4099=LINE('',#5444,#5445);
#4100=VERTEX_POINT('',#5446);
#4101=LINE('',#5447,#5448);
#4102=VERTEX_POINT('',#5449);
#4103=LINE('',#5450,#5451);
#4104=VERTEX_POINT('',#5452);
#4105=LINE('',#5453,#5454);
#4106=VERTEX_POINT('',#5455);
#4107=LINE('',#5456,#5457);
#4108=VERTEX_POINT('',#5458);
#4109=LINE('',#5459,#5460);
#4110=VERTEX_POINT('',#5461);
#4111=LINE('',#5462,#5463);
#4112=VERTEX_POINT('',#5464);
#4113=LINE('',#5465,#5466);
#4114=VERTEX_POINT('',#5467);
#4115=LINE('',#5468,#5469);
#4116=LINE('',#5470,#5471);
#4117=VERTEX_POINT('',#5472);
#4118=LINE('',#5473,#5474);
#4119=VERTEX_POINT('',#5475);
#4120=LINE('',#5476,#5477);
#4121=VERTEX_POINT('',#5478);
#4122=LINE('',#5479,#5480);
#4123=VERTEX_POINT('',#5481);
#4124=LINE('',#5482,#5483);
#4125=VERTEX_POINT('',#5484);
#4126=LINE('',#5485,#5486);
#4127=VERTEX_POINT('',#5487);
#4128=LINE('',#5488,#5489);
#4129=VERTEX_POINT('',#5490);
#4130=LINE('',#5491,#5492);
#4131=VERTEX_POINT('',#5493);
#4132=LINE('',#5494,#5495);
#4133=VERTEX_POINT('',#5496);
#4134=LINE('',#5497,#5498);
#4135=VERTEX_POINT('',#5499);
#4136=LINE('',#5500,#5501);
#4137=VERTEX_POINT('',#5502);
#4138=LINE('',#5503,#5504);
#4139=VERTEX_POINT('',#5505);
#4140=LINE('',#5506,#5507);
#4141=VERTEX_POINT('',#5508);
#4142=LINE('',#5509,#5510);
#4143=LINE('',#5511,#5512);
#4144=VERTEX_POINT('',#5513);
#4145=CIRCLE('',#5514,0.25);
#4146=VERTEX_POINT('',#5515);
#4147=LINE('',#5516,#5517);
#4148=VERTEX_POINT('',#5518);
#4149=LINE('',#5519,#5520);
#4150=VERTEX_POINT('',#5521);
#4151=LINE('',#5522,#5523);
#4152=CIRCLE('',#5524,0.1);
#4153=LINE('',#5525,#5526);
#4154=VERTEX_POINT('',#5527);
#4155=CIRCLE('',#5528,0.2);
#4156=VERTEX_POINT('',#5529);
#4157=CIRCLE('',#5530,0.2);
#4158=LINE('',#5531,#5532);
#4159=VERTEX_POINT('',#5533);
#4160=CIRCLE('',#5534,0.2);
#4161=VERTEX_POINT('',#5535);
#4162=LINE('',#5536,#5537);
#4163=CIRCLE('',#5538,0.2);
#4164=VERTEX_POINT('',#5539);
#4165=VERTEX_POINT('',#5540);
#4166=LINE('',#5541,#5542);
#4167=VERTEX_POINT('',#5543);
#4168=LINE('',#5544,#5545);
#4169=VERTEX_POINT('',#5546);
#4170=LINE('',#5547,#5548);
#4171=VERTEX_POINT('',#5549);
#4172=LINE('',#5550,#5551);
#4173=VERTEX_POINT('',#5552);
#4174=LINE('',#5553,#5554);
#4175=VERTEX_POINT('',#5555);
#4176=LINE('',#5556,#5557);
#4177=VERTEX_POINT('',#5558);
#4178=LINE('',#5559,#5560);
#4179=LINE('',#5561,#5562);
#4180=CIRCLE('',#5563,0.05);
#4181=CIRCLE('',#5564,0.05);
#4182=CIRCLE('',#5565,0.05);
#4183=CIRCLE('',#5566,0.05);
#4184=VERTEX_POINT('',#5567);
#4185=VERTEX_POINT('',#5568);
#4186=LINE('',#5569,#5570);
#4187=VERTEX_POINT('',#5571);
#4188=LINE('',#5572,#5573);
#4189=VERTEX_POINT('',#5574);
#4190=LINE('',#5575,#5576);
#4191=LINE('',#5577,#5578);
#4192=VERTEX_POINT('',#5579);
#4193=LINE('',#5580,#5581);
#4194=VERTEX_POINT('',#5582);
#4195=LINE('',#5583,#5584);
#4196=LINE('',#5585,#5586);
#4197=VERTEX_POINT('',#5587);
#4198=LINE('',#5588,#5589);
#4199=VERTEX_POINT('',#5590);
#4200=LINE('',#5591,#5592);
#4201=LINE('',#5593,#5594);
#4202=CIRCLE('',#5595,0.2);
#4203=CIRCLE('',#5596,0.2);
#4204=VERTEX_POINT('',#5597);
#4205=VERTEX_POINT('',#5598);
#4206=LINE('',#5599,#5600);
#4207=LINE('',#5601,#5602);
#4208=LINE('',#5603,#5604);
#4209=LINE('',#5605,#5606);
#4210=LINE('',#5607,#5608);
#4211=VERTEX_POINT('',#5609);
#4212=VERTEX_POINT('',#5610);
#4213=LINE('',#5611,#5612);
#4214=CIRCLE('',#5613,0.05);
#4215=CIRCLE('',#5614,0.05);
#4216=LINE('',#5615,#5616);
#4217=LINE('',#5617,#5618);
#4218=VERTEX_POINT('',#5619);
#4219=CIRCLE('',#5620,0.1);
#4220=LINE('',#5621,#5622);
#4221=VERTEX_POINT('',#5623);
#4222=LINE('',#5624,#5625);
#4223=LINE('',#5626,#5627);
#4224=VERTEX_POINT('',#5628);
#4225=LINE('',#5629,#5630);
#4226=LINE('',#5631,#5632);
#4227=VERTEX_POINT('',#5633);
#4228=LINE('',#5634,#5635);
#4229=LINE('',#5636,#5637);
#4230=CIRCLE('',#5638,0.25);
#4231=LINE('',#5639,#5640);
#4232=LINE('',#5641,#5642);
#4233=LINE('',#5643,#5644);
#4234=LINE('',#5645,#5646);
#4235=LINE('',#5647,#5648);
#4236=LINE('',#5649,#5650);
#4237=VERTEX_POINT('',#5651);
#4238=LINE('',#5652,#5653);
#4239=VERTEX_POINT('',#5654);
#4240=LINE('',#5655,#5656);
#4241=LINE('',#5657,#5658);
#4242=VERTEX_POINT('',#5659);
#4243=LINE('',#5660,#5661);
#4244=LINE('',#5662,#5663);
#4245=LINE('',#5664,#5665);
#4246=VERTEX_POINT('',#5666);
#4247=LINE('',#5667,#5668);
#4248=VERTEX_POINT('',#5669);
#4249=LINE('',#5670,#5671);
#4250=VERTEX_POINT('',#5672);
#4251=LINE('',#5673,#5674);
#4252=LINE('',#5675,#5676);
#4253=VERTEX_POINT('',#5677);
#4254=LINE('',#5678,#5679);
#4255=VERTEX_POINT('',#5680);
#4256=LINE('',#5681,#5682);
#4257=VERTEX_POINT('',#5683);
#4258=LINE('',#5684,#5685);
#4259=LINE('',#5686,#5687);
#4260=LINE('',#5688,#5689);
#4261=LINE('',#5690,#5691);
#4262=LINE('',#5692,#5693);
#4263=VERTEX_POINT('',#5694);
#4264=LINE('',#5695,#5696);
#4265=LINE('',#5697,#5698);
#4266=VERTEX_POINT('',#5699);
#4267=LINE('',#5700,#5701);
#4268=LINE('',#5702,#5703);
#4269=VERTEX_POINT('',#5704);
#4270=LINE('',#5705,#5706);
#4271=LINE('',#5707,#5708);
#4272=VERTEX_POINT('',#5709);
#4273=LINE('',#5710,#5711);
#4274=LINE('',#5712,#5713);
#4275=LINE('',#5714,#5715);
#4276=VERTEX_POINT('',#5716);
#4277=LINE('',#5717,#5718);
#4278=VERTEX_POINT('',#5719);
#4279=LINE('',#5720,#5721);
#4280=LINE('',#5722,#5723);
#4281=VERTEX_POINT('',#5724);
#4282=LINE('',#5725,#5726);
#4283=VERTEX_POINT('',#5727);
#4284=LINE('',#5728,#5729);
#4285=VERTEX_POINT('',#5730);
#4286=LINE('',#5731,#5732);
#4287=LINE('',#5733,#5734);
#4288=VERTEX_POINT('',#5735);
#4289=LINE('',#5736,#5737);
#4290=VERTEX_POINT('',#5738);
#4291=LINE('',#5739,#5740);
#4292=VERTEX_POINT('',#5741);
#4293=LINE('',#5742,#5743);
#4294=LINE('',#5744,#5745);
#4295=LINE('',#5746,#5747);
#4296=LINE('',#5748,#5749);
#4297=LINE('',#5750,#5751);
#4298=VERTEX_POINT('',#5752);
#4299=LINE('',#5753,#5754);
#4300=VERTEX_POINT('',#5755);
#4301=LINE('',#5756,#5757);
#4302=VERTEX_POINT('',#5758);
#4303=LINE('',#5759,#5760);
#4304=LINE('',#5761,#5762);
#4305=VERTEX_POINT('',#5763);
#4306=LINE('',#5764,#5765);
#4307=VERTEX_POINT('',#5766);
#4308=LINE('',#5767,#5768);
#4309=VERTEX_POINT('',#5769);
#4310=LINE('',#5770,#5771);
#4311=LINE('',#5772,#5773);
#4312=LINE('',#5774,#5775);
#4313=LINE('',#5776,#5777);
#4314=LINE('',#5778,#5779);
#4315=VERTEX_POINT('',#5780);
#4316=LINE('',#5781,#5782);
#4317=LINE('',#5783,#5784);
#4318=VERTEX_POINT('',#5785);
#4319=LINE('',#5786,#5787);
#4320=LINE('',#5788,#5789);
#4321=VERTEX_POINT('',#5790);
#4322=LINE('',#5791,#5792);
#4323=LINE('',#5793,#5794);
#4324=VERTEX_POINT('',#5795);
#4325=LINE('',#5796,#5797);
#4326=LINE('',#5798,#5799);
#4327=LINE('',#5800,#5801);
#4328=VERTEX_POINT('',#5802);
#4329=LINE('',#5803,#5804);
#4330=VERTEX_POINT('',#5805);
#4331=LINE('',#5806,#5807);
#4332=LINE('',#5808,#5809);
#4333=VERTEX_POINT('',#5810);
#4334=LINE('',#5811,#5812);
#4335=VERTEX_POINT('',#5813);
#4336=LINE('',#5814,#5815);
#4337=VERTEX_POINT('',#5816);
#4338=LINE('',#5817,#5818);
#4339=LINE('',#5819,#5820);
#4340=VERTEX_POINT('',#5821);
#4341=LINE('',#5822,#5823);
#4342=VERTEX_POINT('',#5824);
#4343=LINE('',#5825,#5826);
#4344=VERTEX_POINT('',#5827);
#4345=LINE('',#5828,#5829);
#4346=LINE('',#5830,#5831);
#4347=LINE('',#5832,#5833);
#4348=LINE('',#5834,#5835);
#4349=LINE('',#5836,#5837);
#4350=VERTEX_POINT('',#5838);
#4351=LINE('',#5839,#5840);
#4352=VERTEX_POINT('',#5841);
#4353=LINE('',#5842,#5843);
#4354=VERTEX_POINT('',#5844);
#4355=LINE('',#5845,#5846);
#4356=LINE('',#5847,#5848);
#4357=VERTEX_POINT('',#5849);
#4358=LINE('',#5850,#5851);
#4359=VERTEX_POINT('',#5852);
#4360=LINE('',#5853,#5854);
#4361=VERTEX_POINT('',#5855);
#4362=LINE('',#5856,#5857);
#4363=LINE('',#5858,#5859);
#4364=LINE('',#5860,#5861);
#4365=LINE('',#5862,#5863);
#4366=LINE('',#5864,#5865);
#4367=VERTEX_POINT('',#5866);
#4368=LINE('',#5867,#5868);
#4369=LINE('',#5869,#5870);
#4370=VERTEX_POINT('',#5871);
#4371=LINE('',#5872,#5873);
#4372=LINE('',#5874,#5875);
#4373=VERTEX_POINT('',#5876);
#4374=LINE('',#5877,#5878);
#4375=LINE('',#5879,#5880);
#4376=VERTEX_POINT('',#5881);
#4377=LINE('',#5882,#5883);
#4378=LINE('',#5884,#5885);
#4379=LINE('',#5886,#5887);
#4380=VERTEX_POINT('',#5888);
#4381=LINE('',#5889,#5890);
#4382=VERTEX_POINT('',#5891);
#4383=LINE('',#5892,#5893);
#4384=LINE('',#5894,#5895);
#4385=VERTEX_POINT('',#5896);
#4386=LINE('',#5897,#5898);
#4387=VERTEX_POINT('',#5899);
#4388=LINE('',#5900,#5901);
#4389=VERTEX_POINT('',#5902);
#4390=LINE('',#5903,#5904);
#4391=LINE('',#5905,#5906);
#4392=VERTEX_POINT('',#5907);
#4393=LINE('',#5908,#5909);
#4394=VERTEX_POINT('',#5910);
#4395=LINE('',#5911,#5912);
#4396=VERTEX_POINT('',#5913);
#4397=LINE('',#5914,#5915);
#4398=LINE('',#5916,#5917);
#4399=LINE('',#5918,#5919);
#4400=LINE('',#5920,#5921);
#4401=LINE('',#5922,#5923);
#4402=CARTESIAN_POINT('',(-2.12,3.35,0.160000000000004));
#4403=CARTESIAN_POINT('',(-1.88,3.35,0.160000000000004));
#4404=CARTESIAN_POINT('',(-2.12,3.35,0.160000000000002));
#4405=VECTOR('',#5924,1.0);
#4406=CARTESIAN_POINT('',(-2.12,5.06,0.160000000000002));
#4407=CARTESIAN_POINT('',(-2.12,3.35,0.160000000000002));
#4408=VECTOR('',#5925,1.0);
#4409=CARTESIAN_POINT('',(-1.88,5.06,0.160000000000004));
#4410=CARTESIAN_POINT('',(-2.12,5.06,0.160000000000002));
#4411=VECTOR('',#5926,1.0);
#4412=CARTESIAN_POINT('',(-1.88,3.35,0.160000000000002));
#4413=VECTOR('',#5927,1.0);
#4414=CARTESIAN_POINT('',(-0.119999999999996,3.35,0.160000000000004));
#4415=CARTESIAN_POINT('',(0.120000000000003,3.35,0.160000000000004));
#4416=CARTESIAN_POINT('',(-0.119999999999996,3.35,0.160000000000002));
#4417=VECTOR('',#5928,1.0);
#4418=CARTESIAN_POINT('',(-0.119999999999996,5.06,0.160000000000002));
#4419=CARTESIAN_POINT('',(-0.119999999999996,3.35,0.160000000000002));
#4420=VECTOR('',#5929,1.0);
#4421=CARTESIAN_POINT('',(0.120000000000003,5.06,0.160000000000004));
#4422=CARTESIAN_POINT('',(-0.119999999999996,5.06,0.160000000000002));
#4423=VECTOR('',#5930,1.0);
#4424=CARTESIAN_POINT('',(0.120000000000003,3.35,0.160000000000002));
#4425=VECTOR('',#5931,1.0);
#4426=CARTESIAN_POINT('',(0.700000000000002,3.1,0.160000000000003));
#4427=CARTESIAN_POINT('',(-3.7,3.1,0.160000000000003));
#4428=CARTESIAN_POINT('',(-4.17999999999999,3.1,0.160000000000003));
#4429=VECTOR('',#5932,1.0);
#4430=CARTESIAN_POINT('',(0.700000000000002,5.15,0.160000000000004));
#4431=CARTESIAN_POINT('',(0.700000000000002,5.15,0.160000000000004));
#4432=VECTOR('',#5933,1.0);
#4433=CARTESIAN_POINT('',(-3.7,5.15,0.160000000000004));
#4434=CARTESIAN_POINT('',(-3.7,5.15,0.160000000000004));
#4435=VECTOR('',#5934,1.0);
#4436=CARTESIAN_POINT('',(-3.7,5.15,0.160000000000004));
#4437=VECTOR('',#5935,1.0);
#4438=CARTESIAN_POINT('',(-1.12,3.35,0.160000000000004));
#4439=CARTESIAN_POINT('',(-0.879999999999997,3.35,0.160000000000004));
#4440=CARTESIAN_POINT('',(-1.12,3.35,0.160000000000002));
#4441=VECTOR('',#5936,1.0);
#4442=CARTESIAN_POINT('',(-1.12,5.06,0.160000000000002));
#4443=CARTESIAN_POINT('',(-1.12,3.35,0.160000000000002));
#4444=VECTOR('',#5937,1.0);
#4445=CARTESIAN_POINT('',(-0.879999999999997,5.06,0.160000000000004));
#4446=CARTESIAN_POINT('',(-1.12,5.06,0.160000000000002));
#4447=VECTOR('',#5938,1.0);
#4448=CARTESIAN_POINT('',(-0.879999999999997,3.35,0.160000000000002));
#4449=VECTOR('',#5939,1.0);
#4450=CARTESIAN_POINT('',(-3.12,3.35,0.160000000000004));
#4451=CARTESIAN_POINT('',(-2.88,3.35,0.160000000000004));
#4452=CARTESIAN_POINT('',(-3.12,3.35,0.160000000000002));
#4453=VECTOR('',#5940,1.0);
#4454=CARTESIAN_POINT('',(-3.12,5.06,0.160000000000002));
#4455=CARTESIAN_POINT('',(-3.12,3.35,0.160000000000002));
#4456=VECTOR('',#5941,1.0);
#4457=CARTESIAN_POINT('',(-2.88,5.06,0.160000000000004));
#4458=CARTESIAN_POINT('',(-3.12,5.06,0.160000000000002));
#4459=VECTOR('',#5942,1.0);
#4460=CARTESIAN_POINT('',(-2.88,3.35,0.160000000000002));
#4461=VECTOR('',#5943,1.0);
#4462=CARTESIAN_POINT('',(-4.99999999999999,4.62,0.260000000000006));
#4463=CARTESIAN_POINT('',(-5.01,4.62,0.260000000000006));
#4464=CARTESIAN_POINT('',(-4.84,4.62,0.260000000000006));
#4465=VECTOR('',#5944,1.0);
#4466=CARTESIAN_POINT('',(-4.99999999999999,5.5,0.260000000000006));
#4467=CARTESIAN_POINT('',(-4.99999999999999,4.2,0.260000000000006));
#4468=VECTOR('',#5945,1.0);
#4469=CARTESIAN_POINT('',(-5.01,5.5,0.260000000000006));
#4470=CARTESIAN_POINT('',(-4.84,5.5,0.260000000000006));
#4471=VECTOR('',#5946,1.0);
#4472=CARTESIAN_POINT('',(-5.01,4.62,0.260000000000006));
#4473=VECTOR('',#5947,1.0);
#4474=CARTESIAN_POINT('',(-4.85,5.5,1.0));
#4475=CARTESIAN_POINT('',(-4.85,4.2,1.0));
#4476=CARTESIAN_POINT('',(-4.85,5.15,1.0));
#4477=VECTOR('',#5948,1.0);
#4478=CARTESIAN_POINT('',(-3.625,5.5,1.0));
#4479=CARTESIAN_POINT('',(-3.625,5.5,1.0));
#4480=VECTOR('',#5949,1.0);
#4481=CARTESIAN_POINT('',(-3.525,5.15,1.0));
#4482=CARTESIAN_POINT('',(-3.55707547169811,5.2622641509434,1.0));
#4483=VECTOR('',#5950,1.0);
#4484=CARTESIAN_POINT('',(-3.95,5.15,1.0));
#4485=CARTESIAN_POINT('',(-3.625,5.15,1.0));
#4486=VECTOR('',#5951,1.0);
#4487=CARTESIAN_POINT('',(-3.95,2.05,1.0));
#4488=CARTESIAN_POINT('',(-3.95,5.15,1.0));
#4489=VECTOR('',#5952,1.0);
#4490=CARTESIAN_POINT('',(-4.25,2.05,1.00000000000001));
#4491=CARTESIAN_POINT('',(-3.95,2.05,1.0));
#4492=VECTOR('',#5953,1.0);
#4493=CARTESIAN_POINT('',(-4.25,4.1,1.00000000000001));
#4494=CARTESIAN_POINT('',(-4.25,4.1,1.00000000000001));
#4495=VECTOR('',#5954,1.0);
#4496=CARTESIAN_POINT('',(-5.01,4.1,1.00000000000001));
#4497=CARTESIAN_POINT('',(-5.01,4.1,1.00000000000001));
#4498=VECTOR('',#5955,1.0);
#4499=CARTESIAN_POINT('',(-5.01,5.5,1.0));
#4500=CARTESIAN_POINT('',(-5.01,5.15,1.0));
#4501=VECTOR('',#5956,1.0);
#4502=CARTESIAN_POINT('',(-5.0,5.5,1.0));
#4503=CARTESIAN_POINT('',(-3.625,5.5,1.0));
#4504=VECTOR('',#5957,1.0);
#4505=CARTESIAN_POINT('',(-4.99999999999999,4.2,1.0));
#4506=CARTESIAN_POINT('',(-5.0,5.15,1.0));
#4507=VECTOR('',#5958,1.0);
#4508=CARTESIAN_POINT('',(-3.95,4.2,1.0));
#4509=VECTOR('',#5959,1.0);
#4510=CARTESIAN_POINT('',(-4.85,5.5,0.260000000000006));
#4511=CARTESIAN_POINT('',(-4.85,5.5,-1.2372660086011E-14));
#4512=VECTOR('',#5960,1.0);
#4513=CARTESIAN_POINT('',(-4.84,5.5,0.260000000000006));
#4514=CARTESIAN_POINT('',(-4.84,5.5,0.260000000000006));
#4515=VECTOR('',#5961,1.0);
#4516=CARTESIAN_POINT('',(-4.84,5.5,0.160000000000003));
#4517=CARTESIAN_POINT('',(-4.84,5.5,0.160000000000009));
#4518=VECTOR('',#5962,1.0);
#4519=CARTESIAN_POINT('',(-4.28000000000001,5.5,0.160000000000004));
#4520=CARTESIAN_POINT('',(-4.74,5.5,0.160000000000003));
#4521=VECTOR('',#5963,1.0);
#4522=CARTESIAN_POINT('',(-4.28000000000001,5.5,0.340000000000004));
#4523=CARTESIAN_POINT('',(-4.28000000000001,5.5,0.340000000000004));
#4524=VECTOR('',#5964,1.0);
#4525=CARTESIAN_POINT('',(-3.625,5.5,0.340000000000004));
#4526=CARTESIAN_POINT('',(-5.01,5.5,0.340000000000001));
#4527=VECTOR('',#5965,1.0);
#4528=CARTESIAN_POINT('',(-3.625,5.5,0.340000000000004));
#4529=VECTOR('',#5966,1.0);
#4530=CARTESIAN_POINT('',(-5.0,5.5,-6.37765983815001E-15));
#4531=VECTOR('',#5967,1.0);
#4532=CARTESIAN_POINT('',(-5.01,5.5,1.0));
#4533=VECTOR('',#5968,1.0);
#4534=CARTESIAN_POINT('',(2.0,4.62,0.260000000000006));
#4535=CARTESIAN_POINT('',(2.0,5.5,0.260000000000006));
#4536=CARTESIAN_POINT('',(2.0,4.2,0.260000000000006));
#4537=VECTOR('',#5969,1.0);
#4538=CARTESIAN_POINT('',(2.01,4.62,0.260000000000006));
#4539=CARTESIAN_POINT('',(1.84,4.62,0.260000000000006));
#4540=VECTOR('',#5970,1.0);
#4541=CARTESIAN_POINT('',(2.01,5.5,0.260000000000006));
#4542=CARTESIAN_POINT('',(2.01,4.62,0.260000000000006));
#4543=VECTOR('',#5971,1.0);
#4544=CARTESIAN_POINT('',(1.84,5.5,0.260000000000006));
#4545=VECTOR('',#5972,1.0);
#4546=CARTESIAN_POINT('',(2.0,5.5,1.0));
#4547=CARTESIAN_POINT('',(2.0,5.5,-3.82659590289E-15));
#4548=VECTOR('',#5973,1.0);
#4549=CARTESIAN_POINT('',(2.01,5.5,1.0));
#4550=CARTESIAN_POINT('',(2.01,5.5,0.340000000000001));
#4551=VECTOR('',#5974,1.0);
#4552=CARTESIAN_POINT('',(2.01,5.5,1.0));
#4553=VECTOR('',#5975,1.0);
#4554=CARTESIAN_POINT('',(1.28,3.3,0.340000000000004));
#4555=CARTESIAN_POINT('',(1.28,5.5,0.340000000000003));
#4556=CARTESIAN_POINT('',(1.28,5.15,0.340000000000005));
#4557=VECTOR('',#5976,1.0);
#4558=CARTESIAN_POINT('',(0.625,5.5,0.340000000000004));
#4559=CARTESIAN_POINT('',(0.625,5.5,0.340000000000004));
#4560=VECTOR('',#5977,1.0);
#4561=CARTESIAN_POINT('',(0.525,5.15,0.340000000000004));
#4562=CARTESIAN_POINT('',(0.538207547169812,5.19622641509434,0.340000000000004));
#4563=VECTOR('',#5978,1.0);
#4564=CARTESIAN_POINT('',(0.700000000000002,5.15,0.340000000000004));
#4565=CARTESIAN_POINT('',(0.625,5.15,0.340000000000004));
#4566=VECTOR('',#5979,1.0);
#4567=CARTESIAN_POINT('',(0.700000000000002,3.1,0.340000000000004));
#4568=CARTESIAN_POINT('',(0.700000000000002,5.15,0.340000000000004));
#4569=VECTOR('',#5980,1.0);
#4570=CARTESIAN_POINT('',(1.18,3.1,0.340000000000004));
#4571=CARTESIAN_POINT('',(0.700000000000002,3.1,0.340000000000004));
#4572=VECTOR('',#5981,1.0);
#4573=CARTESIAN_POINT('',(1.18,3.1,0.340000000000004));
#4574=VECTOR('',#5982,1.0);
#4575=CARTESIAN_POINT('',(1.84,5.5,0.160000000000003));
#4576=CARTESIAN_POINT('',(1.84,4.52,0.160000000000009));
#4577=CARTESIAN_POINT('',(1.84,5.15,0.160000000000005));
#4578=VECTOR('',#5983,1.0);
#4579=CARTESIAN_POINT('',(1.28,5.5,0.160000000000004));
#4580=CARTESIAN_POINT('',(1.28,5.5,0.160000000000003));
#4581=VECTOR('',#5984,1.0);
#4582=CARTESIAN_POINT('',(1.28,3.3,0.160000000000003));
#4583=CARTESIAN_POINT('',(1.28,5.15,0.160000000000004));
#4584=VECTOR('',#5985,1.0);
#4585=CARTESIAN_POINT('',(1.74,3.3,0.160000000000003));
#4586=CARTESIAN_POINT('',(1.28,3.3,0.160000000000003));
#4587=VECTOR('',#5986,1.0);
#4588=CARTESIAN_POINT('',(1.74,4.52,0.160000000000005));
#4589=CARTESIAN_POINT('',(1.74,3.3,0.160000000000003));
#4590=VECTOR('',#5987,1.0);
#4591=CARTESIAN_POINT('',(1.74,4.52,0.160000000000003));
#4592=VECTOR('',#5988,1.0);
#4593=CARTESIAN_POINT('',(2.01,4.52,0.160000000000009));
#4594=CARTESIAN_POINT('',(2.01,4.52,0.160000000000009));
#4595=VECTOR('',#5989,1.0);
#4596=CARTESIAN_POINT('',(2.01,2.05,0.160000000000004));
#4597=CARTESIAN_POINT('',(2.01,5.15,0.160000000000005));
#4598=VECTOR('',#5990,1.0);
#4599=CARTESIAN_POINT('',(2.01,2.05,1.17000000000001));
#4600=CARTESIAN_POINT('',(2.01,2.05,0.160000000000005));
#4601=VECTOR('',#5991,1.0);
#4602=CARTESIAN_POINT('',(2.01,4.1,1.17000000000001));
#4603=CARTESIAN_POINT('',(2.01,4.1,1.17000000000001));
#4604=VECTOR('',#5992,1.0);
#4605=CARTESIAN_POINT('',(2.01,4.1,1.00000000000001));
#4606=CARTESIAN_POINT('',(2.01,4.1,1.00000000000001));
#4607=VECTOR('',#5993,1.0);
#4608=CARTESIAN_POINT('',(2.01,5.15,1.0));
#4609=VECTOR('',#5994,1.0);
#4610=CARTESIAN_POINT('',(-4.28,3.3,0.340000000000003));
#4611=CARTESIAN_POINT('',(-4.28,3.3,0.160000000000003));
#4612=CARTESIAN_POINT('',(-4.28,3.3,3.72200000000003));
#4613=VECTOR('',#5995,1.0);
#4614=CARTESIAN_POINT('',(-4.28,5.15,0.340000000000003));
#4615=VECTOR('',#5996,1.0);
#4616=CARTESIAN_POINT('',(-4.28,5.15,0.160000000000003));
#4617=VECTOR('',#5997,1.0);
#4618=CARTESIAN_POINT('',(-4.18,3.1,0.340000000000003));
#4619=CARTESIAN_POINT('',(-4.28,3.3,0.340000000000003));
#4620=VECTOR('',#5998,1.0);
#4621=CARTESIAN_POINT('',(-3.7,3.1,0.340000000000003));
#4622=CARTESIAN_POINT('',(-4.18,3.1,0.340000000000003));
#4623=VECTOR('',#5999,1.0);
#4624=CARTESIAN_POINT('',(-3.7,5.15,0.340000000000004));
#4625=CARTESIAN_POINT('',(-3.7,5.15,0.340000000000003));
#4626=VECTOR('',#6000,1.0);
#4627=CARTESIAN_POINT('',(-3.525,5.15,0.340000000000004));
#4628=CARTESIAN_POINT('',(-5.01,5.15,0.340000000000001));
#4629=VECTOR('',#6001,1.0);
#4630=CARTESIAN_POINT('',(-3.58198113207547,5.34943396226415,0.340000000000003));
#4631=VECTOR('',#6002,1.0);
#4632=CARTESIAN_POINT('',(0.700000000000001,3.1,3.72200000000003));
#4633=VECTOR('',#6003,1.0);
#4634=CARTESIAN_POINT('',(0.700000000000002,5.15,0.160000000000004));
#4635=VECTOR('',#6004,1.0);
#4636=CARTESIAN_POINT('',(-5.4,4.52,0.160000000000003));
#4637=CARTESIAN_POINT('',(-5.4,4.52,-0.0400000000000017));
#4638=CARTESIAN_POINT('',(-5.4,4.52,1.93999999999998));
#4639=VECTOR('',#6005,1.0);
#4640=CARTESIAN_POINT('',(-5.4,2.05,0.160000000000003));
#4641=CARTESIAN_POINT('',(-5.4,2.05,0.160000000000003));
#4642=VECTOR('',#6006,1.0);
#4643=CARTESIAN_POINT('',(-5.4,2.05,1.42));
#4644=CARTESIAN_POINT('',(-5.4,2.05,1.42));
#4645=VECTOR('',#6007,1.0);
#4646=CARTESIAN_POINT('',(-5.4,6.9,1.42));
#4647=CARTESIAN_POINT('',(-5.4,6.9,1.42));
#4648=VECTOR('',#6008,1.0);
#4649=CARTESIAN_POINT('',(-5.4,6.9,-0.0400000000000016));
#4650=CARTESIAN_POINT('',(-5.4,6.9,1.42));
#4651=VECTOR('',#6009,1.0);
#4652=CARTESIAN_POINT('',(-5.4,6.9,-0.0400000000000016));
#4653=VECTOR('',#6010,1.0);
#4654=CARTESIAN_POINT('',(2.4,2.05,0.160000000000004));
#4655=CARTESIAN_POINT('',(2.4,2.05,1.42));
#4656=CARTESIAN_POINT('',(2.4,2.05,-0.0400000000000003));
#4657=VECTOR('',#6011,1.0);
#4658=CARTESIAN_POINT('',(2.4,4.52,0.160000000000004));
#4659=CARTESIAN_POINT('',(2.4,4.52,0.160000000000004));
#4660=VECTOR('',#6012,1.0);
#4661=CARTESIAN_POINT('',(2.4,4.52,-0.0400000000000003));
#4662=CARTESIAN_POINT('',(2.4,4.52,1.93999999999998));
#4663=VECTOR('',#6013,1.0);
#4664=CARTESIAN_POINT('',(2.4,6.9,-0.0400000000000003));
#4665=CARTESIAN_POINT('',(2.4,6.9,-0.0400000000000003));
#4666=VECTOR('',#6014,1.0);
#4667=CARTESIAN_POINT('',(2.4,6.9,1.42));
#4668=CARTESIAN_POINT('',(2.4,6.9,-0.0400000000000003));
#4669=VECTOR('',#6015,1.0);
#4670=CARTESIAN_POINT('',(2.4,6.9,1.42));
#4671=VECTOR('',#6016,1.0);
#4672=CARTESIAN_POINT('',(-5.01,2.05,1.17000000000001));
#4673=CARTESIAN_POINT('',(-5.01,2.05,0.160000000000004));
#4674=CARTESIAN_POINT('',(-5.01,2.05,1.0));
#4675=VECTOR('',#6017,1.0);
#4676=CARTESIAN_POINT('',(-4.25,2.05,1.17000000000001));
#4677=CARTESIAN_POINT('',(-4.25,2.05,1.17000000000001));
#4678=VECTOR('',#6018,1.0);
#4679=CARTESIAN_POINT('',(-4.25,2.05,1.00000000000001));
#4680=VECTOR('',#6019,1.0);
#4681=CARTESIAN_POINT('',(-3.95,2.05,1.42));
#4682=CARTESIAN_POINT('',(-3.95,2.05,1.17));
#4683=VECTOR('',#6020,1.0);
#4684=CARTESIAN_POINT('',(2.4,2.05,1.42));
#4685=VECTOR('',#6021,1.0);
#4686=CARTESIAN_POINT('',(2.4,2.05,0.160000000000004));
#4687=VECTOR('',#6022,1.0);
#4688=CARTESIAN_POINT('',(1.25,2.05,1.17000000000001));
#4689=CARTESIAN_POINT('',(1.25,2.05,1.00000000000001));
#4690=CARTESIAN_POINT('',(1.25,2.05,1.17000000000001));
#4691=VECTOR('',#6023,1.0);
#4692=CARTESIAN_POINT('',(2.01,2.05,1.17000000000001));
#4693=VECTOR('',#6024,1.0);
#4694=CARTESIAN_POINT('',(2.4,2.05,0.160000000000004));
#4695=VECTOR('',#6025,1.0);
#4696=CARTESIAN_POINT('',(0.95,2.05,1.42));
#4697=CARTESIAN_POINT('',(2.4,2.05,1.42));
#4698=VECTOR('',#6026,1.0);
#4699=CARTESIAN_POINT('',(0.950000000000003,2.05,1.0));
#4700=CARTESIAN_POINT('',(0.950000000000004,2.05,1.0));
#4701=VECTOR('',#6027,1.0);
#4702=CARTESIAN_POINT('',(2.01,2.05,1.0));
#4703=VECTOR('',#6028,1.0);
#4704=CARTESIAN_POINT('',(-4.84,4.52,0.160000000000009));
#4705=CARTESIAN_POINT('',(-4.84,5.15,0.160000000000005));
#4706=VECTOR('',#6029,1.0);
#4707=CARTESIAN_POINT('',(-4.74,4.52,0.160000000000003));
#4708=CARTESIAN_POINT('',(-5.4,4.52,0.160000000000003));
#4709=VECTOR('',#6030,1.0);
#4710=CARTESIAN_POINT('',(-4.74,3.30000000000001,0.160000000000003));
#4711=CARTESIAN_POINT('',(-4.74,4.52,0.160000000000003));
#4712=VECTOR('',#6031,1.0);
#4713=CARTESIAN_POINT('',(-4.74,3.30000000000001,0.160000000000003));
#4714=VECTOR('',#6032,1.0);
#4715=CARTESIAN_POINT('',(-2.875,6.9,-0.0400000000000012));
#4716=CARTESIAN_POINT('',(-2.875,6.58,-0.0400000000000012));
#4717=CARTESIAN_POINT('',(-2.875,6.9,-0.0400000000000012));
#4718=VECTOR('',#6033,1.0);
#4719=CARTESIAN_POINT('',(-2.125,6.9,-0.0400000000000011));
#4720=CARTESIAN_POINT('',(-5.4,6.9,-0.0400000000000017));
#4721=VECTOR('',#6034,1.0);
#4722=CARTESIAN_POINT('',(-2.125,6.58000000000001,-0.0400000000000011));
#4723=CARTESIAN_POINT('',(-2.125,6.9,-0.0400000000000011));
#4724=VECTOR('',#6035,1.0);
#4725=CARTESIAN_POINT('',(-1.875,6.58,-0.0400000000000011));
#4726=CARTESIAN_POINT('',(-5.4,6.58000000000001,-0.0400000000000017));
#4727=VECTOR('',#6036,1.0);
#4728=CARTESIAN_POINT('',(-1.875,6.9,-0.0400000000000011));
#4729=CARTESIAN_POINT('',(-1.875,6.9,-0.0400000000000011));
#4730=VECTOR('',#6037,1.0);
#4731=CARTESIAN_POINT('',(-1.125,6.9,-0.0400000000000009));
#4732=CARTESIAN_POINT('',(-5.4,6.9,-0.0400000000000017));
#4733=VECTOR('',#6038,1.0);
#4734=CARTESIAN_POINT('',(-1.125,6.58,-0.0400000000000009));
#4735=CARTESIAN_POINT('',(-1.125,6.9,-0.0400000000000009));
#4736=VECTOR('',#6039,1.0);
#4737=CARTESIAN_POINT('',(-0.875,6.58,-0.0400000000000009));
#4738=CARTESIAN_POINT('',(-5.4,6.58000000000001,-0.0400000000000017));
#4739=VECTOR('',#6040,1.0);
#4740=CARTESIAN_POINT('',(-0.875,6.9,-0.0400000000000009));
#4741=CARTESIAN_POINT('',(-0.875,6.9,-0.0400000000000009));
#4742=VECTOR('',#6041,1.0);
#4743=CARTESIAN_POINT('',(-0.125,6.9,-0.0400000000000008));
#4744=CARTESIAN_POINT('',(-5.4,6.9,-0.0400000000000017));
#4745=VECTOR('',#6042,1.0);
#4746=CARTESIAN_POINT('',(-0.125,6.58,-0.0400000000000007));
#4747=CARTESIAN_POINT('',(-0.125,6.9,-0.0400000000000008));
#4748=VECTOR('',#6043,1.0);
#4749=CARTESIAN_POINT('',(0.125,6.58,-0.0400000000000007));
#4750=CARTESIAN_POINT('',(-5.4,6.58000000000001,-0.0400000000000017));
#4751=VECTOR('',#6044,1.0);
#4752=CARTESIAN_POINT('',(0.125,6.9,-0.0400000000000007));
#4753=CARTESIAN_POINT('',(0.125,6.9,-0.0400000000000007));
#4754=VECTOR('',#6045,1.0);
#4755=CARTESIAN_POINT('',(-5.4,6.9,-0.0400000000000017));
#4756=VECTOR('',#6046,1.0);
#4757=CARTESIAN_POINT('',(1.74,4.52,-0.0400000000000004));
#4758=CARTESIAN_POINT('',(1.74,4.52,-0.0400000000000004));
#4759=VECTOR('',#6047,1.0);
#4760=CARTESIAN_POINT('',(1.74,3.3,-0.0399999999999948));
#4761=CARTESIAN_POINT('',(1.74,3.3,-0.0400000000000004));
#4762=VECTOR('',#6048,1.0);
#4763=CARTESIAN_POINT('',(1.28,3.3,-0.0399999999999954));
#4764=CARTESIAN_POINT('',(1.28,3.3,-0.0399999999999954));
#4765=VECTOR('',#6049,1.0);
#4766=CARTESIAN_POINT('',(1.18,3.1,-0.0399999999999957));
#4767=CARTESIAN_POINT('',(1.18,3.1,-0.0399999999999955));
#4768=VECTOR('',#6050,1.0);
#4769=CARTESIAN_POINT('',(-4.18,3.1,-0.0400000000000017));
#4770=CARTESIAN_POINT('',(-4.17999999999999,3.1,-0.0400000000000019));
#4771=VECTOR('',#6051,1.0);
#4772=CARTESIAN_POINT('',(-4.28,3.3,-0.0400000000000019));
#4773=CARTESIAN_POINT('',(-4.28,3.3,-0.0400000000000019));
#4774=VECTOR('',#6052,1.0);
#4775=CARTESIAN_POINT('',(-4.74,3.30000000000001,-0.0400000000000016));
#4776=CARTESIAN_POINT('',(-4.74,3.30000000000001,-0.0400000000000023));
#4777=VECTOR('',#6053,1.0);
#4778=CARTESIAN_POINT('',(-4.74,4.52,-0.0400000000000015));
#4779=CARTESIAN_POINT('',(-4.74,4.52,-0.0400000000000016));
#4780=VECTOR('',#6054,1.0);
#4781=CARTESIAN_POINT('',(-5.4,4.52,-0.0400000000000017));
#4782=VECTOR('',#6055,1.0);
#4783=CARTESIAN_POINT('',(-3.125,6.9,-0.0400000000000013));
#4784=CARTESIAN_POINT('',(-5.4,6.9,-0.0400000000000017));
#4785=VECTOR('',#6056,1.0);
#4786=CARTESIAN_POINT('',(-3.125,6.58000000000001,-0.0400000000000013));
#4787=CARTESIAN_POINT('',(-3.125,6.9,-0.0400000000000013));
#4788=VECTOR('',#6057,1.0);
#4789=CARTESIAN_POINT('',(-5.4,6.58000000000001,-0.0400000000000017));
#4790=VECTOR('',#6058,1.0);
#4791=CARTESIAN_POINT('',(-3.3,3.85,1.42));
#4792=CARTESIAN_POINT('',(-3.1,3.45,1.42));
#4793=CARTESIAN_POINT('',(-3.3,3.85,1.42));
#4794=VECTOR('',#6059,1.0);
#4795=CARTESIAN_POINT('',(-2.9,3.85,1.42));
#4796=CARTESIAN_POINT('',(-2.9,3.85,1.42));
#4797=VECTOR('',#6060,1.0);
#4798=CARTESIAN_POINT('',(-3.1,3.45,1.42));
#4799=VECTOR('',#6061,1.0);
#4800=CARTESIAN_POINT('',(-1.8,4.55,1.42));
#4801=CARTESIAN_POINT('',(-1.8,3.65,1.42));
#4802=CARTESIAN_POINT('',(-1.8,4.55,1.42));
#4803=VECTOR('',#6062,1.0);
#4804=CARTESIAN_POINT('',(-1.2,4.55,1.42));
#4805=CARTESIAN_POINT('',(-1.2,4.55,1.42));
#4806=VECTOR('',#6063,1.0);
#4807=CARTESIAN_POINT('',(-1.2,3.65,1.42));
#4808=CARTESIAN_POINT('',(-1.2,3.65,1.42));
#4809=VECTOR('',#6064,1.0);
#4810=CARTESIAN_POINT('',(-1.8,3.65,1.42));
#4811=VECTOR('',#6065,1.0);
#4812=CARTESIAN_POINT('',(-3.95,4.1,1.42));
#4813=CARTESIAN_POINT('',(-3.95,4.1,1.42));
#4814=VECTOR('',#6066,1.0);
#4815=CARTESIAN_POINT('',(-3.45,4.1,1.42));
#4816=CARTESIAN_POINT('',(-3.45,4.1,1.42));
#4817=VECTOR('',#6067,1.0);
#4818=CARTESIAN_POINT('',(-3.45,3.1,1.42));
#4819=CARTESIAN_POINT('',(-3.45,3.1,1.42));
#4820=VECTOR('',#6068,1.0);
#4821=CARTESIAN_POINT('',(0.45,3.1,1.42));
#4822=CARTESIAN_POINT('',(0.450000000000001,3.1,1.42));
#4823=VECTOR('',#6069,1.0);
#4824=CARTESIAN_POINT('',(0.450000000000002,4.1,1.42));
#4825=CARTESIAN_POINT('',(0.450000000000002,4.1,1.42));
#4826=VECTOR('',#6070,1.0);
#4827=CARTESIAN_POINT('',(0.950000000000002,4.1,1.42));
#4828=CARTESIAN_POINT('',(0.950000000000002,4.1,1.42));
#4829=VECTOR('',#6071,1.0);
#4830=CARTESIAN_POINT('',(0.95,2.05,1.42));
#4831=VECTOR('',#6072,1.0);
#4832=CARTESIAN_POINT('',(2.4,6.9,1.42));
#4833=VECTOR('',#6073,1.0);
#4834=CARTESIAN_POINT('',(-2.875,6.9,0.230000000000002));
#4835=CARTESIAN_POINT('',(-2.875,6.9,0.0));
#4836=VECTOR('',#6074,1.0);
#4837=CARTESIAN_POINT('',(-3.125,6.9,0.230000000000002));
#4838=CARTESIAN_POINT('',(0.0,6.9,0.230000000000002));
#4839=VECTOR('',#6075,1.0);
#4840=CARTESIAN_POINT('',(-3.125,6.9,0.0));
#4841=VECTOR('',#6076,1.0);
#4842=CARTESIAN_POINT('',(0.125,6.9,0.230000000000002));
#4843=CARTESIAN_POINT('',(0.125,6.9,0.0));
#4844=VECTOR('',#6077,1.0);
#4845=CARTESIAN_POINT('',(-0.125,6.9,0.230000000000002));
#4846=CARTESIAN_POINT('',(0.0,6.9,0.230000000000002));
#4847=VECTOR('',#6078,1.0);
#4848=CARTESIAN_POINT('',(-0.125,6.9,0.0));
#4849=VECTOR('',#6079,1.0);
#4850=CARTESIAN_POINT('',(-0.875,6.9,0.230000000000002));
#4851=CARTESIAN_POINT('',(-0.875,6.9,0.0));
#4852=VECTOR('',#6080,1.0);
#4853=CARTESIAN_POINT('',(-1.125,6.9,0.230000000000002));
#4854=CARTESIAN_POINT('',(0.0,6.9,0.230000000000002));
#4855=VECTOR('',#6081,1.0);
#4856=CARTESIAN_POINT('',(-1.125,6.9,0.0));
#4857=VECTOR('',#6082,1.0);
#4858=CARTESIAN_POINT('',(-1.875,6.9,0.230000000000002));
#4859=CARTESIAN_POINT('',(-1.875,6.9,0.0));
#4860=VECTOR('',#6083,1.0);
#4861=CARTESIAN_POINT('',(-2.125,6.9,0.230000000000002));
#4862=CARTESIAN_POINT('',(0.0,6.9,0.230000000000002));
#4863=VECTOR('',#6084,1.0);
#4864=CARTESIAN_POINT('',(-2.125,6.9,0.0));
#4865=VECTOR('',#6085,1.0);
#4866=CARTESIAN_POINT('',(-5.01,4.52,0.160000000000009));
#4867=CARTESIAN_POINT('',(-5.01,5.15,0.160000000000002));
#4868=VECTOR('',#6086,1.0);
#4869=CARTESIAN_POINT('',(-5.01,4.52,0.160000000000009));
#4870=VECTOR('',#6087,1.0);
#4871=CARTESIAN_POINT('',(-5.01,4.1,1.17000000000001));
#4872=CARTESIAN_POINT('',(-5.01,4.1,1.17000000000001));
#4873=VECTOR('',#6088,1.0);
#4874=CARTESIAN_POINT('',(-5.01,4.1,1.17000000000001));
#4875=VECTOR('',#6089,1.0);
#4876=CARTESIAN_POINT('',(-3.7,3.1,3.72200000000003));
#4877=VECTOR('',#6090,1.0);
#4878=CARTESIAN_POINT('',(-3.7,5.15,0.340000000000003));
#4879=VECTOR('',#6091,1.0);
#4880=CARTESIAN_POINT('',(1.28,3.3,3.72200000000003));
#4881=VECTOR('',#6092,1.0);
#4882=CARTESIAN_POINT('',(1.28,5.5,0.340000000000004));
#4883=VECTOR('',#6093,1.0);
#4884=CARTESIAN_POINT('',(1.85,4.2,1.0));
#4885=CARTESIAN_POINT('',(2.0,4.2,1.0));
#4886=CARTESIAN_POINT('',(2.01,4.2,1.0));
#4887=VECTOR('',#6094,1.0);
#4888=CARTESIAN_POINT('',(2.0,5.15,1.0));
#4889=VECTOR('',#6095,1.0);
#4890=CARTESIAN_POINT('',(1.25,4.1,1.00000000000001));
#4891=CARTESIAN_POINT('',(1.25,4.1,1.00000000000001));
#4892=VECTOR('',#6096,1.0);
#4893=CARTESIAN_POINT('',(1.25,4.1,1.00000000000001));
#4894=VECTOR('',#6097,1.0);
#4895=CARTESIAN_POINT('',(0.950000000000003,5.15,1.0));
#4896=CARTESIAN_POINT('',(0.950000000000003,5.15,1.0));
#4897=VECTOR('',#6098,1.0);
#4898=CARTESIAN_POINT('',(0.525,5.15,1.0));
#4899=CARTESIAN_POINT('',(2.01,5.15,1.0));
#4900=VECTOR('',#6099,1.0);
#4901=CARTESIAN_POINT('',(0.625,5.5,1.0));
#4902=CARTESIAN_POINT('',(0.637075471698114,5.5422641509434,1.0));
#4903=VECTOR('',#6100,1.0);
#4904=CARTESIAN_POINT('',(1.85,5.5,1.0));
#4905=CARTESIAN_POINT('',(2.01,5.5,1.0));
#4906=VECTOR('',#6101,1.0);
#4907=CARTESIAN_POINT('',(1.85,5.15,1.0));
#4908=VECTOR('',#6102,1.0);
#4909=CARTESIAN_POINT('',(0.950000000000004,5.15,1.17));
#4910=CARTESIAN_POINT('',(0.950000000000004,5.15,1.0));
#4911=VECTOR('',#6103,1.0);
#4912=CARTESIAN_POINT('',(0.950000000000002,4.1,1.17));
#4913=CARTESIAN_POINT('',(0.950000000000002,4.1,-2.73799999999995));
#4914=VECTOR('',#6104,1.0);
#4915=CARTESIAN_POINT('',(0.950000000000004,5.15,1.17));
#4916=VECTOR('',#6105,1.0);
#4917=CARTESIAN_POINT('',(-1.8,4.55,1.17));
#4918=CARTESIAN_POINT('',(-1.2,4.55,1.17));
#4919=CARTESIAN_POINT('',(-1.2,4.55,1.17));
#4920=VECTOR('',#6106,1.0);
#4921=CARTESIAN_POINT('',(-1.8,3.65,1.17));
#4922=CARTESIAN_POINT('',(-1.8,4.55,1.17));
#4923=VECTOR('',#6107,1.0);
#4924=CARTESIAN_POINT('',(-1.2,3.65,1.17));
#4925=CARTESIAN_POINT('',(-1.8,3.65,1.17));
#4926=VECTOR('',#6108,1.0);
#4927=CARTESIAN_POINT('',(-1.2,3.65,1.17));
#4928=VECTOR('',#6109,1.0);
#4929=CARTESIAN_POINT('',(0.450000000000002,4.1,1.17));
#4930=CARTESIAN_POINT('',(0.950000000000004,4.1,1.17));
#4931=VECTOR('',#6110,1.0);
#4932=CARTESIAN_POINT('',(0.45,3.1,1.17));
#4933=CARTESIAN_POINT('',(0.450000000000003,5.15,1.17));
#4934=VECTOR('',#6111,1.0);
#4935=CARTESIAN_POINT('',(-3.45,3.1,1.17));
#4936=CARTESIAN_POINT('',(0.950000000000003,3.1,1.17));
#4937=VECTOR('',#6112,1.0);
#4938=CARTESIAN_POINT('',(-3.45,4.1,1.17));
#4939=CARTESIAN_POINT('',(-3.45,5.15,1.17));
#4940=VECTOR('',#6113,1.0);
#4941=CARTESIAN_POINT('',(-3.95,4.1,1.17));
#4942=CARTESIAN_POINT('',(0.950000000000004,4.1,1.17));
#4943=VECTOR('',#6114,1.0);
#4944=CARTESIAN_POINT('',(-3.95,5.15,1.17));
#4945=CARTESIAN_POINT('',(-3.95,5.15,1.17));
#4946=VECTOR('',#6115,1.0);
#4947=CARTESIAN_POINT('',(0.950000000000004,5.15,1.17));
#4948=VECTOR('',#6116,1.0);
#4949=CARTESIAN_POINT('',(-3.95,5.15,1.17));
#4950=VECTOR('',#6117,1.0);
#4951=CARTESIAN_POINT('',(-3.95,4.1,-2.73799999999996));
#4952=VECTOR('',#6118,1.0);
#4953=CARTESIAN_POINT('',(-2.875,5.15,0.300000000000001));
#4954=CARTESIAN_POINT('',(-2.875,5.15,0.680000000000002));
#4955=CARTESIAN_POINT('',(-2.875,5.15,0.0));
#4956=VECTOR('',#6119,1.0);
#4957=CARTESIAN_POINT('',(-3.125,5.15,0.300000000000001));
#4958=CARTESIAN_POINT('',(0.0,5.15,0.300000000000001));
#4959=VECTOR('',#6120,1.0);
#4960=CARTESIAN_POINT('',(-3.125,5.15,0.680000000000002));
#4961=CARTESIAN_POINT('',(-3.125,5.15,0.0));
#4962=VECTOR('',#6121,1.0);
#4963=CARTESIAN_POINT('',(0.0,5.15,0.680000000000002));
#4964=VECTOR('',#6122,1.0);
#4965=CARTESIAN_POINT('',(-1.875,5.15,0.300000000000001));
#4966=CARTESIAN_POINT('',(-1.875,5.15,0.680000000000002));
#4967=CARTESIAN_POINT('',(-1.875,5.15,0.0));
#4968=VECTOR('',#6123,1.0);
#4969=CARTESIAN_POINT('',(-2.125,5.15,0.300000000000001));
#4970=CARTESIAN_POINT('',(0.0,5.15,0.300000000000001));
#4971=VECTOR('',#6124,1.0);
#4972=CARTESIAN_POINT('',(-2.125,5.15,0.680000000000002));
#4973=CARTESIAN_POINT('',(-2.125,5.15,0.0));
#4974=VECTOR('',#6125,1.0);
#4975=CARTESIAN_POINT('',(0.0,5.15,0.680000000000002));
#4976=VECTOR('',#6126,1.0);
#4977=CARTESIAN_POINT('',(-0.875,5.15,0.300000000000001));
#4978=CARTESIAN_POINT('',(-0.875,5.15,0.680000000000002));
#4979=CARTESIAN_POINT('',(-0.875,5.15,0.0));
#4980=VECTOR('',#6127,1.0);
#4981=CARTESIAN_POINT('',(-1.125,5.15,0.300000000000001));
#4982=CARTESIAN_POINT('',(0.0,5.15,0.300000000000001));
#4983=VECTOR('',#6128,1.0);
#4984=CARTESIAN_POINT('',(-1.125,5.15,0.680000000000002));
#4985=CARTESIAN_POINT('',(-1.125,5.15,0.0));
#4986=VECTOR('',#6129,1.0);
#4987=CARTESIAN_POINT('',(0.0,5.15,0.680000000000002));
#4988=VECTOR('',#6130,1.0);
#4989=CARTESIAN_POINT('',(-3.525,5.15,0.340000000000004));
#4990=VECTOR('',#6131,1.0);
#4991=CARTESIAN_POINT('',(0.525,5.15,1.0));
#4992=VECTOR('',#6132,1.0);
#4993=CARTESIAN_POINT('',(0.125,5.15,0.300000000000001));
#4994=CARTESIAN_POINT('',(0.125,5.15,0.680000000000002));
#4995=CARTESIAN_POINT('',(0.125,5.15,0.0));
#4996=VECTOR('',#6133,1.0);
#4997=CARTESIAN_POINT('',(-0.125,5.15,0.300000000000001));
#4998=CARTESIAN_POINT('',(0.0,5.15,0.300000000000001));
#4999=VECTOR('',#6134,1.0);
#5000=CARTESIAN_POINT('',(-0.125,5.15,0.680000000000002));
#5001=CARTESIAN_POINT('',(-0.125,5.15,0.0));
#5002=VECTOR('',#6135,1.0);
#5003=CARTESIAN_POINT('',(0.0,5.15,0.680000000000002));
#5004=VECTOR('',#6136,1.0);
#5005=CARTESIAN_POINT('',(0.450000000000002,4.1,-2.73799999999995));
#5006=VECTOR('',#6137,1.0);
#5007=CARTESIAN_POINT('',(0.45,3.1,-2.73799999999995));
#5008=VECTOR('',#6138,1.0);
#5009=CARTESIAN_POINT('',(-3.45,3.1,-2.73799999999996));
#5010=VECTOR('',#6139,1.0);
#5011=CARTESIAN_POINT('',(-3.45,4.1,-2.73799999999996));
#5012=VECTOR('',#6140,1.0);
#5013=CARTESIAN_POINT('',(1.74,4.52,0.160000000000003));
#5014=VECTOR('',#6141,1.0);
#5015=CARTESIAN_POINT('',(-5.4,4.52,0.160000000000003));
#5016=VECTOR('',#6142,1.0);
#5017=CARTESIAN_POINT('',(-4.84,4.52,0.160000000000009));
#5018=VECTOR('',#6143,1.0);
#5019=CARTESIAN_POINT('',(-4.74,4.52,1.93999999999998));
#5020=VECTOR('',#6144,1.0);
#5021=CARTESIAN_POINT('',(-4.74,3.30000000000001,1.93999999999998));
#5022=VECTOR('',#6145,1.0);
#5023=CARTESIAN_POINT('',(-4.28,3.3,1.93999999999998));
#5024=VECTOR('',#6146,1.0);
#5025=CARTESIAN_POINT('',(-4.18,3.1,1.93999999999998));
#5026=VECTOR('',#6147,1.0);
#5027=CARTESIAN_POINT('',(1.18,3.1,1.93999999999999));
#5028=VECTOR('',#6148,1.0);
#5029=CARTESIAN_POINT('',(1.28,3.3,1.93999999999999));
#5030=VECTOR('',#6149,1.0);
#5031=CARTESIAN_POINT('',(1.74,3.3,1.93999999999999));
#5032=VECTOR('',#6150,1.0);
#5033=CARTESIAN_POINT('',(1.74,4.52,1.93999999999998));
#5034=VECTOR('',#6151,1.0);
#5035=CARTESIAN_POINT('',(1.74,4.52,0.160000000000003));
#5036=VECTOR('',#6152,1.0);
#5037=CARTESIAN_POINT('',(-1.8,4.55,-1.05499999999997));
#5038=VECTOR('',#6153,1.0);
#5039=CARTESIAN_POINT('',(-1.8,3.65,-1.05499999999997));
#5040=VECTOR('',#6154,1.0);
#5041=CARTESIAN_POINT('',(-1.2,3.65,-1.05499999999997));
#5042=VECTOR('',#6155,1.0);
#5043=CARTESIAN_POINT('',(-1.2,4.55,-1.05499999999997));
#5044=VECTOR('',#6156,1.0);
#5045=CARTESIAN_POINT('',(-0.119999999999996,5.06,0.300000000000001));
#5046=CARTESIAN_POINT('',(-0.119999999999996,5.06,0.300000000000003));
#5047=VECTOR('',#6157,1.0);
#5048=CARTESIAN_POINT('',(-0.119999999999996,3.35,0.300000000000003));
#5049=CARTESIAN_POINT('',(-0.119999999999996,3.35,0.300000000000003));
#5050=VECTOR('',#6158,1.0);
#5051=CARTESIAN_POINT('',(-0.119999999999996,3.5,0.300000000000003));
#5052=CARTESIAN_POINT('',(-0.119999999999996,3.35,0.300000000000003));
#5053=VECTOR('',#6159,1.0);
#5054=CARTESIAN_POINT('',(-0.119999999999996,3.35,0.300000000000003));
#5055=VECTOR('',#6160,1.0);
#5056=CARTESIAN_POINT('',(0.120000000000003,5.06,0.300000000000003));
#5057=CARTESIAN_POINT('',(0.120000000000003,5.06,0.160000000000003));
#5058=VECTOR('',#6161,1.0);
#5059=CARTESIAN_POINT('',(0.120000000000003,3.5,0.300000000000003));
#5060=CARTESIAN_POINT('',(0.120000000000003,3.35,0.300000000000003));
#5061=VECTOR('',#6162,1.0);
#5062=CARTESIAN_POINT('',(0.120000000000003,3.35,0.300000000000003));
#5063=CARTESIAN_POINT('',(0.120000000000003,3.35,0.300000000000003));
#5064=VECTOR('',#6163,1.0);
#5065=CARTESIAN_POINT('',(0.120000000000003,3.35,0.160000000000003));
#5066=VECTOR('',#6164,1.0);
#5067=CARTESIAN_POINT('',(0.125,3.5,0.300000000000001));
#5068=VECTOR('',#6165,1.0);
#5069=CARTESIAN_POINT('',(0.120000000000003,3.35,0.300000000000003));
#5070=VECTOR('',#6166,1.0);
#5071=CARTESIAN_POINT('',(0.120000000000003,5.06,0.300000000000003));
#5072=VECTOR('',#6167,1.0);
#5073=CARTESIAN_POINT('',(0.125,3.5,0.300000000000001));
#5074=CARTESIAN_POINT('',(0.125,3.5,0.300000000000001));
#5075=VECTOR('',#6168,1.0);
#5076=CARTESIAN_POINT('',(0.125,3.5,0.300000000000001));
#5077=VECTOR('',#6169,1.0);
#5078=CARTESIAN_POINT('',(-0.125,3.5,0.300000000000001));
#5079=CARTESIAN_POINT('',(0.125,3.5,0.300000000000001));
#5080=VECTOR('',#6170,1.0);
#5081=CARTESIAN_POINT('',(-0.125,3.5,0.300000000000001));
#5082=VECTOR('',#6171,1.0);
#5083=CARTESIAN_POINT('',(-0.125,3.5,0.680000000000001));
#5084=CARTESIAN_POINT('',(-0.125,3.5,0.680000000000001));
#5085=VECTOR('',#6172,1.0);
#5086=CARTESIAN_POINT('',(-0.125,6.86,0.680000000000002));
#5087=VECTOR('',#6173,1.0);
#5088=CARTESIAN_POINT('',(0.125,3.5,0.680000000000001));
#5089=CARTESIAN_POINT('',(0.125,6.86,0.680000000000002));
#5090=VECTOR('',#6174,1.0);
#5091=CARTESIAN_POINT('',(0.125,3.5,0.680000000000001));
#5092=VECTOR('',#6175,1.0);
#5093=CARTESIAN_POINT('',(0.125,3.5,0.680000000000001));
#5094=VECTOR('',#6176,1.0);
#5095=CARTESIAN_POINT('',(-0.125,7.24,0.230000000000002));
#5096=CARTESIAN_POINT('',(-0.125,7.24,0.230000000000002));
#5097=VECTOR('',#6177,1.0);
#5098=CARTESIAN_POINT('',(0.125,7.24,0.230000000000002));
#5099=CARTESIAN_POINT('',(0.125,7.24,0.230000000000002));
#5100=VECTOR('',#6178,1.0);
#5101=CARTESIAN_POINT('',(0.125,7.24,0.230000000000002));
#5102=VECTOR('',#6179,1.0);
#5103=CARTESIAN_POINT('',(0.125,6.62,-0.079999999999998));
#5104=CARTESIAN_POINT('',(0.125,6.54,1.99840144432528E-15));
#5105=VECTOR('',#6180,1.0);
#5106=CARTESIAN_POINT('',(0.125,7.16,-0.0799999999999979));
#5107=CARTESIAN_POINT('',(0.125,6.62,-0.079999999999998));
#5108=VECTOR('',#6181,1.0);
#5109=CARTESIAN_POINT('',(0.125,7.24,2.20906192643922E-15));
#5110=CARTESIAN_POINT('',(0.125,7.16,-0.0799999999999979));
#5111=VECTOR('',#6182,1.0);
#5112=CARTESIAN_POINT('',(0.125,7.24,2.1094237467878E-15));
#5113=VECTOR('',#6183,1.0);
#5114=CARTESIAN_POINT('',(-0.125,7.24,2.20906192643922E-15));
#5115=CARTESIAN_POINT('',(-0.125,7.24,2.1094237467878E-15));
#5116=VECTOR('',#6184,1.0);
#5117=CARTESIAN_POINT('',(-0.125,7.16,-0.0799999999999979));
#5118=CARTESIAN_POINT('',(-0.125,7.16,-0.0799999999999979));
#5119=VECTOR('',#6185,1.0);
#5120=CARTESIAN_POINT('',(-0.125,6.62,-0.079999999999998));
#5121=CARTESIAN_POINT('',(-0.125,6.62,-0.079999999999998));
#5122=VECTOR('',#6186,1.0);
#5123=CARTESIAN_POINT('',(-0.125,6.54,1.99840144432528E-15));
#5124=VECTOR('',#6187,1.0);
#5125=CARTESIAN_POINT('',(0.125,6.62,-0.079999999999998));
#5126=VECTOR('',#6188,1.0);
#5127=CARTESIAN_POINT('',(0.125,7.16,-0.0799999999999979));
#5128=VECTOR('',#6189,1.0);
#5129=CARTESIAN_POINT('',(0.125,7.24,2.20906192643922E-15));
#5130=VECTOR('',#6190,1.0);
#5131=CARTESIAN_POINT('',(1.25,4.1,1.17000000000001));
#5132=CARTESIAN_POINT('',(1.25,4.1,1.17000000000001));
#5133=VECTOR('',#6191,1.0);
#5134=CARTESIAN_POINT('',(1.25,4.1,1.17000000000001));
#5135=VECTOR('',#6192,1.0);
#5136=CARTESIAN_POINT('',(2.01,4.1,1.17000000000001));
#5137=VECTOR('',#6193,1.0);
#5138=CARTESIAN_POINT('',(-4.25,4.1,1.17000000000001));
#5139=CARTESIAN_POINT('',(-4.25,4.1,1.17000000000001));
#5140=VECTOR('',#6194,1.0);
#5141=CARTESIAN_POINT('',(-4.25,4.1,1.00000000000001));
#5142=VECTOR('',#6195,1.0);
#5143=CARTESIAN_POINT('',(-4.25,4.1,1.17000000000001));
#5144=VECTOR('',#6196,1.0);
#5145=CARTESIAN_POINT('',(1.85,4.62,0.260000000000006));
#5146=CARTESIAN_POINT('',(1.84,4.62,0.260000000000006));
#5147=VECTOR('',#6197,1.0);
#5148=CARTESIAN_POINT('',(1.84,4.62,0.260000000000006));
#5149=CARTESIAN_POINT('',(1.84,4.62,0.260000000000006));
#5150=VECTOR('',#6198,1.0);
#5151=CARTESIAN_POINT('',(1.84,4.52,0.160000000000009));
#5152=VECTOR('',#6199,1.0);
#5153=CARTESIAN_POINT('',(1.85,5.5,0.260000000000006));
#5154=CARTESIAN_POINT('',(1.85,4.2,0.260000000000006));
#5155=VECTOR('',#6200,1.0);
#5156=CARTESIAN_POINT('',(1.84,5.5,0.260000000000006));
#5157=CARTESIAN_POINT('',(1.84,5.5,0.260000000000006));
#5158=VECTOR('',#6201,1.0);
#5159=CARTESIAN_POINT('',(1.84,4.62,0.260000000000006));
#5160=VECTOR('',#6202,1.0);
#5161=CARTESIAN_POINT('',(1.84,5.5,0.160000000000009));
#5162=VECTOR('',#6203,1.0);
#5163=CARTESIAN_POINT('',(1.85,5.5,-3.53960121017325E-15));
#5164=VECTOR('',#6204,1.0);
#5165=CARTESIAN_POINT('',(0.625,5.5,1.0));
#5166=VECTOR('',#6205,1.0);
#5167=CARTESIAN_POINT('',(-4.84,4.62,0.260000000000006));
#5168=CARTESIAN_POINT('',(-4.84,4.52,0.160000000000009));
#5169=VECTOR('',#6206,1.0);
#5170=CARTESIAN_POINT('',(-4.85,4.62,0.260000000000006));
#5171=CARTESIAN_POINT('',(-4.84,4.62,0.260000000000006));
#5172=VECTOR('',#6207,1.0);
#5173=CARTESIAN_POINT('',(-4.84,4.62,0.260000000000006));
#5174=VECTOR('',#6208,1.0);
#5175=CARTESIAN_POINT('',(-4.85,4.2,0.260000000000006));
#5176=VECTOR('',#6209,1.0);
#5177=CARTESIAN_POINT('',(-4.84,4.62,0.260000000000006));
#5178=VECTOR('',#6210,1.0);
#5179=CARTESIAN_POINT('',(1.85,4.2,0.850000000000006));
#5180=CARTESIAN_POINT('',(1.85,4.2,1.18));
#5181=VECTOR('',#6211,1.0);
#5182=CARTESIAN_POINT('',(2.0,4.2,0.850000000000006));
#5183=CARTESIAN_POINT('',(-4.63299999999995,4.2,0.850000000000006));
#5184=VECTOR('',#6212,1.0);
#5185=CARTESIAN_POINT('',(2.0,4.2,1.18000000000001));
#5186=VECTOR('',#6213,1.0);
#5187=CARTESIAN_POINT('',(2.0,4.05,0.850000000000006));
#5188=CARTESIAN_POINT('',(2.0,4.05,0.850000000000006));
#5189=VECTOR('',#6214,1.0);
#5190=CARTESIAN_POINT('',(2.0,4.05,0.930000000000003));
#5191=CARTESIAN_POINT('',(2.0,4.05,1.13));
#5192=VECTOR('',#6215,1.0);
#5193=CARTESIAN_POINT('',(2.0,3.04,0.930000000000004));
#5194=CARTESIAN_POINT('',(2.0,3.42,0.930000000000004));
#5195=VECTOR('',#6216,1.0);
#5196=CARTESIAN_POINT('',(2.0,3.04,0.330000000000006));
#5197=CARTESIAN_POINT('',(2.0,3.04,0.330000000000006));
#5198=VECTOR('',#6217,1.0);
#5199=CARTESIAN_POINT('',(2.0,2.5,0.330000000000006));
#5200=CARTESIAN_POINT('',(2.0,2.5,0.330000000000006));
#5201=VECTOR('',#6218,1.0);
#5202=CARTESIAN_POINT('',(2.0,2.5,0.930000000000004));
#5203=CARTESIAN_POINT('',(2.0,2.5,1.13000000000001));
#5204=VECTOR('',#6219,1.0);
#5205=CARTESIAN_POINT('',(2.0,2.2,0.930000000000004));
#5206=CARTESIAN_POINT('',(2.0,3.42,0.930000000000004));
#5207=VECTOR('',#6220,1.0);
#5208=CARTESIAN_POINT('',(2.0,2.2,0.250000000000003));
#5209=CARTESIAN_POINT('',(2.0,2.2,0.250000000000003));
#5210=VECTOR('',#6221,1.0);
#5211=CARTESIAN_POINT('',(2.0,3.25,0.250000000000003));
#5212=CARTESIAN_POINT('',(2.0,3.42,0.250000000000003));
#5213=VECTOR('',#6222,1.0);
#5214=CARTESIAN_POINT('',(2.0,3.25,0.300000000000006));
#5215=CARTESIAN_POINT('',(2.0,3.25,0.300000000000006));
#5216=VECTOR('',#6223,1.0);
#5217=CARTESIAN_POINT('',(2.0,3.42,0.300000000000006));
#5218=CARTESIAN_POINT('',(2.0,3.42,0.300000000000006));
#5219=VECTOR('',#6224,1.0);
#5220=CARTESIAN_POINT('',(2.0,3.42,0.170000000000003));
#5221=CARTESIAN_POINT('',(2.0,3.42,0.930000000000004));
#5222=VECTOR('',#6225,1.0);
#5223=CARTESIAN_POINT('',(2.0,4.42,0.170000000000003));
#5224=CARTESIAN_POINT('',(2.0,4.42,0.170000000000003));
#5225=VECTOR('',#6226,1.0);
#5226=CARTESIAN_POINT('',(2.0,4.42,0.260000000000006));
#5227=CARTESIAN_POINT('',(2.0,4.42,0.930000000000004));
#5228=VECTOR('',#6227,1.0);
#5229=CARTESIAN_POINT('',(2.0,4.2,0.260000000000006));
#5230=VECTOR('',#6228,1.0);
#5231=CARTESIAN_POINT('',(1.85,4.42,0.260000000000006));
#5232=CARTESIAN_POINT('',(1.85,4.2,0.260000000000006));
#5233=VECTOR('',#6229,1.0);
#5234=CARTESIAN_POINT('',(1.85,4.42,0.170000000000003));
#5235=CARTESIAN_POINT('',(1.85,4.42,0.170000000000003));
#5236=VECTOR('',#6230,1.0);
#5237=CARTESIAN_POINT('',(1.85,3.42,0.170000000000003));
#5238=CARTESIAN_POINT('',(1.85,4.42,0.170000000000003));
#5239=VECTOR('',#6231,1.0);
#5240=CARTESIAN_POINT('',(1.84999999999999,3.42,0.300000000000006));
#5241=CARTESIAN_POINT('',(1.85,3.42,0.170000000000003));
#5242=VECTOR('',#6232,1.0);
#5243=CARTESIAN_POINT('',(1.84999999999999,3.25,0.300000000000006));
#5244=CARTESIAN_POINT('',(1.85,3.42,0.300000000000006));
#5245=VECTOR('',#6233,1.0);
#5246=CARTESIAN_POINT('',(1.85,3.25,0.250000000000003));
#5247=CARTESIAN_POINT('',(1.85,3.25,0.930000000000004));
#5248=VECTOR('',#6234,1.0);
#5249=CARTESIAN_POINT('',(1.85,2.2,0.250000000000003));
#5250=CARTESIAN_POINT('',(1.85,3.42,0.250000000000003));
#5251=VECTOR('',#6235,1.0);
#5252=CARTESIAN_POINT('',(1.85,2.2,0.930000000000004));
#5253=CARTESIAN_POINT('',(1.85,2.2,0.930000000000004));
#5254=VECTOR('',#6236,1.0);
#5255=CARTESIAN_POINT('',(1.85,2.5,0.930000000000004));
#5256=CARTESIAN_POINT('',(1.85,3.42,0.930000000000004));
#5257=VECTOR('',#6237,1.0);
#5258=CARTESIAN_POINT('',(1.85,2.5,0.330000000000006));
#5259=CARTESIAN_POINT('',(1.85,2.5,0.930000000000004));
#5260=VECTOR('',#6238,1.0);
#5261=CARTESIAN_POINT('',(1.85,3.04,0.330000000000006));
#5262=CARTESIAN_POINT('',(1.85,3.42,0.330000000000006));
#5263=VECTOR('',#6239,1.0);
#5264=CARTESIAN_POINT('',(1.85,3.04,0.930000000000004));
#5265=CARTESIAN_POINT('',(1.85,3.04,0.930000000000004));
#5266=VECTOR('',#6240,1.0);
#5267=CARTESIAN_POINT('',(1.85,4.05,0.930000000000004));
#5268=CARTESIAN_POINT('',(1.85,3.42,0.930000000000004));
#5269=VECTOR('',#6241,1.0);
#5270=CARTESIAN_POINT('',(1.85,4.05,0.850000000000006));
#5271=CARTESIAN_POINT('',(1.85,4.05,0.930000000000004));
#5272=VECTOR('',#6242,1.0);
#5273=CARTESIAN_POINT('',(1.85,3.42,0.850000000000006));
#5274=VECTOR('',#6243,1.0);
#5275=CARTESIAN_POINT('',(1.8,2.5,1.13000000000001));
#5276=AXIS2_PLACEMENT_3D('',#6244,#6245,#6246);
#5277=CARTESIAN_POINT('',(1.8,2.2,1.13));
#5278=CARTESIAN_POINT('',(1.8,3.42,1.13));
#5279=VECTOR('',#6247,1.0);
#5280=AXIS2_PLACEMENT_3D('',#6248,#6249,#6250);
#5281=CARTESIAN_POINT('',(1.75,3.04,1.13000000000001));
#5282=CARTESIAN_POINT('',(1.75,2.5,1.13000000000001));
#5283=CARTESIAN_POINT('',(1.75,3.04,1.13000000000001));
#5284=VECTOR('',#6251,1.0);
#5285=CARTESIAN_POINT('',(1.8,3.04,1.13000000000001));
#5286=CARTESIAN_POINT('',(1.75,3.04,1.13000000000001));
#5287=VECTOR('',#6252,1.0);
#5288=CARTESIAN_POINT('',(1.8,4.05,1.13));
#5289=CARTESIAN_POINT('',(1.8,3.42,1.13));
#5290=VECTOR('',#6253,1.0);
#5291=CARTESIAN_POINT('',(1.33,4.05,1.13));
#5292=CARTESIAN_POINT('',(-4.63299999999995,4.05,1.13));
#5293=VECTOR('',#6254,1.0);
#5294=CARTESIAN_POINT('',(1.33,2.2,1.13000000000001));
#5295=CARTESIAN_POINT('',(1.33,3.42,1.13000000000001));
#5296=VECTOR('',#6255,1.0);
#5297=CARTESIAN_POINT('',(1.8,2.2,1.13000000000001));
#5298=VECTOR('',#6256,1.0);
#5299=CARTESIAN_POINT('',(1.75,2.5,1.13000000000001));
#5300=VECTOR('',#6257,1.0);
#5301=CARTESIAN_POINT('',(1.8,2.5,0.980000000000004));
#5302=AXIS2_PLACEMENT_3D('',#6258,#6259,#6260);
#5303=CARTESIAN_POINT('',(1.8,2.2,0.980000000000006));
#5304=AXIS2_PLACEMENT_3D('',#6261,#6262,#6263);
#5305=CARTESIAN_POINT('',(1.8,3.42,0.980000000000006));
#5306=VECTOR('',#6264,1.0);
#5307=CARTESIAN_POINT('',(1.33,3.25,0.200000000000005));
#5308=CARTESIAN_POINT('',(1.33,2.2,0.200000000000005));
#5309=CARTESIAN_POINT('',(1.33,3.42,0.200000000000005));
#5310=VECTOR('',#6265,1.0);
#5311=CARTESIAN_POINT('',(1.33,3.25,0.0499999999999953));
#5312=CARTESIAN_POINT('',(1.33,3.25,0.299999999999997));
#5313=VECTOR('',#6266,1.0);
#5314=CARTESIAN_POINT('',(1.33,2.2,0.0500000000000048));
#5315=CARTESIAN_POINT('',(1.33,3.42,0.0500000000000048));
#5316=VECTOR('',#6267,1.0);
#5317=CARTESIAN_POINT('',(1.33,2.2,0.200000000000005));
#5318=VECTOR('',#6268,1.0);
#5319=CARTESIAN_POINT('',(1.8,3.25,0.0499999999999954));
#5320=CARTESIAN_POINT('',(-4.63299999999995,3.25,0.0499999999999953));
#5321=VECTOR('',#6269,1.0);
#5322=CARTESIAN_POINT('',(1.8,2.2,0.0500000000000054));
#5323=CARTESIAN_POINT('',(1.8,3.42,0.0500000000000054));
#5324=VECTOR('',#6270,1.0);
#5325=CARTESIAN_POINT('',(1.33,2.2,0.0500000000000048));
#5326=VECTOR('',#6271,1.0);
#5327=CARTESIAN_POINT('',(1.33,4.05,0.980000000000006));
#5328=CARTESIAN_POINT('',(1.33,4.05,1.12999999999999));
#5329=VECTOR('',#6272,1.0);
#5330=CARTESIAN_POINT('',(1.33,2.2,0.980000000000005));
#5331=CARTESIAN_POINT('',(1.33,3.42,0.980000000000005));
#5332=VECTOR('',#6273,1.0);
#5333=CARTESIAN_POINT('',(1.33,2.2,1.13000000000001));
#5334=VECTOR('',#6274,1.0);
#5335=CARTESIAN_POINT('',(1.8,4.42,0.260000000000006));
#5336=VECTOR('',#6275,1.0);
#5337=CARTESIAN_POINT('',(2.1,4.42,0.0700000000000035));
#5338=AXIS2_PLACEMENT_3D('',#6276,#6277,#6278);
#5339=CARTESIAN_POINT('',(2.8,4.42,0.0700000000000064));
#5340=CARTESIAN_POINT('',(2.1,4.42,0.0700000000000057));
#5341=VECTOR('',#6279,1.0);
#5342=CARTESIAN_POINT('',(2.8,4.42,-0.0799999999999936));
#5343=CARTESIAN_POINT('',(2.8,4.42,0.0700000000000064));
#5344=VECTOR('',#6280,1.0);
#5345=CARTESIAN_POINT('',(2.1,4.42,-0.0799999999999943));
#5346=CARTESIAN_POINT('',(2.8,4.42,-0.0799999999999936));
#5347=VECTOR('',#6281,1.0);
#5348=AXIS2_PLACEMENT_3D('',#6282,#6283,#6284);
#5349=AXIS2_PLACEMENT_3D('',#6285,#6286,#6287);
#5350=AXIS2_PLACEMENT_3D('',#6288,#6289,#6290);
#5351=AXIS2_PLACEMENT_3D('',#6291,#6292,#6293);
#5352=AXIS2_PLACEMENT_3D('',#6294,#6295,#6296);
#5353=CARTESIAN_POINT('',(1.75,2.5,0.980000000000006));
#5354=CARTESIAN_POINT('',(1.33,2.5,0.980000000000005));
#5355=VECTOR('',#6297,1.0);
#5356=CARTESIAN_POINT('',(1.33,2.2,0.980000000000005));
#5357=VECTOR('',#6298,1.0);
#5358=CARTESIAN_POINT('',(1.8,4.05,0.980000000000004));
#5359=CARTESIAN_POINT('',(1.33,4.05,0.980000000000005));
#5360=VECTOR('',#6299,1.0);
#5361=CARTESIAN_POINT('',(1.8,3.04,0.980000000000004));
#5362=CARTESIAN_POINT('',(1.8,3.42,0.980000000000006));
#5363=VECTOR('',#6300,1.0);
#5364=CARTESIAN_POINT('',(1.75,3.04,0.980000000000006));
#5365=CARTESIAN_POINT('',(1.33,3.04,0.980000000000005));
#5366=VECTOR('',#6301,1.0);
#5367=CARTESIAN_POINT('',(1.75,3.42,0.980000000000006));
#5368=VECTOR('',#6302,1.0);
#5369=AXIS2_PLACEMENT_3D('',#6303,#6304,#6305);
#5370=AXIS2_PLACEMENT_3D('',#6306,#6307,#6308);
#5371=CARTESIAN_POINT('',(1.8,3.25,0.200000000000005));
#5372=AXIS2_PLACEMENT_3D('',#6309,#6310,#6311);
#5373=CARTESIAN_POINT('',(1.8,2.2,0.200000000000003));
#5374=CARTESIAN_POINT('',(1.8,3.42,0.200000000000003));
#5375=VECTOR('',#6312,1.0);
#5376=AXIS2_PLACEMENT_3D('',#6313,#6314,#6315);
#5377=CARTESIAN_POINT('',(1.8,3.25,0.200000000000005));
#5378=VECTOR('',#6316,1.0);
#5379=CARTESIAN_POINT('',(1.8,2.2,0.200000000000005));
#5380=VECTOR('',#6317,1.0);
#5381=CARTESIAN_POINT('',(2.1,3.42,0.0700000000000035));
#5382=AXIS2_PLACEMENT_3D('',#6318,#6319,#6320);
#5383=CARTESIAN_POINT('',(2.1,4.42,0.0700000000000035));
#5384=VECTOR('',#6321,1.0);
#5385=CARTESIAN_POINT('',(2.8,3.42,0.0700000000000064));
#5386=CARTESIAN_POINT('',(2.1,3.42,0.0700000000000057));
#5387=VECTOR('',#6322,1.0);
#5388=CARTESIAN_POINT('',(2.8,4.42,0.0700000000000064));
#5389=VECTOR('',#6323,1.0);
#5390=CARTESIAN_POINT('',(2.8,3.42,-0.0799999999999936));
#5391=CARTESIAN_POINT('',(2.8,3.42,0.0700000000000064));
#5392=VECTOR('',#6324,1.0);
#5393=CARTESIAN_POINT('',(2.8,4.42,-0.0799999999999936));
#5394=VECTOR('',#6325,1.0);
#5395=CARTESIAN_POINT('',(2.1,3.42,-0.0799999999999943));
#5396=CARTESIAN_POINT('',(2.8,3.42,-0.0799999999999936));
#5397=VECTOR('',#6326,1.0);
#5398=CARTESIAN_POINT('',(2.1,4.42,-0.0799999999999943));
#5399=VECTOR('',#6327,1.0);
#5400=AXIS2_PLACEMENT_3D('',#6328,#6329,#6330);
#5401=CARTESIAN_POINT('',(-4.63299999999995,3.42,0.300000000000006));
#5402=VECTOR('',#6331,1.0);
#5403=CARTESIAN_POINT('',(-4.63299999999995,3.25,0.300000000000006));
#5404=VECTOR('',#6332,1.0);
#5405=CARTESIAN_POINT('',(-4.63299999999995,4.05,0.850000000000006));
#5406=VECTOR('',#6333,1.0);
#5407=CARTESIAN_POINT('',(1.75,2.5,0.330000000000006));
#5408=VECTOR('',#6334,1.0);
#5409=CARTESIAN_POINT('',(1.75,2.5,1.13000000000001));
#5410=VECTOR('',#6335,1.0);
#5411=CARTESIAN_POINT('',(1.75,3.04,0.330000000000006));
#5412=VECTOR('',#6336,1.0);
#5413=CARTESIAN_POINT('',(1.75,3.04,0.330000000000006));
#5414=VECTOR('',#6337,1.0);
#5415=CARTESIAN_POINT('',(-4.85,4.42,0.260000000000006));
#5416=CARTESIAN_POINT('',(-4.85,4.2,0.260000000000006));
#5417=VECTOR('',#6338,1.0);
#5418=CARTESIAN_POINT('',(-5.0,4.42,0.260000000000006));
#5419=CARTESIAN_POINT('',(-4.8,4.42,0.260000000000006));
#5420=VECTOR('',#6339,1.0);
#5421=CARTESIAN_POINT('',(-4.99999999999999,4.2,0.260000000000006));
#5422=VECTOR('',#6340,1.0);
#5423=CARTESIAN_POINT('',(-4.85,4.2,0.850000000000006));
#5424=CARTESIAN_POINT('',(-4.85,4.2,1.18));
#5425=VECTOR('',#6341,1.0);
#5426=CARTESIAN_POINT('',(-5.0,4.2,0.850000000000006));
#5427=CARTESIAN_POINT('',(-4.99999999999999,4.2,1.18000000000001));
#5428=VECTOR('',#6342,1.0);
#5429=CARTESIAN_POINT('',(1.63299999999994,4.2,0.850000000000006));
#5430=VECTOR('',#6343,1.0);
#5431=CARTESIAN_POINT('',(-4.85,4.05,0.850000000000006));
#5432=CARTESIAN_POINT('',(-4.85,3.42,0.850000000000006));
#5433=VECTOR('',#6344,1.0);
#5434=CARTESIAN_POINT('',(-4.85,4.05,0.930000000000004));
#5435=CARTESIAN_POINT('',(-4.85,4.05,0.930000000000004));
#5436=VECTOR('',#6345,1.0);
#5437=CARTESIAN_POINT('',(-4.85,3.04,0.930000000000004));
#5438=CARTESIAN_POINT('',(-4.85,3.42,0.930000000000004));
#5439=VECTOR('',#6346,1.0);
#5440=CARTESIAN_POINT('',(-4.85,3.04,0.330000000000006));
#5441=CARTESIAN_POINT('',(-4.85,3.04,0.930000000000004));
#5442=VECTOR('',#6347,1.0);
#5443=CARTESIAN_POINT('',(-4.85,2.5,0.330000000000006));
#5444=CARTESIAN_POINT('',(-4.85,3.42,0.330000000000006));
#5445=VECTOR('',#6348,1.0);
#5446=CARTESIAN_POINT('',(-4.85,2.5,0.930000000000004));
#5447=CARTESIAN_POINT('',(-4.85,2.5,0.930000000000004));
#5448=VECTOR('',#6349,1.0);
#5449=CARTESIAN_POINT('',(-4.85,2.2,0.930000000000004));
#5450=CARTESIAN_POINT('',(-4.85,3.42,0.930000000000004));
#5451=VECTOR('',#6350,1.0);
#5452=CARTESIAN_POINT('',(-4.85,2.2,0.250000000000003));
#5453=CARTESIAN_POINT('',(-4.85,2.2,0.930000000000004));
#5454=VECTOR('',#6351,1.0);
#5455=CARTESIAN_POINT('',(-4.85,3.25,0.250000000000003));
#5456=CARTESIAN_POINT('',(-4.85,3.42,0.250000000000003));
#5457=VECTOR('',#6352,1.0);
#5458=CARTESIAN_POINT('',(-4.85,3.25,0.300000000000006));
#5459=CARTESIAN_POINT('',(-4.85,3.25,0.930000000000004));
#5460=VECTOR('',#6353,1.0);
#5461=CARTESIAN_POINT('',(-4.85,3.42,0.300000000000006));
#5462=CARTESIAN_POINT('',(-4.85,3.42,0.300000000000006));
#5463=VECTOR('',#6354,1.0);
#5464=CARTESIAN_POINT('',(-4.85,3.42,0.170000000000003));
#5465=CARTESIAN_POINT('',(-4.85,3.42,0.170000000000003));
#5466=VECTOR('',#6355,1.0);
#5467=CARTESIAN_POINT('',(-4.85,4.42,0.170000000000003));
#5468=CARTESIAN_POINT('',(-4.85,4.42,0.170000000000003));
#5469=VECTOR('',#6356,1.0);
#5470=CARTESIAN_POINT('',(-4.85,4.42,0.170000000000003));
#5471=VECTOR('',#6357,1.0);
#5472=CARTESIAN_POINT('',(-5.0,4.42,0.170000000000003));
#5473=CARTESIAN_POINT('',(-5.0,4.42,0.930000000000004));
#5474=VECTOR('',#6358,1.0);
#5475=CARTESIAN_POINT('',(-5.0,3.42,0.170000000000003));
#5476=CARTESIAN_POINT('',(-5.0,4.42,0.170000000000003));
#5477=VECTOR('',#6359,1.0);
#5478=CARTESIAN_POINT('',(-5.0,3.42,0.300000000000006));
#5479=CARTESIAN_POINT('',(-5.0,3.42,0.930000000000004));
#5480=VECTOR('',#6360,1.0);
#5481=CARTESIAN_POINT('',(-5.0,3.25,0.300000000000006));
#5482=CARTESIAN_POINT('',(-5.0,3.25,0.300000000000006));
#5483=VECTOR('',#6361,1.0);
#5484=CARTESIAN_POINT('',(-5.0,3.25,0.250000000000002));
#5485=CARTESIAN_POINT('',(-5.0,3.25,0.0499999999999953));
#5486=VECTOR('',#6362,1.0);
#5487=CARTESIAN_POINT('',(-5.0,2.2,0.250000000000002));
#5488=CARTESIAN_POINT('',(-5.0,3.42,0.250000000000002));
#5489=VECTOR('',#6363,1.0);
#5490=CARTESIAN_POINT('',(-5.0,2.2,0.930000000000004));
#5491=CARTESIAN_POINT('',(-5.0,2.2,0.250000000000003));
#5492=VECTOR('',#6364,1.0);
#5493=CARTESIAN_POINT('',(-5.0,2.5,0.930000000000002));
#5494=CARTESIAN_POINT('',(-5.0,3.42,0.930000000000004));
#5495=VECTOR('',#6365,1.0);
#5496=CARTESIAN_POINT('',(-5.0,2.5,0.330000000000006));
#5497=CARTESIAN_POINT('',(-5.0,2.5,1.13000000000001));
#5498=VECTOR('',#6366,1.0);
#5499=CARTESIAN_POINT('',(-5.0,3.04,0.330000000000006));
#5500=CARTESIAN_POINT('',(-5.0,2.5,0.330000000000006));
#5501=VECTOR('',#6367,1.0);
#5502=CARTESIAN_POINT('',(-5.0,3.04,0.930000000000002));
#5503=CARTESIAN_POINT('',(-5.0,3.04,0.330000000000006));
#5504=VECTOR('',#6368,1.0);
#5505=CARTESIAN_POINT('',(-5.0,4.05,0.930000000000001));
#5506=CARTESIAN_POINT('',(-5.0,3.42,0.930000000000004));
#5507=VECTOR('',#6369,1.0);
#5508=CARTESIAN_POINT('',(-5.0,4.05,0.850000000000006));
#5509=CARTESIAN_POINT('',(-5.0,4.05,0.850000000000006));
#5510=VECTOR('',#6370,1.0);
#5511=CARTESIAN_POINT('',(-5.0,4.42,0.850000000000006));
#5512=VECTOR('',#6371,1.0);
#5513=CARTESIAN_POINT('',(-5.1,4.42,-0.0799999999999943));
#5514=AXIS2_PLACEMENT_3D('',#6372,#6373,#6374);
#5515=CARTESIAN_POINT('',(-5.8,4.42,-0.0799999999999936));
#5516=CARTESIAN_POINT('',(-5.8,4.42,-0.0799999999999936));
#5517=VECTOR('',#6375,1.0);
#5518=CARTESIAN_POINT('',(-5.8,4.42,0.0700000000000064));
#5519=CARTESIAN_POINT('',(-5.8,4.42,0.0700000000000064));
#5520=VECTOR('',#6376,1.0);
#5521=CARTESIAN_POINT('',(-5.1,4.42,0.0700000000000035));
#5522=CARTESIAN_POINT('',(-5.1,4.42,0.0700000000000057));
#5523=VECTOR('',#6377,1.0);
#5524=AXIS2_PLACEMENT_3D('',#6378,#6379,#6380);
#5525=CARTESIAN_POINT('',(1.63299999999995,4.05,0.850000000000006));
#5526=VECTOR('',#6381,1.0);
#5527=CARTESIAN_POINT('',(-4.8,2.5,1.13000000000001));
#5528=AXIS2_PLACEMENT_3D('',#6382,#6383,#6384);
#5529=CARTESIAN_POINT('',(-4.8,2.2,1.13));
#5530=AXIS2_PLACEMENT_3D('',#6385,#6386,#6387);
#5531=CARTESIAN_POINT('',(-4.8,3.42,1.13));
#5532=VECTOR('',#6388,1.0);
#5533=CARTESIAN_POINT('',(-4.8,3.04,1.13000000000001));
#5534=AXIS2_PLACEMENT_3D('',#6389,#6390,#6391);
#5535=CARTESIAN_POINT('',(-4.8,4.05,1.13));
#5536=CARTESIAN_POINT('',(-4.8,3.42,1.13));
#5537=VECTOR('',#6392,1.0);
#5538=AXIS2_PLACEMENT_3D('',#6393,#6394,#6395);
#5539=CARTESIAN_POINT('',(-4.8,2.5,0.980000000000004));
#5540=CARTESIAN_POINT('',(-4.75,2.5,0.980000000000006));
#5541=CARTESIAN_POINT('',(-4.33,2.5,0.980000000000005));
#5542=VECTOR('',#6396,1.0);
#5543=CARTESIAN_POINT('',(-4.75,3.04,0.980000000000006));
#5544=CARTESIAN_POINT('',(-4.75,3.42,0.980000000000006));
#5545=VECTOR('',#6397,1.0);
#5546=CARTESIAN_POINT('',(-4.8,3.04,0.980000000000004));
#5547=CARTESIAN_POINT('',(-4.33,3.04,0.980000000000005));
#5548=VECTOR('',#6398,1.0);
#5549=CARTESIAN_POINT('',(-4.8,4.05,0.980000000000004));
#5550=CARTESIAN_POINT('',(-4.8,3.42,0.980000000000006));
#5551=VECTOR('',#6399,1.0);
#5552=CARTESIAN_POINT('',(-4.33000000000001,4.05,0.980000000000006));
#5553=CARTESIAN_POINT('',(-4.33,4.05,0.980000000000005));
#5554=VECTOR('',#6400,1.0);
#5555=CARTESIAN_POINT('',(-4.33,2.2,0.980000000000005));
#5556=CARTESIAN_POINT('',(-4.33,3.42,0.980000000000005));
#5557=VECTOR('',#6401,1.0);
#5558=CARTESIAN_POINT('',(-4.8,2.2,0.980000000000006));
#5559=CARTESIAN_POINT('',(-4.33,2.2,0.980000000000005));
#5560=VECTOR('',#6402,1.0);
#5561=CARTESIAN_POINT('',(-4.8,3.42,0.980000000000006));
#5562=VECTOR('',#6403,1.0);
#5563=AXIS2_PLACEMENT_3D('',#6404,#6405,#6406);
#5564=AXIS2_PLACEMENT_3D('',#6407,#6408,#6409);
#5565=AXIS2_PLACEMENT_3D('',#6410,#6411,#6412);
#5566=AXIS2_PLACEMENT_3D('',#6413,#6414,#6415);
#5567=CARTESIAN_POINT('',(-4.33,3.25,0.200000000000005));
#5568=CARTESIAN_POINT('',(-4.33,3.25,0.0499999999999953));
#5569=CARTESIAN_POINT('',(-4.33,3.25,0.0499999999999608));
#5570=VECTOR('',#6416,1.0);
#5571=CARTESIAN_POINT('',(-4.33,2.2,0.200000000000005));
#5572=CARTESIAN_POINT('',(-4.33,3.42,0.200000000000005));
#5573=VECTOR('',#6417,1.0);
#5574=CARTESIAN_POINT('',(-4.33,2.2,0.0500000000000048));
#5575=CARTESIAN_POINT('',(-4.33,2.2,0.200000000000005));
#5576=VECTOR('',#6418,1.0);
#5577=CARTESIAN_POINT('',(-4.33,3.42,0.0500000000000048));
#5578=VECTOR('',#6419,1.0);
#5579=CARTESIAN_POINT('',(-4.8,3.25,0.0499999999999953));
#5580=CARTESIAN_POINT('',(1.63299999999995,3.25,0.0499999999999953));
#5581=VECTOR('',#6420,1.0);
#5582=CARTESIAN_POINT('',(-4.8,2.2,0.0500000000000054));
#5583=CARTESIAN_POINT('',(-4.33,2.2,0.0500000000000048));
#5584=VECTOR('',#6421,1.0);
#5585=CARTESIAN_POINT('',(-4.8,3.42,0.0500000000000054));
#5586=VECTOR('',#6422,1.0);
#5587=CARTESIAN_POINT('',(-4.33000000000001,4.05,1.13));
#5588=CARTESIAN_POINT('',(-4.33,4.05,0.849999999999971));
#5589=VECTOR('',#6423,1.0);
#5590=CARTESIAN_POINT('',(-4.33,2.2,1.13000000000001));
#5591=CARTESIAN_POINT('',(-4.33,3.42,1.13000000000001));
#5592=VECTOR('',#6424,1.0);
#5593=CARTESIAN_POINT('',(-4.33,2.2,1.13000000000001));
#5594=VECTOR('',#6425,1.0);
#5595=AXIS2_PLACEMENT_3D('',#6426,#6427,#6428);
#5596=AXIS2_PLACEMENT_3D('',#6429,#6430,#6431);
#5597=CARTESIAN_POINT('',(-4.75,3.04,1.13000000000001));
#5598=CARTESIAN_POINT('',(-4.75,2.5,1.13000000000001));
#5599=CARTESIAN_POINT('',(-4.75,3.04,1.13000000000001));
#5600=VECTOR('',#6432,1.0);
#5601=CARTESIAN_POINT('',(-4.75,2.5,1.13000000000001));
#5602=VECTOR('',#6433,1.0);
#5603=CARTESIAN_POINT('',(-4.8,2.2,1.13000000000001));
#5604=VECTOR('',#6434,1.0);
#5605=CARTESIAN_POINT('',(1.63299999999995,4.05,1.13));
#5606=VECTOR('',#6435,1.0);
#5607=CARTESIAN_POINT('',(-4.75,3.04,1.13000000000001));
#5608=VECTOR('',#6436,1.0);
#5609=CARTESIAN_POINT('',(-4.8,3.25,0.200000000000005));
#5610=CARTESIAN_POINT('',(-4.8,2.2,0.200000000000004));
#5611=CARTESIAN_POINT('',(-4.8,3.42,0.200000000000004));
#5612=VECTOR('',#6437,1.0);
#5613=AXIS2_PLACEMENT_3D('',#6438,#6439,#6440);
#5614=AXIS2_PLACEMENT_3D('',#6441,#6442,#6443);
#5615=CARTESIAN_POINT('',(-4.8,3.25,0.200000000000005));
#5616=VECTOR('',#6444,1.0);
#5617=CARTESIAN_POINT('',(-4.8,2.2,0.200000000000005));
#5618=VECTOR('',#6445,1.0);
#5619=CARTESIAN_POINT('',(-5.1,3.42,0.0700000000000035));
#5620=AXIS2_PLACEMENT_3D('',#6446,#6447,#6448);
#5621=CARTESIAN_POINT('',(-5.1,4.42,0.0700000000000035));
#5622=VECTOR('',#6449,1.0);
#5623=CARTESIAN_POINT('',(-5.8,3.42,0.0700000000000064));
#5624=CARTESIAN_POINT('',(-5.1,3.42,0.0700000000000057));
#5625=VECTOR('',#6450,1.0);
#5626=CARTESIAN_POINT('',(-5.8,4.42,0.0700000000000064));
#5627=VECTOR('',#6451,1.0);
#5628=CARTESIAN_POINT('',(-5.8,3.42,-0.0799999999999936));
#5629=CARTESIAN_POINT('',(-5.8,3.42,0.0700000000000064));
#5630=VECTOR('',#6452,1.0);
#5631=CARTESIAN_POINT('',(-5.8,4.42,-0.0799999999999936));
#5632=VECTOR('',#6453,1.0);
#5633=CARTESIAN_POINT('',(-5.1,3.42,-0.0799999999999943));
#5634=CARTESIAN_POINT('',(-5.8,3.42,-0.0799999999999936));
#5635=VECTOR('',#6454,1.0);
#5636=CARTESIAN_POINT('',(-5.1,4.42,-0.0799999999999943));
#5637=VECTOR('',#6455,1.0);
#5638=AXIS2_PLACEMENT_3D('',#6456,#6457,#6458);
#5639=CARTESIAN_POINT('',(1.63299999999994,3.42,0.300000000000006));
#5640=VECTOR('',#6459,1.0);
#5641=CARTESIAN_POINT('',(1.63299999999995,3.25,0.300000000000006));
#5642=VECTOR('',#6460,1.0);
#5643=CARTESIAN_POINT('',(-4.75,2.5,1.13000000000001));
#5644=VECTOR('',#6461,1.0);
#5645=CARTESIAN_POINT('',(-4.75,3.04,0.330000000000006));
#5646=VECTOR('',#6462,1.0);
#5647=CARTESIAN_POINT('',(-4.75,2.5,0.330000000000006));
#5648=VECTOR('',#6463,1.0);
#5649=CARTESIAN_POINT('',(-4.75,3.04,0.330000000000006));
#5650=VECTOR('',#6464,1.0);
#5651=CARTESIAN_POINT('',(-3.1,3.45,1.41));
#5652=CARTESIAN_POINT('',(-3.1,3.45,1.41));
#5653=VECTOR('',#6465,1.0);
#5654=CARTESIAN_POINT('',(-3.3,3.85,1.41));
#5655=CARTESIAN_POINT('',(-3.3,3.85,1.41));
#5656=VECTOR('',#6466,1.0);
#5657=CARTESIAN_POINT('',(-3.3,3.85,1.41));
#5658=VECTOR('',#6467,1.0);
#5659=CARTESIAN_POINT('',(-2.9,3.85,1.41));
#5660=CARTESIAN_POINT('',(-2.9,3.85,1.41));
#5661=VECTOR('',#6468,1.0);
#5662=CARTESIAN_POINT('',(-3.1,3.45,1.41));
#5663=VECTOR('',#6469,1.0);
#5664=CARTESIAN_POINT('',(-2.9,3.85,1.41));
#5665=VECTOR('',#6470,1.0);
#5666=CARTESIAN_POINT('',(-1.12,5.06,0.300000000000001));
#5667=CARTESIAN_POINT('',(-1.12,5.06,0.300000000000003));
#5668=VECTOR('',#6471,1.0);
#5669=CARTESIAN_POINT('',(-1.12,3.35,0.300000000000003));
#5670=CARTESIAN_POINT('',(-1.12,3.35,0.300000000000003));
#5671=VECTOR('',#6472,1.0);
#5672=CARTESIAN_POINT('',(-1.12,3.5,0.300000000000003));
#5673=CARTESIAN_POINT('',(-1.12,3.35,0.300000000000003));
#5674=VECTOR('',#6473,1.0);
#5675=CARTESIAN_POINT('',(-1.12,3.35,0.300000000000003));
#5676=VECTOR('',#6474,1.0);
#5677=CARTESIAN_POINT('',(-0.879999999999997,5.06,0.300000000000003));
#5678=CARTESIAN_POINT('',(-0.879999999999997,5.06,0.160000000000003));
#5679=VECTOR('',#6475,1.0);
#5680=CARTESIAN_POINT('',(-0.879999999999997,3.5,0.300000000000003));
#5681=CARTESIAN_POINT('',(-0.879999999999997,3.35,0.300000000000003));
#5682=VECTOR('',#6476,1.0);
#5683=CARTESIAN_POINT('',(-0.879999999999997,3.35,0.300000000000003));
#5684=CARTESIAN_POINT('',(-0.879999999999997,3.35,0.300000000000003));
#5685=VECTOR('',#6477,1.0);
#5686=CARTESIAN_POINT('',(-0.879999999999997,3.35,0.160000000000003));
#5687=VECTOR('',#6478,1.0);
#5688=CARTESIAN_POINT('',(-0.875,3.5,0.300000000000001));
#5689=VECTOR('',#6479,1.0);
#5690=CARTESIAN_POINT('',(-0.879999999999997,3.35,0.300000000000003));
#5691=VECTOR('',#6480,1.0);
#5692=CARTESIAN_POINT('',(-0.879999999999997,5.06,0.300000000000003));
#5693=VECTOR('',#6481,1.0);
#5694=CARTESIAN_POINT('',(-0.875,3.5,0.300000000000001));
#5695=CARTESIAN_POINT('',(-0.875,3.5,0.300000000000001));
#5696=VECTOR('',#6482,1.0);
#5697=CARTESIAN_POINT('',(-0.875,3.5,0.300000000000001));
#5698=VECTOR('',#6483,1.0);
#5699=CARTESIAN_POINT('',(-1.125,3.5,0.300000000000001));
#5700=CARTESIAN_POINT('',(-0.875,3.5,0.300000000000001));
#5701=VECTOR('',#6484,1.0);
#5702=CARTESIAN_POINT('',(-1.125,3.5,0.300000000000001));
#5703=VECTOR('',#6485,1.0);
#5704=CARTESIAN_POINT('',(-1.125,3.5,0.680000000000001));
#5705=CARTESIAN_POINT('',(-1.125,3.5,0.680000000000001));
#5706=VECTOR('',#6486,1.0);
#5707=CARTESIAN_POINT('',(-1.125,6.86,0.680000000000002));
#5708=VECTOR('',#6487,1.0);
#5709=CARTESIAN_POINT('',(-0.875,3.5,0.680000000000001));
#5710=CARTESIAN_POINT('',(-0.875,6.86,0.680000000000002));
#5711=VECTOR('',#6488,1.0);
#5712=CARTESIAN_POINT('',(-0.875,3.5,0.680000000000001));
#5713=VECTOR('',#6489,1.0);
#5714=CARTESIAN_POINT('',(-0.875,3.5,0.680000000000001));
#5715=VECTOR('',#6490,1.0);
#5716=CARTESIAN_POINT('',(-1.125,7.24,0.230000000000002));
#5717=CARTESIAN_POINT('',(-1.125,7.24,0.230000000000002));
#5718=VECTOR('',#6491,1.0);
#5719=CARTESIAN_POINT('',(-0.875,7.24,0.230000000000002));
#5720=CARTESIAN_POINT('',(-0.875,7.24,0.230000000000002));
#5721=VECTOR('',#6492,1.0);
#5722=CARTESIAN_POINT('',(-0.875,7.24,0.230000000000002));
#5723=VECTOR('',#6493,1.0);
#5724=CARTESIAN_POINT('',(-0.875,6.62,-0.079999999999998));
#5725=CARTESIAN_POINT('',(-0.875,6.54,1.99840144432528E-15));
#5726=VECTOR('',#6494,1.0);
#5727=CARTESIAN_POINT('',(-0.875,7.16,-0.0799999999999979));
#5728=CARTESIAN_POINT('',(-0.875,6.62,-0.079999999999998));
#5729=VECTOR('',#6495,1.0);
#5730=CARTESIAN_POINT('',(-0.875,7.24,2.20906192643922E-15));
#5731=CARTESIAN_POINT('',(-0.875,7.16,-0.0799999999999979));
#5732=VECTOR('',#6496,1.0);
#5733=CARTESIAN_POINT('',(-0.875,7.24,2.1094237467878E-15));
#5734=VECTOR('',#6497,1.0);
#5735=CARTESIAN_POINT('',(-1.125,7.24,2.20906192643922E-15));
#5736=CARTESIAN_POINT('',(-1.125,7.24,2.1094237467878E-15));
#5737=VECTOR('',#6498,1.0);
#5738=CARTESIAN_POINT('',(-1.125,7.16,-0.0799999999999979));
#5739=CARTESIAN_POINT('',(-1.125,7.16,-0.0799999999999979));
#5740=VECTOR('',#6499,1.0);
#5741=CARTESIAN_POINT('',(-1.125,6.62,-0.079999999999998));
#5742=CARTESIAN_POINT('',(-1.125,6.62,-0.079999999999998));
#5743=VECTOR('',#6500,1.0);
#5744=CARTESIAN_POINT('',(-1.125,6.54,1.99840144432528E-15));
#5745=VECTOR('',#6501,1.0);
#5746=CARTESIAN_POINT('',(-0.875,6.62,-0.079999999999998));
#5747=VECTOR('',#6502,1.0);
#5748=CARTESIAN_POINT('',(-0.875,7.16,-0.0799999999999979));
#5749=VECTOR('',#6503,1.0);
#5750=CARTESIAN_POINT('',(-0.875,7.24,2.20906192643922E-15));
#5751=VECTOR('',#6504,1.0);
#5752=CARTESIAN_POINT('',(-2.12,5.06,0.300000000000001));
#5753=CARTESIAN_POINT('',(-2.12,5.06,0.300000000000003));
#5754=VECTOR('',#6505,1.0);
#5755=CARTESIAN_POINT('',(-2.12,3.35,0.300000000000003));
#5756=CARTESIAN_POINT('',(-2.12,3.35,0.300000000000003));
#5757=VECTOR('',#6506,1.0);
#5758=CARTESIAN_POINT('',(-2.12,3.5,0.300000000000003));
#5759=CARTESIAN_POINT('',(-2.12,3.35,0.300000000000003));
#5760=VECTOR('',#6507,1.0);
#5761=CARTESIAN_POINT('',(-2.12,3.35,0.300000000000003));
#5762=VECTOR('',#6508,1.0);
#5763=CARTESIAN_POINT('',(-1.88,5.06,0.300000000000003));
#5764=CARTESIAN_POINT('',(-1.88,5.06,0.160000000000003));
#5765=VECTOR('',#6509,1.0);
#5766=CARTESIAN_POINT('',(-1.88,3.5,0.300000000000003));
#5767=CARTESIAN_POINT('',(-1.88,3.35,0.300000000000003));
#5768=VECTOR('',#6510,1.0);
#5769=CARTESIAN_POINT('',(-1.88,3.35,0.300000000000003));
#5770=CARTESIAN_POINT('',(-1.88,3.35,0.300000000000003));
#5771=VECTOR('',#6511,1.0);
#5772=CARTESIAN_POINT('',(-1.88,3.35,0.160000000000003));
#5773=VECTOR('',#6512,1.0);
#5774=CARTESIAN_POINT('',(-1.875,3.5,0.300000000000001));
#5775=VECTOR('',#6513,1.0);
#5776=CARTESIAN_POINT('',(-1.88,3.35,0.300000000000003));
#5777=VECTOR('',#6514,1.0);
#5778=CARTESIAN_POINT('',(-1.88,5.06,0.300000000000003));
#5779=VECTOR('',#6515,1.0);
#5780=CARTESIAN_POINT('',(-1.875,3.5,0.300000000000001));
#5781=CARTESIAN_POINT('',(-1.875,3.5,0.300000000000001));
#5782=VECTOR('',#6516,1.0);
#5783=CARTESIAN_POINT('',(-1.875,3.5,0.300000000000001));
#5784=VECTOR('',#6517,1.0);
#5785=CARTESIAN_POINT('',(-2.125,3.5,0.300000000000001));
#5786=CARTESIAN_POINT('',(-1.875,3.5,0.300000000000001));
#5787=VECTOR('',#6518,1.0);
#5788=CARTESIAN_POINT('',(-2.125,3.5,0.300000000000001));
#5789=VECTOR('',#6519,1.0);
#5790=CARTESIAN_POINT('',(-2.125,3.5,0.680000000000001));
#5791=CARTESIAN_POINT('',(-2.125,3.5,0.680000000000001));
#5792=VECTOR('',#6520,1.0);
#5793=CARTESIAN_POINT('',(-2.125,6.86,0.680000000000002));
#5794=VECTOR('',#6521,1.0);
#5795=CARTESIAN_POINT('',(-1.875,3.5,0.680000000000001));
#5796=CARTESIAN_POINT('',(-1.875,6.86,0.680000000000002));
#5797=VECTOR('',#6522,1.0);
#5798=CARTESIAN_POINT('',(-1.875,3.5,0.680000000000001));
#5799=VECTOR('',#6523,1.0);
#5800=CARTESIAN_POINT('',(-1.875,3.5,0.680000000000001));
#5801=VECTOR('',#6524,1.0);
#5802=CARTESIAN_POINT('',(-2.125,7.24,0.230000000000002));
#5803=CARTESIAN_POINT('',(-2.125,7.24,0.230000000000002));
#5804=VECTOR('',#6525,1.0);
#5805=CARTESIAN_POINT('',(-1.875,7.24,0.230000000000002));
#5806=CARTESIAN_POINT('',(-1.875,7.24,0.230000000000002));
#5807=VECTOR('',#6526,1.0);
#5808=CARTESIAN_POINT('',(-1.875,7.24,0.230000000000002));
#5809=VECTOR('',#6527,1.0);
#5810=CARTESIAN_POINT('',(-1.875,6.62,-0.079999999999998));
#5811=CARTESIAN_POINT('',(-1.875,6.54,1.99840144432528E-15));
#5812=VECTOR('',#6528,1.0);
#5813=CARTESIAN_POINT('',(-1.875,7.16,-0.0799999999999979));
#5814=CARTESIAN_POINT('',(-1.875,6.62,-0.079999999999998));
#5815=VECTOR('',#6529,1.0);
#5816=CARTESIAN_POINT('',(-1.875,7.24,2.20906192643922E-15));
#5817=CARTESIAN_POINT('',(-1.875,7.16,-0.0799999999999979));
#5818=VECTOR('',#6530,1.0);
#5819=CARTESIAN_POINT('',(-1.875,7.24,2.1094237467878E-15));
#5820=VECTOR('',#6531,1.0);
#5821=CARTESIAN_POINT('',(-2.125,7.24,2.20906192643922E-15));
#5822=CARTESIAN_POINT('',(-2.125,7.24,2.1094237467878E-15));
#5823=VECTOR('',#6532,1.0);
#5824=CARTESIAN_POINT('',(-2.125,7.16,-0.0799999999999979));
#5825=CARTESIAN_POINT('',(-2.125,7.16,-0.0799999999999979));
#5826=VECTOR('',#6533,1.0);
#5827=CARTESIAN_POINT('',(-2.125,6.62,-0.079999999999998));
#5828=CARTESIAN_POINT('',(-2.125,6.62,-0.079999999999998));
#5829=VECTOR('',#6534,1.0);
#5830=CARTESIAN_POINT('',(-2.125,6.54,1.99840144432528E-15));
#5831=VECTOR('',#6535,1.0);
#5832=CARTESIAN_POINT('',(-1.875,6.62,-0.079999999999998));
#5833=VECTOR('',#6536,1.0);
#5834=CARTESIAN_POINT('',(-1.875,7.16,-0.0799999999999979));
#5835=VECTOR('',#6537,1.0);
#5836=CARTESIAN_POINT('',(-1.875,7.24,2.20906192643922E-15));
#5837=VECTOR('',#6538,1.0);
#5838=CARTESIAN_POINT('',(-3.12,5.06,0.300000000000001));
#5839=CARTESIAN_POINT('',(-3.12,5.06,0.300000000000003));
#5840=VECTOR('',#6539,1.0);
#5841=CARTESIAN_POINT('',(-3.12,3.35,0.300000000000003));
#5842=CARTESIAN_POINT('',(-3.12,3.35,0.300000000000003));
#5843=VECTOR('',#6540,1.0);
#5844=CARTESIAN_POINT('',(-3.12,3.5,0.300000000000003));
#5845=CARTESIAN_POINT('',(-3.12,3.35,0.300000000000003));
#5846=VECTOR('',#6541,1.0);
#5847=CARTESIAN_POINT('',(-3.12,3.35,0.300000000000003));
#5848=VECTOR('',#6542,1.0);
#5849=CARTESIAN_POINT('',(-2.88,5.06,0.300000000000003));
#5850=CARTESIAN_POINT('',(-2.88,5.06,0.160000000000003));
#5851=VECTOR('',#6543,1.0);
#5852=CARTESIAN_POINT('',(-2.88,3.5,0.300000000000003));
#5853=CARTESIAN_POINT('',(-2.88,3.35,0.300000000000003));
#5854=VECTOR('',#6544,1.0);
#5855=CARTESIAN_POINT('',(-2.88,3.35,0.300000000000003));
#5856=CARTESIAN_POINT('',(-2.88,3.35,0.300000000000003));
#5857=VECTOR('',#6545,1.0);
#5858=CARTESIAN_POINT('',(-2.88,3.35,0.160000000000003));
#5859=VECTOR('',#6546,1.0);
#5860=CARTESIAN_POINT('',(-2.875,3.5,0.300000000000001));
#5861=VECTOR('',#6547,1.0);
#5862=CARTESIAN_POINT('',(-2.88,3.35,0.300000000000003));
#5863=VECTOR('',#6548,1.0);
#5864=CARTESIAN_POINT('',(-2.88,5.06,0.300000000000003));
#5865=VECTOR('',#6549,1.0);
#5866=CARTESIAN_POINT('',(-2.875,3.5,0.300000000000001));
#5867=CARTESIAN_POINT('',(-2.875,3.5,0.300000000000001));
#5868=VECTOR('',#6550,1.0);
#5869=CARTESIAN_POINT('',(-2.875,3.5,0.300000000000001));
#5870=VECTOR('',#6551,1.0);
#5871=CARTESIAN_POINT('',(-3.125,3.5,0.300000000000001));
#5872=CARTESIAN_POINT('',(-2.875,3.5,0.300000000000001));
#5873=VECTOR('',#6552,1.0);
#5874=CARTESIAN_POINT('',(-3.125,3.5,0.300000000000001));
#5875=VECTOR('',#6553,1.0);
#5876=CARTESIAN_POINT('',(-3.125,3.5,0.680000000000001));
#5877=CARTESIAN_POINT('',(-3.125,3.5,0.680000000000001));
#5878=VECTOR('',#6554,1.0);
#5879=CARTESIAN_POINT('',(-3.125,6.86,0.680000000000002));
#5880=VECTOR('',#6555,1.0);
#5881=CARTESIAN_POINT('',(-2.875,3.5,0.680000000000001));
#5882=CARTESIAN_POINT('',(-2.875,6.86,0.680000000000002));
#5883=VECTOR('',#6556,1.0);
#5884=CARTESIAN_POINT('',(-2.875,3.5,0.680000000000001));
#5885=VECTOR('',#6557,1.0);
#5886=CARTESIAN_POINT('',(-2.875,3.5,0.680000000000001));
#5887=VECTOR('',#6558,1.0);
#5888=CARTESIAN_POINT('',(-3.125,7.24,0.230000000000002));
#5889=CARTESIAN_POINT('',(-3.125,7.24,0.230000000000002));
#5890=VECTOR('',#6559,1.0);
#5891=CARTESIAN_POINT('',(-2.875,7.24,0.230000000000002));
#5892=CARTESIAN_POINT('',(-2.875,7.24,0.230000000000002));
#5893=VECTOR('',#6560,1.0);
#5894=CARTESIAN_POINT('',(-2.875,7.24,0.230000000000002));
#5895=VECTOR('',#6561,1.0);
#5896=CARTESIAN_POINT('',(-2.875,6.62,-0.079999999999998));
#5897=CARTESIAN_POINT('',(-2.875,6.54,1.99840144432528E-15));
#5898=VECTOR('',#6562,1.0);
#5899=CARTESIAN_POINT('',(-2.875,7.16,-0.0799999999999979));
#5900=CARTESIAN_POINT('',(-2.875,6.62,-0.079999999999998));
#5901=VECTOR('',#6563,1.0);
#5902=CARTESIAN_POINT('',(-2.875,7.24,2.20906192643922E-15));
#5903=CARTESIAN_POINT('',(-2.875,7.16,-0.0799999999999979));
#5904=VECTOR('',#6564,1.0);
#5905=CARTESIAN_POINT('',(-2.875,7.24,2.1094237467878E-15));
#5906=VECTOR('',#6565,1.0);
#5907=CARTESIAN_POINT('',(-3.125,7.24,2.20906192643922E-15));
#5908=CARTESIAN_POINT('',(-3.125,7.24,2.1094237467878E-15));
#5909=VECTOR('',#6566,1.0);
#5910=CARTESIAN_POINT('',(-3.125,7.16,-0.0799999999999979));
#5911=CARTESIAN_POINT('',(-3.125,7.16,-0.0799999999999979));
#5912=VECTOR('',#6567,1.0);
#5913=CARTESIAN_POINT('',(-3.125,6.62,-0.079999999999998));
#5914=CARTESIAN_POINT('',(-3.125,6.62,-0.079999999999998));
#5915=VECTOR('',#6568,1.0);
#5916=CARTESIAN_POINT('',(-3.125,6.54,1.99840144432528E-15));
#5917=VECTOR('',#6569,1.0);
#5918=CARTESIAN_POINT('',(-2.875,6.62,-0.079999999999998));
#5919=VECTOR('',#6570,1.0);
#5920=CARTESIAN_POINT('',(-2.875,7.16,-0.0799999999999979));
#5921=VECTOR('',#6571,1.0);
#5922=CARTESIAN_POINT('',(-2.875,7.24,2.20906192643922E-15));
#5923=VECTOR('',#6572,1.0);
#5924=DIRECTION('',(1.0,0.0,0.0));
#5925=DIRECTION('',(0.0,1.0,0.0));
#5926=DIRECTION('',(1.0,0.0,0.0));
#5927=DIRECTION('',(0.0,1.0,0.0));
#5928=DIRECTION('',(1.0,0.0,0.0));
#5929=DIRECTION('',(0.0,1.0,0.0));
#5930=DIRECTION('',(1.0,0.0,0.0));
#5931=DIRECTION('',(0.0,1.0,0.0));
#5932=DIRECTION('',(-1.0,4.85463659321868E-16,-1.84807188491847E-17));
#5933=DIRECTION('',(0.0,1.0,0.0));
#5934=DIRECTION('',(-1.0,0.0,-1.84807188491847E-17));
#5935=DIRECTION('',(0.0,1.0,0.0));
#5936=DIRECTION('',(1.0,0.0,0.0));
#5937=DIRECTION('',(0.0,1.0,0.0));
#5938=DIRECTION('',(1.0,0.0,0.0));
#5939=DIRECTION('',(0.0,1.0,0.0));
#5940=DIRECTION('',(1.0,0.0,0.0));
#5941=DIRECTION('',(0.0,1.0,0.0));
#5942=DIRECTION('',(1.0,0.0,0.0));
#5943=DIRECTION('',(0.0,1.0,0.0));
#5944=DIRECTION('',(-1.0,0.0,0.0));
#5945=DIRECTION('',(1.36056743213867E-15,1.0,4.25177322543335E-17));
#5946=DIRECTION('',(1.0,0.0,0.0));
#5947=DIRECTION('',(0.0,1.0,-5.21644441478871E-15));
#5948=DIRECTION('',(0.0,-1.0,0.0));
#5949=DIRECTION('',(-1.0,0.0,-2.03532537795113E-15));
#5950=DIRECTION('',(0.274721127897378,-0.961523947640823,5.6198725225284E-17));
#5951=DIRECTION('',(-1.0,0.0,-2.03532537795113E-15));
#5952=DIRECTION('',(0.0,1.0,0.0));
#5953=DIRECTION('',(-1.0,0.0,-2.04566447638775E-16));
#5954=DIRECTION('',(0.0,-1.0,0.0));
#5955=DIRECTION('',(1.0,0.0,0.0));
#5956=DIRECTION('',(0.0,1.0,0.0));
#5957=DIRECTION('',(-1.0,0.0,-2.03532537795113E-15));
#5958=DIRECTION('',(0.0,1.0,0.0));
#5959=DIRECTION('',(-1.0,0.0,-2.04566447638775E-16));
#5960=DIRECTION('',(2.55106393526001E-15,0.0,-1.0));
#5961=DIRECTION('',(1.0,0.0,0.0));
#5962=DIRECTION('',(0.0,0.0,-1.0));
#5963=DIRECTION('',(1.0,0.0,0.0));
#5964=DIRECTION('',(0.0,0.0,1.0));
#5965=DIRECTION('',(1.0,0.0,1.72219839672788E-15));
#5966=DIRECTION('',(0.0,0.0,-1.0));
#5967=DIRECTION('',(-1.27553196763E-15,0.0,1.0));
#5968=DIRECTION('',(0.0,0.0,-1.0));
#5969=DIRECTION('',(1.19049650312134E-15,1.0,4.25177322543335E-17));
#5970=DIRECTION('',(1.0,0.0,0.0));
#5971=DIRECTION('',(0.0,1.0,-5.21644441478871E-15));
#5972=DIRECTION('',(-1.0,0.0,0.0));
#5973=DIRECTION('',(1.91329795144501E-15,0.0,1.0));
#5974=DIRECTION('',(0.0,0.0,1.0));
#5975=DIRECTION('',(-1.0,0.0,2.03532537795113E-15));
#5976=DIRECTION('',(0.0,1.0,0.0));
#5977=DIRECTION('',(1.0,0.0,-1.72219839672788E-15));
#5978=DIRECTION('',(-0.274721127897379,-0.961523947640823,-3.59478052734146E-16));
#5979=DIRECTION('',(1.0,0.0,-1.72219839672788E-15));
#5980=DIRECTION('',(0.0,1.0,0.0));
#5981=DIRECTION('',(-1.0,2.71050543121376E-15,-1.86931409049225E-16));
#5982=DIRECTION('',(-0.44721359549996,-0.894427190999915,-8.35982675527776E-17));
#5983=DIRECTION('',(0.0,-1.0,6.45358436003277E-15));
#5984=DIRECTION('',(-1.0,0.0,0.0));
#5985=DIRECTION('',(0.0,1.0,0.0));
#5986=DIRECTION('',(-1.0,1.88556899562697E-15,-1.84807188491847E-17));
#5987=DIRECTION('',(-2.13285673275837E-15,-1.0,-3.94167256236981E-32));
#5988=DIRECTION('',(-1.0,1.31418445149758E-15,-1.84807188491847E-17));
#5989=DIRECTION('',(0.0,0.707106781186544,0.707106781186551));
#5990=DIRECTION('',(0.0,1.0,0.0));
#5991=DIRECTION('',(-3.09772049281573E-15,0.0,1.0));
#5992=DIRECTION('',(0.0,-1.0,0.0));
#5993=DIRECTION('',(-2.55106393525998E-15,0.0,1.0));
#5994=DIRECTION('',(0.0,1.0,0.0));
#5995=DIRECTION('',(1.76356603377049E-16,0.0,-1.0));
#5996=DIRECTION('',(0.0,1.0,0.0));
#5997=DIRECTION('',(0.0,1.0,0.0));
#5998=DIRECTION('',(-0.447213595499961,0.894427190999915,-8.35982675527779E-17));
#5999=DIRECTION('',(-1.0,9.03501810404595E-16,-1.86931409049225E-16));
#6000=DIRECTION('',(0.0,1.0,0.0));
#6001=DIRECTION('',(1.0,0.0,1.72219839672788E-15));
#6002=DIRECTION('',(-0.274721127897378,0.961523947640823,-5.13540075334492E-17));
#6003=DIRECTION('',(1.76356603377049E-16,0.0,-1.0));
#6004=DIRECTION('',(0.0,0.0,-1.0));
#6005=DIRECTION('',(1.76356603377049E-16,0.0,-1.0));
#6006=DIRECTION('',(0.0,-1.0,0.0));
#6007=DIRECTION('',(0.0,0.0,-1.0));
#6008=DIRECTION('',(0.0,-1.0,0.0));
#6009=DIRECTION('',(0.0,0.0,-1.0));
#6010=DIRECTION('',(0.0,-1.0,0.0));
#6011=DIRECTION('',(0.0,0.0,1.0));
#6012=DIRECTION('',(1.40463439350349E-15,1.0,2.59586533122331E-32));
#6013=DIRECTION('',(1.76356603377049E-16,0.0,-1.0));
#6014=DIRECTION('',(0.0,-1.0,0.0));
#6015=DIRECTION('',(0.0,0.0,1.0));
#6016=DIRECTION('',(0.0,-1.0,0.0));
#6017=DIRECTION('',(0.0,0.0,-1.0));
#6018=DIRECTION('',(-1.0,0.0,1.14126544472158E-15));
#6019=DIRECTION('',(5.10212787051999E-15,0.0,1.0));
#6020=DIRECTION('',(0.0,0.0,-1.0));
#6021=DIRECTION('',(-1.0,0.0,2.78000557047565E-17));
#6022=DIRECTION('',(1.0,-1.11200222819026E-16,1.84807188491847E-17));
#6023=DIRECTION('',(5.10212787051999E-15,0.0,-1.0));
#6024=DIRECTION('',(-1.0,0.0,-1.14126544472158E-15));
#6025=DIRECTION('',(1.0,-1.11200222819026E-16,1.84807188491847E-17));
#6026=DIRECTION('',(-1.0,0.0,2.78000557047565E-17));
#6027=DIRECTION('',(0.0,0.0,1.0));
#6028=DIRECTION('',(-1.0,0.0,-8.18265790555101E-16));
#6029=DIRECTION('',(0.0,-1.0,6.45358436003277E-15));
#6030=DIRECTION('',(-1.0,-2.62836890299516E-15,-1.84807188491847E-17));
#6031=DIRECTION('',(0.0,1.0,0.0));
#6032=DIRECTION('',(-1.0,3.7711379912539E-15,-1.84807188491847E-17));
#6033=DIRECTION('',(0.0,-1.0,0.0));
#6034=DIRECTION('',(1.0,0.0,1.76356603377049E-16));
#6035=DIRECTION('',(0.0,-1.0,0.0));
#6036=DIRECTION('',(1.0,-1.7635660337705E-16,1.76356603377049E-16));
#6037=DIRECTION('',(0.0,-1.0,0.0));
#6038=DIRECTION('',(1.0,0.0,1.76356603377049E-16));
#6039=DIRECTION('',(0.0,-1.0,0.0));
#6040=DIRECTION('',(1.0,-1.7635660337705E-16,1.76356603377049E-16));
#6041=DIRECTION('',(0.0,-1.0,0.0));
#6042=DIRECTION('',(1.0,0.0,1.76356603377049E-16));
#6043=DIRECTION('',(0.0,-1.0,0.0));
#6044=DIRECTION('',(1.0,-1.7635660337705E-16,1.76356603377049E-16));
#6045=DIRECTION('',(0.0,-1.0,0.0));
#6046=DIRECTION('',(1.0,0.0,1.76356603377049E-16));
#6047=DIRECTION('',(1.0,-1.31418445149758E-15,1.84807188491847E-16));
#6048=DIRECTION('',(2.13285673275837E-15,1.0,0.0));
#6049=DIRECTION('',(1.0,-1.88556899562697E-15,1.25213566115853E-15));
#6050=DIRECTION('',(0.44721359549996,0.894427190999915,4.84869951806104E-16));
#6051=DIRECTION('',(1.0,-4.85463659321868E-16,1.15803310400737E-15));
#6052=DIRECTION('',(0.447213595499961,-0.894427190999914,9.69739903612212E-16));
#6053=DIRECTION('',(1.0,-3.7711379912539E-15,8.69129458921798E-16));
#6054=DIRECTION('',(0.0,-1.0,0.0));
#6055=DIRECTION('',(1.0,2.62836890299516E-15,1.95074254519172E-16));
#6056=DIRECTION('',(1.0,0.0,1.76356603377049E-16));
#6057=DIRECTION('',(0.0,-1.0,0.0));
#6058=DIRECTION('',(1.0,-1.7635660337705E-16,1.76356603377049E-16));
#6059=DIRECTION('',(0.447213595499955,-0.894427190999917,4.84869951806108E-16));
#6060=DIRECTION('',(-1.0,1.0842021724855E-15,-5.42101086242752E-16));
#6061=DIRECTION('',(0.44721359549996,0.894427190999915,0.0));
#6062=DIRECTION('',(-4.81867632215779E-16,-1.0,0.0));
#6063=DIRECTION('',(-1.0,2.89120579329468E-15,-7.22801448323671E-16));
#6064=DIRECTION('',(9.6373526443156E-16,1.0,0.0));
#6065=DIRECTION('',(1.0,-1.44560289664734E-15,7.22801448323671E-16));
#6066=DIRECTION('',(0.0,-1.0,0.0));
#6067=DIRECTION('',(-1.0,0.0,-3.03576608295941E-15));
#6068=DIRECTION('',(4.33680868994202E-16,1.0,0.0));
#6069=DIRECTION('',(-1.0,4.44800891276104E-16,-1.16760233959977E-15));
#6070=DIRECTION('',(-1.19262238973405E-15,-1.0,0.0));
#6071=DIRECTION('',(-1.0,0.0,-1.30104260698261E-15));
#6072=DIRECTION('',(9.51982395353126E-16,1.0,0.0));
#6073=DIRECTION('',(-1.0,0.0,2.78000557047565E-17));
#6074=DIRECTION('',(0.0,0.0,1.0));
#6075=DIRECTION('',(1.0,0.0,0.0));
#6076=DIRECTION('',(0.0,0.0,1.0));
#6077=DIRECTION('',(0.0,0.0,1.0));
#6078=DIRECTION('',(1.0,0.0,0.0));
#6079=DIRECTION('',(0.0,0.0,1.0));
#6080=DIRECTION('',(0.0,0.0,1.0));
#6081=DIRECTION('',(1.0,0.0,0.0));
#6082=DIRECTION('',(0.0,0.0,1.0));
#6083=DIRECTION('',(0.0,0.0,1.0));
#6084=DIRECTION('',(1.0,0.0,0.0));
#6085=DIRECTION('',(0.0,0.0,1.0));
#6086=DIRECTION('',(0.0,1.0,0.0));
#6087=DIRECTION('',(0.0,0.707106781186544,0.707106781186551));
#6088=DIRECTION('',(0.0,0.0,-1.0));
#6089=DIRECTION('',(0.0,-1.0,0.0));
#6090=DIRECTION('',(1.76356603377049E-16,0.0,-1.0));
#6091=DIRECTION('',(0.0,0.0,1.0));
#6092=DIRECTION('',(1.76356603377049E-16,0.0,-1.0));
#6093=DIRECTION('',(0.0,0.0,1.0));
#6094=DIRECTION('',(1.0,0.0,8.18265790555101E-16));
#6095=DIRECTION('',(0.0,1.0,0.0));
#6096=DIRECTION('',(1.0,0.0,0.0));
#6097=DIRECTION('',(0.0,-1.0,0.0));
#6098=DIRECTION('',(0.0,1.0,0.0));
#6099=DIRECTION('',(-1.0,0.0,2.03532537795113E-15));
#6100=DIRECTION('',(0.274721127897379,0.961523947640823,2.24794900901138E-16));
#6101=DIRECTION('',(-1.0,0.0,2.03532537795113E-15));
#6102=DIRECTION('',(0.0,-1.0,0.0));
#6103=DIRECTION('',(0.0,0.0,-1.0));
#6104=DIRECTION('',(0.0,0.0,1.0));
#6105=DIRECTION('',(0.0,1.0,0.0));
#6106=DIRECTION('',(1.0,-2.89120579329468E-15,3.98278349076307E-16));
#6107=DIRECTION('',(4.81867632215779E-16,1.0,1.9191744503221E-31));
#6108=DIRECTION('',(-1.0,1.44560289664734E-15,-3.98278349076307E-16));
#6109=DIRECTION('',(-9.6373526443156E-16,-1.0,-3.8383489006442E-31));
#6110=DIRECTION('',(-1.0,0.0,-3.98278349076307E-16));
#6111=DIRECTION('',(-1.19262238973406E-15,-1.0,-4.7499567645472E-31));
#6112=DIRECTION('',(-1.0,4.44800891276104E-16,-3.98278349076307E-16));
#6113=DIRECTION('',(4.33680868994202E-16,1.0,1.72725700528989E-31));
#6114=DIRECTION('',(-1.0,0.0,-3.98278349076307E-16));
#6115=DIRECTION('',(0.0,1.0,0.0));
#6116=DIRECTION('',(1.0,0.0,3.98278349076307E-16));
#6117=DIRECTION('',(0.0,0.0,1.0));
#6118=DIRECTION('',(0.0,0.0,1.0));
#6119=DIRECTION('',(0.0,0.0,1.0));
#6120=DIRECTION('',(-1.0,0.0,0.0));
#6121=DIRECTION('',(0.0,0.0,1.0));
#6122=DIRECTION('',(1.0,0.0,0.0));
#6123=DIRECTION('',(0.0,0.0,1.0));
#6124=DIRECTION('',(-1.0,0.0,0.0));
#6125=DIRECTION('',(0.0,0.0,1.0));
#6126=DIRECTION('',(1.0,0.0,0.0));
#6127=DIRECTION('',(0.0,0.0,1.0));
#6128=DIRECTION('',(-1.0,0.0,0.0));
#6129=DIRECTION('',(0.0,0.0,1.0));
#6130=DIRECTION('',(1.0,0.0,0.0));
#6131=DIRECTION('',(0.0,0.0,-1.0));
#6132=DIRECTION('',(0.0,0.0,1.0));
#6133=DIRECTION('',(0.0,0.0,1.0));
#6134=DIRECTION('',(-1.0,0.0,0.0));
#6135=DIRECTION('',(0.0,0.0,1.0));
#6136=DIRECTION('',(1.0,0.0,0.0));
#6137=DIRECTION('',(0.0,0.0,-1.0));
#6138=DIRECTION('',(0.0,0.0,-1.0));
#6139=DIRECTION('',(0.0,0.0,-1.0));
#6140=DIRECTION('',(0.0,0.0,-1.0));
#6141=DIRECTION('',(1.0,-1.31418445149758E-15,1.84807188491847E-17));
#6142=DIRECTION('',(1.0,2.62836890299516E-15,1.84807188491847E-17));
#6143=DIRECTION('',(-1.0,0.0,0.0));
#6144=DIRECTION('',(-1.76356603377049E-16,0.0,1.0));
#6145=DIRECTION('',(-1.76356603377049E-16,0.0,1.0));
#6146=DIRECTION('',(-1.76356603377049E-16,0.0,1.0));
#6147=DIRECTION('',(-1.76356603377049E-16,0.0,1.0));
#6148=DIRECTION('',(-1.76356603377049E-16,0.0,1.0));
#6149=DIRECTION('',(-1.76356603377049E-16,0.0,1.0));
#6150=DIRECTION('',(-1.76356603377049E-16,0.0,1.0));
#6151=DIRECTION('',(-1.76356603377049E-16,0.0,1.0));
#6152=DIRECTION('',(-1.0,1.31418445149758E-15,-1.84807188491847E-17));
#6153=DIRECTION('',(0.0,0.0,-1.0));
#6154=DIRECTION('',(0.0,0.0,-1.0));
#6155=DIRECTION('',(0.0,0.0,-1.0));
#6156=DIRECTION('',(0.0,0.0,-1.0));
#6157=DIRECTION('',(9.68037654004911E-17,0.0,-1.0));
#6158=DIRECTION('',(9.68037654004911E-17,0.0,-1.0));
#6159=DIRECTION('',(0.0,1.0,0.0));
#6160=DIRECTION('',(0.0,1.0,0.0));
#6161=DIRECTION('',(-9.68037654004911E-17,0.0,1.0));
#6162=DIRECTION('',(0.0,1.0,0.0));
#6163=DIRECTION('',(0.0,1.0,0.0));
#6164=DIRECTION('',(-9.68037654004911E-17,0.0,1.0));
#6165=DIRECTION('',(-1.0,0.0,0.0));
#6166=DIRECTION('',(-1.0,0.0,-1.35525271560688E-15));
#6167=DIRECTION('',(-1.0,0.0,-1.35525271560688E-15));
#6168=DIRECTION('',(0.0,1.0,0.0));
#6169=DIRECTION('',(-1.0,0.0,0.0));
#6170=DIRECTION('',(-1.0,0.0,0.0));
#6171=DIRECTION('',(0.0,1.0,0.0));
#6172=DIRECTION('',(0.0,0.0,-1.0));
#6173=DIRECTION('',(0.0,-1.0,-2.58143374401311E-16));
#6174=DIRECTION('',(0.0,-1.0,-2.58143374401311E-16));
#6175=DIRECTION('',(0.0,0.0,-1.0));
#6176=DIRECTION('',(-1.0,0.0,0.0));
#6177=DIRECTION('',(0.0,-1.0,1.64056907678728E-15));
#6178=DIRECTION('',(0.0,-1.0,1.64056907678728E-15));
#6179=DIRECTION('',(-1.0,0.0,0.0));
#6180=DIRECTION('',(0.0,0.707106781186549,-0.707106781186546));
#6181=DIRECTION('',(0.0,1.0,2.00778180089909E-16));
#6182=DIRECTION('',(0.0,0.707106781186552,0.707106781186543));
#6183=DIRECTION('',(0.0,0.0,1.0));
#6184=DIRECTION('',(0.0,0.0,1.0));
#6185=DIRECTION('',(0.0,0.707106781186552,0.707106781186543));
#6186=DIRECTION('',(0.0,1.0,2.00778180089909E-16));
#6187=DIRECTION('',(0.0,0.707106781186549,-0.707106781186546));
#6188=DIRECTION('',(-1.0,0.0,0.0));
#6189=DIRECTION('',(-1.0,0.0,0.0));
#6190=DIRECTION('',(-1.0,0.0,0.0));
#6191=DIRECTION('',(-5.10212787051999E-15,0.0,1.0));
#6192=DIRECTION('',(0.0,1.0,0.0));
#6193=DIRECTION('',(1.0,0.0,1.14126544472158E-15));
#6194=DIRECTION('',(0.0,1.0,0.0));
#6195=DIRECTION('',(-5.10212787051999E-15,0.0,-1.0));
#6196=DIRECTION('',(1.0,0.0,-1.14126544472158E-15));
#6197=DIRECTION('',(1.0,0.0,0.0));
#6198=DIRECTION('',(1.0,0.0,0.0));
#6199=DIRECTION('',(0.0,0.707106781186544,0.707106781186551));
#6200=DIRECTION('',(8.13490900223036E-32,1.0,4.25177322543336E-17));
#6201=DIRECTION('',(-1.0,0.0,0.0));
#6202=DIRECTION('',(0.0,1.0,-5.21644441478871E-15));
#6203=DIRECTION('',(0.0,0.0,-1.0));
#6204=DIRECTION('',(-1.913297951445E-15,0.0,-1.0));
#6205=DIRECTION('',(0.0,0.0,1.0));
#6206=DIRECTION('',(0.0,0.707106781186544,0.707106781186551));
#6207=DIRECTION('',(-1.0,0.0,0.0));
#6208=DIRECTION('',(-1.0,0.0,0.0));
#6209=DIRECTION('',(-1.08465453363071E-31,1.0,4.25177322543335E-17));
#6210=DIRECTION('',(0.0,1.0,-5.21644441478871E-15));
#6211=DIRECTION('',(-1.913297951445E-15,0.0,-1.0));
#6212=DIRECTION('',(-1.0,0.0,0.0));
#6213=DIRECTION('',(3.29974574234719E-15,0.0,-1.0));
#6214=DIRECTION('',(0.0,1.0,0.0));
#6215=DIRECTION('',(-3.09772049281576E-15,0.0,-1.0));
#6216=DIRECTION('',(0.0,-1.0,0.0));
#6217=DIRECTION('',(-1.62630325872826E-15,0.0,1.0));
#6218=DIRECTION('',(1.60622544071927E-15,1.0,0.0));
#6219=DIRECTION('',(1.0842021724855E-15,0.0,-1.0));
#6220=DIRECTION('',(0.0,-1.0,0.0));
#6221=DIRECTION('',(1.91329795144501E-15,0.0,1.0));
#6222=DIRECTION('',(0.0,-1.0,0.0));
#6223=DIRECTION('',(-3.46944695195347E-15,0.0,-1.0));
#6224=DIRECTION('',(0.0,-1.0,9.56648975722507E-16));
#6225=DIRECTION('',(-2.28253088944316E-15,0.0,1.0));
#6226=DIRECTION('',(0.0,1.0,0.0));
#6227=DIRECTION('',(-2.28253088944316E-15,0.0,1.0));
#6228=DIRECTION('',(1.19049650312134E-15,1.0,4.25177322543335E-17));
#6229=DIRECTION('',(8.13490900223036E-32,1.0,4.25177322543336E-17));
#6230=DIRECTION('',(1.99721452826277E-15,0.0,-1.0));
#6231=DIRECTION('',(0.0,1.0,0.0));
#6232=DIRECTION('',(-1.99721452826277E-15,0.0,1.0));
#6233=DIRECTION('',(-1.83035452550183E-30,1.0,-9.56648975722507E-16));
#6234=DIRECTION('',(1.913297951445E-15,0.0,1.0));
#6235=DIRECTION('',(0.0,-1.0,0.0));
#6236=DIRECTION('',(-1.913297951445E-15,0.0,-1.0));
#6237=DIRECTION('',(0.0,-1.0,0.0));
#6238=DIRECTION('',(1.913297951445E-15,0.0,1.0));
#6239=DIRECTION('',(0.0,-1.0,0.0));
#6240=DIRECTION('',(-1.913297951445E-15,0.0,-1.0));
#6241=DIRECTION('',(0.0,-1.0,0.0));
#6242=DIRECTION('',(1.913297951445E-15,0.0,1.0));
#6243=DIRECTION('',(0.0,-1.0,0.0));
#6244=CARTESIAN_POINT('',(1.8,2.5,0.930000000000004));
#6245=DIRECTION('',(0.0,1.0,0.0));
#6246=DIRECTION('',(0.0,0.0,-1.0));
#6247=DIRECTION('',(0.0,-1.0,0.0));
#6248=CARTESIAN_POINT('',(1.8,2.2,0.930000000000004));
#6249=DIRECTION('',(0.0,-1.0,0.0));
#6250=DIRECTION('',(0.0,0.0,-1.0));
#6251=DIRECTION('',(0.0,-1.0,0.0));
#6252=DIRECTION('',(1.0,0.0,0.0));
#6253=DIRECTION('',(0.0,-1.0,0.0));
#6254=DIRECTION('',(1.0,0.0,0.0));
#6255=DIRECTION('',(0.0,-1.0,0.0));
#6256=DIRECTION('',(-1.0,0.0,-9.22725253179154E-16));
#6257=DIRECTION('',(1.0,0.0,0.0));
#6258=CARTESIAN_POINT('',(1.8,2.5,0.930000000000004));
#6259=DIRECTION('',(0.0,-1.0,0.0));
#6260=DIRECTION('',(0.0,0.0,-1.0));
#6261=CARTESIAN_POINT('',(1.8,2.2,0.930000000000004));
#6262=DIRECTION('',(-0.0,1.0,0.0));
#6263=DIRECTION('',(1.0,0.0,0.0));
#6264=DIRECTION('',(0.0,-1.0,0.0));
#6265=DIRECTION('',(0.0,-1.0,0.0));
#6266=DIRECTION('',(-1.44560289664734E-15,0.0,-1.0));
#6267=DIRECTION('',(0.0,-1.0,0.0));
#6268=DIRECTION('',(-1.44560289664734E-15,0.0,-1.0));
#6269=DIRECTION('',(1.0,0.0,0.0));
#6270=DIRECTION('',(0.0,-1.0,0.0));
#6271=DIRECTION('',(1.0,0.0,1.18224173063579E-15));
#6272=DIRECTION('',(-1.44560289664734E-15,0.0,-1.0));
#6273=DIRECTION('',(0.0,-1.0,0.0));
#6274=DIRECTION('',(-1.44560289664734E-15,0.0,-1.0));
#6275=DIRECTION('',(-1.0,0.0,0.0));
#6276=CARTESIAN_POINT('',(2.1,4.42,0.170000000000003));
#6277=DIRECTION('',(0.0,1.0,0.0));
#6278=DIRECTION('',(-1.0,0.0,2.71050543121376E-16));
#6279=DIRECTION('',(-1.0,0.0,-9.48676900924818E-16));
#6280=DIRECTION('',(-2.89120579329468E-15,0.0,1.0));
#6281=DIRECTION('',(1.0,0.0,9.48676900924818E-16));
#6282=CARTESIAN_POINT('',(2.1,4.42,0.170000000000003));
#6283=DIRECTION('',(0.0,-1.0,0.0));
#6284=DIRECTION('',(0.0,0.0,1.0));
#6285=CARTESIAN_POINT('',(1.8,3.25,0.250000000000003));
#6286=DIRECTION('',(0.0,1.0,0.0));
#6287=DIRECTION('',(0.0,0.0,-1.0));
#6288=CARTESIAN_POINT('',(1.8,2.2,0.250000000000003));
#6289=DIRECTION('',(0.0,-1.0,0.0));
#6290=DIRECTION('',(0.0,0.0,-1.0));
#6291=CARTESIAN_POINT('',(1.8,3.04,0.930000000000004));
#6292=DIRECTION('',(0.0,-1.0,0.0));
#6293=DIRECTION('',(0.0,0.0,1.0));
#6294=CARTESIAN_POINT('',(1.8,4.05,0.930000000000004));
#6295=DIRECTION('',(0.0,1.0,0.0));
#6296=DIRECTION('',(0.0,0.0,-1.0));
#6297=DIRECTION('',(-1.0,0.0,-9.22725253179154E-16));
#6298=DIRECTION('',(1.0,0.0,9.22725253179154E-16));
#6299=DIRECTION('',(-1.0,0.0,-9.22725253179154E-16));
#6300=DIRECTION('',(0.0,-1.0,0.0));
#6301=DIRECTION('',(1.0,0.0,9.22725253179154E-16));
#6302=DIRECTION('',(0.0,-1.0,0.0));
#6303=CARTESIAN_POINT('',(1.8,3.04,0.930000000000004));
#6304=DIRECTION('',(0.0,1.0,0.0));
#6305=DIRECTION('',(0.0,0.0,1.0));
#6306=CARTESIAN_POINT('',(1.8,4.05,0.930000000000004));
#6307=DIRECTION('',(0.0,-1.0,0.0));
#6308=DIRECTION('',(0.0,0.0,-1.0));
#6309=CARTESIAN_POINT('',(1.8,3.25,0.250000000000003));
#6310=DIRECTION('',(0.0,-1.0,0.0));
#6311=DIRECTION('',(0.0,0.0,-1.0));
#6312=DIRECTION('',(0.0,-1.0,0.0));
#6313=CARTESIAN_POINT('',(1.8,2.2,0.250000000000003));
#6314=DIRECTION('',(-0.0,1.0,0.0));
#6315=DIRECTION('',(1.0,0.0,0.0));
#6316=DIRECTION('',(1.0,0.0,1.21107689479764E-15));
#6317=DIRECTION('',(-1.0,0.0,-1.21107689479764E-15));
#6318=CARTESIAN_POINT('',(2.1,3.42,0.170000000000003));
#6319=DIRECTION('',(0.0,1.0,0.0));
#6320=DIRECTION('',(-1.0,0.0,2.71050543121376E-16));
#6321=DIRECTION('',(0.0,1.0,0.0));
#6322=DIRECTION('',(-1.0,0.0,-9.48676900924818E-16));
#6323=DIRECTION('',(0.0,1.0,0.0));
#6324=DIRECTION('',(-2.89120579329468E-15,0.0,1.0));
#6325=DIRECTION('',(0.0,1.0,0.0));
#6326=DIRECTION('',(1.0,0.0,9.48676900924818E-16));
#6327=DIRECTION('',(0.0,1.0,0.0));
#6328=CARTESIAN_POINT('',(2.1,3.42,0.170000000000003));
#6329=DIRECTION('',(0.0,-1.0,0.0));
#6330=DIRECTION('',(0.0,0.0,1.0));
#6331=DIRECTION('',(1.0,0.0,0.0));
#6332=DIRECTION('',(-1.0,0.0,0.0));
#6333=DIRECTION('',(-1.0,0.0,0.0));
#6334=DIRECTION('',(-1.0,0.0,0.0));
#6335=DIRECTION('',(-1.0842021724855E-15,0.0,1.0));
#6336=DIRECTION('',(-1.0,0.0,0.0));
#6337=DIRECTION('',(1.62630325872826E-15,0.0,-1.0));
#6338=DIRECTION('',(-1.08465453363071E-31,1.0,4.25177322543335E-17));
#6339=DIRECTION('',(1.0,0.0,0.0));
#6340=DIRECTION('',(1.36056743213867E-15,1.0,4.25177322543335E-17));
#6341=DIRECTION('',(2.55106393526001E-15,0.0,-1.0));
#6342=DIRECTION('',(2.82835349344045E-15,0.0,-1.0));
#6343=DIRECTION('',(1.0,0.0,0.0));
#6344=DIRECTION('',(0.0,-1.0,0.0));
#6345=DIRECTION('',(-2.55106393526001E-15,0.0,1.0));
#6346=DIRECTION('',(0.0,-1.0,0.0));
#6347=DIRECTION('',(2.55106393526001E-15,0.0,-1.0));
#6348=DIRECTION('',(0.0,-1.0,0.0));
#6349=DIRECTION('',(-2.55106393526001E-15,0.0,1.0));
#6350=DIRECTION('',(0.0,-1.0,0.0));
#6351=DIRECTION('',(2.55106393526001E-15,0.0,-1.0));
#6352=DIRECTION('',(0.0,-1.0,0.0));
#6353=DIRECTION('',(-2.55106393526001E-15,0.0,1.0));
#6354=DIRECTION('',(2.44047270066911E-30,1.0,-9.56648975722507E-16));
#6355=DIRECTION('',(3.42379633416475E-15,0.0,1.0));
#6356=DIRECTION('',(0.0,1.0,0.0));
#6357=DIRECTION('',(-3.42379633416475E-15,0.0,-1.0));
#6358=DIRECTION('',(2.28253088944316E-15,0.0,1.0));
#6359=DIRECTION('',(0.0,1.0,0.0));
#6360=DIRECTION('',(2.28253088944316E-15,0.0,1.0));
#6361=DIRECTION('',(0.0,-1.0,9.56648975722507E-16));
#6362=DIRECTION('',(3.46944695195347E-15,0.0,-1.0));
#6363=DIRECTION('',(0.0,-1.0,0.0));
#6364=DIRECTION('',(-1.27553196763E-15,0.0,1.0));
#6365=DIRECTION('',(0.0,-1.0,0.0));
#6366=DIRECTION('',(-1.0842021724855E-15,0.0,-1.0));
#6367=DIRECTION('',(-1.60622544071927E-15,1.0,0.0));
#6368=DIRECTION('',(1.0842021724855E-15,0.0,1.0));
#6369=DIRECTION('',(0.0,-1.0,0.0));
#6370=DIRECTION('',(3.09772049281576E-15,0.0,-1.0));
#6371=DIRECTION('',(0.0,1.0,0.0));
#6372=CARTESIAN_POINT('',(-5.1,4.42,0.170000000000003));
#6373=DIRECTION('',(0.0,1.0,0.0));
#6374=DIRECTION('',(0.0,0.0,1.0));
#6375=DIRECTION('',(-1.0,0.0,9.48676900924818E-16));
#6376=DIRECTION('',(0.0,0.0,1.0));
#6377=DIRECTION('',(1.0,0.0,-9.48676900924818E-16));
#6378=CARTESIAN_POINT('',(-5.1,4.42,0.170000000000003));
#6379=DIRECTION('',(0.0,-1.0,0.0));
#6380=DIRECTION('',(1.0,0.0,0.0));
#6381=DIRECTION('',(1.0,0.0,0.0));
#6382=CARTESIAN_POINT('',(-4.8,2.5,0.930000000000002));
#6383=DIRECTION('',(0.0,-1.0,0.0));
#6384=DIRECTION('',(0.0,0.0,1.0));
#6385=CARTESIAN_POINT('',(-4.8,2.2,0.930000000000002));
#6386=DIRECTION('',(0.0,1.0,0.0));
#6387=DIRECTION('',(0.0,0.0,-1.0));
#6388=DIRECTION('',(0.0,-1.0,0.0));
#6389=CARTESIAN_POINT('',(-4.8,3.04,0.930000000000002));
#6390=DIRECTION('',(0.0,1.0,0.0));
#6391=DIRECTION('',(0.0,0.0,-1.0));
#6392=DIRECTION('',(0.0,-1.0,0.0));
#6393=CARTESIAN_POINT('',(-4.8,4.05,0.930000000000002));
#6394=DIRECTION('',(0.0,-1.0,0.0));
#6395=DIRECTION('',(0.0,0.0,-1.0));
#6396=DIRECTION('',(1.0,0.0,-9.22725253179156E-16));
#6397=DIRECTION('',(0.0,-1.0,0.0));
#6398=DIRECTION('',(-1.0,0.0,9.22725253179156E-16));
#6399=DIRECTION('',(0.0,-1.0,0.0));
#6400=DIRECTION('',(1.0,0.0,-9.22725253179156E-16));
#6401=DIRECTION('',(0.0,-1.0,0.0));
#6402=DIRECTION('',(-1.0,0.0,9.22725253179156E-16));
#6403=DIRECTION('',(0.0,-1.0,0.0));
#6404=CARTESIAN_POINT('',(-4.8,2.5,0.930000000000004));
#6405=DIRECTION('',(0.0,1.0,0.0));
#6406=DIRECTION('',(0.0,0.0,1.0));
#6407=CARTESIAN_POINT('',(-4.8,2.2,0.930000000000004));
#6408=DIRECTION('',(0.0,-1.0,0.0));
#6409=DIRECTION('',(-1.0,0.0,0.0));
#6410=CARTESIAN_POINT('',(-4.8,3.04,0.930000000000004));
#6411=DIRECTION('',(0.0,-1.0,0.0));
#6412=DIRECTION('',(0.0,0.0,-1.0));
#6413=CARTESIAN_POINT('',(-4.8,4.05,0.930000000000004));
#6414=DIRECTION('',(0.0,1.0,0.0));
#6415=DIRECTION('',(0.0,0.0,-1.0));
#6416=DIRECTION('',(5.78241158658936E-15,0.0,-1.0));
#6417=DIRECTION('',(0.0,-1.0,0.0));
#6418=DIRECTION('',(5.78241158658936E-15,0.0,-1.0));
#6419=DIRECTION('',(0.0,-1.0,0.0));
#6420=DIRECTION('',(-1.0,0.0,0.0));
#6421=DIRECTION('',(-1.0,0.0,1.18224173063579E-15));
#6422=DIRECTION('',(0.0,-1.0,0.0));
#6423=DIRECTION('',(5.78241158658936E-15,0.0,-1.0));
#6424=DIRECTION('',(0.0,-1.0,0.0));
#6425=DIRECTION('',(5.78241158658935E-15,0.0,-1.0));
#6426=CARTESIAN_POINT('',(-4.8,3.25,0.250000000000002));
#6427=DIRECTION('',(0.0,-1.0,0.0));
#6428=DIRECTION('',(0.0,0.0,-1.0));
#6429=CARTESIAN_POINT('',(-4.8,2.2,0.250000000000002));
#6430=DIRECTION('',(0.0,1.0,0.0));
#6431=DIRECTION('',(0.0,0.0,-1.0));
#6432=DIRECTION('',(0.0,-1.0,0.0));
#6433=DIRECTION('',(-1.0,0.0,0.0));
#6434=DIRECTION('',(1.0,0.0,-9.22725253179156E-16));
#6435=DIRECTION('',(-1.0,0.0,0.0));
#6436=DIRECTION('',(-1.0,0.0,0.0));
#6437=DIRECTION('',(0.0,-1.0,0.0));
#6438=CARTESIAN_POINT('',(-4.8,3.25,0.250000000000004));
#6439=DIRECTION('',(0.0,1.0,0.0));
#6440=DIRECTION('',(0.0,0.0,-1.0));
#6441=CARTESIAN_POINT('',(-4.8,2.2,0.250000000000004));
#6442=DIRECTION('',(0.0,-1.0,0.0));
#6443=DIRECTION('',(-1.0,0.0,0.0));
#6444=DIRECTION('',(-1.0,0.0,1.21107689479764E-15));
#6445=DIRECTION('',(1.0,0.0,-1.21107689479764E-15));
#6446=CARTESIAN_POINT('',(-5.1,3.42,0.170000000000003));
#6447=DIRECTION('',(0.0,-1.0,0.0));
#6448=DIRECTION('',(1.0,0.0,0.0));
#6449=DIRECTION('',(0.0,1.0,0.0));
#6450=DIRECTION('',(1.0,0.0,-9.48676900924818E-16));
#6451=DIRECTION('',(0.0,1.0,0.0));
#6452=DIRECTION('',(0.0,0.0,1.0));
#6453=DIRECTION('',(0.0,1.0,0.0));
#6454=DIRECTION('',(-1.0,0.0,9.48676900924818E-16));
#6455=DIRECTION('',(0.0,1.0,0.0));
#6456=CARTESIAN_POINT('',(-5.1,3.42,0.170000000000003));
#6457=DIRECTION('',(0.0,1.0,0.0));
#6458=DIRECTION('',(0.0,0.0,1.0));
#6459=DIRECTION('',(-1.0,0.0,0.0));
#6460=DIRECTION('',(1.0,0.0,0.0));
#6461=DIRECTION('',(1.0842021724855E-15,0.0,1.0));
#6462=DIRECTION('',(-1.0842021724855E-15,0.0,-1.0));
#6463=DIRECTION('',(1.0,0.0,0.0));
#6464=DIRECTION('',(1.0,0.0,0.0));
#6465=DIRECTION('',(0.0,0.0,-1.0));
#6466=DIRECTION('',(-0.447213595499955,0.894427190999917,-4.84869951806108E-16));
#6467=DIRECTION('',(0.0,0.0,-1.0));
#6468=DIRECTION('',(0.0,0.0,-1.0));
#6469=DIRECTION('',(-0.44721359549996,-0.894427190999915,0.0));
#6470=DIRECTION('',(1.0,-1.0842021724855E-15,5.42101086242752E-16));
#6471=DIRECTION('',(1.54886024640786E-15,0.0,-1.0));
#6472=DIRECTION('',(1.54886024640786E-15,0.0,-1.0));
#6473=DIRECTION('',(0.0,1.0,0.0));
#6474=DIRECTION('',(0.0,1.0,0.0));
#6475=DIRECTION('',(0.0,0.0,1.0));
#6476=DIRECTION('',(0.0,1.0,0.0));
#6477=DIRECTION('',(0.0,1.0,0.0));
#6478=DIRECTION('',(0.0,0.0,1.0));
#6479=DIRECTION('',(-1.0,0.0,0.0));
#6480=DIRECTION('',(-1.0,0.0,-1.35525271560688E-15));
#6481=DIRECTION('',(-1.0,0.0,-1.35525271560688E-15));
#6482=DIRECTION('',(0.0,1.0,0.0));
#6483=DIRECTION('',(-1.0,0.0,0.0));
#6484=DIRECTION('',(-1.0,0.0,0.0));
#6485=DIRECTION('',(0.0,1.0,0.0));
#6486=DIRECTION('',(0.0,0.0,-1.0));
#6487=DIRECTION('',(0.0,-1.0,-2.58143374401311E-16));
#6488=DIRECTION('',(0.0,-1.0,-2.58143374401311E-16));
#6489=DIRECTION('',(0.0,0.0,-1.0));
#6490=DIRECTION('',(-1.0,0.0,0.0));
#6491=DIRECTION('',(0.0,-1.0,1.64056907678728E-15));
#6492=DIRECTION('',(0.0,-1.0,1.64056907678728E-15));
#6493=DIRECTION('',(-1.0,0.0,0.0));
#6494=DIRECTION('',(0.0,0.707106781186549,-0.707106781186546));
#6495=DIRECTION('',(0.0,1.0,2.00778180089909E-16));
#6496=DIRECTION('',(0.0,0.707106781186552,0.707106781186543));
#6497=DIRECTION('',(0.0,0.0,1.0));
#6498=DIRECTION('',(0.0,0.0,1.0));
#6499=DIRECTION('',(0.0,0.707106781186552,0.707106781186543));
#6500=DIRECTION('',(0.0,1.0,2.00778180089909E-16));
#6501=DIRECTION('',(0.0,0.707106781186549,-0.707106781186546));
#6502=DIRECTION('',(-1.0,0.0,0.0));
#6503=DIRECTION('',(-1.0,0.0,0.0));
#6504=DIRECTION('',(-1.0,0.0,0.0));
#6505=DIRECTION('',(0.0,0.0,-1.0));
#6506=DIRECTION('',(0.0,0.0,-1.0));
#6507=DIRECTION('',(0.0,1.0,0.0));
#6508=DIRECTION('',(0.0,1.0,0.0));
#6509=DIRECTION('',(0.0,0.0,1.0));
#6510=DIRECTION('',(0.0,1.0,0.0));
#6511=DIRECTION('',(0.0,1.0,0.0));
#6512=DIRECTION('',(0.0,0.0,1.0));
#6513=DIRECTION('',(-1.0,0.0,0.0));
#6514=DIRECTION('',(-1.0,0.0,-1.35525271560689E-15));
#6515=DIRECTION('',(-1.0,0.0,-1.35525271560689E-15));
#6516=DIRECTION('',(0.0,1.0,0.0));
#6517=DIRECTION('',(-1.0,0.0,0.0));
#6518=DIRECTION('',(-1.0,0.0,0.0));
#6519=DIRECTION('',(0.0,1.0,0.0));
#6520=DIRECTION('',(0.0,0.0,-1.0));
#6521=DIRECTION('',(0.0,-1.0,-2.58143374401311E-16));
#6522=DIRECTION('',(0.0,-1.0,-2.58143374401311E-16));
#6523=DIRECTION('',(0.0,0.0,-1.0));
#6524=DIRECTION('',(-1.0,0.0,0.0));
#6525=DIRECTION('',(0.0,-1.0,1.64056907678728E-15));
#6526=DIRECTION('',(0.0,-1.0,1.64056907678728E-15));
#6527=DIRECTION('',(-1.0,0.0,0.0));
#6528=DIRECTION('',(0.0,0.707106781186549,-0.707106781186546));
#6529=DIRECTION('',(0.0,1.0,2.00778180089909E-16));
#6530=DIRECTION('',(0.0,0.707106781186552,0.707106781186543));
#6531=DIRECTION('',(0.0,0.0,1.0));
#6532=DIRECTION('',(0.0,0.0,1.0));
#6533=DIRECTION('',(0.0,0.707106781186552,0.707106781186543));
#6534=DIRECTION('',(0.0,1.0,2.00778180089909E-16));
#6535=DIRECTION('',(0.0,0.707106781186549,-0.707106781186546));
#6536=DIRECTION('',(-1.0,0.0,0.0));
#6537=DIRECTION('',(-1.0,0.0,0.0));
#6538=DIRECTION('',(-1.0,0.0,0.0));
#6539=DIRECTION('',(0.0,0.0,-1.0));
#6540=DIRECTION('',(0.0,0.0,-1.0));
#6541=DIRECTION('',(0.0,1.0,0.0));
#6542=DIRECTION('',(0.0,1.0,0.0));
#6543=DIRECTION('',(0.0,0.0,1.0));
#6544=DIRECTION('',(0.0,1.0,0.0));
#6545=DIRECTION('',(0.0,1.0,0.0));
#6546=DIRECTION('',(0.0,0.0,1.0));
#6547=DIRECTION('',(-1.0,0.0,0.0));
#6548=DIRECTION('',(-1.0,0.0,-1.35525271560688E-15));
#6549=DIRECTION('',(-1.0,0.0,-1.35525271560688E-15));
#6550=DIRECTION('',(0.0,1.0,0.0));
#6551=DIRECTION('',(-1.0,0.0,0.0));
#6552=DIRECTION('',(-1.0,0.0,0.0));
#6553=DIRECTION('',(0.0,1.0,0.0));
#6554=DIRECTION('',(0.0,0.0,-1.0));
#6555=DIRECTION('',(0.0,-1.0,-2.58143374401311E-16));
#6556=DIRECTION('',(0.0,-1.0,-2.58143374401311E-16));
#6557=DIRECTION('',(0.0,0.0,-1.0));
#6558=DIRECTION('',(-1.0,0.0,0.0));
#6559=DIRECTION('',(0.0,-1.0,1.64056907678728E-15));
#6560=DIRECTION('',(0.0,-1.0,1.64056907678728E-15));
#6561=DIRECTION('',(-1.0,0.0,0.0));
#6562=DIRECTION('',(0.0,0.707106781186549,-0.707106781186546));
#6563=DIRECTION('',(0.0,1.0,2.00778180089909E-16));
#6564=DIRECTION('',(0.0,0.707106781186552,0.707106781186543));
#6565=DIRECTION('',(0.0,0.0,1.0));
#6566=DIRECTION('',(0.0,0.0,1.0));
#6567=DIRECTION('',(0.0,0.707106781186552,0.707106781186543));
#6568=DIRECTION('',(0.0,1.0,2.00778180089909E-16));
#6569=DIRECTION('',(0.0,0.707106781186549,-0.707106781186546));
#6570=DIRECTION('',(-1.0,0.0,0.0));
#6571=DIRECTION('',(-1.0,0.0,0.0));
#6572=DIRECTION('',(-1.0,0.0,0.0));
#6573=PRESENTATION_LAYER_ASSIGNMENT('1','Layer 1',(#25));
ENDSEC;
END-ISO-10303-21;
