ISO-10303-21;
HEADER;
FILE_DESCRIPTION(('STEP AP242'),'1');
FILE_NAME('5040500491.stp','2024-11-07T18:11:50',('TraceParts'),('TraceParts S.A.'),'Spatial InterOp 3D',' ',' ');
FILE_SCHEMA(('AP242_MANAGED_MODEL_BASED_3D_ENGINEERING_MIM_LF  {1 0 10303 442 1 1 4}'));
ENDSEC;
DATA;
#1=MECHANICAL_DESIGN_GEOMETRIC_PRESENTATION_REPRESENTATION(' ',(#10),#6);
#2=PRODUCT_DEFINITION_CONTEXT('',#11,'design');
#3=APPLICATION_PROTOCOL_DEFINITION('INTERNATIONAL STANDARD','ap242_managed_model_based_3d_engineering',2014,#11);
#4=PRODUCT_CATEGORY_RELATIONSHIP('NONE','NONE',#12,#13);
#5=SHAPE_DEFINITION_REPRESENTATION(#14,#15);
#6= (GEOMETRIC_REPRESENTATION_CONTEXT(3)GLOBAL_UNCERTAINTY_ASSIGNED_CONTEXT((#18))GLOBAL_UNIT_ASSIGNED_CONTEXT((#20,#21,#22))REPRESENTATION_CONTEXT('NONE','WORKSPACE'));
#10=STYLED_ITEM('',(#24),#25);
#11=APPLICATION_CONTEXT('managed model based 3d engineering');
#12=PRODUCT_CATEGORY('part','NONE');
#13=PRODUCT_RELATED_PRODUCT_CATEGORY('detail',' ',(#26));
#14=PRODUCT_DEFINITION_SHAPE('NONE','NONE',#27);
#15=ADVANCED_BREP_SHAPE_REPRESENTATION('5040500491',(#25,#28),#6);
#18=UNCERTAINTY_MEASURE_WITH_UNIT(LENGTH_MEASURE(1.0E-06),#20,'','');
#20= (CONVERSION_BASED_UNIT('MILLIMETRE',#31)LENGTH_UNIT()NAMED_UNIT(#34));
#21= (NAMED_UNIT(#36)PLANE_ANGLE_UNIT()SI_UNIT($,.RADIAN.));
#22= (NAMED_UNIT(#36)SOLID_ANGLE_UNIT()SI_UNIT($,.STERADIAN.));
#24=PRESENTATION_STYLE_ASSIGNMENT((#42));
#25=MANIFOLD_SOLID_BREP('5040500491',#43);
#26=PRODUCT('5040500491','','PART--DESC',(#44));
#27=PRODUCT_DEFINITION('','NONE',#45,#2);
#28=AXIS2_PLACEMENT_3D('',#46,#47,#48);
#31=LENGTH_MEASURE_WITH_UNIT(LENGTH_MEASURE(1.0),#49);
#34=DIMENSIONAL_EXPONENTS(1.0,0.0,0.0,0.0,0.0,0.0,0.0);
#36=DIMENSIONAL_EXPONENTS(0.0,0.0,0.0,0.0,0.0,0.0,0.0);
#42=SURFACE_STYLE_USAGE(.BOTH.,#50);
#43=CLOSED_SHELL('',(#51,#52,#53,#54,#55,#56,#57,#58,#59,#60,#61,#62,#63,#64,#65,#66,#67,#68,#69,#70,#71,#72,#73,#74,#75,#76,#77,#78,#79,#80,#81,#82,#83,#84,#85,#86,#87,#88,#89,#90,#91,#92,#93,#94,#95,#96,#97,#98,#99,#100,#101,#102,#103,#104,#105,#106,#107,#108,#109,#110,#111,#112,#113,#114,#115,#116,#117,#118,#119,#120,#121,#122,#123,#124,#125,#126,#127,#128,#129,#130,#131,#132,#133,#134,#135,#136,#137,#138,#139,#140,#141,#142,#143,#144,#145,#146,#147,#148,#149,#150,#151,#152,#153,#154,#155,#156,#157,#158,#159,#160,#161,#162,#163,#164,#165,#166,#167,#168,#169,#170,#171,#172,#173,#174,#175,#176,#177,#178,#179,#180,#181,#182,#183,#184,#185,#186,#187,#188,#189,#190,#191,#192,#193,#194,#195,#196,#197,#198,#199,#200,#201,#202,#203,#204,#205,#206,#207,#208,#209,#210,#211,#212,#213,#214));
#44=PRODUCT_CONTEXT('',#11,'mechanical');
#45=PRODUCT_DEFINITION_FORMATION_WITH_SPECIFIED_SOURCE(' ','NONE',#26,.NOT_KNOWN.);
#46=CARTESIAN_POINT('',(0.0,0.0,0.0));
#47=DIRECTION('',(0.0,0.0,1.0));
#48=DIRECTION('',(1.0,0.0,0.0));
#49= (NAMED_UNIT(#34)LENGTH_UNIT()SI_UNIT(.MILLI.,.METRE.));
#50=SURFACE_SIDE_STYLE('',(#216));
#51=ADVANCED_FACE('',(#217),#218,.T.);
#52=ADVANCED_FACE('',(#219),#220,.T.);
#53=ADVANCED_FACE('',(#221),#222,.T.);
#54=ADVANCED_FACE('',(#223),#224,.T.);
#55=ADVANCED_FACE('',(#225,#226),#227,.T.);
#56=ADVANCED_FACE('',(#228),#229,.T.);
#57=ADVANCED_FACE('',(#230),#231,.T.);
#58=ADVANCED_FACE('',(#232),#233,.F.);
#59=ADVANCED_FACE('',(#234),#235,.T.);
#60=ADVANCED_FACE('',(#236),#237,.T.);
#61=ADVANCED_FACE('',(#238),#239,.T.);
#62=ADVANCED_FACE('',(#240),#241,.T.);
#63=ADVANCED_FACE('',(#242),#243,.T.);
#64=ADVANCED_FACE('',(#244),#245,.F.);
#65=ADVANCED_FACE('',(#246),#247,.F.);
#66=ADVANCED_FACE('',(#248),#249,.F.);
#67=ADVANCED_FACE('',(#250),#251,.F.);
#68=ADVANCED_FACE('',(#252),#253,.F.);
#69=ADVANCED_FACE('',(#254),#255,.F.);
#70=ADVANCED_FACE('',(#256),#257,.F.);
#71=ADVANCED_FACE('',(#258),#259,.F.);
#72=ADVANCED_FACE('',(#260),#261,.F.);
#73=ADVANCED_FACE('',(#262),#263,.T.);
#74=ADVANCED_FACE('',(#264),#265,.T.);
#75=ADVANCED_FACE('',(#266),#267,.T.);
#76=ADVANCED_FACE('',(#268),#269,.T.);
#77=ADVANCED_FACE('',(#270),#271,.T.);
#78=ADVANCED_FACE('',(#272,#273,#274),#275,.T.);
#79=ADVANCED_FACE('',(#276),#277,.F.);
#80=ADVANCED_FACE('',(#278),#279,.T.);
#81=ADVANCED_FACE('',(#280),#281,.F.);
#82=ADVANCED_FACE('',(#282),#283,.F.);
#83=ADVANCED_FACE('',(#284),#285,.F.);
#84=ADVANCED_FACE('',(#286),#287,.F.);
#85=ADVANCED_FACE('',(#288),#289,.F.);
#86=ADVANCED_FACE('',(#290),#291,.F.);
#87=ADVANCED_FACE('',(#292),#293,.F.);
#88=ADVANCED_FACE('',(#294),#295,.F.);
#89=ADVANCED_FACE('',(#296),#297,.F.);
#90=ADVANCED_FACE('',(#298),#299,.F.);
#91=ADVANCED_FACE('',(#300),#301,.F.);
#92=ADVANCED_FACE('',(#302),#303,.T.);
#93=ADVANCED_FACE('',(#304),#305,.F.);
#94=ADVANCED_FACE('',(#306),#307,.F.);
#95=ADVANCED_FACE('',(#308),#309,.T.);
#96=ADVANCED_FACE('',(#310),#311,.F.);
#97=ADVANCED_FACE('',(#312),#313,.F.);
#98=ADVANCED_FACE('',(#314,#315),#316,.T.);
#99=ADVANCED_FACE('',(#317),#318,.F.);
#100=ADVANCED_FACE('',(#319),#320,.F.);
#101=ADVANCED_FACE('',(#321,#322),#323,.T.);
#102=ADVANCED_FACE('',(#324),#325,.T.);
#103=ADVANCED_FACE('',(#326),#327,.F.);
#104=ADVANCED_FACE('',(#328),#329,.F.);
#105=ADVANCED_FACE('',(#330),#331,.F.);
#106=ADVANCED_FACE('',(#332),#333,.F.);
#107=ADVANCED_FACE('',(#334),#335,.T.);
#108=ADVANCED_FACE('',(#336),#337,.F.);
#109=ADVANCED_FACE('',(#338),#339,.F.);
#110=ADVANCED_FACE('',(#340),#341,.F.);
#111=ADVANCED_FACE('',(#342),#343,.F.);
#112=ADVANCED_FACE('',(#344),#345,.F.);
#113=ADVANCED_FACE('',(#346),#347,.F.);
#114=ADVANCED_FACE('',(#348),#349,.T.);
#115=ADVANCED_FACE('',(#350),#351,.F.);
#116=ADVANCED_FACE('',(#352),#353,.F.);
#117=ADVANCED_FACE('',(#354),#355,.F.);
#118=ADVANCED_FACE('',(#356),#357,.F.);
#119=ADVANCED_FACE('',(#358),#359,.F.);
#120=ADVANCED_FACE('',(#360),#361,.F.);
#121=ADVANCED_FACE('',(#362),#363,.F.);
#122=ADVANCED_FACE('',(#364),#365,.F.);
#123=ADVANCED_FACE('',(#366),#367,.F.);
#124=ADVANCED_FACE('',(#368),#369,.T.);
#125=ADVANCED_FACE('',(#370),#371,.F.);
#126=ADVANCED_FACE('',(#372),#373,.F.);
#127=ADVANCED_FACE('',(#374),#375,.F.);
#128=ADVANCED_FACE('',(#376),#377,.F.);
#129=ADVANCED_FACE('',(#378),#379,.F.);
#130=ADVANCED_FACE('',(#380),#381,.F.);
#131=ADVANCED_FACE('',(#382),#383,.T.);
#132=ADVANCED_FACE('',(#384),#385,.F.);
#133=ADVANCED_FACE('',(#386),#387,.F.);
#134=ADVANCED_FACE('',(#388),#389,.F.);
#135=ADVANCED_FACE('',(#390),#391,.F.);
#136=ADVANCED_FACE('',(#392),#393,.F.);
#137=ADVANCED_FACE('',(#394),#395,.F.);
#138=ADVANCED_FACE('',(#396),#397,.F.);
#139=ADVANCED_FACE('',(#398),#399,.F.);
#140=ADVANCED_FACE('',(#400),#401,.F.);
#141=ADVANCED_FACE('',(#402),#403,.T.);
#142=ADVANCED_FACE('',(#404),#405,.F.);
#143=ADVANCED_FACE('',(#406),#407,.F.);
#144=ADVANCED_FACE('',(#408),#409,.F.);
#145=ADVANCED_FACE('',(#410),#411,.F.);
#146=ADVANCED_FACE('',(#412),#413,.F.);
#147=ADVANCED_FACE('',(#414),#415,.F.);
#148=ADVANCED_FACE('',(#416),#417,.T.);
#149=ADVANCED_FACE('',(#418),#419,.F.);
#150=ADVANCED_FACE('',(#420),#421,.F.);
#151=ADVANCED_FACE('',(#422),#423,.F.);
#152=ADVANCED_FACE('',(#424),#425,.F.);
#153=ADVANCED_FACE('',(#426),#427,.F.);
#154=ADVANCED_FACE('',(#428),#429,.F.);
#155=ADVANCED_FACE('',(#430),#431,.F.);
#156=ADVANCED_FACE('',(#432),#433,.F.);
#157=ADVANCED_FACE('',(#434),#435,.F.);
#158=ADVANCED_FACE('',(#436),#437,.T.);
#159=ADVANCED_FACE('',(#438),#439,.F.);
#160=ADVANCED_FACE('',(#440),#441,.F.);
#161=ADVANCED_FACE('',(#442),#443,.F.);
#162=ADVANCED_FACE('',(#444),#445,.F.);
#163=ADVANCED_FACE('',(#446),#447,.F.);
#164=ADVANCED_FACE('',(#448),#449,.F.);
#165=ADVANCED_FACE('',(#450),#451,.T.);
#166=ADVANCED_FACE('',(#452),#453,.F.);
#167=ADVANCED_FACE('',(#454),#455,.F.);
#168=ADVANCED_FACE('',(#456),#457,.F.);
#169=ADVANCED_FACE('',(#458),#459,.F.);
#170=ADVANCED_FACE('',(#460),#461,.F.);
#171=ADVANCED_FACE('',(#462),#463,.F.);
#172=ADVANCED_FACE('',(#464),#465,.F.);
#173=ADVANCED_FACE('',(#466),#467,.F.);
#174=ADVANCED_FACE('',(#468),#469,.F.);
#175=ADVANCED_FACE('',(#470),#471,.F.);
#176=ADVANCED_FACE('',(#472),#473,.T.);
#177=ADVANCED_FACE('',(#474),#475,.F.);
#178=ADVANCED_FACE('',(#476),#477,.F.);
#179=ADVANCED_FACE('',(#478),#479,.T.);
#180=ADVANCED_FACE('',(#480),#481,.T.);
#181=ADVANCED_FACE('',(#482),#483,.T.);
#182=ADVANCED_FACE('',(#484),#485,.T.);
#183=ADVANCED_FACE('',(#486),#487,.F.);
#184=ADVANCED_FACE('',(#488),#489,.F.);
#185=ADVANCED_FACE('',(#490),#491,.F.);
#186=ADVANCED_FACE('',(#492),#493,.F.);
#187=ADVANCED_FACE('',(#494),#495,.F.);
#188=ADVANCED_FACE('',(#496),#497,.F.);
#189=ADVANCED_FACE('',(#498),#499,.F.);
#190=ADVANCED_FACE('',(#500),#501,.F.);
#191=ADVANCED_FACE('',(#502),#503,.T.);
#192=ADVANCED_FACE('',(#504),#505,.T.);
#193=ADVANCED_FACE('',(#506),#507,.T.);
#194=ADVANCED_FACE('',(#508),#509,.T.);
#195=ADVANCED_FACE('',(#510),#511,.T.);
#196=ADVANCED_FACE('',(#512),#513,.T.);
#197=ADVANCED_FACE('',(#514),#515,.F.);
#198=ADVANCED_FACE('',(#516),#517,.T.);
#199=ADVANCED_FACE('',(#518),#519,.F.);
#200=ADVANCED_FACE('',(#520),#521,.F.);
#201=ADVANCED_FACE('',(#522),#523,.F.);
#202=ADVANCED_FACE('',(#524),#525,.T.);
#203=ADVANCED_FACE('',(#526),#527,.T.);
#204=ADVANCED_FACE('',(#528),#529,.T.);
#205=ADVANCED_FACE('',(#530),#531,.T.);
#206=ADVANCED_FACE('',(#532),#533,.F.);
#207=ADVANCED_FACE('',(#534),#535,.F.);
#208=ADVANCED_FACE('',(#536),#537,.T.);
#209=ADVANCED_FACE('',(#538),#539,.F.);
#210=ADVANCED_FACE('',(#540),#541,.T.);
#211=ADVANCED_FACE('',(#542),#543,.F.);
#212=ADVANCED_FACE('',(#544),#545,.F.);
#213=ADVANCED_FACE('',(#546),#547,.F.);
#214=ADVANCED_FACE('',(#548),#549,.F.);
#216=SURFACE_STYLE_FILL_AREA(#550);
#217=FACE_OUTER_BOUND('',#551,.T.);
#218=PLANE('',#552);
#219=FACE_OUTER_BOUND('',#553,.T.);
#220=PLANE('',#554);
#221=FACE_OUTER_BOUND('',#555,.T.);
#222=PLANE('',#556);
#223=FACE_OUTER_BOUND('',#557,.T.);
#224=PLANE('',#558);
#225=FACE_OUTER_BOUND('',#559,.T.);
#226=FACE_BOUND('',#560,.T.);
#227=PLANE('',#561);
#228=FACE_OUTER_BOUND('',#562,.T.);
#229=PLANE('',#563);
#230=FACE_OUTER_BOUND('',#564,.T.);
#231=PLANE('',#565);
#232=FACE_OUTER_BOUND('',#566,.T.);
#233=PLANE('',#567);
#234=FACE_OUTER_BOUND('',#568,.T.);
#235=PLANE('',#569);
#236=FACE_OUTER_BOUND('',#570,.T.);
#237=PLANE('',#571);
#238=FACE_OUTER_BOUND('',#572,.T.);
#239=PLANE('',#573);
#240=FACE_OUTER_BOUND('',#574,.T.);
#241=PLANE('',#575);
#242=FACE_OUTER_BOUND('',#576,.T.);
#243=PLANE('',#577);
#244=FACE_OUTER_BOUND('',#578,.T.);
#245=PLANE('',#579);
#246=FACE_OUTER_BOUND('',#580,.T.);
#247=PLANE('',#581);
#248=FACE_OUTER_BOUND('',#582,.T.);
#249=PLANE('',#583);
#250=FACE_OUTER_BOUND('',#584,.T.);
#251=PLANE('',#585);
#252=FACE_OUTER_BOUND('',#586,.T.);
#253=PLANE('',#587);
#254=FACE_OUTER_BOUND('',#588,.T.);
#255=PLANE('',#589);
#256=FACE_OUTER_BOUND('',#590,.T.);
#257=PLANE('',#591);
#258=FACE_OUTER_BOUND('',#592,.T.);
#259=PLANE('',#593);
#260=FACE_OUTER_BOUND('',#594,.T.);
#261=PLANE('',#595);
#262=FACE_OUTER_BOUND('',#596,.T.);
#263=PLANE('',#597);
#264=FACE_OUTER_BOUND('',#598,.T.);
#265=PLANE('',#599);
#266=FACE_OUTER_BOUND('',#600,.T.);
#267=PLANE('',#601);
#268=FACE_OUTER_BOUND('',#602,.T.);
#269=PLANE('',#603);
#270=FACE_OUTER_BOUND('',#604,.T.);
#271=PLANE('',#605);
#272=FACE_BOUND('',#606,.T.);
#273=FACE_BOUND('',#607,.T.);
#274=FACE_OUTER_BOUND('',#608,.T.);
#275=PLANE('',#609);
#276=FACE_OUTER_BOUND('',#610,.T.);
#277=PLANE('',#611);
#278=FACE_OUTER_BOUND('',#612,.T.);
#279=PLANE('',#613);
#280=FACE_OUTER_BOUND('',#614,.T.);
#281=PLANE('',#615);
#282=FACE_OUTER_BOUND('',#616,.T.);
#283=PLANE('',#617);
#284=FACE_OUTER_BOUND('',#618,.T.);
#285=PLANE('',#619);
#286=FACE_OUTER_BOUND('',#620,.T.);
#287=PLANE('',#621);
#288=FACE_OUTER_BOUND('',#622,.T.);
#289=PLANE('',#623);
#290=FACE_OUTER_BOUND('',#624,.T.);
#291=PLANE('',#625);
#292=FACE_OUTER_BOUND('',#626,.T.);
#293=PLANE('',#627);
#294=FACE_OUTER_BOUND('',#628,.T.);
#295=PLANE('',#629);
#296=FACE_OUTER_BOUND('',#630,.T.);
#297=PLANE('',#631);
#298=FACE_OUTER_BOUND('',#632,.T.);
#299=PLANE('',#633);
#300=FACE_OUTER_BOUND('',#634,.T.);
#301=PLANE('',#635);
#302=FACE_OUTER_BOUND('',#636,.T.);
#303=PLANE('',#637);
#304=FACE_OUTER_BOUND('',#638,.T.);
#305=PLANE('',#639);
#306=FACE_OUTER_BOUND('',#640,.T.);
#307=PLANE('',#641);
#308=FACE_OUTER_BOUND('',#642,.T.);
#309=PLANE('',#643);
#310=FACE_OUTER_BOUND('',#644,.T.);
#311=PLANE('',#645);
#312=FACE_OUTER_BOUND('',#646,.T.);
#313=PLANE('',#647);
#314=FACE_BOUND('',#648,.T.);
#315=FACE_OUTER_BOUND('',#649,.T.);
#316=PLANE('',#650);
#317=FACE_OUTER_BOUND('',#651,.T.);
#318=PLANE('',#652);
#319=FACE_OUTER_BOUND('',#653,.T.);
#320=PLANE('',#654);
#321=FACE_BOUND('',#655,.T.);
#322=FACE_OUTER_BOUND('',#656,.T.);
#323=PLANE('',#657);
#324=FACE_OUTER_BOUND('',#658,.T.);
#325=PLANE('',#659);
#326=FACE_OUTER_BOUND('',#660,.T.);
#327=PLANE('',#661);
#328=FACE_OUTER_BOUND('',#662,.T.);
#329=PLANE('',#663);
#330=FACE_OUTER_BOUND('',#664,.T.);
#331=PLANE('',#665);
#332=FACE_OUTER_BOUND('',#666,.T.);
#333=PLANE('',#667);
#334=FACE_OUTER_BOUND('',#668,.T.);
#335=PLANE('',#669);
#336=FACE_OUTER_BOUND('',#670,.T.);
#337=PLANE('',#671);
#338=FACE_OUTER_BOUND('',#672,.T.);
#339=PLANE('',#673);
#340=FACE_OUTER_BOUND('',#674,.T.);
#341=PLANE('',#675);
#342=FACE_OUTER_BOUND('',#676,.T.);
#343=PLANE('',#677);
#344=FACE_OUTER_BOUND('',#678,.T.);
#345=CYLINDRICAL_SURFACE('',#679,0.1);
#346=FACE_OUTER_BOUND('',#680,.T.);
#347=PLANE('',#681);
#348=FACE_OUTER_BOUND('',#682,.T.);
#349=PLANE('',#683);
#350=FACE_OUTER_BOUND('',#684,.T.);
#351=PLANE('',#685);
#352=FACE_OUTER_BOUND('',#686,.T.);
#353=PLANE('',#687);
#354=FACE_OUTER_BOUND('',#688,.T.);
#355=PLANE('',#689);
#356=FACE_OUTER_BOUND('',#690,.T.);
#357=PLANE('',#691);
#358=FACE_OUTER_BOUND('',#692,.T.);
#359=PLANE('',#693);
#360=FACE_OUTER_BOUND('',#694,.T.);
#361=PLANE('',#695);
#362=FACE_OUTER_BOUND('',#696,.T.);
#363=PLANE('',#697);
#364=FACE_OUTER_BOUND('',#698,.T.);
#365=PLANE('',#699);
#366=FACE_OUTER_BOUND('',#700,.T.);
#367=PLANE('',#701);
#368=FACE_OUTER_BOUND('',#702,.T.);
#369=PLANE('',#703);
#370=FACE_OUTER_BOUND('',#704,.T.);
#371=PLANE('',#705);
#372=FACE_OUTER_BOUND('',#706,.T.);
#373=PLANE('',#707);
#374=FACE_OUTER_BOUND('',#708,.T.);
#375=PLANE('',#709);
#376=FACE_OUTER_BOUND('',#710,.T.);
#377=PLANE('',#711);
#378=FACE_OUTER_BOUND('',#712,.T.);
#379=CYLINDRICAL_SURFACE('',#713,0.1);
#380=FACE_OUTER_BOUND('',#714,.T.);
#381=PLANE('',#715);
#382=FACE_OUTER_BOUND('',#716,.T.);
#383=PLANE('',#717);
#384=FACE_OUTER_BOUND('',#718,.T.);
#385=PLANE('',#719);
#386=FACE_OUTER_BOUND('',#720,.T.);
#387=PLANE('',#721);
#388=FACE_OUTER_BOUND('',#722,.T.);
#389=PLANE('',#723);
#390=FACE_OUTER_BOUND('',#724,.T.);
#391=PLANE('',#725);
#392=FACE_OUTER_BOUND('',#726,.T.);
#393=PLANE('',#727);
#394=FACE_OUTER_BOUND('',#728,.T.);
#395=PLANE('',#729);
#396=FACE_OUTER_BOUND('',#730,.T.);
#397=PLANE('',#731);
#398=FACE_OUTER_BOUND('',#732,.T.);
#399=PLANE('',#733);
#400=FACE_OUTER_BOUND('',#734,.T.);
#401=PLANE('',#735);
#402=FACE_OUTER_BOUND('',#736,.T.);
#403=PLANE('',#737);
#404=FACE_OUTER_BOUND('',#738,.T.);
#405=PLANE('',#739);
#406=FACE_OUTER_BOUND('',#740,.T.);
#407=PLANE('',#741);
#408=FACE_OUTER_BOUND('',#742,.T.);
#409=PLANE('',#743);
#410=FACE_OUTER_BOUND('',#744,.T.);
#411=PLANE('',#745);
#412=FACE_OUTER_BOUND('',#746,.T.);
#413=CYLINDRICAL_SURFACE('',#747,0.1);
#414=FACE_OUTER_BOUND('',#748,.T.);
#415=PLANE('',#749);
#416=FACE_OUTER_BOUND('',#750,.T.);
#417=PLANE('',#751);
#418=FACE_OUTER_BOUND('',#752,.T.);
#419=PLANE('',#753);
#420=FACE_OUTER_BOUND('',#754,.T.);
#421=PLANE('',#755);
#422=FACE_OUTER_BOUND('',#756,.T.);
#423=PLANE('',#757);
#424=FACE_OUTER_BOUND('',#758,.T.);
#425=PLANE('',#759);
#426=FACE_OUTER_BOUND('',#760,.T.);
#427=PLANE('',#761);
#428=FACE_OUTER_BOUND('',#762,.T.);
#429=PLANE('',#763);
#430=FACE_OUTER_BOUND('',#764,.T.);
#431=PLANE('',#765);
#432=FACE_OUTER_BOUND('',#766,.T.);
#433=PLANE('',#767);
#434=FACE_OUTER_BOUND('',#768,.T.);
#435=PLANE('',#769);
#436=FACE_OUTER_BOUND('',#770,.T.);
#437=PLANE('',#771);
#438=FACE_OUTER_BOUND('',#772,.T.);
#439=PLANE('',#773);
#440=FACE_OUTER_BOUND('',#774,.T.);
#441=PLANE('',#775);
#442=FACE_OUTER_BOUND('',#776,.T.);
#443=PLANE('',#777);
#444=FACE_OUTER_BOUND('',#778,.T.);
#445=PLANE('',#779);
#446=FACE_OUTER_BOUND('',#780,.T.);
#447=CYLINDRICAL_SURFACE('',#781,0.1);
#448=FACE_OUTER_BOUND('',#782,.T.);
#449=PLANE('',#783);
#450=FACE_OUTER_BOUND('',#784,.T.);
#451=PLANE('',#785);
#452=FACE_OUTER_BOUND('',#786,.T.);
#453=PLANE('',#787);
#454=FACE_OUTER_BOUND('',#788,.T.);
#455=PLANE('',#789);
#456=FACE_OUTER_BOUND('',#790,.T.);
#457=PLANE('',#791);
#458=FACE_OUTER_BOUND('',#792,.T.);
#459=PLANE('',#793);
#460=FACE_OUTER_BOUND('',#794,.T.);
#461=PLANE('',#795);
#462=FACE_OUTER_BOUND('',#796,.T.);
#463=PLANE('',#797);
#464=FACE_OUTER_BOUND('',#798,.T.);
#465=PLANE('',#799);
#466=FACE_OUTER_BOUND('',#800,.T.);
#467=PLANE('',#801);
#468=FACE_OUTER_BOUND('',#802,.T.);
#469=PLANE('',#803);
#470=FACE_OUTER_BOUND('',#804,.T.);
#471=PLANE('',#805);
#472=FACE_OUTER_BOUND('',#806,.T.);
#473=CYLINDRICAL_SURFACE('',#807,0.25);
#474=FACE_OUTER_BOUND('',#808,.T.);
#475=CYLINDRICAL_SURFACE('',#809,0.1);
#476=FACE_OUTER_BOUND('',#810,.T.);
#477=PLANE('',#811);
#478=FACE_OUTER_BOUND('',#812,.T.);
#479=PLANE('',#813);
#480=FACE_OUTER_BOUND('',#814,.T.);
#481=PLANE('',#815);
#482=FACE_OUTER_BOUND('',#816,.T.);
#483=PLANE('',#817);
#484=FACE_OUTER_BOUND('',#818,.T.);
#485=CYLINDRICAL_SURFACE('',#819,0.2);
#486=FACE_OUTER_BOUND('',#820,.T.);
#487=PLANE('',#821);
#488=FACE_OUTER_BOUND('',#822,.T.);
#489=PLANE('',#823);
#490=FACE_OUTER_BOUND('',#824,.T.);
#491=PLANE('',#825);
#492=FACE_OUTER_BOUND('',#826,.T.);
#493=CYLINDRICAL_SURFACE('',#827,0.0499999999999998);
#494=FACE_OUTER_BOUND('',#828,.T.);
#495=CYLINDRICAL_SURFACE('',#829,0.0499999999999998);
#496=FACE_OUTER_BOUND('',#830,.T.);
#497=PLANE('',#831);
#498=FACE_OUTER_BOUND('',#832,.T.);
#499=CYLINDRICAL_SURFACE('',#833,0.1);
#500=FACE_OUTER_BOUND('',#834,.T.);
#501=PLANE('',#835);
#502=FACE_OUTER_BOUND('',#836,.T.);
#503=PLANE('',#837);
#504=FACE_OUTER_BOUND('',#838,.T.);
#505=PLANE('',#839);
#506=FACE_OUTER_BOUND('',#840,.T.);
#507=PLANE('',#841);
#508=FACE_OUTER_BOUND('',#842,.T.);
#509=PLANE('',#843);
#510=FACE_OUTER_BOUND('',#844,.T.);
#511=PLANE('',#845);
#512=FACE_OUTER_BOUND('',#846,.T.);
#513=CYLINDRICAL_SURFACE('',#847,0.25);
#514=FACE_OUTER_BOUND('',#848,.T.);
#515=CYLINDRICAL_SURFACE('',#849,0.1);
#516=FACE_OUTER_BOUND('',#850,.T.);
#517=PLANE('',#851);
#518=FACE_OUTER_BOUND('',#852,.T.);
#519=PLANE('',#853);
#520=FACE_OUTER_BOUND('',#854,.T.);
#521=PLANE('',#855);
#522=FACE_OUTER_BOUND('',#856,.T.);
#523=PLANE('',#857);
#524=FACE_OUTER_BOUND('',#858,.T.);
#525=CYLINDRICAL_SURFACE('',#859,0.2);
#526=FACE_OUTER_BOUND('',#860,.T.);
#527=PLANE('',#861);
#528=FACE_OUTER_BOUND('',#862,.T.);
#529=PLANE('',#863);
#530=FACE_OUTER_BOUND('',#864,.T.);
#531=PLANE('',#865);
#532=FACE_OUTER_BOUND('',#866,.T.);
#533=CYLINDRICAL_SURFACE('',#867,0.0499999999999998);
#534=FACE_OUTER_BOUND('',#868,.T.);
#535=CYLINDRICAL_SURFACE('',#869,0.0499999999999998);
#536=FACE_OUTER_BOUND('',#870,.T.);
#537=PLANE('',#871);
#538=FACE_OUTER_BOUND('',#872,.T.);
#539=CYLINDRICAL_SURFACE('',#873,0.1);
#540=FACE_OUTER_BOUND('',#874,.T.);
#541=PLANE('',#875);
#542=FACE_OUTER_BOUND('',#876,.T.);
#543=PLANE('',#877);
#544=FACE_OUTER_BOUND('',#878,.T.);
#545=PLANE('',#879);
#546=FACE_OUTER_BOUND('',#880,.T.);
#547=PLANE('',#881);
#548=FACE_OUTER_BOUND('',#882,.T.);
#549=PLANE('',#883);
#550=FILL_AREA_STYLE('',(#884));
#551=EDGE_LOOP('',(#885,#886,#887,#888));
#552=AXIS2_PLACEMENT_3D('',#889,#890,#891);
#553=EDGE_LOOP('',(#892,#893,#894,#895,#896,#897,#898,#899,#900,#901,#902,#903,#904,#905,#906,#907,#908,#909,#910,#911,#912,#913,#914,#915,#916,#917,#918,#919,#920,#921,#922,#923,#924,#925,#926,#927,#928,#929,#930,#931,#932,#933,#934,#935,#936,#937,#938,#939));
#554=AXIS2_PLACEMENT_3D('',#940,#941,#942);
#555=EDGE_LOOP('',(#943,#944,#945,#946,#947,#948,#949,#950,#951,#952));
#556=AXIS2_PLACEMENT_3D('',#953,#954,#955);
#557=EDGE_LOOP('',(#956,#957,#958,#959,#960,#961,#962,#963,#964,#965));
#558=AXIS2_PLACEMENT_3D('',#966,#967,#968);
#559=EDGE_LOOP('',(#969,#970,#971,#972,#973));
#560=EDGE_LOOP('',(#974,#975,#976,#977));
#561=AXIS2_PLACEMENT_3D('',#978,#979,#980);
#562=EDGE_LOOP('',(#981,#982,#983,#984));
#563=AXIS2_PLACEMENT_3D('',#985,#986,#987);
#564=EDGE_LOOP('',(#988,#989,#990,#991,#992,#993,#994,#995,#996,#997,#998,#999,#1000,#1001,#1002,#1003,#1004,#1005,#1006,#1007,#1008,#1009,#1010,#1011,#1012,#1013,#1014,#1015));
#565=AXIS2_PLACEMENT_3D('',#1016,#1017,#1018);
#566=EDGE_LOOP('',(#1019,#1020,#1021,#1022,#1023,#1024,#1025,#1026,#1027,#1028,#1029,#1030,#1031,#1032,#1033,#1034,#1035,#1036,#1037,#1038));
#567=AXIS2_PLACEMENT_3D('',#1039,#1040,#1041);
#568=EDGE_LOOP('',(#1042,#1043,#1044,#1045));
#569=AXIS2_PLACEMENT_3D('',#1046,#1047,#1048);
#570=EDGE_LOOP('',(#1049,#1050,#1051,#1052));
#571=AXIS2_PLACEMENT_3D('',#1053,#1054,#1055);
#572=EDGE_LOOP('',(#1056,#1057,#1058,#1059));
#573=AXIS2_PLACEMENT_3D('',#1060,#1061,#1062);
#574=EDGE_LOOP('',(#1063,#1064,#1065,#1066));
#575=AXIS2_PLACEMENT_3D('',#1067,#1068,#1069);
#576=EDGE_LOOP('',(#1070,#1071,#1072,#1073,#1074,#1075,#1076,#1077,#1078,#1079));
#577=AXIS2_PLACEMENT_3D('',#1080,#1081,#1082);
#578=EDGE_LOOP('',(#1083,#1084,#1085,#1086));
#579=AXIS2_PLACEMENT_3D('',#1087,#1088,#1089);
#580=EDGE_LOOP('',(#1090,#1091,#1092,#1093));
#581=AXIS2_PLACEMENT_3D('',#1094,#1095,#1096);
#582=EDGE_LOOP('',(#1097,#1098,#1099,#1100));
#583=AXIS2_PLACEMENT_3D('',#1101,#1102,#1103);
#584=EDGE_LOOP('',(#1104,#1105,#1106,#1107));
#585=AXIS2_PLACEMENT_3D('',#1108,#1109,#1110);
#586=EDGE_LOOP('',(#1111,#1112,#1113,#1114));
#587=AXIS2_PLACEMENT_3D('',#1115,#1116,#1117);
#588=EDGE_LOOP('',(#1118,#1119,#1120,#1121));
#589=AXIS2_PLACEMENT_3D('',#1122,#1123,#1124);
#590=EDGE_LOOP('',(#1125,#1126,#1127,#1128));
#591=AXIS2_PLACEMENT_3D('',#1129,#1130,#1131);
#592=EDGE_LOOP('',(#1132,#1133,#1134,#1135));
#593=AXIS2_PLACEMENT_3D('',#1136,#1137,#1138);
#594=EDGE_LOOP('',(#1139,#1140,#1141,#1142));
#595=AXIS2_PLACEMENT_3D('',#1143,#1144,#1145);
#596=EDGE_LOOP('',(#1146,#1147,#1148,#1149,#1150,#1151,#1152,#1153));
#597=AXIS2_PLACEMENT_3D('',#1154,#1155,#1156);
#598=EDGE_LOOP('',(#1157,#1158,#1159,#1160,#1161,#1162,#1163,#1164));
#599=AXIS2_PLACEMENT_3D('',#1165,#1166,#1167);
#600=EDGE_LOOP('',(#1168,#1169,#1170,#1171,#1172,#1173));
#601=AXIS2_PLACEMENT_3D('',#1174,#1175,#1176);
#602=EDGE_LOOP('',(#1177,#1178,#1179,#1180,#1181,#1182,#1183,#1184,#1185,#1186));
#603=AXIS2_PLACEMENT_3D('',#1187,#1188,#1189);
#604=EDGE_LOOP('',(#1190,#1191,#1192,#1193,#1194,#1195));
#605=AXIS2_PLACEMENT_3D('',#1196,#1197,#1198);
#606=EDGE_LOOP('',(#1199,#1200,#1201));
#607=EDGE_LOOP('',(#1202,#1203,#1204,#1205));
#608=EDGE_LOOP('',(#1206,#1207,#1208,#1209,#1210,#1211,#1212,#1213,#1214,#1215,#1216,#1217));
#609=AXIS2_PLACEMENT_3D('',#1218,#1219,#1220);
#610=EDGE_LOOP('',(#1221,#1222,#1223,#1224));
#611=AXIS2_PLACEMENT_3D('',#1225,#1226,#1227);
#612=EDGE_LOOP('',(#1228,#1229,#1230,#1231));
#613=AXIS2_PLACEMENT_3D('',#1232,#1233,#1234);
#614=EDGE_LOOP('',(#1235,#1236,#1237,#1238,#1239,#1240,#1241,#1242));
#615=AXIS2_PLACEMENT_3D('',#1243,#1244,#1245);
#616=EDGE_LOOP('',(#1246,#1247,#1248,#1249));
#617=AXIS2_PLACEMENT_3D('',#1250,#1251,#1252);
#618=EDGE_LOOP('',(#1253,#1254,#1255,#1256,#1257,#1258,#1259,#1260));
#619=AXIS2_PLACEMENT_3D('',#1261,#1262,#1263);
#620=EDGE_LOOP('',(#1264,#1265,#1266,#1267));
#621=AXIS2_PLACEMENT_3D('',#1268,#1269,#1270);
#622=EDGE_LOOP('',(#1271,#1272,#1273,#1274,#1275));
#623=AXIS2_PLACEMENT_3D('',#1276,#1277,#1278);
#624=EDGE_LOOP('',(#1279,#1280,#1281,#1282,#1283,#1284));
#625=AXIS2_PLACEMENT_3D('',#1285,#1286,#1287);
#626=EDGE_LOOP('',(#1288,#1289,#1290,#1291));
#627=AXIS2_PLACEMENT_3D('',#1292,#1293,#1294);
#628=EDGE_LOOP('',(#1295,#1296,#1297,#1298,#1299,#1300));
#629=AXIS2_PLACEMENT_3D('',#1301,#1302,#1303);
#630=EDGE_LOOP('',(#1304,#1305,#1306,#1307,#1308));
#631=AXIS2_PLACEMENT_3D('',#1309,#1310,#1311);
#632=EDGE_LOOP('',(#1312,#1313,#1314,#1315));
#633=AXIS2_PLACEMENT_3D('',#1316,#1317,#1318);
#634=EDGE_LOOP('',(#1319,#1320,#1321,#1322));
#635=AXIS2_PLACEMENT_3D('',#1323,#1324,#1325);
#636=EDGE_LOOP('',(#1326,#1327,#1328,#1329));
#637=AXIS2_PLACEMENT_3D('',#1330,#1331,#1332);
#638=EDGE_LOOP('',(#1333,#1334,#1335,#1336));
#639=AXIS2_PLACEMENT_3D('',#1337,#1338,#1339);
#640=EDGE_LOOP('',(#1340,#1341,#1342,#1343));
#641=AXIS2_PLACEMENT_3D('',#1344,#1345,#1346);
#642=EDGE_LOOP('',(#1347,#1348,#1349,#1350));
#643=AXIS2_PLACEMENT_3D('',#1351,#1352,#1353);
#644=EDGE_LOOP('',(#1354,#1355,#1356,#1357));
#645=AXIS2_PLACEMENT_3D('',#1358,#1359,#1360);
#646=EDGE_LOOP('',(#1361,#1362,#1363,#1364));
#647=AXIS2_PLACEMENT_3D('',#1365,#1366,#1367);
#648=EDGE_LOOP('',(#1368,#1369,#1370,#1371));
#649=EDGE_LOOP('',(#1372,#1373,#1374,#1375,#1376));
#650=AXIS2_PLACEMENT_3D('',#1377,#1378,#1379);
#651=EDGE_LOOP('',(#1380,#1381,#1382,#1383));
#652=AXIS2_PLACEMENT_3D('',#1384,#1385,#1386);
#653=EDGE_LOOP('',(#1387,#1388,#1389,#1390));
#654=AXIS2_PLACEMENT_3D('',#1391,#1392,#1393);
#655=EDGE_LOOP('',(#1394,#1395,#1396,#1397));
#656=EDGE_LOOP('',(#1398,#1399,#1400,#1401,#1402,#1403,#1404,#1405));
#657=AXIS2_PLACEMENT_3D('',#1406,#1407,#1408);
#658=EDGE_LOOP('',(#1409,#1410,#1411,#1412,#1413,#1414,#1415,#1416,#1417,#1418,#1419,#1420,#1421,#1422,#1423,#1424,#1425,#1426,#1427,#1428));
#659=AXIS2_PLACEMENT_3D('',#1429,#1430,#1431);
#660=EDGE_LOOP('',(#1432,#1433,#1434,#1435,#1436));
#661=AXIS2_PLACEMENT_3D('',#1437,#1438,#1439);
#662=EDGE_LOOP('',(#1440,#1441,#1442,#1443));
#663=AXIS2_PLACEMENT_3D('',#1444,#1445,#1446);
#664=EDGE_LOOP('',(#1447,#1448,#1449,#1450,#1451));
#665=AXIS2_PLACEMENT_3D('',#1452,#1453,#1454);
#666=EDGE_LOOP('',(#1455,#1456,#1457,#1458));
#667=AXIS2_PLACEMENT_3D('',#1459,#1460,#1461);
#668=EDGE_LOOP('',(#1462,#1463,#1464,#1465));
#669=AXIS2_PLACEMENT_3D('',#1466,#1467,#1468);
#670=EDGE_LOOP('',(#1469,#1470,#1471,#1472));
#671=AXIS2_PLACEMENT_3D('',#1473,#1474,#1475);
#672=EDGE_LOOP('',(#1476,#1477,#1478,#1479));
#673=AXIS2_PLACEMENT_3D('',#1480,#1481,#1482);
#674=EDGE_LOOP('',(#1483,#1484,#1485,#1486));
#675=AXIS2_PLACEMENT_3D('',#1487,#1488,#1489);
#676=EDGE_LOOP('',(#1490,#1491,#1492,#1493,#1494,#1495));
#677=AXIS2_PLACEMENT_3D('',#1496,#1497,#1498);
#678=EDGE_LOOP('',(#1499,#1500,#1501,#1502));
#679=AXIS2_PLACEMENT_3D('',#1503,#1504,#1505);
#680=EDGE_LOOP('',(#1506,#1507,#1508,#1509,#1510,#1511,#1512,#1513));
#681=AXIS2_PLACEMENT_3D('',#1514,#1515,#1516);
#682=EDGE_LOOP('',(#1517,#1518,#1519,#1520,#1521,#1522,#1523,#1524));
#683=AXIS2_PLACEMENT_3D('',#1525,#1526,#1527);
#684=EDGE_LOOP('',(#1528,#1529,#1530,#1531));
#685=AXIS2_PLACEMENT_3D('',#1532,#1533,#1534);
#686=EDGE_LOOP('',(#1535,#1536,#1537,#1538));
#687=AXIS2_PLACEMENT_3D('',#1539,#1540,#1541);
#688=EDGE_LOOP('',(#1542,#1543,#1544,#1545));
#689=AXIS2_PLACEMENT_3D('',#1546,#1547,#1548);
#690=EDGE_LOOP('',(#1549,#1550,#1551,#1552));
#691=AXIS2_PLACEMENT_3D('',#1553,#1554,#1555);
#692=EDGE_LOOP('',(#1556,#1557,#1558,#1559));
#693=AXIS2_PLACEMENT_3D('',#1560,#1561,#1562);
#694=EDGE_LOOP('',(#1563,#1564,#1565,#1566,#1567));
#695=AXIS2_PLACEMENT_3D('',#1568,#1569,#1570);
#696=EDGE_LOOP('',(#1571,#1572,#1573,#1574));
#697=AXIS2_PLACEMENT_3D('',#1575,#1576,#1577);
#698=EDGE_LOOP('',(#1578,#1579,#1580,#1581,#1582));
#699=AXIS2_PLACEMENT_3D('',#1583,#1584,#1585);
#700=EDGE_LOOP('',(#1586,#1587,#1588,#1589));
#701=AXIS2_PLACEMENT_3D('',#1590,#1591,#1592);
#702=EDGE_LOOP('',(#1593,#1594,#1595,#1596));
#703=AXIS2_PLACEMENT_3D('',#1597,#1598,#1599);
#704=EDGE_LOOP('',(#1600,#1601,#1602,#1603));
#705=AXIS2_PLACEMENT_3D('',#1604,#1605,#1606);
#706=EDGE_LOOP('',(#1607,#1608,#1609,#1610));
#707=AXIS2_PLACEMENT_3D('',#1611,#1612,#1613);
#708=EDGE_LOOP('',(#1614,#1615,#1616,#1617));
#709=AXIS2_PLACEMENT_3D('',#1618,#1619,#1620);
#710=EDGE_LOOP('',(#1621,#1622,#1623,#1624,#1625,#1626));
#711=AXIS2_PLACEMENT_3D('',#1627,#1628,#1629);
#712=EDGE_LOOP('',(#1630,#1631,#1632,#1633));
#713=AXIS2_PLACEMENT_3D('',#1634,#1635,#1636);
#714=EDGE_LOOP('',(#1637,#1638,#1639,#1640,#1641,#1642,#1643,#1644));
#715=AXIS2_PLACEMENT_3D('',#1645,#1646,#1647);
#716=EDGE_LOOP('',(#1648,#1649,#1650,#1651,#1652,#1653,#1654,#1655));
#717=AXIS2_PLACEMENT_3D('',#1656,#1657,#1658);
#718=EDGE_LOOP('',(#1659,#1660,#1661,#1662));
#719=AXIS2_PLACEMENT_3D('',#1663,#1664,#1665);
#720=EDGE_LOOP('',(#1666,#1667,#1668,#1669));
#721=AXIS2_PLACEMENT_3D('',#1670,#1671,#1672);
#722=EDGE_LOOP('',(#1673,#1674,#1675,#1676));
#723=AXIS2_PLACEMENT_3D('',#1677,#1678,#1679);
#724=EDGE_LOOP('',(#1680,#1681,#1682,#1683));
#725=AXIS2_PLACEMENT_3D('',#1684,#1685,#1686);
#726=EDGE_LOOP('',(#1687,#1688,#1689,#1690));
#727=AXIS2_PLACEMENT_3D('',#1691,#1692,#1693);
#728=EDGE_LOOP('',(#1694,#1695,#1696,#1697,#1698));
#729=AXIS2_PLACEMENT_3D('',#1699,#1700,#1701);
#730=EDGE_LOOP('',(#1702,#1703,#1704,#1705));
#731=AXIS2_PLACEMENT_3D('',#1706,#1707,#1708);
#732=EDGE_LOOP('',(#1709,#1710,#1711,#1712,#1713));
#733=AXIS2_PLACEMENT_3D('',#1714,#1715,#1716);
#734=EDGE_LOOP('',(#1717,#1718,#1719,#1720));
#735=AXIS2_PLACEMENT_3D('',#1721,#1722,#1723);
#736=EDGE_LOOP('',(#1724,#1725,#1726,#1727));
#737=AXIS2_PLACEMENT_3D('',#1728,#1729,#1730);
#738=EDGE_LOOP('',(#1731,#1732,#1733,#1734));
#739=AXIS2_PLACEMENT_3D('',#1735,#1736,#1737);
#740=EDGE_LOOP('',(#1738,#1739,#1740,#1741));
#741=AXIS2_PLACEMENT_3D('',#1742,#1743,#1744);
#742=EDGE_LOOP('',(#1745,#1746,#1747,#1748));
#743=AXIS2_PLACEMENT_3D('',#1749,#1750,#1751);
#744=EDGE_LOOP('',(#1752,#1753,#1754,#1755,#1756,#1757));
#745=AXIS2_PLACEMENT_3D('',#1758,#1759,#1760);
#746=EDGE_LOOP('',(#1761,#1762,#1763,#1764));
#747=AXIS2_PLACEMENT_3D('',#1765,#1766,#1767);
#748=EDGE_LOOP('',(#1768,#1769,#1770,#1771,#1772,#1773,#1774,#1775));
#749=AXIS2_PLACEMENT_3D('',#1776,#1777,#1778);
#750=EDGE_LOOP('',(#1779,#1780,#1781,#1782,#1783,#1784,#1785,#1786));
#751=AXIS2_PLACEMENT_3D('',#1787,#1788,#1789);
#752=EDGE_LOOP('',(#1790,#1791,#1792,#1793));
#753=AXIS2_PLACEMENT_3D('',#1794,#1795,#1796);
#754=EDGE_LOOP('',(#1797,#1798,#1799,#1800));
#755=AXIS2_PLACEMENT_3D('',#1801,#1802,#1803);
#756=EDGE_LOOP('',(#1804,#1805,#1806,#1807));
#757=AXIS2_PLACEMENT_3D('',#1808,#1809,#1810);
#758=EDGE_LOOP('',(#1811,#1812,#1813,#1814));
#759=AXIS2_PLACEMENT_3D('',#1815,#1816,#1817);
#760=EDGE_LOOP('',(#1818,#1819,#1820,#1821));
#761=AXIS2_PLACEMENT_3D('',#1822,#1823,#1824);
#762=EDGE_LOOP('',(#1825,#1826,#1827,#1828,#1829));
#763=AXIS2_PLACEMENT_3D('',#1830,#1831,#1832);
#764=EDGE_LOOP('',(#1833,#1834,#1835,#1836));
#765=AXIS2_PLACEMENT_3D('',#1837,#1838,#1839);
#766=EDGE_LOOP('',(#1840,#1841,#1842,#1843,#1844));
#767=AXIS2_PLACEMENT_3D('',#1845,#1846,#1847);
#768=EDGE_LOOP('',(#1848,#1849,#1850,#1851));
#769=AXIS2_PLACEMENT_3D('',#1852,#1853,#1854);
#770=EDGE_LOOP('',(#1855,#1856,#1857,#1858));
#771=AXIS2_PLACEMENT_3D('',#1859,#1860,#1861);
#772=EDGE_LOOP('',(#1862,#1863,#1864,#1865));
#773=AXIS2_PLACEMENT_3D('',#1866,#1867,#1868);
#774=EDGE_LOOP('',(#1869,#1870,#1871,#1872));
#775=AXIS2_PLACEMENT_3D('',#1873,#1874,#1875);
#776=EDGE_LOOP('',(#1876,#1877,#1878,#1879));
#777=AXIS2_PLACEMENT_3D('',#1880,#1881,#1882);
#778=EDGE_LOOP('',(#1883,#1884,#1885,#1886,#1887,#1888));
#779=AXIS2_PLACEMENT_3D('',#1889,#1890,#1891);
#780=EDGE_LOOP('',(#1892,#1893,#1894,#1895));
#781=AXIS2_PLACEMENT_3D('',#1896,#1897,#1898);
#782=EDGE_LOOP('',(#1899,#1900,#1901,#1902,#1903,#1904,#1905,#1906));
#783=AXIS2_PLACEMENT_3D('',#1907,#1908,#1909);
#784=EDGE_LOOP('',(#1910,#1911,#1912,#1913,#1914,#1915,#1916,#1917));
#785=AXIS2_PLACEMENT_3D('',#1918,#1919,#1920);
#786=EDGE_LOOP('',(#1921,#1922,#1923,#1924));
#787=AXIS2_PLACEMENT_3D('',#1925,#1926,#1927);
#788=EDGE_LOOP('',(#1928,#1929,#1930,#1931));
#789=AXIS2_PLACEMENT_3D('',#1932,#1933,#1934);
#790=EDGE_LOOP('',(#1935,#1936,#1937,#1938));
#791=AXIS2_PLACEMENT_3D('',#1939,#1940,#1941);
#792=EDGE_LOOP('',(#1942,#1943,#1944,#1945));
#793=AXIS2_PLACEMENT_3D('',#1946,#1947,#1948);
#794=EDGE_LOOP('',(#1949,#1950,#1951,#1952));
#795=AXIS2_PLACEMENT_3D('',#1953,#1954,#1955);
#796=EDGE_LOOP('',(#1956,#1957,#1958,#1959));
#797=AXIS2_PLACEMENT_3D('',#1960,#1961,#1962);
#798=EDGE_LOOP('',(#1963,#1964,#1965,#1966));
#799=AXIS2_PLACEMENT_3D('',#1967,#1968,#1969);
#800=EDGE_LOOP('',(#1970,#1971,#1972,#1973));
#801=AXIS2_PLACEMENT_3D('',#1974,#1975,#1976);
#802=EDGE_LOOP('',(#1977,#1978,#1979,#1980,#1981,#1982));
#803=AXIS2_PLACEMENT_3D('',#1983,#1984,#1985);
#804=EDGE_LOOP('',(#1986,#1987,#1988,#1989,#1990,#1991));
#805=AXIS2_PLACEMENT_3D('',#1992,#1993,#1994);
#806=EDGE_LOOP('',(#1995,#1996,#1997,#1998));
#807=AXIS2_PLACEMENT_3D('',#1999,#2000,#2001);
#808=EDGE_LOOP('',(#2002,#2003,#2004,#2005));
#809=AXIS2_PLACEMENT_3D('',#2006,#2007,#2008);
#810=EDGE_LOOP('',(#2009,#2010,#2011,#2012,#2013,#2014,#2015,#2016));
#811=AXIS2_PLACEMENT_3D('',#2017,#2018,#2019);
#812=EDGE_LOOP('',(#2020,#2021,#2022,#2023,#2024,#2025,#2026,#2027,#2028));
#813=AXIS2_PLACEMENT_3D('',#2029,#2030,#2031);
#814=EDGE_LOOP('',(#2032,#2033,#2034,#2035,#2036,#2037,#2038,#2039,#2040));
#815=AXIS2_PLACEMENT_3D('',#2041,#2042,#2043);
#816=EDGE_LOOP('',(#2044,#2045,#2046,#2047,#2048,#2049));
#817=AXIS2_PLACEMENT_3D('',#2050,#2051,#2052);
#818=EDGE_LOOP('',(#2053,#2054,#2055,#2056));
#819=AXIS2_PLACEMENT_3D('',#2057,#2058,#2059);
#820=EDGE_LOOP('',(#2060,#2061,#2062,#2063));
#821=AXIS2_PLACEMENT_3D('',#2064,#2065,#2066);
#822=EDGE_LOOP('',(#2067,#2068,#2069,#2070));
#823=AXIS2_PLACEMENT_3D('',#2071,#2072,#2073);
#824=EDGE_LOOP('',(#2074,#2075,#2076,#2077));
#825=AXIS2_PLACEMENT_3D('',#2078,#2079,#2080);
#826=EDGE_LOOP('',(#2081,#2082,#2083,#2084));
#827=AXIS2_PLACEMENT_3D('',#2085,#2086,#2087);
#828=EDGE_LOOP('',(#2088,#2089,#2090,#2091));
#829=AXIS2_PLACEMENT_3D('',#2092,#2093,#2094);
#830=EDGE_LOOP('',(#2095,#2096,#2097,#2098));
#831=AXIS2_PLACEMENT_3D('',#2099,#2100,#2101);
#832=EDGE_LOOP('',(#2102,#2103,#2104,#2105));
#833=AXIS2_PLACEMENT_3D('',#2106,#2107,#2108);
#834=EDGE_LOOP('',(#2109,#2110,#2111,#2112));
#835=AXIS2_PLACEMENT_3D('',#2113,#2114,#2115);
#836=EDGE_LOOP('',(#2116,#2117,#2118,#2119));
#837=AXIS2_PLACEMENT_3D('',#2120,#2121,#2122);
#838=EDGE_LOOP('',(#2123,#2124,#2125,#2126));
#839=AXIS2_PLACEMENT_3D('',#2127,#2128,#2129);
#840=EDGE_LOOP('',(#2130,#2131,#2132,#2133));
#841=AXIS2_PLACEMENT_3D('',#2134,#2135,#2136);
#842=EDGE_LOOP('',(#2137,#2138,#2139,#2140,#2141,#2142));
#843=AXIS2_PLACEMENT_3D('',#2143,#2144,#2145);
#844=EDGE_LOOP('',(#2146,#2147,#2148,#2149,#2150,#2151));
#845=AXIS2_PLACEMENT_3D('',#2152,#2153,#2154);
#846=EDGE_LOOP('',(#2155,#2156,#2157,#2158));
#847=AXIS2_PLACEMENT_3D('',#2159,#2160,#2161);
#848=EDGE_LOOP('',(#2162,#2163,#2164,#2165));
#849=AXIS2_PLACEMENT_3D('',#2166,#2167,#2168);
#850=EDGE_LOOP('',(#2169,#2170,#2171,#2172,#2173,#2174,#2175,#2176));
#851=AXIS2_PLACEMENT_3D('',#2177,#2178,#2179);
#852=EDGE_LOOP('',(#2180,#2181,#2182,#2183,#2184,#2185,#2186,#2187,#2188));
#853=AXIS2_PLACEMENT_3D('',#2189,#2190,#2191);
#854=EDGE_LOOP('',(#2192,#2193,#2194,#2195,#2196,#2197,#2198,#2199,#2200));
#855=AXIS2_PLACEMENT_3D('',#2201,#2202,#2203);
#856=EDGE_LOOP('',(#2204,#2205,#2206,#2207,#2208,#2209));
#857=AXIS2_PLACEMENT_3D('',#2210,#2211,#2212);
#858=EDGE_LOOP('',(#2213,#2214,#2215,#2216));
#859=AXIS2_PLACEMENT_3D('',#2217,#2218,#2219);
#860=EDGE_LOOP('',(#2220,#2221,#2222,#2223));
#861=AXIS2_PLACEMENT_3D('',#2224,#2225,#2226);
#862=EDGE_LOOP('',(#2227,#2228,#2229,#2230));
#863=AXIS2_PLACEMENT_3D('',#2231,#2232,#2233);
#864=EDGE_LOOP('',(#2234,#2235,#2236,#2237));
#865=AXIS2_PLACEMENT_3D('',#2238,#2239,#2240);
#866=EDGE_LOOP('',(#2241,#2242,#2243,#2244));
#867=AXIS2_PLACEMENT_3D('',#2245,#2246,#2247);
#868=EDGE_LOOP('',(#2248,#2249,#2250,#2251));
#869=AXIS2_PLACEMENT_3D('',#2252,#2253,#2254);
#870=EDGE_LOOP('',(#2255,#2256,#2257,#2258));
#871=AXIS2_PLACEMENT_3D('',#2259,#2260,#2261);
#872=EDGE_LOOP('',(#2262,#2263,#2264,#2265));
#873=AXIS2_PLACEMENT_3D('',#2266,#2267,#2268);
#874=EDGE_LOOP('',(#2269,#2270,#2271,#2272));
#875=AXIS2_PLACEMENT_3D('',#2273,#2274,#2275);
#876=EDGE_LOOP('',(#2276,#2277,#2278,#2279));
#877=AXIS2_PLACEMENT_3D('',#2280,#2281,#2282);
#878=EDGE_LOOP('',(#2283,#2284,#2285,#2286));
#879=AXIS2_PLACEMENT_3D('',#2287,#2288,#2289);
#880=EDGE_LOOP('',(#2290,#2291,#2292,#2293));
#881=AXIS2_PLACEMENT_3D('',#2294,#2295,#2296);
#882=EDGE_LOOP('',(#2297,#2298,#2299));
#883=AXIS2_PLACEMENT_3D('',#2300,#2301,#2302);
#884=FILL_AREA_STYLE_COLOUR('',#2303);
#885=ORIENTED_EDGE('',*,*,#2304,.T.);
#886=ORIENTED_EDGE('',*,*,#2305,.T.);
#887=ORIENTED_EDGE('',*,*,#2306,.F.);
#888=ORIENTED_EDGE('',*,*,#2307,.T.);
#889=CARTESIAN_POINT('',(2.235,6.4,0.439999999999996));
#890=DIRECTION('',(0.0,-1.0,1.36592399683204E-15));
#891=DIRECTION('',(-1.0,0.0,0.0));
#892=ORIENTED_EDGE('',*,*,#2308,.F.);
#893=ORIENTED_EDGE('',*,*,#2309,.T.);
#894=ORIENTED_EDGE('',*,*,#2310,.T.);
#895=ORIENTED_EDGE('',*,*,#2311,.F.);
#896=ORIENTED_EDGE('',*,*,#2312,.F.);
#897=ORIENTED_EDGE('',*,*,#2313,.F.);
#898=ORIENTED_EDGE('',*,*,#2314,.T.);
#899=ORIENTED_EDGE('',*,*,#2315,.F.);
#900=ORIENTED_EDGE('',*,*,#2316,.T.);
#901=ORIENTED_EDGE('',*,*,#2317,.T.);
#902=ORIENTED_EDGE('',*,*,#2318,.T.);
#903=ORIENTED_EDGE('',*,*,#2319,.T.);
#904=ORIENTED_EDGE('',*,*,#2320,.F.);
#905=ORIENTED_EDGE('',*,*,#2321,.F.);
#906=ORIENTED_EDGE('',*,*,#2322,.T.);
#907=ORIENTED_EDGE('',*,*,#2323,.F.);
#908=ORIENTED_EDGE('',*,*,#2324,.T.);
#909=ORIENTED_EDGE('',*,*,#2325,.T.);
#910=ORIENTED_EDGE('',*,*,#2326,.T.);
#911=ORIENTED_EDGE('',*,*,#2327,.T.);
#912=ORIENTED_EDGE('',*,*,#2328,.F.);
#913=ORIENTED_EDGE('',*,*,#2329,.F.);
#914=ORIENTED_EDGE('',*,*,#2330,.T.);
#915=ORIENTED_EDGE('',*,*,#2331,.F.);
#916=ORIENTED_EDGE('',*,*,#2332,.T.);
#917=ORIENTED_EDGE('',*,*,#2333,.T.);
#918=ORIENTED_EDGE('',*,*,#2334,.T.);
#919=ORIENTED_EDGE('',*,*,#2335,.T.);
#920=ORIENTED_EDGE('',*,*,#2336,.F.);
#921=ORIENTED_EDGE('',*,*,#2337,.F.);
#922=ORIENTED_EDGE('',*,*,#2338,.T.);
#923=ORIENTED_EDGE('',*,*,#2339,.F.);
#924=ORIENTED_EDGE('',*,*,#2340,.T.);
#925=ORIENTED_EDGE('',*,*,#2341,.T.);
#926=ORIENTED_EDGE('',*,*,#2342,.T.);
#927=ORIENTED_EDGE('',*,*,#2343,.T.);
#928=ORIENTED_EDGE('',*,*,#2344,.F.);
#929=ORIENTED_EDGE('',*,*,#2345,.F.);
#930=ORIENTED_EDGE('',*,*,#2346,.T.);
#931=ORIENTED_EDGE('',*,*,#2347,.F.);
#932=ORIENTED_EDGE('',*,*,#2348,.F.);
#933=ORIENTED_EDGE('',*,*,#2349,.F.);
#934=ORIENTED_EDGE('',*,*,#2350,.F.);
#935=ORIENTED_EDGE('',*,*,#2351,.F.);
#936=ORIENTED_EDGE('',*,*,#2352,.T.);
#937=ORIENTED_EDGE('',*,*,#2353,.F.);
#938=ORIENTED_EDGE('',*,*,#2354,.F.);
#939=ORIENTED_EDGE('',*,*,#2355,.F.);
#940=CARTESIAN_POINT('',(2.235,6.4,0.439999999999996));
#941=DIRECTION('',(0.0,-1.0,1.36592399683204E-15));
#942=DIRECTION('',(-1.0,0.0,0.0));
#943=ORIENTED_EDGE('',*,*,#2306,.T.);
#944=ORIENTED_EDGE('',*,*,#2356,.T.);
#945=ORIENTED_EDGE('',*,*,#2357,.F.);
#946=ORIENTED_EDGE('',*,*,#2358,.T.);
#947=ORIENTED_EDGE('',*,*,#2308,.T.);
#948=ORIENTED_EDGE('',*,*,#2359,.F.);
#949=ORIENTED_EDGE('',*,*,#2360,.F.);
#950=ORIENTED_EDGE('',*,*,#2361,.T.);
#951=ORIENTED_EDGE('',*,*,#2362,.T.);
#952=ORIENTED_EDGE('',*,*,#2363,.T.);
#953=CARTESIAN_POINT('',(2.235,6.4,1.71000000000008));
#954=DIRECTION('',(0.0,0.0,-1.0));
#955=DIRECTION('',(0.0,-1.0,0.0));
#956=ORIENTED_EDGE('',*,*,#2364,.F.);
#957=ORIENTED_EDGE('',*,*,#2365,.T.);
#958=ORIENTED_EDGE('',*,*,#2304,.F.);
#959=ORIENTED_EDGE('',*,*,#2366,.T.);
#960=ORIENTED_EDGE('',*,*,#2367,.F.);
#961=ORIENTED_EDGE('',*,*,#2368,.F.);
#962=ORIENTED_EDGE('',*,*,#2369,.F.);
#963=ORIENTED_EDGE('',*,*,#2370,.F.);
#964=ORIENTED_EDGE('',*,*,#2310,.F.);
#965=ORIENTED_EDGE('',*,*,#2371,.T.);
#966=CARTESIAN_POINT('',(2.235,2.05,0.439999999999996));
#967=DIRECTION('',(0.0,0.0,1.0));
#968=DIRECTION('',(1.0,0.0,0.0));
#969=ORIENTED_EDGE('',*,*,#2372,.T.);
#970=ORIENTED_EDGE('',*,*,#2373,.T.);
#971=ORIENTED_EDGE('',*,*,#2374,.F.);
#972=ORIENTED_EDGE('',*,*,#2375,.F.);
#973=ORIENTED_EDGE('',*,*,#2376,.F.);
#974=ORIENTED_EDGE('',*,*,#2377,.T.);
#975=ORIENTED_EDGE('',*,*,#2378,.T.);
#976=ORIENTED_EDGE('',*,*,#2379,.T.);
#977=ORIENTED_EDGE('',*,*,#2380,.T.);
#978=CARTESIAN_POINT('',(-1.98447719070999E-17,0.0,0.199999999999998));
#979=DIRECTION('',(4.96119297677517E-16,0.0,-1.0));
#980=DIRECTION('',(0.0,-1.0,0.0));
#981=ORIENTED_EDGE('',*,*,#2381,.T.);
#982=ORIENTED_EDGE('',*,*,#2382,.T.);
#983=ORIENTED_EDGE('',*,*,#2383,.T.);
#984=ORIENTED_EDGE('',*,*,#2384,.T.);
#985=CARTESIAN_POINT('',(-2.24317690859064E-17,1.08091434558369E-32,0.369999999999994));
#986=DIRECTION('',(-9.34657045246123E-17,4.50380977326546E-32,1.0));
#987=DIRECTION('',(1.0,-0.0,9.34657045246123E-17));
#988=ORIENTED_EDGE('',*,*,#2385,.T.);
#989=ORIENTED_EDGE('',*,*,#2386,.T.);
#990=ORIENTED_EDGE('',*,*,#2387,.T.);
#991=ORIENTED_EDGE('',*,*,#2388,.F.);
#992=ORIENTED_EDGE('',*,*,#2389,.T.);
#993=ORIENTED_EDGE('',*,*,#2390,.T.);
#994=ORIENTED_EDGE('',*,*,#2391,.T.);
#995=ORIENTED_EDGE('',*,*,#2392,.F.);
#996=ORIENTED_EDGE('',*,*,#2393,.T.);
#997=ORIENTED_EDGE('',*,*,#2394,.T.);
#998=ORIENTED_EDGE('',*,*,#2395,.T.);
#999=ORIENTED_EDGE('',*,*,#2396,.F.);
#1000=ORIENTED_EDGE('',*,*,#2397,.T.);
#1001=ORIENTED_EDGE('',*,*,#2398,.T.);
#1002=ORIENTED_EDGE('',*,*,#2399,.T.);
#1003=ORIENTED_EDGE('',*,*,#2400,.T.);
#1004=ORIENTED_EDGE('',*,*,#2401,.T.);
#1005=ORIENTED_EDGE('',*,*,#2402,.T.);
#1006=ORIENTED_EDGE('',*,*,#2403,.T.);
#1007=ORIENTED_EDGE('',*,*,#2404,.T.);
#1008=ORIENTED_EDGE('',*,*,#2405,.T.);
#1009=ORIENTED_EDGE('',*,*,#2406,.T.);
#1010=ORIENTED_EDGE('',*,*,#2407,.T.);
#1011=ORIENTED_EDGE('',*,*,#2408,.T.);
#1012=ORIENTED_EDGE('',*,*,#2409,.T.);
#1013=ORIENTED_EDGE('',*,*,#2410,.F.);
#1014=ORIENTED_EDGE('',*,*,#2411,.T.);
#1015=ORIENTED_EDGE('',*,*,#2412,.F.);
#1016=CARTESIAN_POINT('',(-7.125,8.15,0.0399999999999829));
#1017=DIRECTION('',(1.66244333114444E-15,0.0,-1.0));
#1018=DIRECTION('',(0.0,-1.0,0.0));
#1019=ORIENTED_EDGE('',*,*,#2413,.F.);
#1020=ORIENTED_EDGE('',*,*,#2414,.F.);
#1021=ORIENTED_EDGE('',*,*,#2415,.T.);
#1022=ORIENTED_EDGE('',*,*,#2411,.F.);
#1023=ORIENTED_EDGE('',*,*,#2416,.F.);
#1024=ORIENTED_EDGE('',*,*,#2417,.F.);
#1025=ORIENTED_EDGE('',*,*,#2418,.F.);
#1026=ORIENTED_EDGE('',*,*,#2399,.F.);
#1027=ORIENTED_EDGE('',*,*,#2419,.F.);
#1028=ORIENTED_EDGE('',*,*,#2420,.F.);
#1029=ORIENTED_EDGE('',*,*,#2421,.T.);
#1030=ORIENTED_EDGE('',*,*,#2395,.F.);
#1031=ORIENTED_EDGE('',*,*,#2422,.F.);
#1032=ORIENTED_EDGE('',*,*,#2423,.F.);
#1033=ORIENTED_EDGE('',*,*,#2424,.T.);
#1034=ORIENTED_EDGE('',*,*,#2391,.F.);
#1035=ORIENTED_EDGE('',*,*,#2425,.F.);
#1036=ORIENTED_EDGE('',*,*,#2426,.F.);
#1037=ORIENTED_EDGE('',*,*,#2427,.T.);
#1038=ORIENTED_EDGE('',*,*,#2387,.F.);
#1039=CARTESIAN_POINT('',(0.0,8.15,0.0));
#1040=DIRECTION('',(0.0,-1.0,0.0));
#1041=DIRECTION('',(0.0,0.0,-1.0));
#1042=ORIENTED_EDGE('',*,*,#2428,.F.);
#1043=ORIENTED_EDGE('',*,*,#2429,.T.);
#1044=ORIENTED_EDGE('',*,*,#2430,.F.);
#1045=ORIENTED_EDGE('',*,*,#2431,.F.);
#1046=CARTESIAN_POINT('',(2.235,6.4,0.439999999999996));
#1047=DIRECTION('',(0.0,-1.0,1.36592399683204E-15));
#1048=DIRECTION('',(-1.0,0.0,0.0));
#1049=ORIENTED_EDGE('',*,*,#2432,.T.);
#1050=ORIENTED_EDGE('',*,*,#2433,.T.);
#1051=ORIENTED_EDGE('',*,*,#2434,.T.);
#1052=ORIENTED_EDGE('',*,*,#2435,.T.);
#1053=CARTESIAN_POINT('',(-2.24317690859064E-17,0.0,0.369999999999994));
#1054=DIRECTION('',(-9.34657045246123E-17,0.0,1.0));
#1055=DIRECTION('',(1.0,-0.0,9.34657045246123E-17));
#1056=ORIENTED_EDGE('',*,*,#2436,.T.);
#1057=ORIENTED_EDGE('',*,*,#2437,.T.);
#1058=ORIENTED_EDGE('',*,*,#2438,.T.);
#1059=ORIENTED_EDGE('',*,*,#2439,.T.);
#1060=CARTESIAN_POINT('',(-2.24317690859065E-17,2.70228586395922E-33,0.369999999999994));
#1061=DIRECTION('',(-9.34657045246125E-17,1.12595244331637E-32,1.0));
#1062=DIRECTION('',(1.0,-0.0,9.34657045246125E-17));
#1063=ORIENTED_EDGE('',*,*,#2440,.T.);
#1064=ORIENTED_EDGE('',*,*,#2441,.T.);
#1065=ORIENTED_EDGE('',*,*,#2442,.T.);
#1066=ORIENTED_EDGE('',*,*,#2443,.T.);
#1067=CARTESIAN_POINT('',(-2.24317690859064E-17,5.40457172791843E-33,0.369999999999994));
#1068=DIRECTION('',(-9.34657045246125E-17,2.25190488663273E-32,1.0));
#1069=DIRECTION('',(1.0,-0.0,9.34657045246125E-17));
#1070=ORIENTED_EDGE('',*,*,#2444,.F.);
#1071=ORIENTED_EDGE('',*,*,#2346,.F.);
#1072=ORIENTED_EDGE('',*,*,#2445,.F.);
#1073=ORIENTED_EDGE('',*,*,#2446,.F.);
#1074=ORIENTED_EDGE('',*,*,#2447,.F.);
#1075=ORIENTED_EDGE('',*,*,#2448,.F.);
#1076=ORIENTED_EDGE('',*,*,#2449,.F.);
#1077=ORIENTED_EDGE('',*,*,#2429,.F.);
#1078=ORIENTED_EDGE('',*,*,#2450,.F.);
#1079=ORIENTED_EDGE('',*,*,#2451,.T.);
#1080=CARTESIAN_POINT('',(2.235,2.05,0.439999999999996));
#1081=DIRECTION('',(0.0,0.0,1.0));
#1082=DIRECTION('',(1.0,0.0,0.0));
#1083=ORIENTED_EDGE('',*,*,#2452,.F.);
#1084=ORIENTED_EDGE('',*,*,#2453,.F.);
#1085=ORIENTED_EDGE('',*,*,#2454,.T.);
#1086=ORIENTED_EDGE('',*,*,#2455,.T.);
#1087=CARTESIAN_POINT('',(1.175,5.35,-0.870999999999184));
#1088=DIRECTION('',(-0.0,1.0,0.0));
#1089=DIRECTION('',(1.0,0.0,0.0));
#1090=ORIENTED_EDGE('',*,*,#2456,.F.);
#1091=ORIENTED_EDGE('',*,*,#2455,.F.);
#1092=ORIENTED_EDGE('',*,*,#2457,.T.);
#1093=ORIENTED_EDGE('',*,*,#2458,.T.);
#1094=CARTESIAN_POINT('',(0.675,5.35,-0.870999999999185));
#1095=DIRECTION('',(-1.0,0.0,0.0));
#1096=DIRECTION('',(0.0,0.0,1.0));
#1097=ORIENTED_EDGE('',*,*,#2459,.F.);
#1098=ORIENTED_EDGE('',*,*,#2460,.F.);
#1099=ORIENTED_EDGE('',*,*,#2461,.T.);
#1100=ORIENTED_EDGE('',*,*,#2462,.T.);
#1101=CARTESIAN_POINT('',(-5.175,4.05,-0.870999999999187));
#1102=DIRECTION('',(1.0,2.66880534765663E-15,0.0));
#1103=DIRECTION('',(-2.66880534765663E-15,1.0,0.0));
#1104=ORIENTED_EDGE('',*,*,#2463,.F.);
#1105=ORIENTED_EDGE('',*,*,#2462,.F.);
#1106=ORIENTED_EDGE('',*,*,#2464,.T.);
#1107=ORIENTED_EDGE('',*,*,#2465,.T.);
#1108=CARTESIAN_POINT('',(-5.175,5.35,-0.870999999999187));
#1109=DIRECTION('',(-6.9388939039073E-15,1.0,0.0));
#1110=DIRECTION('',(1.0,6.9388939039073E-15,-0.0));
#1111=ORIENTED_EDGE('',*,*,#2466,.F.);
#1112=ORIENTED_EDGE('',*,*,#2467,.T.);
#1113=ORIENTED_EDGE('',*,*,#2405,.F.);
#1114=ORIENTED_EDGE('',*,*,#2468,.F.);
#1115=CARTESIAN_POINT('',(0.925000000000001,4.25,-3.51999999999997));
#1116=DIRECTION('',(1.36592399683213E-16,1.0,0.0));
#1117=DIRECTION('',(1.0,-1.36592399683213E-16,0.0));
#1118=ORIENTED_EDGE('',*,*,#2469,.F.);
#1119=ORIENTED_EDGE('',*,*,#2470,.F.);
#1120=ORIENTED_EDGE('',*,*,#2471,.T.);
#1121=ORIENTED_EDGE('',*,*,#2472,.T.);
#1122=CARTESIAN_POINT('',(-2.55,4.85,-0.870999999999202));
#1123=DIRECTION('',(0.0,-1.0,0.0));
#1124=DIRECTION('',(0.0,0.0,-1.0));
#1125=ORIENTED_EDGE('',*,*,#2473,.F.);
#1126=ORIENTED_EDGE('',*,*,#2474,.F.);
#1127=ORIENTED_EDGE('',*,*,#2475,.T.);
#1128=ORIENTED_EDGE('',*,*,#2470,.T.);
#1129=CARTESIAN_POINT('',(-2.55,5.75,-0.870999999999202));
#1130=DIRECTION('',(-1.0,0.0,0.0));
#1131=DIRECTION('',(0.0,0.0,1.0));
#1132=ORIENTED_EDGE('',*,*,#2476,.F.);
#1133=ORIENTED_EDGE('',*,*,#2472,.F.);
#1134=ORIENTED_EDGE('',*,*,#2477,.T.);
#1135=ORIENTED_EDGE('',*,*,#2478,.T.);
#1136=CARTESIAN_POINT('',(-1.95,4.85,-0.870999999999202));
#1137=DIRECTION('',(1.0,2.4093381610789E-16,0.0));
#1138=DIRECTION('',(-2.4093381610789E-16,1.0,0.0));
#1139=ORIENTED_EDGE('',*,*,#2479,.F.);
#1140=ORIENTED_EDGE('',*,*,#2478,.F.);
#1141=ORIENTED_EDGE('',*,*,#2480,.T.);
#1142=ORIENTED_EDGE('',*,*,#2474,.T.);
#1143=CARTESIAN_POINT('',(-1.95,5.75,-0.870999999999202));
#1144=DIRECTION('',(-0.0,1.0,0.0));
#1145=DIRECTION('',(1.0,0.0,0.0));
#1146=ORIENTED_EDGE('',*,*,#2481,.T.);
#1147=ORIENTED_EDGE('',*,*,#2482,.T.);
#1148=ORIENTED_EDGE('',*,*,#2483,.T.);
#1149=ORIENTED_EDGE('',*,*,#2367,.T.);
#1150=ORIENTED_EDGE('',*,*,#2484,.F.);
#1151=ORIENTED_EDGE('',*,*,#2362,.F.);
#1152=ORIENTED_EDGE('',*,*,#2485,.T.);
#1153=ORIENTED_EDGE('',*,*,#2486,.T.);
#1154=CARTESIAN_POINT('',(0.0,2.05,0.0));
#1155=DIRECTION('',(0.0,-1.0,0.0));
#1156=DIRECTION('',(0.0,0.0,-1.0));
#1157=ORIENTED_EDGE('',*,*,#2487,.F.);
#1158=ORIENTED_EDGE('',*,*,#2375,.T.);
#1159=ORIENTED_EDGE('',*,*,#2488,.T.);
#1160=ORIENTED_EDGE('',*,*,#2489,.T.);
#1161=ORIENTED_EDGE('',*,*,#2490,.F.);
#1162=ORIENTED_EDGE('',*,*,#2491,.F.);
#1163=ORIENTED_EDGE('',*,*,#2492,.T.);
#1164=ORIENTED_EDGE('',*,*,#2448,.T.);
#1165=CARTESIAN_POINT('',(0.0,2.05,0.0));
#1166=DIRECTION('',(0.0,-1.0,0.0));
#1167=DIRECTION('',(0.0,0.0,-1.0));
#1168=ORIENTED_EDGE('',*,*,#2493,.T.);
#1169=ORIENTED_EDGE('',*,*,#2494,.T.);
#1170=ORIENTED_EDGE('',*,*,#2481,.F.);
#1171=ORIENTED_EDGE('',*,*,#2495,.F.);
#1172=ORIENTED_EDGE('',*,*,#2416,.T.);
#1173=ORIENTED_EDGE('',*,*,#2410,.T.);
#1174=CARTESIAN_POINT('',(-7.125,8.15,1.99999999999998));
#1175=DIRECTION('',(-1.0,0.0,-1.32759449692102E-15));
#1176=DIRECTION('',(-1.32759449692102E-15,0.0,1.0));
#1177=ORIENTED_EDGE('',*,*,#2496,.F.);
#1178=ORIENTED_EDGE('',*,*,#2497,.T.);
#1179=ORIENTED_EDGE('',*,*,#2498,.F.);
#1180=ORIENTED_EDGE('',*,*,#2431,.T.);
#1181=ORIENTED_EDGE('',*,*,#2499,.F.);
#1182=ORIENTED_EDGE('',*,*,#2491,.T.);
#1183=ORIENTED_EDGE('',*,*,#2500,.T.);
#1184=ORIENTED_EDGE('',*,*,#2501,.F.);
#1185=ORIENTED_EDGE('',*,*,#2502,.T.);
#1186=ORIENTED_EDGE('',*,*,#2348,.T.);
#1187=CARTESIAN_POINT('',(2.235,6.4,1.71000000000008));
#1188=DIRECTION('',(0.0,0.0,-1.0));
#1189=DIRECTION('',(0.0,-1.0,0.0));
#1190=ORIENTED_EDGE('',*,*,#2503,.F.);
#1191=ORIENTED_EDGE('',*,*,#2400,.F.);
#1192=ORIENTED_EDGE('',*,*,#2418,.T.);
#1193=ORIENTED_EDGE('',*,*,#2504,.T.);
#1194=ORIENTED_EDGE('',*,*,#2488,.F.);
#1195=ORIENTED_EDGE('',*,*,#2374,.T.);
#1196=CARTESIAN_POINT('',(2.625,8.15,0.0399999999999991));
#1197=DIRECTION('',(1.0,0.0,4.42531498973675E-16));
#1198=DIRECTION('',(-4.42531498973675E-16,0.0,1.0));
#1199=ORIENTED_EDGE('',*,*,#2505,.F.);
#1200=ORIENTED_EDGE('',*,*,#2506,.F.);
#1201=ORIENTED_EDGE('',*,*,#2507,.F.);
#1202=ORIENTED_EDGE('',*,*,#2471,.F.);
#1203=ORIENTED_EDGE('',*,*,#2475,.F.);
#1204=ORIENTED_EDGE('',*,*,#2480,.F.);
#1205=ORIENTED_EDGE('',*,*,#2477,.F.);
#1206=ORIENTED_EDGE('',*,*,#2508,.F.);
#1207=ORIENTED_EDGE('',*,*,#2464,.F.);
#1208=ORIENTED_EDGE('',*,*,#2461,.F.);
#1209=ORIENTED_EDGE('',*,*,#2509,.F.);
#1210=ORIENTED_EDGE('',*,*,#2457,.F.);
#1211=ORIENTED_EDGE('',*,*,#2454,.F.);
#1212=ORIENTED_EDGE('',*,*,#2510,.F.);
#1213=ORIENTED_EDGE('',*,*,#2489,.F.);
#1214=ORIENTED_EDGE('',*,*,#2504,.F.);
#1215=ORIENTED_EDGE('',*,*,#2417,.T.);
#1216=ORIENTED_EDGE('',*,*,#2495,.T.);
#1217=ORIENTED_EDGE('',*,*,#2486,.F.);
#1218=CARTESIAN_POINT('',(2.625,8.15,2.0));
#1219=DIRECTION('',(-1.37888276295592E-15,0.0,1.0));
#1220=DIRECTION('',(1.0,-0.0,1.37888276295592E-15));
#1221=ORIENTED_EDGE('',*,*,#2492,.F.);
#1222=ORIENTED_EDGE('',*,*,#2499,.T.);
#1223=ORIENTED_EDGE('',*,*,#2430,.T.);
#1224=ORIENTED_EDGE('',*,*,#2449,.T.);
#1225=CARTESIAN_POINT('',(2.235,0.0,0.0));
#1226=DIRECTION('',(1.0,0.0,0.0));
#1227=DIRECTION('',(0.0,1.0,0.0));
#1228=ORIENTED_EDGE('',*,*,#2484,.T.);
#1229=ORIENTED_EDGE('',*,*,#2366,.F.);
#1230=ORIENTED_EDGE('',*,*,#2307,.F.);
#1231=ORIENTED_EDGE('',*,*,#2363,.F.);
#1232=CARTESIAN_POINT('',(-6.735,0.0,0.0));
#1233=DIRECTION('',(1.0,0.0,0.0));
#1234=DIRECTION('',(0.0,1.0,0.0));
#1235=ORIENTED_EDGE('',*,*,#2453,.T.);
#1236=ORIENTED_EDGE('',*,*,#2511,.T.);
#1237=ORIENTED_EDGE('',*,*,#2351,.T.);
#1238=ORIENTED_EDGE('',*,*,#2512,.F.);
#1239=ORIENTED_EDGE('',*,*,#2513,.F.);
#1240=ORIENTED_EDGE('',*,*,#2500,.F.);
#1241=ORIENTED_EDGE('',*,*,#2490,.T.);
#1242=ORIENTED_EDGE('',*,*,#2510,.T.);
#1243=CARTESIAN_POINT('',(1.175,2.05,-0.870999999999184));
#1244=DIRECTION('',(1.0,-2.62836890299516E-16,0.0));
#1245=DIRECTION('',(-2.62836890299516E-16,-1.0,0.0));
#1246=ORIENTED_EDGE('',*,*,#2460,.T.);
#1247=ORIENTED_EDGE('',*,*,#2514,.T.);
#1248=ORIENTED_EDGE('',*,*,#2458,.F.);
#1249=ORIENTED_EDGE('',*,*,#2509,.T.);
#1250=CARTESIAN_POINT('',(0.675,4.05,-0.870999999999185));
#1251=DIRECTION('',(-1.48266963758701E-16,1.0,0.0));
#1252=DIRECTION('',(1.0,1.48266963758701E-16,-0.0));
#1253=ORIENTED_EDGE('',*,*,#2485,.F.);
#1254=ORIENTED_EDGE('',*,*,#2361,.F.);
#1255=ORIENTED_EDGE('',*,*,#2515,.F.);
#1256=ORIENTED_EDGE('',*,*,#2516,.T.);
#1257=ORIENTED_EDGE('',*,*,#2353,.T.);
#1258=ORIENTED_EDGE('',*,*,#2517,.F.);
#1259=ORIENTED_EDGE('',*,*,#2465,.F.);
#1260=ORIENTED_EDGE('',*,*,#2508,.T.);
#1261=CARTESIAN_POINT('',(-5.675,5.34999999999999,-0.870999999999187));
#1262=DIRECTION('',(-1.0,-2.62836890299517E-16,0.0));
#1263=DIRECTION('',(-2.62836890299517E-16,1.0,0.0));
#1264=ORIENTED_EDGE('',*,*,#2518,.T.);
#1265=ORIENTED_EDGE('',*,*,#2376,.T.);
#1266=ORIENTED_EDGE('',*,*,#2487,.T.);
#1267=ORIENTED_EDGE('',*,*,#2447,.T.);
#1268=CARTESIAN_POINT('',(2.065,2.05,-3.51999999999997));
#1269=DIRECTION('',(1.0,0.0,0.0));
#1270=DIRECTION('',(0.0,1.0,0.0));
#1271=ORIENTED_EDGE('',*,*,#2518,.F.);
#1272=ORIENTED_EDGE('',*,*,#2446,.T.);
#1273=ORIENTED_EDGE('',*,*,#2519,.T.);
#1274=ORIENTED_EDGE('',*,*,#2403,.F.);
#1275=ORIENTED_EDGE('',*,*,#2520,.F.);
#1276=CARTESIAN_POINT('',(2.065,2.35,-3.51999999999997));
#1277=DIRECTION('',(-0.0,1.0,0.0));
#1278=DIRECTION('',(1.0,0.0,0.0));
#1279=ORIENTED_EDGE('',*,*,#2445,.T.);
#1280=ORIENTED_EDGE('',*,*,#2345,.T.);
#1281=ORIENTED_EDGE('',*,*,#2521,.T.);
#1282=ORIENTED_EDGE('',*,*,#2468,.T.);
#1283=ORIENTED_EDGE('',*,*,#2404,.F.);
#1284=ORIENTED_EDGE('',*,*,#2519,.F.);
#1285=CARTESIAN_POINT('',(0.924999999999999,2.35,-3.51999999999997));
#1286=DIRECTION('',(1.0,-4.56506177888633E-16,0.0));
#1287=DIRECTION('',(-4.56506177888633E-16,-1.0,0.0));
#1288=ORIENTED_EDGE('',*,*,#2483,.F.);
#1289=ORIENTED_EDGE('',*,*,#2522,.T.);
#1290=ORIENTED_EDGE('',*,*,#2523,.F.);
#1291=ORIENTED_EDGE('',*,*,#2368,.T.);
#1292=CARTESIAN_POINT('',(-6.565,2.35,-3.51999999999997));
#1293=DIRECTION('',(-1.0,0.0,0.0));
#1294=DIRECTION('',(0.0,0.0,1.0));
#1295=ORIENTED_EDGE('',*,*,#2467,.F.);
#1296=ORIENTED_EDGE('',*,*,#2524,.F.);
#1297=ORIENTED_EDGE('',*,*,#2311,.T.);
#1298=ORIENTED_EDGE('',*,*,#2370,.T.);
#1299=ORIENTED_EDGE('',*,*,#2525,.T.);
#1300=ORIENTED_EDGE('',*,*,#2406,.F.);
#1301=CARTESIAN_POINT('',(-5.425,4.25,-3.51999999999997));
#1302=DIRECTION('',(-1.0,0.0,0.0));
#1303=DIRECTION('',(0.0,0.0,1.0));
#1304=ORIENTED_EDGE('',*,*,#2525,.F.);
#1305=ORIENTED_EDGE('',*,*,#2369,.T.);
#1306=ORIENTED_EDGE('',*,*,#2523,.T.);
#1307=ORIENTED_EDGE('',*,*,#2526,.T.);
#1308=ORIENTED_EDGE('',*,*,#2407,.F.);
#1309=CARTESIAN_POINT('',(-5.425,2.35,-3.51999999999997));
#1310=DIRECTION('',(-0.0,1.0,0.0));
#1311=DIRECTION('',(1.0,0.0,0.0));
#1312=ORIENTED_EDGE('',*,*,#2355,.T.);
#1313=ORIENTED_EDGE('',*,*,#2527,.F.);
#1314=ORIENTED_EDGE('',*,*,#2528,.F.);
#1315=ORIENTED_EDGE('',*,*,#2359,.T.);
#1316=CARTESIAN_POINT('',(-6.565,4.75,1.71000000000008));
#1317=DIRECTION('',(1.0,0.0,0.0));
#1318=DIRECTION('',(0.0,1.0,0.0));
#1319=ORIENTED_EDGE('',*,*,#2354,.T.);
#1320=ORIENTED_EDGE('',*,*,#2516,.F.);
#1321=ORIENTED_EDGE('',*,*,#2529,.F.);
#1322=ORIENTED_EDGE('',*,*,#2527,.T.);
#1323=CARTESIAN_POINT('',(-6.565,4.75,1.53999999999999));
#1324=DIRECTION('',(-3.89825500219508E-15,0.0,1.0));
#1325=DIRECTION('',(1.0,-0.0,3.89825500219508E-15));
#1326=ORIENTED_EDGE('',*,*,#2528,.T.);
#1327=ORIENTED_EDGE('',*,*,#2529,.T.);
#1328=ORIENTED_EDGE('',*,*,#2515,.T.);
#1329=ORIENTED_EDGE('',*,*,#2360,.T.);
#1330=CARTESIAN_POINT('',(0.0,4.75,0.0));
#1331=DIRECTION('',(0.0,-1.0,0.0));
#1332=DIRECTION('',(0.0,0.0,-1.0));
#1333=ORIENTED_EDGE('',*,*,#2350,.T.);
#1334=ORIENTED_EDGE('',*,*,#2530,.F.);
#1335=ORIENTED_EDGE('',*,*,#2531,.F.);
#1336=ORIENTED_EDGE('',*,*,#2512,.T.);
#1337=CARTESIAN_POINT('',(1.175,4.75,1.54000000000008));
#1338=DIRECTION('',(-2.43640937637192E-16,0.0,1.0));
#1339=DIRECTION('',(1.0,-0.0,2.43640937637192E-16));
#1340=ORIENTED_EDGE('',*,*,#2349,.T.);
#1341=ORIENTED_EDGE('',*,*,#2502,.F.);
#1342=ORIENTED_EDGE('',*,*,#2532,.F.);
#1343=ORIENTED_EDGE('',*,*,#2530,.T.);
#1344=CARTESIAN_POINT('',(2.065,4.75,1.54000000000008));
#1345=DIRECTION('',(-1.0,0.0,2.55106393526001E-15));
#1346=DIRECTION('',(0.0,1.0,0.0));
#1347=ORIENTED_EDGE('',*,*,#2513,.T.);
#1348=ORIENTED_EDGE('',*,*,#2531,.T.);
#1349=ORIENTED_EDGE('',*,*,#2532,.T.);
#1350=ORIENTED_EDGE('',*,*,#2501,.T.);
#1351=CARTESIAN_POINT('',(0.0,4.75,0.0));
#1352=DIRECTION('',(0.0,-1.0,0.0));
#1353=DIRECTION('',(0.0,0.0,-1.0));
#1354=ORIENTED_EDGE('',*,*,#2533,.F.);
#1355=ORIENTED_EDGE('',*,*,#2534,.T.);
#1356=ORIENTED_EDGE('',*,*,#2408,.F.);
#1357=ORIENTED_EDGE('',*,*,#2526,.F.);
#1358=CARTESIAN_POINT('',(-6.565,3.85,0.199999999999998));
#1359=DIRECTION('',(1.0,0.0,0.0));
#1360=DIRECTION('',(0.0,1.0,0.0));
#1361=ORIENTED_EDGE('',*,*,#2409,.F.);
#1362=ORIENTED_EDGE('',*,*,#2534,.F.);
#1363=ORIENTED_EDGE('',*,*,#2535,.F.);
#1364=ORIENTED_EDGE('',*,*,#2493,.F.);
#1365=CARTESIAN_POINT('',(-7.125,3.85,0.199999999999998));
#1366=DIRECTION('',(-0.0,1.0,0.0));
#1367=DIRECTION('',(1.0,0.0,0.0));
#1368=ORIENTED_EDGE('',*,*,#2536,.F.);
#1369=ORIENTED_EDGE('',*,*,#2537,.F.);
#1370=ORIENTED_EDGE('',*,*,#2538,.F.);
#1371=ORIENTED_EDGE('',*,*,#2539,.F.);
#1372=ORIENTED_EDGE('',*,*,#2494,.F.);
#1373=ORIENTED_EDGE('',*,*,#2535,.T.);
#1374=ORIENTED_EDGE('',*,*,#2533,.T.);
#1375=ORIENTED_EDGE('',*,*,#2522,.F.);
#1376=ORIENTED_EDGE('',*,*,#2482,.F.);
#1377=CARTESIAN_POINT('',(0.0,0.0,0.199999999999998));
#1378=DIRECTION('',(0.0,0.0,-1.0));
#1379=DIRECTION('',(0.0,-1.0,0.0));
#1380=ORIENTED_EDGE('',*,*,#2520,.T.);
#1381=ORIENTED_EDGE('',*,*,#2402,.F.);
#1382=ORIENTED_EDGE('',*,*,#2540,.F.);
#1383=ORIENTED_EDGE('',*,*,#2372,.F.);
#1384=CARTESIAN_POINT('',(2.065,2.05,0.199999999999999));
#1385=DIRECTION('',(-1.0,0.0,0.0));
#1386=DIRECTION('',(0.0,0.0,1.0));
#1387=ORIENTED_EDGE('',*,*,#2401,.F.);
#1388=ORIENTED_EDGE('',*,*,#2503,.T.);
#1389=ORIENTED_EDGE('',*,*,#2373,.F.);
#1390=ORIENTED_EDGE('',*,*,#2540,.T.);
#1391=CARTESIAN_POINT('',(2.065,3.85,0.199999999999999));
#1392=DIRECTION('',(-0.0,1.0,0.0));
#1393=DIRECTION('',(1.0,0.0,0.0));
#1394=ORIENTED_EDGE('',*,*,#2469,.T.);
#1395=ORIENTED_EDGE('',*,*,#2476,.T.);
#1396=ORIENTED_EDGE('',*,*,#2479,.T.);
#1397=ORIENTED_EDGE('',*,*,#2473,.T.);
#1398=ORIENTED_EDGE('',*,*,#2452,.T.);
#1399=ORIENTED_EDGE('',*,*,#2456,.T.);
#1400=ORIENTED_EDGE('',*,*,#2514,.F.);
#1401=ORIENTED_EDGE('',*,*,#2459,.T.);
#1402=ORIENTED_EDGE('',*,*,#2463,.T.);
#1403=ORIENTED_EDGE('',*,*,#2517,.T.);
#1404=ORIENTED_EDGE('',*,*,#2352,.F.);
#1405=ORIENTED_EDGE('',*,*,#2511,.F.);
#1406=CARTESIAN_POINT('',(1.175,-16.865,1.76000000000008));
#1407=DIRECTION('',(3.48210916710673E-16,0.0,-1.0));
#1408=DIRECTION('',(0.0,-1.0,0.0));
#1409=ORIENTED_EDGE('',*,*,#2541,.F.);
#1410=ORIENTED_EDGE('',*,*,#2312,.T.);
#1411=ORIENTED_EDGE('',*,*,#2524,.T.);
#1412=ORIENTED_EDGE('',*,*,#2466,.T.);
#1413=ORIENTED_EDGE('',*,*,#2521,.F.);
#1414=ORIENTED_EDGE('',*,*,#2344,.T.);
#1415=ORIENTED_EDGE('',*,*,#2542,.F.);
#1416=ORIENTED_EDGE('',*,*,#2543,.F.);
#1417=ORIENTED_EDGE('',*,*,#2544,.F.);
#1418=ORIENTED_EDGE('',*,*,#2336,.T.);
#1419=ORIENTED_EDGE('',*,*,#2545,.F.);
#1420=ORIENTED_EDGE('',*,*,#2546,.F.);
#1421=ORIENTED_EDGE('',*,*,#2547,.F.);
#1422=ORIENTED_EDGE('',*,*,#2328,.T.);
#1423=ORIENTED_EDGE('',*,*,#2548,.F.);
#1424=ORIENTED_EDGE('',*,*,#2549,.F.);
#1425=ORIENTED_EDGE('',*,*,#2550,.F.);
#1426=ORIENTED_EDGE('',*,*,#2320,.T.);
#1427=ORIENTED_EDGE('',*,*,#2551,.F.);
#1428=ORIENTED_EDGE('',*,*,#2552,.F.);
#1429=CARTESIAN_POINT('',(-5.425,-16.865,0.239999999999995));
#1430=DIRECTION('',(1.23786862212912E-16,0.0,1.0));
#1431=DIRECTION('',(1.0,0.0,-1.23786862212912E-16));
#1432=ORIENTED_EDGE('',*,*,#2544,.T.);
#1433=ORIENTED_EDGE('',*,*,#2553,.F.);
#1434=ORIENTED_EDGE('',*,*,#2442,.F.);
#1435=ORIENTED_EDGE('',*,*,#2554,.F.);
#1436=ORIENTED_EDGE('',*,*,#2337,.T.);
#1437=CARTESIAN_POINT('',(-0.144999999999999,6.4,0.369999999999994));
#1438=DIRECTION('',(1.0,-2.4093381610789E-16,0.0));
#1439=DIRECTION('',(-2.4093381610789E-16,-1.0,0.0));
#1440=ORIENTED_EDGE('',*,*,#2543,.T.);
#1441=ORIENTED_EDGE('',*,*,#2555,.F.);
#1442=ORIENTED_EDGE('',*,*,#2443,.F.);
#1443=ORIENTED_EDGE('',*,*,#2553,.T.);
#1444=CARTESIAN_POINT('',(-0.145,4.6,0.369999999999994));
#1445=DIRECTION('',(-0.0,1.0,0.0));
#1446=DIRECTION('',(1.0,0.0,0.0));
#1447=ORIENTED_EDGE('',*,*,#2542,.T.);
#1448=ORIENTED_EDGE('',*,*,#2343,.F.);
#1449=ORIENTED_EDGE('',*,*,#2556,.F.);
#1450=ORIENTED_EDGE('',*,*,#2440,.F.);
#1451=ORIENTED_EDGE('',*,*,#2555,.T.);
#1452=CARTESIAN_POINT('',(0.145,4.6,0.369999999999994));
#1453=DIRECTION('',(-1.0,2.71050543121376E-16,0.0));
#1454=DIRECTION('',(0.0,0.0,1.0));
#1455=ORIENTED_EDGE('',*,*,#2341,.F.);
#1456=ORIENTED_EDGE('',*,*,#2557,.T.);
#1457=ORIENTED_EDGE('',*,*,#2558,.T.);
#1458=ORIENTED_EDGE('',*,*,#2559,.T.);
#1459=CARTESIAN_POINT('',(0.15,8.16,0.409999999999959));
#1460=DIRECTION('',(-1.0,0.0,0.0));
#1461=DIRECTION('',(0.0,0.0,1.0));
#1462=ORIENTED_EDGE('',*,*,#2560,.F.);
#1463=ORIENTED_EDGE('',*,*,#2339,.T.);
#1464=ORIENTED_EDGE('',*,*,#2561,.F.);
#1465=ORIENTED_EDGE('',*,*,#2562,.F.);
#1466=CARTESIAN_POINT('',(-0.15,8.16,0.409999999999959));
#1467=DIRECTION('',(-1.0,0.0,0.0));
#1468=DIRECTION('',(0.0,0.0,1.0));
#1469=ORIENTED_EDGE('',*,*,#2340,.F.);
#1470=ORIENTED_EDGE('',*,*,#2560,.T.);
#1471=ORIENTED_EDGE('',*,*,#2563,.F.);
#1472=ORIENTED_EDGE('',*,*,#2557,.F.);
#1473=CARTESIAN_POINT('',(0.15,8.06,1.08999999999996));
#1474=DIRECTION('',(0.0,1.93607530800983E-16,-1.0));
#1475=DIRECTION('',(-1.0,0.0,0.0));
#1476=ORIENTED_EDGE('',*,*,#2338,.F.);
#1477=ORIENTED_EDGE('',*,*,#2554,.T.);
#1478=ORIENTED_EDGE('',*,*,#2564,.T.);
#1479=ORIENTED_EDGE('',*,*,#2561,.T.);
#1480=CARTESIAN_POINT('',(0.15,4.7,0.36999999999996));
#1481=DIRECTION('',(0.0,1.75437244738755E-17,1.0));
#1482=DIRECTION('',(0.0,-1.0,1.75437244738755E-17));
#1483=ORIENTED_EDGE('',*,*,#2565,.T.);
#1484=ORIENTED_EDGE('',*,*,#2556,.T.);
#1485=ORIENTED_EDGE('',*,*,#2342,.F.);
#1486=ORIENTED_EDGE('',*,*,#2559,.F.);
#1487=CARTESIAN_POINT('',(0.15,4.7,0.36999999999996));
#1488=DIRECTION('',(0.0,1.75437244738755E-17,1.0));
#1489=DIRECTION('',(0.0,-1.0,1.75437244738755E-17));
#1490=ORIENTED_EDGE('',*,*,#2562,.T.);
#1491=ORIENTED_EDGE('',*,*,#2564,.F.);
#1492=ORIENTED_EDGE('',*,*,#2441,.F.);
#1493=ORIENTED_EDGE('',*,*,#2565,.F.);
#1494=ORIENTED_EDGE('',*,*,#2558,.F.);
#1495=ORIENTED_EDGE('',*,*,#2563,.T.);
#1496=CARTESIAN_POINT('',(0.15,4.7,1.08999999999996));
#1497=DIRECTION('',(-0.0,1.0,0.0));
#1498=DIRECTION('',(1.0,0.0,0.0));
#1499=ORIENTED_EDGE('',*,*,#2566,.T.);
#1500=ORIENTED_EDGE('',*,*,#2420,.T.);
#1501=ORIENTED_EDGE('',*,*,#2567,.F.);
#1502=ORIENTED_EDGE('',*,*,#2568,.T.);
#1503=CARTESIAN_POINT('',(0.15,8.16,0.409999999999959));
#1504=DIRECTION('',(1.0,-0.0,0.0));
#1505=DIRECTION('',(0.0,0.0,1.0));
#1506=ORIENTED_EDGE('',*,*,#2398,.F.);
#1507=ORIENTED_EDGE('',*,*,#2569,.T.);
#1508=ORIENTED_EDGE('',*,*,#2570,.T.);
#1509=ORIENTED_EDGE('',*,*,#2571,.T.);
#1510=ORIENTED_EDGE('',*,*,#2572,.T.);
#1511=ORIENTED_EDGE('',*,*,#2573,.T.);
#1512=ORIENTED_EDGE('',*,*,#2567,.T.);
#1513=ORIENTED_EDGE('',*,*,#2419,.T.);
#1514=CARTESIAN_POINT('',(0.15,8.16,0.409999999999959));
#1515=DIRECTION('',(-1.0,0.0,0.0));
#1516=DIRECTION('',(0.0,0.0,1.0));
#1517=ORIENTED_EDGE('',*,*,#2574,.F.);
#1518=ORIENTED_EDGE('',*,*,#2396,.T.);
#1519=ORIENTED_EDGE('',*,*,#2421,.F.);
#1520=ORIENTED_EDGE('',*,*,#2566,.F.);
#1521=ORIENTED_EDGE('',*,*,#2575,.F.);
#1522=ORIENTED_EDGE('',*,*,#2576,.F.);
#1523=ORIENTED_EDGE('',*,*,#2577,.F.);
#1524=ORIENTED_EDGE('',*,*,#2578,.F.);
#1525=CARTESIAN_POINT('',(-0.15,8.16,0.409999999999959));
#1526=DIRECTION('',(-1.0,0.0,0.0));
#1527=DIRECTION('',(0.0,0.0,1.0));
#1528=ORIENTED_EDGE('',*,*,#2397,.F.);
#1529=ORIENTED_EDGE('',*,*,#2574,.T.);
#1530=ORIENTED_EDGE('',*,*,#2579,.F.);
#1531=ORIENTED_EDGE('',*,*,#2569,.F.);
#1532=CARTESIAN_POINT('',(0.15,7.79,0.36999999999996));
#1533=DIRECTION('',(-0.0,1.0,0.0));
#1534=DIRECTION('',(1.0,0.0,0.0));
#1535=ORIENTED_EDGE('',*,*,#2578,.T.);
#1536=ORIENTED_EDGE('',*,*,#2580,.F.);
#1537=ORIENTED_EDGE('',*,*,#2570,.F.);
#1538=ORIENTED_EDGE('',*,*,#2579,.T.);
#1539=CARTESIAN_POINT('',(0.15,7.79,-4.01345623401994E-14));
#1540=DIRECTION('',(0.0,0.0,1.0));
#1541=DIRECTION('',(1.0,0.0,0.0));
#1542=ORIENTED_EDGE('',*,*,#2577,.T.);
#1543=ORIENTED_EDGE('',*,*,#2581,.F.);
#1544=ORIENTED_EDGE('',*,*,#2571,.F.);
#1545=ORIENTED_EDGE('',*,*,#2580,.T.);
#1546=CARTESIAN_POINT('',(0.15,8.41,-4.00790511889682E-14));
#1547=DIRECTION('',(0.0,-0.707106781186546,0.707106781186549));
#1548=DIRECTION('',(-1.0,0.0,0.0));
#1549=ORIENTED_EDGE('',*,*,#2576,.T.);
#1550=ORIENTED_EDGE('',*,*,#2582,.F.);
#1551=ORIENTED_EDGE('',*,*,#2572,.F.);
#1552=ORIENTED_EDGE('',*,*,#2581,.T.);
#1553=CARTESIAN_POINT('',(0.15,8.49,0.0799999999999598));
#1554=DIRECTION('',(0.0,-1.0,0.0));
#1555=DIRECTION('',(0.0,0.0,-1.0));
#1556=ORIENTED_EDGE('',*,*,#2575,.T.);
#1557=ORIENTED_EDGE('',*,*,#2568,.F.);
#1558=ORIENTED_EDGE('',*,*,#2573,.F.);
#1559=ORIENTED_EDGE('',*,*,#2582,.T.);
#1560=CARTESIAN_POINT('',(0.15,8.49,0.30999999999996));
#1561=DIRECTION('',(0.0,0.0,-1.0));
#1562=DIRECTION('',(0.0,-1.0,0.0));
#1563=ORIENTED_EDGE('',*,*,#2547,.T.);
#1564=ORIENTED_EDGE('',*,*,#2583,.F.);
#1565=ORIENTED_EDGE('',*,*,#2438,.F.);
#1566=ORIENTED_EDGE('',*,*,#2584,.F.);
#1567=ORIENTED_EDGE('',*,*,#2329,.T.);
#1568=CARTESIAN_POINT('',(-1.645,6.4,0.369999999999994));
#1569=DIRECTION('',(1.0,-1.20466908053945E-16,0.0));
#1570=DIRECTION('',(-1.20466908053945E-16,-1.0,0.0));
#1571=ORIENTED_EDGE('',*,*,#2546,.T.);
#1572=ORIENTED_EDGE('',*,*,#2585,.F.);
#1573=ORIENTED_EDGE('',*,*,#2439,.F.);
#1574=ORIENTED_EDGE('',*,*,#2583,.T.);
#1575=CARTESIAN_POINT('',(-1.645,4.6,0.369999999999994));
#1576=DIRECTION('',(-0.0,1.0,0.0));
#1577=DIRECTION('',(1.0,0.0,0.0));
#1578=ORIENTED_EDGE('',*,*,#2545,.T.);
#1579=ORIENTED_EDGE('',*,*,#2335,.F.);
#1580=ORIENTED_EDGE('',*,*,#2586,.F.);
#1581=ORIENTED_EDGE('',*,*,#2436,.F.);
#1582=ORIENTED_EDGE('',*,*,#2585,.T.);
#1583=CARTESIAN_POINT('',(-1.355,4.6,0.369999999999994));
#1584=DIRECTION('',(-1.0,1.20466908053945E-16,0.0));
#1585=DIRECTION('',(0.0,0.0,1.0));
#1586=ORIENTED_EDGE('',*,*,#2333,.F.);
#1587=ORIENTED_EDGE('',*,*,#2587,.T.);
#1588=ORIENTED_EDGE('',*,*,#2588,.T.);
#1589=ORIENTED_EDGE('',*,*,#2589,.T.);
#1590=CARTESIAN_POINT('',(-1.35,8.16,0.409999999999959));
#1591=DIRECTION('',(-1.0,0.0,0.0));
#1592=DIRECTION('',(0.0,0.0,1.0));
#1593=ORIENTED_EDGE('',*,*,#2590,.F.);
#1594=ORIENTED_EDGE('',*,*,#2331,.T.);
#1595=ORIENTED_EDGE('',*,*,#2591,.F.);
#1596=ORIENTED_EDGE('',*,*,#2592,.F.);
#1597=CARTESIAN_POINT('',(-1.65,8.16,0.409999999999959));
#1598=DIRECTION('',(-1.0,0.0,0.0));
#1599=DIRECTION('',(0.0,0.0,1.0));
#1600=ORIENTED_EDGE('',*,*,#2332,.F.);
#1601=ORIENTED_EDGE('',*,*,#2590,.T.);
#1602=ORIENTED_EDGE('',*,*,#2593,.F.);
#1603=ORIENTED_EDGE('',*,*,#2587,.F.);
#1604=CARTESIAN_POINT('',(-1.35,8.06,1.08999999999996));
#1605=DIRECTION('',(0.0,1.93607530800983E-16,-1.0));
#1606=DIRECTION('',(-1.0,0.0,0.0));
#1607=ORIENTED_EDGE('',*,*,#2330,.F.);
#1608=ORIENTED_EDGE('',*,*,#2584,.T.);
#1609=ORIENTED_EDGE('',*,*,#2594,.T.);
#1610=ORIENTED_EDGE('',*,*,#2591,.T.);
#1611=CARTESIAN_POINT('',(-1.35,4.7,0.36999999999996));
#1612=DIRECTION('',(0.0,1.75437244738755E-17,1.0));
#1613=DIRECTION('',(0.0,-1.0,1.75437244738755E-17));
#1614=ORIENTED_EDGE('',*,*,#2595,.T.);
#1615=ORIENTED_EDGE('',*,*,#2586,.T.);
#1616=ORIENTED_EDGE('',*,*,#2334,.F.);
#1617=ORIENTED_EDGE('',*,*,#2589,.F.);
#1618=CARTESIAN_POINT('',(-1.35,4.7,0.36999999999996));
#1619=DIRECTION('',(0.0,1.75437244738755E-17,1.0));
#1620=DIRECTION('',(0.0,-1.0,1.75437244738755E-17));
#1621=ORIENTED_EDGE('',*,*,#2592,.T.);
#1622=ORIENTED_EDGE('',*,*,#2594,.F.);
#1623=ORIENTED_EDGE('',*,*,#2437,.F.);
#1624=ORIENTED_EDGE('',*,*,#2595,.F.);
#1625=ORIENTED_EDGE('',*,*,#2588,.F.);
#1626=ORIENTED_EDGE('',*,*,#2593,.T.);
#1627=CARTESIAN_POINT('',(-1.35,4.7,1.08999999999996));
#1628=DIRECTION('',(-0.0,1.0,0.0));
#1629=DIRECTION('',(1.0,0.0,0.0));
#1630=ORIENTED_EDGE('',*,*,#2596,.T.);
#1631=ORIENTED_EDGE('',*,*,#2423,.T.);
#1632=ORIENTED_EDGE('',*,*,#2597,.F.);
#1633=ORIENTED_EDGE('',*,*,#2598,.T.);
#1634=CARTESIAN_POINT('',(-1.35,8.16,0.409999999999959));
#1635=DIRECTION('',(1.0,-0.0,0.0));
#1636=DIRECTION('',(0.0,0.0,1.0));
#1637=ORIENTED_EDGE('',*,*,#2394,.F.);
#1638=ORIENTED_EDGE('',*,*,#2599,.T.);
#1639=ORIENTED_EDGE('',*,*,#2600,.T.);
#1640=ORIENTED_EDGE('',*,*,#2601,.T.);
#1641=ORIENTED_EDGE('',*,*,#2602,.T.);
#1642=ORIENTED_EDGE('',*,*,#2603,.T.);
#1643=ORIENTED_EDGE('',*,*,#2597,.T.);
#1644=ORIENTED_EDGE('',*,*,#2422,.T.);
#1645=CARTESIAN_POINT('',(-1.35,8.16,0.409999999999959));
#1646=DIRECTION('',(-1.0,0.0,0.0));
#1647=DIRECTION('',(0.0,0.0,1.0));
#1648=ORIENTED_EDGE('',*,*,#2604,.F.);
#1649=ORIENTED_EDGE('',*,*,#2392,.T.);
#1650=ORIENTED_EDGE('',*,*,#2424,.F.);
#1651=ORIENTED_EDGE('',*,*,#2596,.F.);
#1652=ORIENTED_EDGE('',*,*,#2605,.F.);
#1653=ORIENTED_EDGE('',*,*,#2606,.F.);
#1654=ORIENTED_EDGE('',*,*,#2607,.F.);
#1655=ORIENTED_EDGE('',*,*,#2608,.F.);
#1656=CARTESIAN_POINT('',(-1.65,8.16,0.409999999999959));
#1657=DIRECTION('',(-1.0,0.0,0.0));
#1658=DIRECTION('',(0.0,0.0,1.0));
#1659=ORIENTED_EDGE('',*,*,#2393,.F.);
#1660=ORIENTED_EDGE('',*,*,#2604,.T.);
#1661=ORIENTED_EDGE('',*,*,#2609,.F.);
#1662=ORIENTED_EDGE('',*,*,#2599,.F.);
#1663=CARTESIAN_POINT('',(-1.35,7.79,0.36999999999996));
#1664=DIRECTION('',(-0.0,1.0,0.0));
#1665=DIRECTION('',(1.0,0.0,0.0));
#1666=ORIENTED_EDGE('',*,*,#2608,.T.);
#1667=ORIENTED_EDGE('',*,*,#2610,.F.);
#1668=ORIENTED_EDGE('',*,*,#2600,.F.);
#1669=ORIENTED_EDGE('',*,*,#2609,.T.);
#1670=CARTESIAN_POINT('',(-1.35,7.79,-4.01345623401994E-14));
#1671=DIRECTION('',(0.0,0.0,1.0));
#1672=DIRECTION('',(1.0,0.0,0.0));
#1673=ORIENTED_EDGE('',*,*,#2607,.T.);
#1674=ORIENTED_EDGE('',*,*,#2611,.F.);
#1675=ORIENTED_EDGE('',*,*,#2601,.F.);
#1676=ORIENTED_EDGE('',*,*,#2610,.T.);
#1677=CARTESIAN_POINT('',(-1.35,8.41,-4.00790511889682E-14));
#1678=DIRECTION('',(0.0,-0.707106781186546,0.707106781186549));
#1679=DIRECTION('',(-1.0,0.0,0.0));
#1680=ORIENTED_EDGE('',*,*,#2606,.T.);
#1681=ORIENTED_EDGE('',*,*,#2612,.F.);
#1682=ORIENTED_EDGE('',*,*,#2602,.F.);
#1683=ORIENTED_EDGE('',*,*,#2611,.T.);
#1684=CARTESIAN_POINT('',(-1.35,8.49,0.0799999999999598));
#1685=DIRECTION('',(0.0,-1.0,0.0));
#1686=DIRECTION('',(0.0,0.0,-1.0));
#1687=ORIENTED_EDGE('',*,*,#2605,.T.);
#1688=ORIENTED_EDGE('',*,*,#2598,.F.);
#1689=ORIENTED_EDGE('',*,*,#2603,.F.);
#1690=ORIENTED_EDGE('',*,*,#2612,.T.);
#1691=CARTESIAN_POINT('',(-1.35,8.49,0.30999999999996));
#1692=DIRECTION('',(0.0,0.0,-1.0));
#1693=DIRECTION('',(0.0,-1.0,0.0));
#1694=ORIENTED_EDGE('',*,*,#2550,.T.);
#1695=ORIENTED_EDGE('',*,*,#2613,.F.);
#1696=ORIENTED_EDGE('',*,*,#2434,.F.);
#1697=ORIENTED_EDGE('',*,*,#2614,.F.);
#1698=ORIENTED_EDGE('',*,*,#2321,.T.);
#1699=CARTESIAN_POINT('',(-3.145,6.4,0.369999999999994));
#1700=DIRECTION('',(1.0,0.0,0.0));
#1701=DIRECTION('',(0.0,1.0,0.0));
#1702=ORIENTED_EDGE('',*,*,#2549,.T.);
#1703=ORIENTED_EDGE('',*,*,#2615,.F.);
#1704=ORIENTED_EDGE('',*,*,#2435,.F.);
#1705=ORIENTED_EDGE('',*,*,#2613,.T.);
#1706=CARTESIAN_POINT('',(-3.145,4.6,0.369999999999994));
#1707=DIRECTION('',(-0.0,1.0,0.0));
#1708=DIRECTION('',(1.0,0.0,0.0));
#1709=ORIENTED_EDGE('',*,*,#2548,.T.);
#1710=ORIENTED_EDGE('',*,*,#2327,.F.);
#1711=ORIENTED_EDGE('',*,*,#2616,.F.);
#1712=ORIENTED_EDGE('',*,*,#2432,.F.);
#1713=ORIENTED_EDGE('',*,*,#2615,.T.);
#1714=CARTESIAN_POINT('',(-2.855,4.6,0.369999999999994));
#1715=DIRECTION('',(-1.0,0.0,0.0));
#1716=DIRECTION('',(0.0,0.0,1.0));
#1717=ORIENTED_EDGE('',*,*,#2325,.F.);
#1718=ORIENTED_EDGE('',*,*,#2617,.T.);
#1719=ORIENTED_EDGE('',*,*,#2618,.T.);
#1720=ORIENTED_EDGE('',*,*,#2619,.T.);
#1721=CARTESIAN_POINT('',(-2.85,8.16,0.409999999999959));
#1722=DIRECTION('',(-1.0,0.0,0.0));
#1723=DIRECTION('',(0.0,0.0,1.0));
#1724=ORIENTED_EDGE('',*,*,#2620,.F.);
#1725=ORIENTED_EDGE('',*,*,#2323,.T.);
#1726=ORIENTED_EDGE('',*,*,#2621,.F.);
#1727=ORIENTED_EDGE('',*,*,#2622,.F.);
#1728=CARTESIAN_POINT('',(-3.15,8.16,0.409999999999959));
#1729=DIRECTION('',(-1.0,0.0,0.0));
#1730=DIRECTION('',(0.0,0.0,1.0));
#1731=ORIENTED_EDGE('',*,*,#2324,.F.);
#1732=ORIENTED_EDGE('',*,*,#2620,.T.);
#1733=ORIENTED_EDGE('',*,*,#2623,.F.);
#1734=ORIENTED_EDGE('',*,*,#2617,.F.);
#1735=CARTESIAN_POINT('',(-2.85,8.06,1.08999999999996));
#1736=DIRECTION('',(0.0,1.93607530800983E-16,-1.0));
#1737=DIRECTION('',(-1.0,0.0,0.0));
#1738=ORIENTED_EDGE('',*,*,#2322,.F.);
#1739=ORIENTED_EDGE('',*,*,#2614,.T.);
#1740=ORIENTED_EDGE('',*,*,#2624,.T.);
#1741=ORIENTED_EDGE('',*,*,#2621,.T.);
#1742=CARTESIAN_POINT('',(-2.85,4.7,0.36999999999996));
#1743=DIRECTION('',(0.0,1.75437244738755E-17,1.0));
#1744=DIRECTION('',(0.0,-1.0,1.75437244738755E-17));
#1745=ORIENTED_EDGE('',*,*,#2625,.T.);
#1746=ORIENTED_EDGE('',*,*,#2616,.T.);
#1747=ORIENTED_EDGE('',*,*,#2326,.F.);
#1748=ORIENTED_EDGE('',*,*,#2619,.F.);
#1749=CARTESIAN_POINT('',(-2.85,4.7,0.36999999999996));
#1750=DIRECTION('',(0.0,1.75437244738755E-17,1.0));
#1751=DIRECTION('',(0.0,-1.0,1.75437244738755E-17));
#1752=ORIENTED_EDGE('',*,*,#2622,.T.);
#1753=ORIENTED_EDGE('',*,*,#2624,.F.);
#1754=ORIENTED_EDGE('',*,*,#2433,.F.);
#1755=ORIENTED_EDGE('',*,*,#2625,.F.);
#1756=ORIENTED_EDGE('',*,*,#2618,.F.);
#1757=ORIENTED_EDGE('',*,*,#2623,.T.);
#1758=CARTESIAN_POINT('',(-2.85,4.7,1.08999999999996));
#1759=DIRECTION('',(-0.0,1.0,0.0));
#1760=DIRECTION('',(1.0,0.0,0.0));
#1761=ORIENTED_EDGE('',*,*,#2626,.T.);
#1762=ORIENTED_EDGE('',*,*,#2426,.T.);
#1763=ORIENTED_EDGE('',*,*,#2627,.F.);
#1764=ORIENTED_EDGE('',*,*,#2628,.T.);
#1765=CARTESIAN_POINT('',(-2.85,8.16,0.409999999999959));
#1766=DIRECTION('',(1.0,-0.0,0.0));
#1767=DIRECTION('',(0.0,0.0,1.0));
#1768=ORIENTED_EDGE('',*,*,#2390,.F.);
#1769=ORIENTED_EDGE('',*,*,#2629,.T.);
#1770=ORIENTED_EDGE('',*,*,#2630,.T.);
#1771=ORIENTED_EDGE('',*,*,#2631,.T.);
#1772=ORIENTED_EDGE('',*,*,#2632,.T.);
#1773=ORIENTED_EDGE('',*,*,#2633,.T.);
#1774=ORIENTED_EDGE('',*,*,#2627,.T.);
#1775=ORIENTED_EDGE('',*,*,#2425,.T.);
#1776=CARTESIAN_POINT('',(-2.85,8.16,0.409999999999959));
#1777=DIRECTION('',(-1.0,0.0,0.0));
#1778=DIRECTION('',(0.0,0.0,1.0));
#1779=ORIENTED_EDGE('',*,*,#2634,.F.);
#1780=ORIENTED_EDGE('',*,*,#2388,.T.);
#1781=ORIENTED_EDGE('',*,*,#2427,.F.);
#1782=ORIENTED_EDGE('',*,*,#2626,.F.);
#1783=ORIENTED_EDGE('',*,*,#2635,.F.);
#1784=ORIENTED_EDGE('',*,*,#2636,.F.);
#1785=ORIENTED_EDGE('',*,*,#2637,.F.);
#1786=ORIENTED_EDGE('',*,*,#2638,.F.);
#1787=CARTESIAN_POINT('',(-3.15,8.16,0.409999999999959));
#1788=DIRECTION('',(-1.0,0.0,0.0));
#1789=DIRECTION('',(0.0,0.0,1.0));
#1790=ORIENTED_EDGE('',*,*,#2389,.F.);
#1791=ORIENTED_EDGE('',*,*,#2634,.T.);
#1792=ORIENTED_EDGE('',*,*,#2639,.F.);
#1793=ORIENTED_EDGE('',*,*,#2629,.F.);
#1794=CARTESIAN_POINT('',(-2.85,7.79,0.36999999999996));
#1795=DIRECTION('',(-0.0,1.0,0.0));
#1796=DIRECTION('',(1.0,0.0,0.0));
#1797=ORIENTED_EDGE('',*,*,#2638,.T.);
#1798=ORIENTED_EDGE('',*,*,#2640,.F.);
#1799=ORIENTED_EDGE('',*,*,#2630,.F.);
#1800=ORIENTED_EDGE('',*,*,#2639,.T.);
#1801=CARTESIAN_POINT('',(-2.85,7.79,-4.01345623401994E-14));
#1802=DIRECTION('',(0.0,0.0,1.0));
#1803=DIRECTION('',(1.0,0.0,0.0));
#1804=ORIENTED_EDGE('',*,*,#2637,.T.);
#1805=ORIENTED_EDGE('',*,*,#2641,.F.);
#1806=ORIENTED_EDGE('',*,*,#2631,.F.);
#1807=ORIENTED_EDGE('',*,*,#2640,.T.);
#1808=CARTESIAN_POINT('',(-2.85,8.41,-4.00790511889682E-14));
#1809=DIRECTION('',(0.0,-0.707106781186546,0.707106781186549));
#1810=DIRECTION('',(-1.0,0.0,0.0));
#1811=ORIENTED_EDGE('',*,*,#2636,.T.);
#1812=ORIENTED_EDGE('',*,*,#2642,.F.);
#1813=ORIENTED_EDGE('',*,*,#2632,.F.);
#1814=ORIENTED_EDGE('',*,*,#2641,.T.);
#1815=CARTESIAN_POINT('',(-2.85,8.49,0.0799999999999598));
#1816=DIRECTION('',(0.0,-1.0,0.0));
#1817=DIRECTION('',(0.0,0.0,-1.0));
#1818=ORIENTED_EDGE('',*,*,#2635,.T.);
#1819=ORIENTED_EDGE('',*,*,#2628,.F.);
#1820=ORIENTED_EDGE('',*,*,#2633,.F.);
#1821=ORIENTED_EDGE('',*,*,#2642,.T.);
#1822=CARTESIAN_POINT('',(-2.85,8.49,0.30999999999996));
#1823=DIRECTION('',(0.0,0.0,-1.0));
#1824=DIRECTION('',(0.0,-1.0,0.0));
#1825=ORIENTED_EDGE('',*,*,#2541,.T.);
#1826=ORIENTED_EDGE('',*,*,#2643,.F.);
#1827=ORIENTED_EDGE('',*,*,#2383,.F.);
#1828=ORIENTED_EDGE('',*,*,#2644,.F.);
#1829=ORIENTED_EDGE('',*,*,#2313,.T.);
#1830=CARTESIAN_POINT('',(-4.645,6.4,0.369999999999994));
#1831=DIRECTION('',(1.0,-4.81867632215779E-16,0.0));
#1832=DIRECTION('',(-4.81867632215779E-16,-1.0,0.0));
#1833=ORIENTED_EDGE('',*,*,#2552,.T.);
#1834=ORIENTED_EDGE('',*,*,#2645,.F.);
#1835=ORIENTED_EDGE('',*,*,#2384,.F.);
#1836=ORIENTED_EDGE('',*,*,#2643,.T.);
#1837=CARTESIAN_POINT('',(-4.645,4.6,0.369999999999994));
#1838=DIRECTION('',(-0.0,1.0,0.0));
#1839=DIRECTION('',(1.0,0.0,0.0));
#1840=ORIENTED_EDGE('',*,*,#2551,.T.);
#1841=ORIENTED_EDGE('',*,*,#2319,.F.);
#1842=ORIENTED_EDGE('',*,*,#2646,.F.);
#1843=ORIENTED_EDGE('',*,*,#2381,.F.);
#1844=ORIENTED_EDGE('',*,*,#2645,.T.);
#1845=CARTESIAN_POINT('',(-4.355,4.6,0.369999999999994));
#1846=DIRECTION('',(-1.0,4.81867632215779E-16,0.0));
#1847=DIRECTION('',(0.0,0.0,1.0));
#1848=ORIENTED_EDGE('',*,*,#2317,.F.);
#1849=ORIENTED_EDGE('',*,*,#2647,.T.);
#1850=ORIENTED_EDGE('',*,*,#2648,.T.);
#1851=ORIENTED_EDGE('',*,*,#2649,.T.);
#1852=CARTESIAN_POINT('',(-4.35,8.16,0.409999999999959));
#1853=DIRECTION('',(-1.0,0.0,0.0));
#1854=DIRECTION('',(0.0,0.0,1.0));
#1855=ORIENTED_EDGE('',*,*,#2650,.F.);
#1856=ORIENTED_EDGE('',*,*,#2315,.T.);
#1857=ORIENTED_EDGE('',*,*,#2651,.F.);
#1858=ORIENTED_EDGE('',*,*,#2652,.F.);
#1859=CARTESIAN_POINT('',(-4.65,8.16,0.409999999999959));
#1860=DIRECTION('',(-1.0,0.0,0.0));
#1861=DIRECTION('',(0.0,0.0,1.0));
#1862=ORIENTED_EDGE('',*,*,#2316,.F.);
#1863=ORIENTED_EDGE('',*,*,#2650,.T.);
#1864=ORIENTED_EDGE('',*,*,#2653,.F.);
#1865=ORIENTED_EDGE('',*,*,#2647,.F.);
#1866=CARTESIAN_POINT('',(-4.35,8.06,1.08999999999996));
#1867=DIRECTION('',(0.0,1.93607530800983E-16,-1.0));
#1868=DIRECTION('',(-1.0,0.0,0.0));
#1869=ORIENTED_EDGE('',*,*,#2314,.F.);
#1870=ORIENTED_EDGE('',*,*,#2644,.T.);
#1871=ORIENTED_EDGE('',*,*,#2654,.T.);
#1872=ORIENTED_EDGE('',*,*,#2651,.T.);
#1873=CARTESIAN_POINT('',(-4.35,4.7,0.36999999999996));
#1874=DIRECTION('',(0.0,1.75437244738755E-17,1.0));
#1875=DIRECTION('',(0.0,-1.0,1.75437244738755E-17));
#1876=ORIENTED_EDGE('',*,*,#2655,.T.);
#1877=ORIENTED_EDGE('',*,*,#2646,.T.);
#1878=ORIENTED_EDGE('',*,*,#2318,.F.);
#1879=ORIENTED_EDGE('',*,*,#2649,.F.);
#1880=CARTESIAN_POINT('',(-4.35,4.7,0.36999999999996));
#1881=DIRECTION('',(0.0,1.75437244738755E-17,1.0));
#1882=DIRECTION('',(0.0,-1.0,1.75437244738755E-17));
#1883=ORIENTED_EDGE('',*,*,#2652,.T.);
#1884=ORIENTED_EDGE('',*,*,#2654,.F.);
#1885=ORIENTED_EDGE('',*,*,#2382,.F.);
#1886=ORIENTED_EDGE('',*,*,#2655,.F.);
#1887=ORIENTED_EDGE('',*,*,#2648,.F.);
#1888=ORIENTED_EDGE('',*,*,#2653,.T.);
#1889=CARTESIAN_POINT('',(-4.35,4.7,1.08999999999996));
#1890=DIRECTION('',(-0.0,1.0,0.0));
#1891=DIRECTION('',(1.0,0.0,0.0));
#1892=ORIENTED_EDGE('',*,*,#2656,.T.);
#1893=ORIENTED_EDGE('',*,*,#2414,.T.);
#1894=ORIENTED_EDGE('',*,*,#2657,.F.);
#1895=ORIENTED_EDGE('',*,*,#2658,.T.);
#1896=CARTESIAN_POINT('',(-4.35,8.16,0.409999999999959));
#1897=DIRECTION('',(1.0,-0.0,0.0));
#1898=DIRECTION('',(0.0,0.0,1.0));
#1899=ORIENTED_EDGE('',*,*,#2386,.F.);
#1900=ORIENTED_EDGE('',*,*,#2659,.T.);
#1901=ORIENTED_EDGE('',*,*,#2660,.T.);
#1902=ORIENTED_EDGE('',*,*,#2661,.T.);
#1903=ORIENTED_EDGE('',*,*,#2662,.T.);
#1904=ORIENTED_EDGE('',*,*,#2663,.T.);
#1905=ORIENTED_EDGE('',*,*,#2657,.T.);
#1906=ORIENTED_EDGE('',*,*,#2413,.T.);
#1907=CARTESIAN_POINT('',(-4.35,8.16,0.409999999999959));
#1908=DIRECTION('',(-1.0,0.0,0.0));
#1909=DIRECTION('',(0.0,0.0,1.0));
#1910=ORIENTED_EDGE('',*,*,#2664,.F.);
#1911=ORIENTED_EDGE('',*,*,#2412,.T.);
#1912=ORIENTED_EDGE('',*,*,#2415,.F.);
#1913=ORIENTED_EDGE('',*,*,#2656,.F.);
#1914=ORIENTED_EDGE('',*,*,#2665,.F.);
#1915=ORIENTED_EDGE('',*,*,#2666,.F.);
#1916=ORIENTED_EDGE('',*,*,#2667,.F.);
#1917=ORIENTED_EDGE('',*,*,#2668,.F.);
#1918=CARTESIAN_POINT('',(-4.65,8.16,0.409999999999959));
#1919=DIRECTION('',(-1.0,0.0,0.0));
#1920=DIRECTION('',(0.0,0.0,1.0));
#1921=ORIENTED_EDGE('',*,*,#2385,.F.);
#1922=ORIENTED_EDGE('',*,*,#2664,.T.);
#1923=ORIENTED_EDGE('',*,*,#2669,.F.);
#1924=ORIENTED_EDGE('',*,*,#2659,.F.);
#1925=CARTESIAN_POINT('',(-4.35,7.79,0.36999999999996));
#1926=DIRECTION('',(-0.0,1.0,0.0));
#1927=DIRECTION('',(1.0,0.0,0.0));
#1928=ORIENTED_EDGE('',*,*,#2668,.T.);
#1929=ORIENTED_EDGE('',*,*,#2670,.F.);
#1930=ORIENTED_EDGE('',*,*,#2660,.F.);
#1931=ORIENTED_EDGE('',*,*,#2669,.T.);
#1932=CARTESIAN_POINT('',(-4.35,7.79,-4.01345623401994E-14));
#1933=DIRECTION('',(0.0,0.0,1.0));
#1934=DIRECTION('',(1.0,0.0,0.0));
#1935=ORIENTED_EDGE('',*,*,#2667,.T.);
#1936=ORIENTED_EDGE('',*,*,#2671,.F.);
#1937=ORIENTED_EDGE('',*,*,#2661,.F.);
#1938=ORIENTED_EDGE('',*,*,#2670,.T.);
#1939=CARTESIAN_POINT('',(-4.35,8.41,-4.00790511889682E-14));
#1940=DIRECTION('',(0.0,-0.707106781186546,0.707106781186549));
#1941=DIRECTION('',(-1.0,0.0,0.0));
#1942=ORIENTED_EDGE('',*,*,#2666,.T.);
#1943=ORIENTED_EDGE('',*,*,#2672,.F.);
#1944=ORIENTED_EDGE('',*,*,#2662,.F.);
#1945=ORIENTED_EDGE('',*,*,#2671,.T.);
#1946=CARTESIAN_POINT('',(-4.35,8.49,0.0799999999999598));
#1947=DIRECTION('',(0.0,-1.0,0.0));
#1948=DIRECTION('',(0.0,0.0,-1.0));
#1949=ORIENTED_EDGE('',*,*,#2665,.T.);
#1950=ORIENTED_EDGE('',*,*,#2658,.F.);
#1951=ORIENTED_EDGE('',*,*,#2663,.F.);
#1952=ORIENTED_EDGE('',*,*,#2672,.T.);
#1953=CARTESIAN_POINT('',(-4.35,8.49,0.30999999999996));
#1954=DIRECTION('',(0.0,0.0,-1.0));
#1955=DIRECTION('',(0.0,-1.0,0.0));
#1956=ORIENTED_EDGE('',*,*,#2673,.F.);
#1957=ORIENTED_EDGE('',*,*,#2674,.F.);
#1958=ORIENTED_EDGE('',*,*,#2675,.F.);
#1959=ORIENTED_EDGE('',*,*,#2676,.T.);
#1960=CARTESIAN_POINT('',(2.325,2.2,-4.16333634234434E-16));
#1961=DIRECTION('',(-3.96508223080414E-16,0.0,1.0));
#1962=DIRECTION('',(1.0,-0.0,3.96508223080414E-16));
#1963=ORIENTED_EDGE('',*,*,#2677,.F.);
#1964=ORIENTED_EDGE('',*,*,#2678,.F.);
#1965=ORIENTED_EDGE('',*,*,#2679,.F.);
#1966=ORIENTED_EDGE('',*,*,#2674,.T.);
#1967=CARTESIAN_POINT('',(3.025,2.2,0.0));
#1968=DIRECTION('',(-1.0,0.0,2.89120579329468E-15));
#1969=DIRECTION('',(0.0,1.0,0.0));
#1970=ORIENTED_EDGE('',*,*,#2678,.T.);
#1971=ORIENTED_EDGE('',*,*,#2680,.T.);
#1972=ORIENTED_EDGE('',*,*,#2681,.F.);
#1973=ORIENTED_EDGE('',*,*,#2682,.F.);
#1974=CARTESIAN_POINT('',(3.025,2.2,0.15));
#1975=DIRECTION('',(3.87215061601966E-16,0.0,-1.0));
#1976=DIRECTION('',(0.0,-1.0,0.0));
#1977=ORIENTED_EDGE('',*,*,#2378,.F.);
#1978=ORIENTED_EDGE('',*,*,#2683,.T.);
#1979=ORIENTED_EDGE('',*,*,#2675,.T.);
#1980=ORIENTED_EDGE('',*,*,#2679,.T.);
#1981=ORIENTED_EDGE('',*,*,#2682,.T.);
#1982=ORIENTED_EDGE('',*,*,#2684,.T.);
#1983=CARTESIAN_POINT('',(2.325,2.2,0.249999999999999));
#1984=DIRECTION('',(-0.0,1.0,0.0));
#1985=DIRECTION('',(1.0,0.0,0.0));
#1986=ORIENTED_EDGE('',*,*,#2380,.F.);
#1987=ORIENTED_EDGE('',*,*,#2685,.F.);
#1988=ORIENTED_EDGE('',*,*,#2680,.F.);
#1989=ORIENTED_EDGE('',*,*,#2677,.T.);
#1990=ORIENTED_EDGE('',*,*,#2673,.T.);
#1991=ORIENTED_EDGE('',*,*,#2686,.F.);
#1992=CARTESIAN_POINT('',(11.48,3.7,-2.22044604925031E-16));
#1993=DIRECTION('',(0.0,-1.0,1.3141844514976E-15));
#1994=DIRECTION('',(-1.0,0.0,0.0));
#1995=ORIENTED_EDGE('',*,*,#2377,.F.);
#1996=ORIENTED_EDGE('',*,*,#2686,.T.);
#1997=ORIENTED_EDGE('',*,*,#2676,.F.);
#1998=ORIENTED_EDGE('',*,*,#2683,.F.);
#1999=CARTESIAN_POINT('',(2.325,2.2,0.249999999999999));
#2000=DIRECTION('',(0.0,-1.0,0.0));
#2001=DIRECTION('',(0.0,0.0,1.0));
#2002=ORIENTED_EDGE('',*,*,#2379,.F.);
#2003=ORIENTED_EDGE('',*,*,#2684,.F.);
#2004=ORIENTED_EDGE('',*,*,#2681,.T.);
#2005=ORIENTED_EDGE('',*,*,#2685,.T.);
#2006=CARTESIAN_POINT('',(2.325,2.2,0.249999999999999));
#2007=DIRECTION('',(0.0,-1.0,0.0));
#2008=DIRECTION('',(0.0,0.0,1.0));
#2009=ORIENTED_EDGE('',*,*,#2451,.F.);
#2010=ORIENTED_EDGE('',*,*,#2687,.T.);
#2011=ORIENTED_EDGE('',*,*,#2688,.T.);
#2012=ORIENTED_EDGE('',*,*,#2689,.T.);
#2013=ORIENTED_EDGE('',*,*,#2690,.T.);
#2014=ORIENTED_EDGE('',*,*,#2691,.T.);
#2015=ORIENTED_EDGE('',*,*,#2692,.T.);
#2016=ORIENTED_EDGE('',*,*,#2693,.T.);
#2017=CARTESIAN_POINT('',(2.325,2.2,0.249999999999999));
#2018=DIRECTION('',(-0.0,1.0,0.0));
#2019=DIRECTION('',(1.0,0.0,0.0));
#2020=ORIENTED_EDGE('',*,*,#2347,.T.);
#2021=ORIENTED_EDGE('',*,*,#2444,.T.);
#2022=ORIENTED_EDGE('',*,*,#2693,.F.);
#2023=ORIENTED_EDGE('',*,*,#2694,.T.);
#2024=ORIENTED_EDGE('',*,*,#2695,.T.);
#2025=ORIENTED_EDGE('',*,*,#2696,.T.);
#2026=ORIENTED_EDGE('',*,*,#2697,.T.);
#2027=ORIENTED_EDGE('',*,*,#2698,.T.);
#2028=ORIENTED_EDGE('',*,*,#2496,.T.);
#2029=CARTESIAN_POINT('',(2.075,7.7,1.75));
#2030=DIRECTION('',(-1.0,0.0,0.0));
#2031=DIRECTION('',(0.0,0.0,1.0));
#2032=ORIENTED_EDGE('',*,*,#2687,.F.);
#2033=ORIENTED_EDGE('',*,*,#2450,.T.);
#2034=ORIENTED_EDGE('',*,*,#2428,.T.);
#2035=ORIENTED_EDGE('',*,*,#2498,.T.);
#2036=ORIENTED_EDGE('',*,*,#2699,.F.);
#2037=ORIENTED_EDGE('',*,*,#2700,.F.);
#2038=ORIENTED_EDGE('',*,*,#2701,.F.);
#2039=ORIENTED_EDGE('',*,*,#2702,.F.);
#2040=ORIENTED_EDGE('',*,*,#2703,.F.);
#2041=CARTESIAN_POINT('',(2.225,7.7,0.33));
#2042=DIRECTION('',(1.0,0.0,6.10818125343946E-16));
#2043=DIRECTION('',(-6.10818125343946E-16,0.0,1.0));
#2044=ORIENTED_EDGE('',*,*,#2704,.F.);
#2045=ORIENTED_EDGE('',*,*,#2705,.F.);
#2046=ORIENTED_EDGE('',*,*,#2706,.F.);
#2047=ORIENTED_EDGE('',*,*,#2707,.F.);
#2048=ORIENTED_EDGE('',*,*,#2708,.F.);
#2049=ORIENTED_EDGE('',*,*,#2709,.F.);
#2050=CARTESIAN_POINT('',(2.325,4.7,0.249999999999999));
#2051=DIRECTION('',(-0.0,1.0,0.0));
#2052=DIRECTION('',(1.0,0.0,0.0));
#2053=ORIENTED_EDGE('',*,*,#2705,.T.);
#2054=ORIENTED_EDGE('',*,*,#2710,.F.);
#2055=ORIENTED_EDGE('',*,*,#2688,.F.);
#2056=ORIENTED_EDGE('',*,*,#2703,.T.);
#2057=CARTESIAN_POINT('',(2.025,2.2,1.47));
#2058=DIRECTION('',(0.0,-1.0,0.0));
#2059=DIRECTION('',(0.0,0.0,1.0));
#2060=ORIENTED_EDGE('',*,*,#2704,.T.);
#2061=ORIENTED_EDGE('',*,*,#2711,.F.);
#2062=ORIENTED_EDGE('',*,*,#2689,.F.);
#2063=ORIENTED_EDGE('',*,*,#2710,.T.);
#2064=CARTESIAN_POINT('',(2.025,2.2,1.67));
#2065=DIRECTION('',(5.42101086242752E-16,0.0,-1.0));
#2066=DIRECTION('',(0.0,-1.0,0.0));
#2067=ORIENTED_EDGE('',*,*,#2709,.T.);
#2068=ORIENTED_EDGE('',*,*,#2712,.F.);
#2069=ORIENTED_EDGE('',*,*,#2690,.F.);
#2070=ORIENTED_EDGE('',*,*,#2711,.T.);
#2071=CARTESIAN_POINT('',(1.225,2.2,1.67));
#2072=DIRECTION('',(1.0,0.0,-1.44560289664734E-15));
#2073=DIRECTION('',(-1.44560289664734E-15,0.0,-1.0));
#2074=ORIENTED_EDGE('',*,*,#2708,.T.);
#2075=ORIENTED_EDGE('',*,*,#2713,.F.);
#2076=ORIENTED_EDGE('',*,*,#2691,.F.);
#2077=ORIENTED_EDGE('',*,*,#2712,.T.);
#2078=CARTESIAN_POINT('',(1.225,2.2,1.52));
#2079=DIRECTION('',(-5.42101086242752E-16,0.0,1.0));
#2080=DIRECTION('',(1.0,-0.0,5.42101086242752E-16));
#2081=ORIENTED_EDGE('',*,*,#2707,.T.);
#2082=ORIENTED_EDGE('',*,*,#2694,.F.);
#2083=ORIENTED_EDGE('',*,*,#2692,.F.);
#2084=ORIENTED_EDGE('',*,*,#2713,.T.);
#2085=CARTESIAN_POINT('',(2.025,2.2,1.47));
#2086=DIRECTION('',(0.0,-1.0,0.0));
#2087=DIRECTION('',(0.0,0.0,1.0));
#2088=ORIENTED_EDGE('',*,*,#2706,.T.);
#2089=ORIENTED_EDGE('',*,*,#2702,.T.);
#2090=ORIENTED_EDGE('',*,*,#2714,.T.);
#2091=ORIENTED_EDGE('',*,*,#2695,.F.);
#2092=CARTESIAN_POINT('',(0.740000000000018,4.75,1.47));
#2093=DIRECTION('',(-1.0,0.0,-0.0));
#2094=DIRECTION('',(0.0,0.0,-1.0));
#2095=ORIENTED_EDGE('',*,*,#2714,.F.);
#2096=ORIENTED_EDGE('',*,*,#2701,.T.);
#2097=ORIENTED_EDGE('',*,*,#2715,.T.);
#2098=ORIENTED_EDGE('',*,*,#2696,.F.);
#2099=CARTESIAN_POINT('',(0.740000000000019,4.75,1.42));
#2100=DIRECTION('',(0.0,-4.33680868994197E-15,-1.0));
#2101=DIRECTION('',(0.0,-1.0,4.33680868994197E-15));
#2102=ORIENTED_EDGE('',*,*,#2715,.F.);
#2103=ORIENTED_EDGE('',*,*,#2700,.T.);
#2104=ORIENTED_EDGE('',*,*,#2716,.T.);
#2105=ORIENTED_EDGE('',*,*,#2697,.F.);
#2106=CARTESIAN_POINT('',(0.740000000000018,4.8,1.52));
#2107=DIRECTION('',(-1.0,0.0,-0.0));
#2108=DIRECTION('',(0.0,0.0,-1.0));
#2109=ORIENTED_EDGE('',*,*,#2497,.F.);
#2110=ORIENTED_EDGE('',*,*,#2698,.F.);
#2111=ORIENTED_EDGE('',*,*,#2716,.F.);
#2112=ORIENTED_EDGE('',*,*,#2699,.T.);
#2113=CARTESIAN_POINT('',(0.740000000000017,4.9,1.52));
#2114=DIRECTION('',(0.0,1.0,3.77113799125386E-15));
#2115=DIRECTION('',(0.0,3.77113799125386E-15,-1.0));
#2116=ORIENTED_EDGE('',*,*,#2717,.T.);
#2117=ORIENTED_EDGE('',*,*,#2718,.F.);
#2118=ORIENTED_EDGE('',*,*,#2719,.F.);
#2119=ORIENTED_EDGE('',*,*,#2720,.T.);
#2120=CARTESIAN_POINT('',(-7.525,2.2,0.15));
#2121=DIRECTION('',(3.87215061601966E-16,0.0,1.0));
#2122=DIRECTION('',(1.0,0.0,-3.87215061601966E-16));
#2123=ORIENTED_EDGE('',*,*,#2719,.T.);
#2124=ORIENTED_EDGE('',*,*,#2721,.T.);
#2125=ORIENTED_EDGE('',*,*,#2722,.F.);
#2126=ORIENTED_EDGE('',*,*,#2723,.T.);
#2127=CARTESIAN_POINT('',(-7.525,2.2,0.0));
#2128=DIRECTION('',(-1.0,0.0,0.0));
#2129=DIRECTION('',(0.0,0.0,1.0));
#2130=ORIENTED_EDGE('',*,*,#2722,.T.);
#2131=ORIENTED_EDGE('',*,*,#2724,.T.);
#2132=ORIENTED_EDGE('',*,*,#2725,.F.);
#2133=ORIENTED_EDGE('',*,*,#2726,.T.);
#2134=CARTESIAN_POINT('',(-6.825,2.2,-4.16333634234434E-16));
#2135=DIRECTION('',(-3.96508223080414E-16,0.0,-1.0));
#2136=DIRECTION('',(-1.0,0.0,3.96508223080414E-16));
#2137=ORIENTED_EDGE('',*,*,#2727,.F.);
#2138=ORIENTED_EDGE('',*,*,#2536,.T.);
#2139=ORIENTED_EDGE('',*,*,#2728,.F.);
#2140=ORIENTED_EDGE('',*,*,#2720,.F.);
#2141=ORIENTED_EDGE('',*,*,#2723,.F.);
#2142=ORIENTED_EDGE('',*,*,#2726,.F.);
#2143=CARTESIAN_POINT('',(-6.825,2.2,0.249999999999999));
#2144=DIRECTION('',(0.0,-1.0,0.0));
#2145=DIRECTION('',(0.0,0.0,-1.0));
#2146=ORIENTED_EDGE('',*,*,#2729,.T.);
#2147=ORIENTED_EDGE('',*,*,#2538,.T.);
#2148=ORIENTED_EDGE('',*,*,#2730,.T.);
#2149=ORIENTED_EDGE('',*,*,#2724,.F.);
#2150=ORIENTED_EDGE('',*,*,#2721,.F.);
#2151=ORIENTED_EDGE('',*,*,#2718,.T.);
#2152=CARTESIAN_POINT('',(-15.98,3.7,-2.22044604925031E-16));
#2153=DIRECTION('',(0.0,1.0,-1.3141844514976E-15));
#2154=DIRECTION('',(0.0,-1.3141844514976E-15,-1.0));
#2155=ORIENTED_EDGE('',*,*,#2730,.F.);
#2156=ORIENTED_EDGE('',*,*,#2537,.T.);
#2157=ORIENTED_EDGE('',*,*,#2727,.T.);
#2158=ORIENTED_EDGE('',*,*,#2725,.T.);
#2159=CARTESIAN_POINT('',(-6.825,2.2,0.249999999999999));
#2160=DIRECTION('',(0.0,-1.0,0.0));
#2161=DIRECTION('',(0.0,0.0,1.0));
#2162=ORIENTED_EDGE('',*,*,#2728,.T.);
#2163=ORIENTED_EDGE('',*,*,#2539,.T.);
#2164=ORIENTED_EDGE('',*,*,#2729,.F.);
#2165=ORIENTED_EDGE('',*,*,#2717,.F.);
#2166=CARTESIAN_POINT('',(-6.825,2.2,0.249999999999999));
#2167=DIRECTION('',(0.0,-1.0,0.0));
#2168=DIRECTION('',(0.0,0.0,1.0));
#2169=ORIENTED_EDGE('',*,*,#2731,.F.);
#2170=ORIENTED_EDGE('',*,*,#2364,.T.);
#2171=ORIENTED_EDGE('',*,*,#2732,.F.);
#2172=ORIENTED_EDGE('',*,*,#2733,.F.);
#2173=ORIENTED_EDGE('',*,*,#2734,.F.);
#2174=ORIENTED_EDGE('',*,*,#2735,.F.);
#2175=ORIENTED_EDGE('',*,*,#2736,.F.);
#2176=ORIENTED_EDGE('',*,*,#2737,.F.);
#2177=CARTESIAN_POINT('',(-6.825,2.2,0.249999999999999));
#2178=DIRECTION('',(0.0,-1.0,0.0));
#2179=DIRECTION('',(0.0,0.0,-1.0));
#2180=ORIENTED_EDGE('',*,*,#2356,.F.);
#2181=ORIENTED_EDGE('',*,*,#2305,.F.);
#2182=ORIENTED_EDGE('',*,*,#2365,.F.);
#2183=ORIENTED_EDGE('',*,*,#2731,.T.);
#2184=ORIENTED_EDGE('',*,*,#2738,.T.);
#2185=ORIENTED_EDGE('',*,*,#2739,.T.);
#2186=ORIENTED_EDGE('',*,*,#2740,.T.);
#2187=ORIENTED_EDGE('',*,*,#2741,.T.);
#2188=ORIENTED_EDGE('',*,*,#2742,.T.);
#2189=CARTESIAN_POINT('',(-6.725,7.7,0.33));
#2190=DIRECTION('',(1.0,0.0,-6.10818125343946E-16));
#2191=DIRECTION('',(-6.10818125343946E-16,0.0,-1.0));
#2192=ORIENTED_EDGE('',*,*,#2358,.F.);
#2193=ORIENTED_EDGE('',*,*,#2743,.F.);
#2194=ORIENTED_EDGE('',*,*,#2744,.F.);
#2195=ORIENTED_EDGE('',*,*,#2745,.F.);
#2196=ORIENTED_EDGE('',*,*,#2746,.F.);
#2197=ORIENTED_EDGE('',*,*,#2747,.F.);
#2198=ORIENTED_EDGE('',*,*,#2732,.T.);
#2199=ORIENTED_EDGE('',*,*,#2371,.F.);
#2200=ORIENTED_EDGE('',*,*,#2309,.F.);
#2201=CARTESIAN_POINT('',(-6.57500000000001,7.7,1.75));
#2202=DIRECTION('',(-1.0,0.0,0.0));
#2203=DIRECTION('',(0.0,0.0,1.0));
#2204=ORIENTED_EDGE('',*,*,#2748,.T.);
#2205=ORIENTED_EDGE('',*,*,#2749,.T.);
#2206=ORIENTED_EDGE('',*,*,#2750,.T.);
#2207=ORIENTED_EDGE('',*,*,#2751,.T.);
#2208=ORIENTED_EDGE('',*,*,#2752,.T.);
#2209=ORIENTED_EDGE('',*,*,#2753,.T.);
#2210=CARTESIAN_POINT('',(-6.825,4.7,0.249999999999999));
#2211=DIRECTION('',(0.0,-1.0,0.0));
#2212=DIRECTION('',(0.0,0.0,-1.0));
#2213=ORIENTED_EDGE('',*,*,#2750,.F.);
#2214=ORIENTED_EDGE('',*,*,#2738,.F.);
#2215=ORIENTED_EDGE('',*,*,#2737,.T.);
#2216=ORIENTED_EDGE('',*,*,#2754,.T.);
#2217=CARTESIAN_POINT('',(-6.525,2.2,1.47));
#2218=DIRECTION('',(0.0,-1.0,0.0));
#2219=DIRECTION('',(0.0,0.0,1.0));
#2220=ORIENTED_EDGE('',*,*,#2751,.F.);
#2221=ORIENTED_EDGE('',*,*,#2754,.F.);
#2222=ORIENTED_EDGE('',*,*,#2736,.T.);
#2223=ORIENTED_EDGE('',*,*,#2755,.T.);
#2224=CARTESIAN_POINT('',(-6.525,2.2,1.67));
#2225=DIRECTION('',(5.42101086242752E-16,0.0,1.0));
#2226=DIRECTION('',(1.0,0.0,-5.42101086242752E-16));
#2227=ORIENTED_EDGE('',*,*,#2752,.F.);
#2228=ORIENTED_EDGE('',*,*,#2755,.F.);
#2229=ORIENTED_EDGE('',*,*,#2735,.T.);
#2230=ORIENTED_EDGE('',*,*,#2756,.T.);
#2231=CARTESIAN_POINT('',(-5.725,2.2,1.67));
#2232=DIRECTION('',(1.0,0.0,0.0));
#2233=DIRECTION('',(0.0,1.0,0.0));
#2234=ORIENTED_EDGE('',*,*,#2753,.F.);
#2235=ORIENTED_EDGE('',*,*,#2756,.F.);
#2236=ORIENTED_EDGE('',*,*,#2734,.T.);
#2237=ORIENTED_EDGE('',*,*,#2757,.T.);
#2238=CARTESIAN_POINT('',(-5.725,2.2,1.52));
#2239=DIRECTION('',(-5.42101086242752E-16,0.0,-1.0));
#2240=DIRECTION('',(-1.0,0.0,5.42101086242752E-16));
#2241=ORIENTED_EDGE('',*,*,#2748,.F.);
#2242=ORIENTED_EDGE('',*,*,#2757,.F.);
#2243=ORIENTED_EDGE('',*,*,#2733,.T.);
#2244=ORIENTED_EDGE('',*,*,#2747,.T.);
#2245=CARTESIAN_POINT('',(-6.525,2.2,1.47));
#2246=DIRECTION('',(0.0,-1.0,0.0));
#2247=DIRECTION('',(0.0,0.0,1.0));
#2248=ORIENTED_EDGE('',*,*,#2758,.F.);
#2249=ORIENTED_EDGE('',*,*,#2739,.F.);
#2250=ORIENTED_EDGE('',*,*,#2749,.F.);
#2251=ORIENTED_EDGE('',*,*,#2746,.T.);
#2252=CARTESIAN_POINT('',(-5.24,4.75,1.47));
#2253=DIRECTION('',(1.0,-0.0,0.0));
#2254=DIRECTION('',(0.0,0.0,1.0));
#2255=ORIENTED_EDGE('',*,*,#2759,.F.);
#2256=ORIENTED_EDGE('',*,*,#2740,.F.);
#2257=ORIENTED_EDGE('',*,*,#2758,.T.);
#2258=ORIENTED_EDGE('',*,*,#2745,.T.);
#2259=CARTESIAN_POINT('',(-5.24,4.75,1.42));
#2260=DIRECTION('',(0.0,4.33680868994197E-15,1.0));
#2261=DIRECTION('',(0.0,-1.0,4.33680868994197E-15));
#2262=ORIENTED_EDGE('',*,*,#2760,.F.);
#2263=ORIENTED_EDGE('',*,*,#2741,.F.);
#2264=ORIENTED_EDGE('',*,*,#2759,.T.);
#2265=ORIENTED_EDGE('',*,*,#2744,.T.);
#2266=CARTESIAN_POINT('',(-5.24000000000001,4.8,1.52));
#2267=DIRECTION('',(1.0,-0.0,0.0));
#2268=DIRECTION('',(0.0,0.0,1.0));
#2269=ORIENTED_EDGE('',*,*,#2743,.T.);
#2270=ORIENTED_EDGE('',*,*,#2357,.T.);
#2271=ORIENTED_EDGE('',*,*,#2742,.F.);
#2272=ORIENTED_EDGE('',*,*,#2760,.T.);
#2273=CARTESIAN_POINT('',(-5.24000000000001,4.9,1.52));
#2274=DIRECTION('',(0.0,-1.0,-3.77113799125386E-15));
#2275=DIRECTION('',(0.0,3.77113799125386E-15,-1.0));
#2276=ORIENTED_EDGE('',*,*,#2505,.T.);
#2277=ORIENTED_EDGE('',*,*,#2761,.T.);
#2278=ORIENTED_EDGE('',*,*,#2762,.T.);
#2279=ORIENTED_EDGE('',*,*,#2763,.F.);
#2280=CARTESIAN_POINT('',(-4.805,4.91,1.99));
#2281=DIRECTION('',(-0.894427190999916,-0.447213595499958,0.0));
#2282=DIRECTION('',(-0.447213595499958,0.894427190999916,0.0));
#2283=ORIENTED_EDGE('',*,*,#2507,.T.);
#2284=ORIENTED_EDGE('',*,*,#2764,.T.);
#2285=ORIENTED_EDGE('',*,*,#2765,.T.);
#2286=ORIENTED_EDGE('',*,*,#2761,.F.);
#2287=CARTESIAN_POINT('',(-4.555,4.41,1.99));
#2288=DIRECTION('',(0.894427190999916,-0.447213595499958,0.0));
#2289=DIRECTION('',(0.0,0.0,-1.0));
#2290=ORIENTED_EDGE('',*,*,#2506,.T.);
#2291=ORIENTED_EDGE('',*,*,#2763,.T.);
#2292=ORIENTED_EDGE('',*,*,#2766,.T.);
#2293=ORIENTED_EDGE('',*,*,#2764,.F.);
#2294=CARTESIAN_POINT('',(-4.305,4.91,1.99));
#2295=DIRECTION('',(-0.0,1.0,0.0));
#2296=DIRECTION('',(1.0,0.0,0.0));
#2297=ORIENTED_EDGE('',*,*,#2762,.F.);
#2298=ORIENTED_EDGE('',*,*,#2765,.F.);
#2299=ORIENTED_EDGE('',*,*,#2766,.F.);
#2300=CARTESIAN_POINT('',(0.0,0.0,1.99));
#2301=DIRECTION('',(0.0,0.0,-1.0));
#2302=DIRECTION('',(0.0,-1.0,0.0));
#2303=COLOUR_RGB('',0.596063196659088,0.666666686534882,0.686259269714355);
#2304=EDGE_CURVE('',#2767,#2768,#2769,.T.);
#2305=EDGE_CURVE('',#2768,#2770,#2771,.T.);
#2306=EDGE_CURVE('',#2772,#2770,#2773,.T.);
#2307=EDGE_CURVE('',#2772,#2767,#2774,.T.);
#2308=EDGE_CURVE('',#2775,#2776,#2777,.T.);
#2309=EDGE_CURVE('',#2775,#2778,#2779,.T.);
#2310=EDGE_CURVE('',#2778,#2780,#2781,.T.);
#2311=EDGE_CURVE('',#2782,#2780,#2783,.T.);
#2312=EDGE_CURVE('',#2784,#2782,#2785,.T.);
#2313=EDGE_CURVE('',#2786,#2784,#2787,.T.);
#2314=EDGE_CURVE('',#2786,#2788,#2789,.T.);
#2315=EDGE_CURVE('',#2790,#2788,#2791,.T.);
#2316=EDGE_CURVE('',#2790,#2792,#2793,.T.);
#2317=EDGE_CURVE('',#2792,#2794,#2795,.T.);
#2318=EDGE_CURVE('',#2794,#2796,#2797,.T.);
#2319=EDGE_CURVE('',#2796,#2798,#2799,.T.);
#2320=EDGE_CURVE('',#2800,#2798,#2801,.T.);
#2321=EDGE_CURVE('',#2802,#2800,#2803,.T.);
#2322=EDGE_CURVE('',#2802,#2804,#2805,.T.);
#2323=EDGE_CURVE('',#2806,#2804,#2807,.T.);
#2324=EDGE_CURVE('',#2806,#2808,#2809,.T.);
#2325=EDGE_CURVE('',#2808,#2810,#2811,.T.);
#2326=EDGE_CURVE('',#2810,#2812,#2813,.T.);
#2327=EDGE_CURVE('',#2812,#2814,#2815,.T.);
#2328=EDGE_CURVE('',#2816,#2814,#2817,.T.);
#2329=EDGE_CURVE('',#2818,#2816,#2819,.T.);
#2330=EDGE_CURVE('',#2818,#2820,#2821,.T.);
#2331=EDGE_CURVE('',#2822,#2820,#2823,.T.);
#2332=EDGE_CURVE('',#2822,#2824,#2825,.T.);
#2333=EDGE_CURVE('',#2824,#2826,#2827,.T.);
#2334=EDGE_CURVE('',#2826,#2828,#2829,.T.);
#2335=EDGE_CURVE('',#2828,#2830,#2831,.T.);
#2336=EDGE_CURVE('',#2832,#2830,#2833,.T.);
#2337=EDGE_CURVE('',#2834,#2832,#2835,.T.);
#2338=EDGE_CURVE('',#2834,#2836,#2837,.T.);
#2339=EDGE_CURVE('',#2838,#2836,#2839,.T.);
#2340=EDGE_CURVE('',#2838,#2840,#2841,.T.);
#2341=EDGE_CURVE('',#2840,#2842,#2843,.T.);
#2342=EDGE_CURVE('',#2842,#2844,#2845,.T.);
#2343=EDGE_CURVE('',#2844,#2846,#2847,.T.);
#2344=EDGE_CURVE('',#2848,#2846,#2849,.T.);
#2345=EDGE_CURVE('',#2850,#2848,#2851,.T.);
#2346=EDGE_CURVE('',#2850,#2852,#2853,.T.);
#2347=EDGE_CURVE('',#2854,#2852,#2855,.T.);
#2348=EDGE_CURVE('',#2856,#2854,#2857,.T.);
#2349=EDGE_CURVE('',#2858,#2856,#2859,.T.);
#2350=EDGE_CURVE('',#2860,#2858,#2861,.T.);
#2351=EDGE_CURVE('',#2862,#2860,#2863,.T.);
#2352=EDGE_CURVE('',#2862,#2864,#2865,.T.);
#2353=EDGE_CURVE('',#2866,#2864,#2867,.T.);
#2354=EDGE_CURVE('',#2868,#2866,#2869,.T.);
#2355=EDGE_CURVE('',#2776,#2868,#2870,.T.);
#2356=EDGE_CURVE('',#2770,#2871,#2872,.T.);
#2357=EDGE_CURVE('',#2873,#2871,#2874,.T.);
#2358=EDGE_CURVE('',#2873,#2775,#2875,.T.);
#2359=EDGE_CURVE('',#2876,#2776,#2877,.T.);
#2360=EDGE_CURVE('',#2878,#2876,#2879,.T.);
#2361=EDGE_CURVE('',#2878,#2880,#2881,.T.);
#2362=EDGE_CURVE('',#2880,#2882,#2883,.T.);
#2363=EDGE_CURVE('',#2882,#2772,#2884,.T.);
#2364=EDGE_CURVE('',#2885,#2886,#2887,.T.);
#2365=EDGE_CURVE('',#2885,#2768,#2888,.T.);
#2366=EDGE_CURVE('',#2767,#2889,#2890,.T.);
#2367=EDGE_CURVE('',#2891,#2889,#2892,.T.);
#2368=EDGE_CURVE('',#2893,#2891,#2894,.T.);
#2369=EDGE_CURVE('',#2895,#2893,#2896,.T.);
#2370=EDGE_CURVE('',#2780,#2895,#2897,.T.);
#2371=EDGE_CURVE('',#2778,#2886,#2898,.T.);
#2372=EDGE_CURVE('',#2899,#2900,#2901,.T.);
#2373=EDGE_CURVE('',#2900,#2902,#2903,.T.);
#2374=EDGE_CURVE('',#2904,#2902,#2905,.T.);
#2375=EDGE_CURVE('',#2906,#2904,#2907,.T.);
#2376=EDGE_CURVE('',#2899,#2906,#2908,.T.);
#2377=EDGE_CURVE('',#2909,#2910,#2911,.T.);
#2378=EDGE_CURVE('',#2910,#2912,#2913,.T.);
#2379=EDGE_CURVE('',#2912,#2914,#2915,.T.);
#2380=EDGE_CURVE('',#2914,#2909,#2916,.T.);
#2381=EDGE_CURVE('',#2917,#2918,#2919,.T.);
#2382=EDGE_CURVE('',#2918,#2920,#2921,.T.);
#2383=EDGE_CURVE('',#2920,#2922,#2923,.T.);
#2384=EDGE_CURVE('',#2922,#2917,#2924,.T.);
#2385=EDGE_CURVE('',#2925,#2926,#2927,.T.);
#2386=EDGE_CURVE('',#2926,#2928,#2929,.T.);
#2387=EDGE_CURVE('',#2928,#2930,#2931,.T.);
#2388=EDGE_CURVE('',#2932,#2930,#2933,.T.);
#2389=EDGE_CURVE('',#2932,#2934,#2935,.T.);
#2390=EDGE_CURVE('',#2934,#2936,#2937,.T.);
#2391=EDGE_CURVE('',#2936,#2938,#2939,.T.);
#2392=EDGE_CURVE('',#2940,#2938,#2941,.T.);
#2393=EDGE_CURVE('',#2940,#2942,#2943,.T.);
#2394=EDGE_CURVE('',#2942,#2944,#2945,.T.);
#2395=EDGE_CURVE('',#2944,#2946,#2947,.T.);
#2396=EDGE_CURVE('',#2948,#2946,#2949,.T.);
#2397=EDGE_CURVE('',#2948,#2950,#2951,.T.);
#2398=EDGE_CURVE('',#2950,#2952,#2953,.T.);
#2399=EDGE_CURVE('',#2952,#2954,#2955,.T.);
#2400=EDGE_CURVE('',#2954,#2956,#2957,.T.);
#2401=EDGE_CURVE('',#2956,#2958,#2959,.T.);
#2402=EDGE_CURVE('',#2958,#2960,#2961,.T.);
#2403=EDGE_CURVE('',#2960,#2962,#2963,.T.);
#2404=EDGE_CURVE('',#2962,#2964,#2965,.T.);
#2405=EDGE_CURVE('',#2964,#2966,#2967,.T.);
#2406=EDGE_CURVE('',#2966,#2968,#2969,.T.);
#2407=EDGE_CURVE('',#2968,#2970,#2971,.T.);
#2408=EDGE_CURVE('',#2970,#2972,#2973,.T.);
#2409=EDGE_CURVE('',#2972,#2974,#2975,.T.);
#2410=EDGE_CURVE('',#2976,#2974,#2977,.T.);
#2411=EDGE_CURVE('',#2976,#2978,#2979,.T.);
#2412=EDGE_CURVE('',#2925,#2978,#2980,.T.);
#2413=EDGE_CURVE('',#2981,#2928,#2982,.T.);
#2414=EDGE_CURVE('',#2983,#2981,#2984,.T.);
#2415=EDGE_CURVE('',#2983,#2978,#2985,.T.);
#2416=EDGE_CURVE('',#2986,#2976,#2987,.T.);
#2417=EDGE_CURVE('',#2988,#2986,#2989,.T.);
#2418=EDGE_CURVE('',#2954,#2988,#2990,.T.);
#2419=EDGE_CURVE('',#2991,#2952,#2992,.T.);
#2420=EDGE_CURVE('',#2993,#2991,#2994,.T.);
#2421=EDGE_CURVE('',#2993,#2946,#2995,.T.);
#2422=EDGE_CURVE('',#2996,#2944,#2997,.T.);
#2423=EDGE_CURVE('',#2998,#2996,#2999,.T.);
#2424=EDGE_CURVE('',#2998,#2938,#3000,.T.);
#2425=EDGE_CURVE('',#3001,#2936,#3002,.T.);
#2426=EDGE_CURVE('',#3003,#3001,#3004,.T.);
#2427=EDGE_CURVE('',#3003,#2930,#3005,.T.);
#2428=EDGE_CURVE('',#3006,#3007,#3008,.T.);
#2429=EDGE_CURVE('',#3006,#3009,#3010,.T.);
#2430=EDGE_CURVE('',#3011,#3009,#3012,.T.);
#2431=EDGE_CURVE('',#3007,#3011,#3013,.T.);
#2432=EDGE_CURVE('',#3014,#3015,#3016,.T.);
#2433=EDGE_CURVE('',#3015,#3017,#3018,.T.);
#2434=EDGE_CURVE('',#3017,#3019,#3020,.T.);
#2435=EDGE_CURVE('',#3019,#3014,#3021,.T.);
#2436=EDGE_CURVE('',#3022,#3023,#3024,.T.);
#2437=EDGE_CURVE('',#3023,#3025,#3026,.T.);
#2438=EDGE_CURVE('',#3025,#3027,#3028,.T.);
#2439=EDGE_CURVE('',#3027,#3022,#3029,.T.);
#2440=EDGE_CURVE('',#3030,#3031,#3032,.T.);
#2441=EDGE_CURVE('',#3031,#3033,#3034,.T.);
#2442=EDGE_CURVE('',#3033,#3035,#3036,.T.);
#2443=EDGE_CURVE('',#3035,#3030,#3037,.T.);
#2444=EDGE_CURVE('',#2852,#3038,#3039,.T.);
#2445=EDGE_CURVE('',#3040,#2850,#3041,.T.);
#2446=EDGE_CURVE('',#3042,#3040,#3043,.T.);
#2447=EDGE_CURVE('',#3044,#3042,#3045,.T.);
#2448=EDGE_CURVE('',#3046,#3044,#3047,.T.);
#2449=EDGE_CURVE('',#3009,#3046,#3048,.T.);
#2450=EDGE_CURVE('',#3049,#3006,#3050,.T.);
#2451=EDGE_CURVE('',#3049,#3038,#3051,.T.);
#2452=EDGE_CURVE('',#3052,#3053,#3054,.T.);
#2453=EDGE_CURVE('',#3055,#3052,#3056,.T.);
#2454=EDGE_CURVE('',#3055,#3057,#3058,.T.);
#2455=EDGE_CURVE('',#3057,#3053,#3059,.T.);
#2456=EDGE_CURVE('',#3053,#3060,#3061,.T.);
#2457=EDGE_CURVE('',#3057,#3062,#3063,.T.);
#2458=EDGE_CURVE('',#3062,#3060,#3064,.T.);
#2459=EDGE_CURVE('',#3065,#3066,#3067,.T.);
#2460=EDGE_CURVE('',#3068,#3065,#3069,.T.);
#2461=EDGE_CURVE('',#3068,#3070,#3071,.T.);
#2462=EDGE_CURVE('',#3070,#3066,#3072,.T.);
#2463=EDGE_CURVE('',#3066,#3073,#3074,.T.);
#2464=EDGE_CURVE('',#3070,#3075,#3076,.T.);
#2465=EDGE_CURVE('',#3075,#3073,#3077,.T.);
#2466=EDGE_CURVE('',#3078,#3079,#3080,.T.);
#2467=EDGE_CURVE('',#3078,#2966,#3081,.T.);
#2468=EDGE_CURVE('',#3079,#2964,#3082,.T.);
#2469=EDGE_CURVE('',#3083,#3084,#3085,.T.);
#2470=EDGE_CURVE('',#3086,#3083,#3087,.T.);
#2471=EDGE_CURVE('',#3086,#3088,#3089,.T.);
#2472=EDGE_CURVE('',#3088,#3084,#3090,.T.);
#2473=EDGE_CURVE('',#3091,#3083,#3092,.T.);
#2474=EDGE_CURVE('',#3093,#3091,#3094,.T.);
#2475=EDGE_CURVE('',#3093,#3086,#3095,.T.);
#2476=EDGE_CURVE('',#3084,#3096,#3097,.T.);
#2477=EDGE_CURVE('',#3088,#3098,#3099,.T.);
#2478=EDGE_CURVE('',#3098,#3096,#3100,.T.);
#2479=EDGE_CURVE('',#3096,#3091,#3101,.T.);
#2480=EDGE_CURVE('',#3098,#3093,#3102,.T.);
#2481=EDGE_CURVE('',#3103,#3104,#3105,.T.);
#2482=EDGE_CURVE('',#3104,#3106,#3107,.T.);
#2483=EDGE_CURVE('',#3106,#2891,#3108,.T.);
#2484=EDGE_CURVE('',#2882,#2889,#3109,.T.);
#2485=EDGE_CURVE('',#2880,#3110,#3111,.T.);
#2486=EDGE_CURVE('',#3110,#3103,#3112,.T.);
#2487=EDGE_CURVE('',#2906,#3044,#3113,.T.);
#2488=EDGE_CURVE('',#2904,#3114,#3115,.T.);
#2489=EDGE_CURVE('',#3114,#3116,#3117,.T.);
#2490=EDGE_CURVE('',#3118,#3116,#3119,.T.);
#2491=EDGE_CURVE('',#3120,#3118,#3121,.T.);
#2492=EDGE_CURVE('',#3120,#3046,#3122,.T.);
#2493=EDGE_CURVE('',#2974,#3123,#3124,.T.);
#2494=EDGE_CURVE('',#3123,#3104,#3125,.T.);
#2495=EDGE_CURVE('',#2986,#3103,#3126,.T.);
#2496=EDGE_CURVE('',#3127,#2854,#3128,.T.);
#2497=EDGE_CURVE('',#3127,#3129,#3130,.T.);
#2498=EDGE_CURVE('',#3007,#3129,#3131,.T.);
#2499=EDGE_CURVE('',#3120,#3011,#3132,.T.);
#2500=EDGE_CURVE('',#3118,#3133,#3134,.T.);
#2501=EDGE_CURVE('',#3135,#3133,#3136,.T.);
#2502=EDGE_CURVE('',#3135,#2856,#3137,.T.);
#2503=EDGE_CURVE('',#2956,#2902,#3138,.T.);
#2504=EDGE_CURVE('',#2988,#3114,#3139,.T.);
#2505=EDGE_CURVE('',#3140,#3141,#3142,.T.);
#2506=EDGE_CURVE('',#3143,#3140,#3144,.T.);
#2507=EDGE_CURVE('',#3141,#3143,#3145,.T.);
#2508=EDGE_CURVE('',#3075,#3110,#3146,.T.);
#2509=EDGE_CURVE('',#3062,#3068,#3147,.T.);
#2510=EDGE_CURVE('',#3116,#3055,#3148,.T.);
#2511=EDGE_CURVE('',#3052,#2862,#3149,.T.);
#2512=EDGE_CURVE('',#3150,#2860,#3151,.T.);
#2513=EDGE_CURVE('',#3133,#3150,#3152,.T.);
#2514=EDGE_CURVE('',#3065,#3060,#3153,.T.);
#2515=EDGE_CURVE('',#3154,#2878,#3155,.T.);
#2516=EDGE_CURVE('',#3154,#2866,#3156,.T.);
#2517=EDGE_CURVE('',#3073,#2864,#3157,.T.);
#2518=EDGE_CURVE('',#3042,#2899,#3158,.T.);
#2519=EDGE_CURVE('',#3040,#2962,#3159,.T.);
#2520=EDGE_CURVE('',#2899,#2960,#3160,.T.);
#2521=EDGE_CURVE('',#2848,#3079,#3161,.T.);
#2522=EDGE_CURVE('',#3106,#3162,#3163,.T.);
#2523=EDGE_CURVE('',#2893,#3162,#3164,.T.);
#2524=EDGE_CURVE('',#2782,#3078,#3165,.T.);
#2525=EDGE_CURVE('',#2895,#2968,#3166,.T.);
#2526=EDGE_CURVE('',#3162,#2970,#3167,.T.);
#2527=EDGE_CURVE('',#3168,#2868,#3169,.T.);
#2528=EDGE_CURVE('',#2876,#3168,#3170,.T.);
#2529=EDGE_CURVE('',#3168,#3154,#3171,.T.);
#2530=EDGE_CURVE('',#3172,#2858,#3173,.T.);
#2531=EDGE_CURVE('',#3150,#3172,#3174,.T.);
#2532=EDGE_CURVE('',#3172,#3135,#3175,.T.);
#2533=EDGE_CURVE('',#3176,#3162,#3177,.T.);
#2534=EDGE_CURVE('',#3176,#2972,#3178,.T.);
#2535=EDGE_CURVE('',#3123,#3176,#3179,.T.);
#2536=EDGE_CURVE('',#3180,#3181,#3182,.T.);
#2537=EDGE_CURVE('',#3183,#3180,#3184,.T.);
#2538=EDGE_CURVE('',#3185,#3183,#3186,.T.);
#2539=EDGE_CURVE('',#3181,#3185,#3187,.T.);
#2540=EDGE_CURVE('',#2900,#2958,#3188,.T.);
#2541=EDGE_CURVE('',#2784,#3189,#3190,.T.);
#2542=EDGE_CURVE('',#3191,#2846,#3192,.T.);
#2543=EDGE_CURVE('',#3193,#3191,#3194,.T.);
#2544=EDGE_CURVE('',#2832,#3193,#3195,.T.);
#2545=EDGE_CURVE('',#3196,#2830,#3197,.T.);
#2546=EDGE_CURVE('',#3198,#3196,#3199,.T.);
#2547=EDGE_CURVE('',#2816,#3198,#3200,.T.);
#2548=EDGE_CURVE('',#3201,#2814,#3202,.T.);
#2549=EDGE_CURVE('',#3203,#3201,#3204,.T.);
#2550=EDGE_CURVE('',#2800,#3203,#3205,.T.);
#2551=EDGE_CURVE('',#3206,#2798,#3207,.T.);
#2552=EDGE_CURVE('',#3189,#3206,#3208,.T.);
#2553=EDGE_CURVE('',#3035,#3193,#3209,.T.);
#2554=EDGE_CURVE('',#2834,#3033,#3210,.T.);
#2555=EDGE_CURVE('',#3030,#3191,#3211,.T.);
#2556=EDGE_CURVE('',#3031,#2844,#3212,.T.);
#2557=EDGE_CURVE('',#2840,#3213,#3214,.T.);
#2558=EDGE_CURVE('',#3213,#3215,#3216,.T.);
#2559=EDGE_CURVE('',#3215,#2842,#3217,.T.);
#2560=EDGE_CURVE('',#2838,#3218,#3219,.T.);
#2561=EDGE_CURVE('',#3220,#2836,#3221,.T.);
#2562=EDGE_CURVE('',#3218,#3220,#3222,.T.);
#2563=EDGE_CURVE('',#3213,#3218,#3223,.T.);
#2564=EDGE_CURVE('',#3033,#3220,#3224,.T.);
#2565=EDGE_CURVE('',#3215,#3031,#3225,.T.);
#2566=EDGE_CURVE('',#3226,#2993,#3227,.T.);
#2567=EDGE_CURVE('',#3228,#2991,#3229,.T.);
#2568=EDGE_CURVE('',#3228,#3226,#3230,.T.);
#2569=EDGE_CURVE('',#2950,#3231,#3232,.T.);
#2570=EDGE_CURVE('',#3231,#3233,#3234,.T.);
#2571=EDGE_CURVE('',#3233,#3235,#3236,.T.);
#2572=EDGE_CURVE('',#3235,#3237,#3238,.T.);
#2573=EDGE_CURVE('',#3237,#3228,#3239,.T.);
#2574=EDGE_CURVE('',#2948,#3240,#3241,.T.);
#2575=EDGE_CURVE('',#3242,#3226,#3243,.T.);
#2576=EDGE_CURVE('',#3244,#3242,#3245,.T.);
#2577=EDGE_CURVE('',#3246,#3244,#3247,.T.);
#2578=EDGE_CURVE('',#3240,#3246,#3248,.T.);
#2579=EDGE_CURVE('',#3231,#3240,#3249,.T.);
#2580=EDGE_CURVE('',#3233,#3246,#3250,.T.);
#2581=EDGE_CURVE('',#3235,#3244,#3251,.T.);
#2582=EDGE_CURVE('',#3237,#3242,#3252,.T.);
#2583=EDGE_CURVE('',#3027,#3198,#3253,.T.);
#2584=EDGE_CURVE('',#2818,#3025,#3254,.T.);
#2585=EDGE_CURVE('',#3022,#3196,#3255,.T.);
#2586=EDGE_CURVE('',#3023,#2828,#3256,.T.);
#2587=EDGE_CURVE('',#2824,#3257,#3258,.T.);
#2588=EDGE_CURVE('',#3257,#3259,#3260,.T.);
#2589=EDGE_CURVE('',#3259,#2826,#3261,.T.);
#2590=EDGE_CURVE('',#2822,#3262,#3263,.T.);
#2591=EDGE_CURVE('',#3264,#2820,#3265,.T.);
#2592=EDGE_CURVE('',#3262,#3264,#3266,.T.);
#2593=EDGE_CURVE('',#3257,#3262,#3267,.T.);
#2594=EDGE_CURVE('',#3025,#3264,#3268,.T.);
#2595=EDGE_CURVE('',#3259,#3023,#3269,.T.);
#2596=EDGE_CURVE('',#3270,#2998,#3271,.T.);
#2597=EDGE_CURVE('',#3272,#2996,#3273,.T.);
#2598=EDGE_CURVE('',#3272,#3270,#3274,.T.);
#2599=EDGE_CURVE('',#2942,#3275,#3276,.T.);
#2600=EDGE_CURVE('',#3275,#3277,#3278,.T.);
#2601=EDGE_CURVE('',#3277,#3279,#3280,.T.);
#2602=EDGE_CURVE('',#3279,#3281,#3282,.T.);
#2603=EDGE_CURVE('',#3281,#3272,#3283,.T.);
#2604=EDGE_CURVE('',#2940,#3284,#3285,.T.);
#2605=EDGE_CURVE('',#3286,#3270,#3287,.T.);
#2606=EDGE_CURVE('',#3288,#3286,#3289,.T.);
#2607=EDGE_CURVE('',#3290,#3288,#3291,.T.);
#2608=EDGE_CURVE('',#3284,#3290,#3292,.T.);
#2609=EDGE_CURVE('',#3275,#3284,#3293,.T.);
#2610=EDGE_CURVE('',#3277,#3290,#3294,.T.);
#2611=EDGE_CURVE('',#3279,#3288,#3295,.T.);
#2612=EDGE_CURVE('',#3281,#3286,#3296,.T.);
#2613=EDGE_CURVE('',#3019,#3203,#3297,.T.);
#2614=EDGE_CURVE('',#2802,#3017,#3298,.T.);
#2615=EDGE_CURVE('',#3014,#3201,#3299,.T.);
#2616=EDGE_CURVE('',#3015,#2812,#3300,.T.);
#2617=EDGE_CURVE('',#2808,#3301,#3302,.T.);
#2618=EDGE_CURVE('',#3301,#3303,#3304,.T.);
#2619=EDGE_CURVE('',#3303,#2810,#3305,.T.);
#2620=EDGE_CURVE('',#2806,#3306,#3307,.T.);
#2621=EDGE_CURVE('',#3308,#2804,#3309,.T.);
#2622=EDGE_CURVE('',#3306,#3308,#3310,.T.);
#2623=EDGE_CURVE('',#3301,#3306,#3311,.T.);
#2624=EDGE_CURVE('',#3017,#3308,#3312,.T.);
#2625=EDGE_CURVE('',#3303,#3015,#3313,.T.);
#2626=EDGE_CURVE('',#3314,#3003,#3315,.T.);
#2627=EDGE_CURVE('',#3316,#3001,#3317,.T.);
#2628=EDGE_CURVE('',#3316,#3314,#3318,.T.);
#2629=EDGE_CURVE('',#2934,#3319,#3320,.T.);
#2630=EDGE_CURVE('',#3319,#3321,#3322,.T.);
#2631=EDGE_CURVE('',#3321,#3323,#3324,.T.);
#2632=EDGE_CURVE('',#3323,#3325,#3326,.T.);
#2633=EDGE_CURVE('',#3325,#3316,#3327,.T.);
#2634=EDGE_CURVE('',#2932,#3328,#3329,.T.);
#2635=EDGE_CURVE('',#3330,#3314,#3331,.T.);
#2636=EDGE_CURVE('',#3332,#3330,#3333,.T.);
#2637=EDGE_CURVE('',#3334,#3332,#3335,.T.);
#2638=EDGE_CURVE('',#3328,#3334,#3336,.T.);
#2639=EDGE_CURVE('',#3319,#3328,#3337,.T.);
#2640=EDGE_CURVE('',#3321,#3334,#3338,.T.);
#2641=EDGE_CURVE('',#3323,#3332,#3339,.T.);
#2642=EDGE_CURVE('',#3325,#3330,#3340,.T.);
#2643=EDGE_CURVE('',#2922,#3189,#3341,.T.);
#2644=EDGE_CURVE('',#2786,#2920,#3342,.T.);
#2645=EDGE_CURVE('',#2917,#3206,#3343,.T.);
#2646=EDGE_CURVE('',#2918,#2796,#3344,.T.);
#2647=EDGE_CURVE('',#2792,#3345,#3346,.T.);
#2648=EDGE_CURVE('',#3345,#3347,#3348,.T.);
#2649=EDGE_CURVE('',#3347,#2794,#3349,.T.);
#2650=EDGE_CURVE('',#2790,#3350,#3351,.T.);
#2651=EDGE_CURVE('',#3352,#2788,#3353,.T.);
#2652=EDGE_CURVE('',#3350,#3352,#3354,.T.);
#2653=EDGE_CURVE('',#3345,#3350,#3355,.T.);
#2654=EDGE_CURVE('',#2920,#3352,#3356,.T.);
#2655=EDGE_CURVE('',#3347,#2918,#3357,.T.);
#2656=EDGE_CURVE('',#3358,#2983,#3359,.T.);
#2657=EDGE_CURVE('',#3360,#2981,#3361,.T.);
#2658=EDGE_CURVE('',#3360,#3358,#3362,.T.);
#2659=EDGE_CURVE('',#2926,#3363,#3364,.T.);
#2660=EDGE_CURVE('',#3363,#3365,#3366,.T.);
#2661=EDGE_CURVE('',#3365,#3367,#3368,.T.);
#2662=EDGE_CURVE('',#3367,#3369,#3370,.T.);
#2663=EDGE_CURVE('',#3369,#3360,#3371,.T.);
#2664=EDGE_CURVE('',#2925,#3372,#3373,.T.);
#2665=EDGE_CURVE('',#3374,#3358,#3375,.T.);
#2666=EDGE_CURVE('',#3376,#3374,#3377,.T.);
#2667=EDGE_CURVE('',#3378,#3376,#3379,.T.);
#2668=EDGE_CURVE('',#3372,#3378,#3380,.T.);
#2669=EDGE_CURVE('',#3363,#3372,#3381,.T.);
#2670=EDGE_CURVE('',#3365,#3378,#3382,.T.);
#2671=EDGE_CURVE('',#3367,#3376,#3383,.T.);
#2672=EDGE_CURVE('',#3369,#3374,#3384,.T.);
#2673=EDGE_CURVE('',#3385,#3386,#3387,.T.);
#2674=EDGE_CURVE('',#3388,#3385,#3389,.T.);
#2675=EDGE_CURVE('',#3390,#3388,#3391,.T.);
#2676=EDGE_CURVE('',#3390,#3386,#3392,.T.);
#2677=EDGE_CURVE('',#3393,#3385,#3394,.T.);
#2678=EDGE_CURVE('',#3395,#3393,#3396,.T.);
#2679=EDGE_CURVE('',#3388,#3395,#3397,.T.);
#2680=EDGE_CURVE('',#3393,#3398,#3399,.T.);
#2681=EDGE_CURVE('',#3400,#3398,#3401,.T.);
#2682=EDGE_CURVE('',#3395,#3400,#3402,.T.);
#2683=EDGE_CURVE('',#2910,#3390,#3403,.T.);
#2684=EDGE_CURVE('',#3400,#2912,#3404,.T.);
#2685=EDGE_CURVE('',#3398,#2914,#3405,.T.);
#2686=EDGE_CURVE('',#2909,#3386,#3406,.T.);
#2687=EDGE_CURVE('',#3049,#3407,#3408,.T.);
#2688=EDGE_CURVE('',#3407,#3409,#3410,.T.);
#2689=EDGE_CURVE('',#3409,#3411,#3412,.T.);
#2690=EDGE_CURVE('',#3411,#3413,#3414,.T.);
#2691=EDGE_CURVE('',#3413,#3415,#3416,.T.);
#2692=EDGE_CURVE('',#3415,#3417,#3418,.T.);
#2693=EDGE_CURVE('',#3417,#3038,#3419,.T.);
#2694=EDGE_CURVE('',#3417,#3420,#3421,.T.);
#2695=EDGE_CURVE('',#3420,#3422,#3423,.T.);
#2696=EDGE_CURVE('',#3422,#3424,#3425,.T.);
#2697=EDGE_CURVE('',#3424,#3426,#3427,.T.);
#2698=EDGE_CURVE('',#3426,#3127,#3428,.T.);
#2699=EDGE_CURVE('',#3429,#3129,#3430,.T.);
#2700=EDGE_CURVE('',#3431,#3429,#3432,.T.);
#2701=EDGE_CURVE('',#3433,#3431,#3434,.T.);
#2702=EDGE_CURVE('',#3435,#3433,#3436,.T.);
#2703=EDGE_CURVE('',#3407,#3435,#3437,.T.);
#2704=EDGE_CURVE('',#3438,#3439,#3440,.T.);
#2705=EDGE_CURVE('',#3435,#3438,#3441,.T.);
#2706=EDGE_CURVE('',#3420,#3435,#3442,.T.);
#2707=EDGE_CURVE('',#3443,#3420,#3444,.T.);
#2708=EDGE_CURVE('',#3445,#3443,#3446,.T.);
#2709=EDGE_CURVE('',#3439,#3445,#3447,.T.);
#2710=EDGE_CURVE('',#3409,#3438,#3448,.T.);
#2711=EDGE_CURVE('',#3411,#3439,#3449,.T.);
#2712=EDGE_CURVE('',#3413,#3445,#3450,.T.);
#2713=EDGE_CURVE('',#3415,#3443,#3451,.T.);
#2714=EDGE_CURVE('',#3433,#3422,#3452,.T.);
#2715=EDGE_CURVE('',#3431,#3424,#3453,.T.);
#2716=EDGE_CURVE('',#3429,#3426,#3454,.T.);
#2717=EDGE_CURVE('',#3455,#3456,#3457,.T.);
#2718=EDGE_CURVE('',#3458,#3456,#3459,.T.);
#2719=EDGE_CURVE('',#3460,#3458,#3461,.T.);
#2720=EDGE_CURVE('',#3460,#3455,#3462,.T.);
#2721=EDGE_CURVE('',#3458,#3463,#3464,.T.);
#2722=EDGE_CURVE('',#3465,#3463,#3466,.T.);
#2723=EDGE_CURVE('',#3465,#3460,#3467,.T.);
#2724=EDGE_CURVE('',#3463,#3468,#3469,.T.);
#2725=EDGE_CURVE('',#3470,#3468,#3471,.T.);
#2726=EDGE_CURVE('',#3470,#3465,#3472,.T.);
#2727=EDGE_CURVE('',#3180,#3470,#3473,.T.);
#2728=EDGE_CURVE('',#3455,#3181,#3474,.T.);
#2729=EDGE_CURVE('',#3456,#3185,#3475,.T.);
#2730=EDGE_CURVE('',#3183,#3468,#3476,.T.);
#2731=EDGE_CURVE('',#2885,#3477,#3478,.T.);
#2732=EDGE_CURVE('',#3479,#2886,#3480,.T.);
#2733=EDGE_CURVE('',#3481,#3479,#3482,.T.);
#2734=EDGE_CURVE('',#3483,#3481,#3484,.T.);
#2735=EDGE_CURVE('',#3485,#3483,#3486,.T.);
#2736=EDGE_CURVE('',#3487,#3485,#3488,.T.);
#2737=EDGE_CURVE('',#3477,#3487,#3489,.T.);
#2738=EDGE_CURVE('',#3477,#3490,#3491,.T.);
#2739=EDGE_CURVE('',#3490,#3492,#3493,.T.);
#2740=EDGE_CURVE('',#3492,#3494,#3495,.T.);
#2741=EDGE_CURVE('',#3494,#3496,#3497,.T.);
#2742=EDGE_CURVE('',#3496,#2871,#3498,.T.);
#2743=EDGE_CURVE('',#3499,#2873,#3500,.T.);
#2744=EDGE_CURVE('',#3501,#3499,#3502,.T.);
#2745=EDGE_CURVE('',#3503,#3501,#3504,.T.);
#2746=EDGE_CURVE('',#3505,#3503,#3506,.T.);
#2747=EDGE_CURVE('',#3479,#3505,#3507,.T.);
#2748=EDGE_CURVE('',#3508,#3505,#3509,.T.);
#2749=EDGE_CURVE('',#3505,#3490,#3510,.T.);
#2750=EDGE_CURVE('',#3490,#3511,#3512,.T.);
#2751=EDGE_CURVE('',#3511,#3513,#3514,.T.);
#2752=EDGE_CURVE('',#3513,#3515,#3516,.T.);
#2753=EDGE_CURVE('',#3515,#3508,#3517,.T.);
#2754=EDGE_CURVE('',#3487,#3511,#3518,.T.);
#2755=EDGE_CURVE('',#3485,#3513,#3519,.T.);
#2756=EDGE_CURVE('',#3483,#3515,#3520,.T.);
#2757=EDGE_CURVE('',#3481,#3508,#3521,.T.);
#2758=EDGE_CURVE('',#3492,#3503,#3522,.T.);
#2759=EDGE_CURVE('',#3494,#3501,#3523,.T.);
#2760=EDGE_CURVE('',#3496,#3499,#3524,.T.);
#2761=EDGE_CURVE('',#3141,#3525,#3526,.T.);
#2762=EDGE_CURVE('',#3525,#3527,#3528,.T.);
#2763=EDGE_CURVE('',#3140,#3527,#3529,.T.);
#2764=EDGE_CURVE('',#3143,#3530,#3531,.T.);
#2765=EDGE_CURVE('',#3530,#3525,#3532,.T.);
#2766=EDGE_CURVE('',#3527,#3530,#3533,.T.);
#2767=VERTEX_POINT('',#3534);
#2768=VERTEX_POINT('',#3535);
#2769=LINE('',#3536,#3537);
#2770=VERTEX_POINT('',#3538);
#2771=LINE('',#3539,#3540);
#2772=VERTEX_POINT('',#3541);
#2773=LINE('',#3542,#3543);
#2774=LINE('',#3544,#3545);
#2775=VERTEX_POINT('',#3546);
#2776=VERTEX_POINT('',#3547);
#2777=LINE('',#3548,#3549);
#2778=VERTEX_POINT('',#3550);
#2779=LINE('',#3551,#3552);
#2780=VERTEX_POINT('',#3553);
#2781=LINE('',#3554,#3555);
#2782=VERTEX_POINT('',#3556);
#2783=LINE('',#3557,#3558);
#2784=VERTEX_POINT('',#3559);
#2785=LINE('',#3560,#3561);
#2786=VERTEX_POINT('',#3562);
#2787=LINE('',#3563,#3564);
#2788=VERTEX_POINT('',#3565);
#2789=LINE('',#3566,#3567);
#2790=VERTEX_POINT('',#3568);
#2791=LINE('',#3569,#3570);
#2792=VERTEX_POINT('',#3571);
#2793=LINE('',#3572,#3573);
#2794=VERTEX_POINT('',#3574);
#2795=LINE('',#3575,#3576);
#2796=VERTEX_POINT('',#3577);
#2797=LINE('',#3578,#3579);
#2798=VERTEX_POINT('',#3580);
#2799=LINE('',#3581,#3582);
#2800=VERTEX_POINT('',#3583);
#2801=LINE('',#3584,#3585);
#2802=VERTEX_POINT('',#3586);
#2803=LINE('',#3587,#3588);
#2804=VERTEX_POINT('',#3589);
#2805=LINE('',#3590,#3591);
#2806=VERTEX_POINT('',#3592);
#2807=LINE('',#3593,#3594);
#2808=VERTEX_POINT('',#3595);
#2809=LINE('',#3596,#3597);
#2810=VERTEX_POINT('',#3598);
#2811=LINE('',#3599,#3600);
#2812=VERTEX_POINT('',#3601);
#2813=LINE('',#3602,#3603);
#2814=VERTEX_POINT('',#3604);
#2815=LINE('',#3605,#3606);
#2816=VERTEX_POINT('',#3607);
#2817=LINE('',#3608,#3609);
#2818=VERTEX_POINT('',#3610);
#2819=LINE('',#3611,#3612);
#2820=VERTEX_POINT('',#3613);
#2821=LINE('',#3614,#3615);
#2822=VERTEX_POINT('',#3616);
#2823=LINE('',#3617,#3618);
#2824=VERTEX_POINT('',#3619);
#2825=LINE('',#3620,#3621);
#2826=VERTEX_POINT('',#3622);
#2827=LINE('',#3623,#3624);
#2828=VERTEX_POINT('',#3625);
#2829=LINE('',#3626,#3627);
#2830=VERTEX_POINT('',#3628);
#2831=LINE('',#3629,#3630);
#2832=VERTEX_POINT('',#3631);
#2833=LINE('',#3632,#3633);
#2834=VERTEX_POINT('',#3634);
#2835=LINE('',#3635,#3636);
#2836=VERTEX_POINT('',#3637);
#2837=LINE('',#3638,#3639);
#2838=VERTEX_POINT('',#3640);
#2839=LINE('',#3641,#3642);
#2840=VERTEX_POINT('',#3643);
#2841=LINE('',#3644,#3645);
#2842=VERTEX_POINT('',#3646);
#2843=LINE('',#3647,#3648);
#2844=VERTEX_POINT('',#3649);
#2845=LINE('',#3650,#3651);
#2846=VERTEX_POINT('',#3652);
#2847=LINE('',#3653,#3654);
#2848=VERTEX_POINT('',#3655);
#2849=LINE('',#3656,#3657);
#2850=VERTEX_POINT('',#3658);
#2851=LINE('',#3659,#3660);
#2852=VERTEX_POINT('',#3661);
#2853=LINE('',#3662,#3663);
#2854=VERTEX_POINT('',#3664);
#2855=LINE('',#3665,#3666);
#2856=VERTEX_POINT('',#3667);
#2857=LINE('',#3668,#3669);
#2858=VERTEX_POINT('',#3670);
#2859=LINE('',#3671,#3672);
#2860=VERTEX_POINT('',#3673);
#2861=LINE('',#3674,#3675);
#2862=VERTEX_POINT('',#3676);
#2863=LINE('',#3677,#3678);
#2864=VERTEX_POINT('',#3679);
#2865=LINE('',#3680,#3681);
#2866=VERTEX_POINT('',#3682);
#2867=LINE('',#3683,#3684);
#2868=VERTEX_POINT('',#3685);
#2869=LINE('',#3686,#3687);
#2870=LINE('',#3688,#3689);
#2871=VERTEX_POINT('',#3690);
#2872=LINE('',#3691,#3692);
#2873=VERTEX_POINT('',#3693);
#2874=LINE('',#3694,#3695);
#2875=LINE('',#3696,#3697);
#2876=VERTEX_POINT('',#3698);
#2877=LINE('',#3699,#3700);
#2878=VERTEX_POINT('',#3701);
#2879=LINE('',#3702,#3703);
#2880=VERTEX_POINT('',#3704);
#2881=LINE('',#3705,#3706);
#2882=VERTEX_POINT('',#3707);
#2883=LINE('',#3708,#3709);
#2884=LINE('',#3710,#3711);
#2885=VERTEX_POINT('',#3712);
#2886=VERTEX_POINT('',#3713);
#2887=LINE('',#3714,#3715);
#2888=LINE('',#3716,#3717);
#2889=VERTEX_POINT('',#3718);
#2890=LINE('',#3719,#3720);
#2891=VERTEX_POINT('',#3721);
#2892=LINE('',#3722,#3723);
#2893=VERTEX_POINT('',#3724);
#2894=LINE('',#3725,#3726);
#2895=VERTEX_POINT('',#3727);
#2896=LINE('',#3728,#3729);
#2897=LINE('',#3730,#3731);
#2898=LINE('',#3732,#3733);
#2899=VERTEX_POINT('',#3734);
#2900=VERTEX_POINT('',#3735);
#2901=LINE('',#3736,#3737);
#2902=VERTEX_POINT('',#3738);
#2903=LINE('',#3739,#3740);
#2904=VERTEX_POINT('',#3741);
#2905=LINE('',#3742,#3743);
#2906=VERTEX_POINT('',#3744);
#2907=LINE('',#3745,#3746);
#2908=LINE('',#3747,#3748);
#2909=VERTEX_POINT('',#3749);
#2910=VERTEX_POINT('',#3750);
#2911=LINE('',#3751,#3752);
#2912=VERTEX_POINT('',#3753);
#2913=LINE('',#3754,#3755);
#2914=VERTEX_POINT('',#3756);
#2915=LINE('',#3757,#3758);
#2916=LINE('',#3759,#3760);
#2917=VERTEX_POINT('',#3761);
#2918=VERTEX_POINT('',#3762);
#2919=LINE('',#3763,#3764);
#2920=VERTEX_POINT('',#3765);
#2921=LINE('',#3766,#3767);
#2922=VERTEX_POINT('',#3768);
#2923=LINE('',#3769,#3770);
#2924=LINE('',#3771,#3772);
#2925=VERTEX_POINT('',#3773);
#2926=VERTEX_POINT('',#3774);
#2927=LINE('',#3775,#3776);
#2928=VERTEX_POINT('',#3777);
#2929=LINE('',#3778,#3779);
#2930=VERTEX_POINT('',#3780);
#2931=LINE('',#3781,#3782);
#2932=VERTEX_POINT('',#3783);
#2933=LINE('',#3784,#3785);
#2934=VERTEX_POINT('',#3786);
#2935=LINE('',#3787,#3788);
#2936=VERTEX_POINT('',#3789);
#2937=LINE('',#3790,#3791);
#2938=VERTEX_POINT('',#3792);
#2939=LINE('',#3793,#3794);
#2940=VERTEX_POINT('',#3795);
#2941=LINE('',#3796,#3797);
#2942=VERTEX_POINT('',#3798);
#2943=LINE('',#3799,#3800);
#2944=VERTEX_POINT('',#3801);
#2945=LINE('',#3802,#3803);
#2946=VERTEX_POINT('',#3804);
#2947=LINE('',#3805,#3806);
#2948=VERTEX_POINT('',#3807);
#2949=LINE('',#3808,#3809);
#2950=VERTEX_POINT('',#3810);
#2951=LINE('',#3811,#3812);
#2952=VERTEX_POINT('',#3813);
#2953=LINE('',#3814,#3815);
#2954=VERTEX_POINT('',#3816);
#2955=LINE('',#3817,#3818);
#2956=VERTEX_POINT('',#3819);
#2957=LINE('',#3820,#3821);
#2958=VERTEX_POINT('',#3822);
#2959=LINE('',#3823,#3824);
#2960=VERTEX_POINT('',#3825);
#2961=LINE('',#3826,#3827);
#2962=VERTEX_POINT('',#3828);
#2963=LINE('',#3829,#3830);
#2964=VERTEX_POINT('',#3831);
#2965=LINE('',#3832,#3833);
#2966=VERTEX_POINT('',#3834);
#2967=LINE('',#3835,#3836);
#2968=VERTEX_POINT('',#3837);
#2969=LINE('',#3838,#3839);
#2970=VERTEX_POINT('',#3840);
#2971=LINE('',#3841,#3842);
#2972=VERTEX_POINT('',#3843);
#2973=LINE('',#3844,#3845);
#2974=VERTEX_POINT('',#3846);
#2975=LINE('',#3847,#3848);
#2976=VERTEX_POINT('',#3849);
#2977=LINE('',#3850,#3851);
#2978=VERTEX_POINT('',#3852);
#2979=LINE('',#3853,#3854);
#2980=LINE('',#3855,#3856);
#2981=VERTEX_POINT('',#3857);
#2982=LINE('',#3858,#3859);
#2983=VERTEX_POINT('',#3860);
#2984=LINE('',#3861,#3862);
#2985=LINE('',#3863,#3864);
#2986=VERTEX_POINT('',#3865);
#2987=LINE('',#3866,#3867);
#2988=VERTEX_POINT('',#3868);
#2989=LINE('',#3869,#3870);
#2990=LINE('',#3871,#3872);
#2991=VERTEX_POINT('',#3873);
#2992=LINE('',#3874,#3875);
#2993=VERTEX_POINT('',#3876);
#2994=LINE('',#3877,#3878);
#2995=LINE('',#3879,#3880);
#2996=VERTEX_POINT('',#3881);
#2997=LINE('',#3882,#3883);
#2998=VERTEX_POINT('',#3884);
#2999=LINE('',#3885,#3886);
#3000=LINE('',#3887,#3888);
#3001=VERTEX_POINT('',#3889);
#3002=LINE('',#3890,#3891);
#3003=VERTEX_POINT('',#3892);
#3004=LINE('',#3893,#3894);
#3005=LINE('',#3895,#3896);
#3006=VERTEX_POINT('',#3897);
#3007=VERTEX_POINT('',#3898);
#3008=LINE('',#3899,#3900);
#3009=VERTEX_POINT('',#3901);
#3010=LINE('',#3902,#3903);
#3011=VERTEX_POINT('',#3904);
#3012=LINE('',#3905,#3906);
#3013=LINE('',#3907,#3908);
#3014=VERTEX_POINT('',#3909);
#3015=VERTEX_POINT('',#3910);
#3016=LINE('',#3911,#3912);
#3017=VERTEX_POINT('',#3913);
#3018=LINE('',#3914,#3915);
#3019=VERTEX_POINT('',#3916);
#3020=LINE('',#3917,#3918);
#3021=LINE('',#3919,#3920);
#3022=VERTEX_POINT('',#3921);
#3023=VERTEX_POINT('',#3922);
#3024=LINE('',#3923,#3924);
#3025=VERTEX_POINT('',#3925);
#3026=LINE('',#3926,#3927);
#3027=VERTEX_POINT('',#3928);
#3028=LINE('',#3929,#3930);
#3029=LINE('',#3931,#3932);
#3030=VERTEX_POINT('',#3933);
#3031=VERTEX_POINT('',#3934);
#3032=LINE('',#3935,#3936);
#3033=VERTEX_POINT('',#3937);
#3034=LINE('',#3938,#3939);
#3035=VERTEX_POINT('',#3940);
#3036=LINE('',#3941,#3942);
#3037=LINE('',#3943,#3944);
#3038=VERTEX_POINT('',#3945);
#3039=LINE('',#3946,#3947);
#3040=VERTEX_POINT('',#3948);
#3041=LINE('',#3949,#3950);
#3042=VERTEX_POINT('',#3951);
#3043=LINE('',#3952,#3953);
#3044=VERTEX_POINT('',#3954);
#3045=LINE('',#3955,#3956);
#3046=VERTEX_POINT('',#3957);
#3047=LINE('',#3958,#3959);
#3048=LINE('',#3960,#3961);
#3049=VERTEX_POINT('',#3962);
#3050=LINE('',#3963,#3964);
#3051=LINE('',#3965,#3966);
#3052=VERTEX_POINT('',#3967);
#3053=VERTEX_POINT('',#3968);
#3054=LINE('',#3969,#3970);
#3055=VERTEX_POINT('',#3971);
#3056=LINE('',#3972,#3973);
#3057=VERTEX_POINT('',#3974);
#3058=LINE('',#3975,#3976);
#3059=LINE('',#3977,#3978);
#3060=VERTEX_POINT('',#3979);
#3061=LINE('',#3980,#3981);
#3062=VERTEX_POINT('',#3982);
#3063=LINE('',#3983,#3984);
#3064=LINE('',#3985,#3986);
#3065=VERTEX_POINT('',#3987);
#3066=VERTEX_POINT('',#3988);
#3067=LINE('',#3989,#3990);
#3068=VERTEX_POINT('',#3991);
#3069=LINE('',#3992,#3993);
#3070=VERTEX_POINT('',#3994);
#3071=LINE('',#3995,#3996);
#3072=LINE('',#3997,#3998);
#3073=VERTEX_POINT('',#3999);
#3074=LINE('',#4000,#4001);
#3075=VERTEX_POINT('',#4002);
#3076=LINE('',#4003,#4004);
#3077=LINE('',#4005,#4006);
#3078=VERTEX_POINT('',#4007);
#3079=VERTEX_POINT('',#4008);
#3080=LINE('',#4009,#4010);
#3081=LINE('',#4011,#4012);
#3082=LINE('',#4013,#4014);
#3083=VERTEX_POINT('',#4015);
#3084=VERTEX_POINT('',#4016);
#3085=LINE('',#4017,#4018);
#3086=VERTEX_POINT('',#4019);
#3087=LINE('',#4020,#4021);
#3088=VERTEX_POINT('',#4022);
#3089=LINE('',#4023,#4024);
#3090=LINE('',#4025,#4026);
#3091=VERTEX_POINT('',#4027);
#3092=LINE('',#4028,#4029);
#3093=VERTEX_POINT('',#4030);
#3094=LINE('',#4031,#4032);
#3095=LINE('',#4033,#4034);
#3096=VERTEX_POINT('',#4035);
#3097=LINE('',#4036,#4037);
#3098=VERTEX_POINT('',#4038);
#3099=LINE('',#4039,#4040);
#3100=LINE('',#4041,#4042);
#3101=LINE('',#4043,#4044);
#3102=LINE('',#4045,#4046);
#3103=VERTEX_POINT('',#4047);
#3104=VERTEX_POINT('',#4048);
#3105=LINE('',#4049,#4050);
#3106=VERTEX_POINT('',#4051);
#3107=LINE('',#4052,#4053);
#3108=LINE('',#4054,#4055);
#3109=LINE('',#4056,#4057);
#3110=VERTEX_POINT('',#4058);
#3111=LINE('',#4059,#4060);
#3112=LINE('',#4061,#4062);
#3113=LINE('',#4063,#4064);
#3114=VERTEX_POINT('',#4065);
#3115=LINE('',#4066,#4067);
#3116=VERTEX_POINT('',#4068);
#3117=LINE('',#4069,#4070);
#3118=VERTEX_POINT('',#4071);
#3119=LINE('',#4072,#4073);
#3120=VERTEX_POINT('',#4074);
#3121=LINE('',#4075,#4076);
#3122=LINE('',#4077,#4078);
#3123=VERTEX_POINT('',#4079);
#3124=LINE('',#4080,#4081);
#3125=LINE('',#4082,#4083);
#3126=LINE('',#4084,#4085);
#3127=VERTEX_POINT('',#4086);
#3128=LINE('',#4087,#4088);
#3129=VERTEX_POINT('',#4089);
#3130=LINE('',#4090,#4091);
#3131=LINE('',#4092,#4093);
#3132=LINE('',#4094,#4095);
#3133=VERTEX_POINT('',#4096);
#3134=LINE('',#4097,#4098);
#3135=VERTEX_POINT('',#4099);
#3136=LINE('',#4100,#4101);
#3137=LINE('',#4102,#4103);
#3138=LINE('',#4104,#4105);
#3139=LINE('',#4106,#4107);
#3140=VERTEX_POINT('',#4108);
#3141=VERTEX_POINT('',#4109);
#3142=LINE('',#4110,#4111);
#3143=VERTEX_POINT('',#4112);
#3144=LINE('',#4113,#4114);
#3145=LINE('',#4115,#4116);
#3146=LINE('',#4117,#4118);
#3147=LINE('',#4119,#4120);
#3148=LINE('',#4121,#4122);
#3149=LINE('',#4123,#4124);
#3150=VERTEX_POINT('',#4125);
#3151=LINE('',#4126,#4127);
#3152=LINE('',#4128,#4129);
#3153=LINE('',#4130,#4131);
#3154=VERTEX_POINT('',#4132);
#3155=LINE('',#4133,#4134);
#3156=LINE('',#4135,#4136);
#3157=LINE('',#4137,#4138);
#3158=LINE('',#4139,#4140);
#3159=LINE('',#4141,#4142);
#3160=LINE('',#4143,#4144);
#3161=LINE('',#4145,#4146);
#3162=VERTEX_POINT('',#4147);
#3163=LINE('',#4148,#4149);
#3164=LINE('',#4150,#4151);
#3165=LINE('',#4152,#4153);
#3166=LINE('',#4154,#4155);
#3167=LINE('',#4156,#4157);
#3168=VERTEX_POINT('',#4158);
#3169=LINE('',#4159,#4160);
#3170=LINE('',#4161,#4162);
#3171=LINE('',#4163,#4164);
#3172=VERTEX_POINT('',#4165);
#3173=LINE('',#4166,#4167);
#3174=LINE('',#4168,#4169);
#3175=LINE('',#4170,#4171);
#3176=VERTEX_POINT('',#4172);
#3177=LINE('',#4173,#4174);
#3178=LINE('',#4175,#4176);
#3179=LINE('',#4177,#4178);
#3180=VERTEX_POINT('',#4179);
#3181=VERTEX_POINT('',#4180);
#3182=LINE('',#4181,#4182);
#3183=VERTEX_POINT('',#4183);
#3184=LINE('',#4184,#4185);
#3185=VERTEX_POINT('',#4186);
#3186=LINE('',#4187,#4188);
#3187=LINE('',#4189,#4190);
#3188=LINE('',#4191,#4192);
#3189=VERTEX_POINT('',#4193);
#3190=LINE('',#4194,#4195);
#3191=VERTEX_POINT('',#4196);
#3192=LINE('',#4197,#4198);
#3193=VERTEX_POINT('',#4199);
#3194=LINE('',#4200,#4201);
#3195=LINE('',#4202,#4203);
#3196=VERTEX_POINT('',#4204);
#3197=LINE('',#4205,#4206);
#3198=VERTEX_POINT('',#4207);
#3199=LINE('',#4208,#4209);
#3200=LINE('',#4210,#4211);
#3201=VERTEX_POINT('',#4212);
#3202=LINE('',#4213,#4214);
#3203=VERTEX_POINT('',#4215);
#3204=LINE('',#4216,#4217);
#3205=LINE('',#4218,#4219);
#3206=VERTEX_POINT('',#4220);
#3207=LINE('',#4221,#4222);
#3208=LINE('',#4223,#4224);
#3209=LINE('',#4225,#4226);
#3210=LINE('',#4227,#4228);
#3211=LINE('',#4229,#4230);
#3212=LINE('',#4231,#4232);
#3213=VERTEX_POINT('',#4233);
#3214=LINE('',#4234,#4235);
#3215=VERTEX_POINT('',#4236);
#3216=LINE('',#4237,#4238);
#3217=LINE('',#4239,#4240);
#3218=VERTEX_POINT('',#4241);
#3219=LINE('',#4242,#4243);
#3220=VERTEX_POINT('',#4244);
#3221=LINE('',#4245,#4246);
#3222=LINE('',#4247,#4248);
#3223=LINE('',#4249,#4250);
#3224=LINE('',#4251,#4252);
#3225=LINE('',#4253,#4254);
#3226=VERTEX_POINT('',#4255);
#3227=CIRCLE('',#4256,0.1);
#3228=VERTEX_POINT('',#4257);
#3229=CIRCLE('',#4258,0.1);
#3230=LINE('',#4259,#4260);
#3231=VERTEX_POINT('',#4261);
#3232=LINE('',#4262,#4263);
#3233=VERTEX_POINT('',#4264);
#3234=LINE('',#4265,#4266);
#3235=VERTEX_POINT('',#4267);
#3236=LINE('',#4268,#4269);
#3237=VERTEX_POINT('',#4270);
#3238=LINE('',#4271,#4272);
#3239=LINE('',#4273,#4274);
#3240=VERTEX_POINT('',#4275);
#3241=LINE('',#4276,#4277);
#3242=VERTEX_POINT('',#4278);
#3243=LINE('',#4279,#4280);
#3244=VERTEX_POINT('',#4281);
#3245=LINE('',#4282,#4283);
#3246=VERTEX_POINT('',#4284);
#3247=LINE('',#4285,#4286);
#3248=LINE('',#4287,#4288);
#3249=LINE('',#4289,#4290);
#3250=LINE('',#4291,#4292);
#3251=LINE('',#4293,#4294);
#3252=LINE('',#4295,#4296);
#3253=LINE('',#4297,#4298);
#3254=LINE('',#4299,#4300);
#3255=LINE('',#4301,#4302);
#3256=LINE('',#4303,#4304);
#3257=VERTEX_POINT('',#4305);
#3258=LINE('',#4306,#4307);
#3259=VERTEX_POINT('',#4308);
#3260=LINE('',#4309,#4310);
#3261=LINE('',#4311,#4312);
#3262=VERTEX_POINT('',#4313);
#3263=LINE('',#4314,#4315);
#3264=VERTEX_POINT('',#4316);
#3265=LINE('',#4317,#4318);
#3266=LINE('',#4319,#4320);
#3267=LINE('',#4321,#4322);
#3268=LINE('',#4323,#4324);
#3269=LINE('',#4325,#4326);
#3270=VERTEX_POINT('',#4327);
#3271=CIRCLE('',#4328,0.1);
#3272=VERTEX_POINT('',#4329);
#3273=CIRCLE('',#4330,0.1);
#3274=LINE('',#4331,#4332);
#3275=VERTEX_POINT('',#4333);
#3276=LINE('',#4334,#4335);
#3277=VERTEX_POINT('',#4336);
#3278=LINE('',#4337,#4338);
#3279=VERTEX_POINT('',#4339);
#3280=LINE('',#4340,#4341);
#3281=VERTEX_POINT('',#4342);
#3282=LINE('',#4343,#4344);
#3283=LINE('',#4345,#4346);
#3284=VERTEX_POINT('',#4347);
#3285=LINE('',#4348,#4349);
#3286=VERTEX_POINT('',#4350);
#3287=LINE('',#4351,#4352);
#3288=VERTEX_POINT('',#4353);
#3289=LINE('',#4354,#4355);
#3290=VERTEX_POINT('',#4356);
#3291=LINE('',#4357,#4358);
#3292=LINE('',#4359,#4360);
#3293=LINE('',#4361,#4362);
#3294=LINE('',#4363,#4364);
#3295=LINE('',#4365,#4366);
#3296=LINE('',#4367,#4368);
#3297=LINE('',#4369,#4370);
#3298=LINE('',#4371,#4372);
#3299=LINE('',#4373,#4374);
#3300=LINE('',#4375,#4376);
#3301=VERTEX_POINT('',#4377);
#3302=LINE('',#4378,#4379);
#3303=VERTEX_POINT('',#4380);
#3304=LINE('',#4381,#4382);
#3305=LINE('',#4383,#4384);
#3306=VERTEX_POINT('',#4385);
#3307=LINE('',#4386,#4387);
#3308=VERTEX_POINT('',#4388);
#3309=LINE('',#4389,#4390);
#3310=LINE('',#4391,#4392);
#3311=LINE('',#4393,#4394);
#3312=LINE('',#4395,#4396);
#3313=LINE('',#4397,#4398);
#3314=VERTEX_POINT('',#4399);
#3315=CIRCLE('',#4400,0.1);
#3316=VERTEX_POINT('',#4401);
#3317=CIRCLE('',#4402,0.1);
#3318=LINE('',#4403,#4404);
#3319=VERTEX_POINT('',#4405);
#3320=LINE('',#4406,#4407);
#3321=VERTEX_POINT('',#4408);
#3322=LINE('',#4409,#4410);
#3323=VERTEX_POINT('',#4411);
#3324=LINE('',#4412,#4413);
#3325=VERTEX_POINT('',#4414);
#3326=LINE('',#4415,#4416);
#3327=LINE('',#4417,#4418);
#3328=VERTEX_POINT('',#4419);
#3329=LINE('',#4420,#4421);
#3330=VERTEX_POINT('',#4422);
#3331=LINE('',#4423,#4424);
#3332=VERTEX_POINT('',#4425);
#3333=LINE('',#4426,#4427);
#3334=VERTEX_POINT('',#4428);
#3335=LINE('',#4429,#4430);
#3336=LINE('',#4431,#4432);
#3337=LINE('',#4433,#4434);
#3338=LINE('',#4435,#4436);
#3339=LINE('',#4437,#4438);
#3340=LINE('',#4439,#4440);
#3341=LINE('',#4441,#4442);
#3342=LINE('',#4443,#4444);
#3343=LINE('',#4445,#4446);
#3344=LINE('',#4447,#4448);
#3345=VERTEX_POINT('',#4449);
#3346=LINE('',#4450,#4451);
#3347=VERTEX_POINT('',#4452);
#3348=LINE('',#4453,#4454);
#3349=LINE('',#4455,#4456);
#3350=VERTEX_POINT('',#4457);
#3351=LINE('',#4458,#4459);
#3352=VERTEX_POINT('',#4460);
#3353=LINE('',#4461,#4462);
#3354=LINE('',#4463,#4464);
#3355=LINE('',#4465,#4466);
#3356=LINE('',#4467,#4468);
#3357=LINE('',#4469,#4470);
#3358=VERTEX_POINT('',#4471);
#3359=CIRCLE('',#4472,0.1);
#3360=VERTEX_POINT('',#4473);
#3361=CIRCLE('',#4474,0.1);
#3362=LINE('',#4475,#4476);
#3363=VERTEX_POINT('',#4477);
#3364=LINE('',#4478,#4479);
#3365=VERTEX_POINT('',#4480);
#3366=LINE('',#4481,#4482);
#3367=VERTEX_POINT('',#4483);
#3368=LINE('',#4484,#4485);
#3369=VERTEX_POINT('',#4486);
#3370=LINE('',#4487,#4488);
#3371=LINE('',#4489,#4490);
#3372=VERTEX_POINT('',#4491);
#3373=LINE('',#4492,#4493);
#3374=VERTEX_POINT('',#4494);
#3375=LINE('',#4495,#4496);
#3376=VERTEX_POINT('',#4497);
#3377=LINE('',#4498,#4499);
#3378=VERTEX_POINT('',#4500);
#3379=LINE('',#4501,#4502);
#3380=LINE('',#4503,#4504);
#3381=LINE('',#4505,#4506);
#3382=LINE('',#4507,#4508);
#3383=LINE('',#4509,#4510);
#3384=LINE('',#4511,#4512);
#3385=VERTEX_POINT('',#4513);
#3386=VERTEX_POINT('',#4514);
#3387=LINE('',#4515,#4516);
#3388=VERTEX_POINT('',#4517);
#3389=LINE('',#4518,#4519);
#3390=VERTEX_POINT('',#4520);
#3391=LINE('',#4521,#4522);
#3392=LINE('',#4523,#4524);
#3393=VERTEX_POINT('',#4525);
#3394=LINE('',#4526,#4527);
#3395=VERTEX_POINT('',#4528);
#3396=LINE('',#4529,#4530);
#3397=LINE('',#4531,#4532);
#3398=VERTEX_POINT('',#4533);
#3399=LINE('',#4534,#4535);
#3400=VERTEX_POINT('',#4536);
#3401=LINE('',#4537,#4538);
#3402=LINE('',#4539,#4540);
#3403=CIRCLE('',#4541,0.25);
#3404=CIRCLE('',#4542,0.1);
#3405=CIRCLE('',#4543,0.1);
#3406=CIRCLE('',#4544,0.25);
#3407=VERTEX_POINT('',#4545);
#3408=LINE('',#4546,#4547);
#3409=VERTEX_POINT('',#4548);
#3410=CIRCLE('',#4549,0.2);
#3411=VERTEX_POINT('',#4550);
#3412=LINE('',#4551,#4552);
#3413=VERTEX_POINT('',#4553);
#3414=LINE('',#4554,#4555);
#3415=VERTEX_POINT('',#4556);
#3416=LINE('',#4557,#4558);
#3417=VERTEX_POINT('',#4559);
#3418=CIRCLE('',#4560,0.0499999999999998);
#3419=LINE('',#4561,#4562);
#3420=VERTEX_POINT('',#4563);
#3421=LINE('',#4564,#4565);
#3422=VERTEX_POINT('',#4566);
#3423=CIRCLE('',#4567,0.0499999999999998);
#3424=VERTEX_POINT('',#4568);
#3425=LINE('',#4569,#4570);
#3426=VERTEX_POINT('',#4571);
#3427=CIRCLE('',#4572,0.1);
#3428=LINE('',#4573,#4574);
#3429=VERTEX_POINT('',#4575);
#3430=LINE('',#4576,#4577);
#3431=VERTEX_POINT('',#4578);
#3432=CIRCLE('',#4579,0.1);
#3433=VERTEX_POINT('',#4580);
#3434=LINE('',#4581,#4582);
#3435=VERTEX_POINT('',#4583);
#3436=CIRCLE('',#4584,0.0499999999999998);
#3437=LINE('',#4585,#4586);
#3438=VERTEX_POINT('',#4587);
#3439=VERTEX_POINT('',#4588);
#3440=LINE('',#4589,#4590);
#3441=CIRCLE('',#4591,0.2);
#3442=LINE('',#4592,#4593);
#3443=VERTEX_POINT('',#4594);
#3444=CIRCLE('',#4595,0.0499999999999998);
#3445=VERTEX_POINT('',#4596);
#3446=LINE('',#4597,#4598);
#3447=LINE('',#4599,#4600);
#3448=LINE('',#4601,#4602);
#3449=LINE('',#4603,#4604);
#3450=LINE('',#4605,#4606);
#3451=LINE('',#4607,#4608);
#3452=LINE('',#4609,#4610);
#3453=LINE('',#4611,#4612);
#3454=LINE('',#4613,#4614);
#3455=VERTEX_POINT('',#4615);
#3456=VERTEX_POINT('',#4616);
#3457=LINE('',#4617,#4618);
#3458=VERTEX_POINT('',#4619);
#3459=LINE('',#4620,#4621);
#3460=VERTEX_POINT('',#4622);
#3461=LINE('',#4623,#4624);
#3462=LINE('',#4625,#4626);
#3463=VERTEX_POINT('',#4627);
#3464=LINE('',#4628,#4629);
#3465=VERTEX_POINT('',#4630);
#3466=LINE('',#4631,#4632);
#3467=LINE('',#4633,#4634);
#3468=VERTEX_POINT('',#4635);
#3469=LINE('',#4636,#4637);
#3470=VERTEX_POINT('',#4638);
#3471=LINE('',#4639,#4640);
#3472=LINE('',#4641,#4642);
#3473=CIRCLE('',#4643,0.25);
#3474=CIRCLE('',#4644,0.1);
#3475=CIRCLE('',#4645,0.1);
#3476=CIRCLE('',#4646,0.25);
#3477=VERTEX_POINT('',#4647);
#3478=LINE('',#4648,#4649);
#3479=VERTEX_POINT('',#4650);
#3480=LINE('',#4651,#4652);
#3481=VERTEX_POINT('',#4653);
#3482=CIRCLE('',#4654,0.0499999999999998);
#3483=VERTEX_POINT('',#4655);
#3484=LINE('',#4656,#4657);
#3485=VERTEX_POINT('',#4658);
#3486=LINE('',#4659,#4660);
#3487=VERTEX_POINT('',#4661);
#3488=LINE('',#4662,#4663);
#3489=CIRCLE('',#4664,0.2);
#3490=VERTEX_POINT('',#4665);
#3491=LINE('',#4666,#4667);
#3492=VERTEX_POINT('',#4668);
#3493=CIRCLE('',#4669,0.0499999999999998);
#3494=VERTEX_POINT('',#4670);
#3495=LINE('',#4671,#4672);
#3496=VERTEX_POINT('',#4673);
#3497=CIRCLE('',#4674,0.1);
#3498=LINE('',#4675,#4676);
#3499=VERTEX_POINT('',#4677);
#3500=LINE('',#4678,#4679);
#3501=VERTEX_POINT('',#4680);
#3502=CIRCLE('',#4681,0.1);
#3503=VERTEX_POINT('',#4682);
#3504=LINE('',#4683,#4684);
#3505=VERTEX_POINT('',#4685);
#3506=CIRCLE('',#4686,0.0499999999999998);
#3507=LINE('',#4687,#4688);
#3508=VERTEX_POINT('',#4689);
#3509=CIRCLE('',#4690,0.0499999999999998);
#3510=LINE('',#4691,#4692);
#3511=VERTEX_POINT('',#4693);
#3512=CIRCLE('',#4694,0.2);
#3513=VERTEX_POINT('',#4695);
#3514=LINE('',#4696,#4697);
#3515=VERTEX_POINT('',#4698);
#3516=LINE('',#4699,#4700);
#3517=LINE('',#4701,#4702);
#3518=LINE('',#4703,#4704);
#3519=LINE('',#4705,#4706);
#3520=LINE('',#4707,#4708);
#3521=LINE('',#4709,#4710);
#3522=LINE('',#4711,#4712);
#3523=LINE('',#4713,#4714);
#3524=LINE('',#4715,#4716);
#3525=VERTEX_POINT('',#4717);
#3526=LINE('',#4718,#4719);
#3527=VERTEX_POINT('',#4720);
#3528=LINE('',#4721,#4722);
#3529=LINE('',#4723,#4724);
#3530=VERTEX_POINT('',#4725);
#3531=LINE('',#4726,#4727);
#3532=LINE('',#4728,#4729);
#3533=LINE('',#4730,#4731);
#3534=CARTESIAN_POINT('',(-6.735,6.4,0.439999999999996));
#3535=CARTESIAN_POINT('',(-6.725,6.4,0.439999999999996));
#3536=CARTESIAN_POINT('',(2.235,6.4,0.439999999999996));
#3537=VECTOR('',#4732,1.0);
#3538=CARTESIAN_POINT('',(-6.725,6.4,1.71000000000008));
#3539=CARTESIAN_POINT('',(-6.725,6.4,0.440000000000001));
#3540=VECTOR('',#4733,1.0);
#3541=CARTESIAN_POINT('',(-6.735,6.4,1.71000000000008));
#3542=CARTESIAN_POINT('',(2.235,6.4,1.71000000000008));
#3543=VECTOR('',#4734,1.0);
#3544=CARTESIAN_POINT('',(-6.735,6.4,0.439999999999996));
#3545=VECTOR('',#4735,1.0);
#3546=CARTESIAN_POINT('',(-6.57500000000001,6.4,1.71000000000008));
#3547=CARTESIAN_POINT('',(-6.565,6.4,1.71000000000008));
#3548=CARTESIAN_POINT('',(2.235,6.4,1.71000000000008));
#3549=VECTOR('',#4736,1.0);
#3550=CARTESIAN_POINT('',(-6.57500000000001,6.4,0.439999999999996));
#3551=CARTESIAN_POINT('',(-6.57500000000001,6.4,0.439999999999996));
#3552=VECTOR('',#4737,1.0);
#3553=CARTESIAN_POINT('',(-5.425,6.4,0.439999999999996));
#3554=CARTESIAN_POINT('',(2.235,6.4,0.439999999999996));
#3555=VECTOR('',#4738,1.0);
#3556=CARTESIAN_POINT('',(-5.425,6.4,0.239999999999995));
#3557=CARTESIAN_POINT('',(-5.425,6.4,0.439999999999996));
#3558=VECTOR('',#4739,1.0);
#3559=CARTESIAN_POINT('',(-4.645,6.4,0.239999999999994));
#3560=CARTESIAN_POINT('',(-5.425,6.4,0.239999999999995));
#3561=VECTOR('',#4740,1.0);
#3562=CARTESIAN_POINT('',(-4.645,6.4,0.369999999999994));
#3563=CARTESIAN_POINT('',(-4.645,6.4,0.369999999999994));
#3564=VECTOR('',#4741,1.0);
#3565=CARTESIAN_POINT('',(-4.65,6.4,0.36999999999996));
#3566=CARTESIAN_POINT('',(2.235,6.4,0.36999999999996));
#3567=VECTOR('',#4742,1.0);
#3568=CARTESIAN_POINT('',(-4.65,6.4,1.08999999999996));
#3569=CARTESIAN_POINT('',(-4.65,6.4,0.439999999999996));
#3570=VECTOR('',#4743,1.0);
#3571=CARTESIAN_POINT('',(-4.35,6.4,1.08999999999996));
#3572=CARTESIAN_POINT('',(2.235,6.4,1.08999999999996));
#3573=VECTOR('',#4744,1.0);
#3574=CARTESIAN_POINT('',(-4.35,6.4,0.36999999999996));
#3575=CARTESIAN_POINT('',(-4.35,6.4,0.439999999999996));
#3576=VECTOR('',#4745,1.0);
#3577=CARTESIAN_POINT('',(-4.355,6.4,0.369999999999994));
#3578=CARTESIAN_POINT('',(2.235,6.4,0.36999999999996));
#3579=VECTOR('',#4746,1.0);
#3580=CARTESIAN_POINT('',(-4.355,6.4,0.239999999999994));
#3581=CARTESIAN_POINT('',(-4.355,6.4,0.369999999999994));
#3582=VECTOR('',#4747,1.0);
#3583=CARTESIAN_POINT('',(-3.145,6.4,0.239999999999994));
#3584=CARTESIAN_POINT('',(-5.425,6.4,0.239999999999995));
#3585=VECTOR('',#4748,1.0);
#3586=CARTESIAN_POINT('',(-3.145,6.4,0.369999999999994));
#3587=CARTESIAN_POINT('',(-3.145,6.4,0.369999999999994));
#3588=VECTOR('',#4749,1.0);
#3589=CARTESIAN_POINT('',(-3.15,6.4,0.36999999999996));
#3590=CARTESIAN_POINT('',(2.235,6.4,0.36999999999996));
#3591=VECTOR('',#4750,1.0);
#3592=CARTESIAN_POINT('',(-3.15,6.4,1.08999999999996));
#3593=CARTESIAN_POINT('',(-3.15,6.4,0.439999999999996));
#3594=VECTOR('',#4751,1.0);
#3595=CARTESIAN_POINT('',(-2.85,6.4,1.08999999999996));
#3596=CARTESIAN_POINT('',(2.235,6.4,1.08999999999996));
#3597=VECTOR('',#4752,1.0);
#3598=CARTESIAN_POINT('',(-2.85,6.4,0.36999999999996));
#3599=CARTESIAN_POINT('',(-2.85,6.4,0.439999999999996));
#3600=VECTOR('',#4753,1.0);
#3601=CARTESIAN_POINT('',(-2.855,6.4,0.369999999999994));
#3602=CARTESIAN_POINT('',(2.235,6.4,0.36999999999996));
#3603=VECTOR('',#4754,1.0);
#3604=CARTESIAN_POINT('',(-2.855,6.4,0.239999999999994));
#3605=CARTESIAN_POINT('',(-2.855,6.4,0.369999999999994));
#3606=VECTOR('',#4755,1.0);
#3607=CARTESIAN_POINT('',(-1.645,6.4,0.239999999999994));
#3608=CARTESIAN_POINT('',(-5.425,6.4,0.239999999999995));
#3609=VECTOR('',#4756,1.0);
#3610=CARTESIAN_POINT('',(-1.645,6.4,0.369999999999994));
#3611=CARTESIAN_POINT('',(-1.645,6.4,0.369999999999994));
#3612=VECTOR('',#4757,1.0);
#3613=CARTESIAN_POINT('',(-1.65,6.4,0.36999999999996));
#3614=CARTESIAN_POINT('',(2.235,6.4,0.36999999999996));
#3615=VECTOR('',#4758,1.0);
#3616=CARTESIAN_POINT('',(-1.65,6.4,1.08999999999996));
#3617=CARTESIAN_POINT('',(-1.65,6.4,0.439999999999996));
#3618=VECTOR('',#4759,1.0);
#3619=CARTESIAN_POINT('',(-1.35,6.4,1.08999999999996));
#3620=CARTESIAN_POINT('',(2.235,6.4,1.08999999999996));
#3621=VECTOR('',#4760,1.0);
#3622=CARTESIAN_POINT('',(-1.35,6.4,0.36999999999996));
#3623=CARTESIAN_POINT('',(-1.35,6.4,0.439999999999996));
#3624=VECTOR('',#4761,1.0);
#3625=CARTESIAN_POINT('',(-1.355,6.4,0.369999999999994));
#3626=CARTESIAN_POINT('',(2.235,6.4,0.36999999999996));
#3627=VECTOR('',#4762,1.0);
#3628=CARTESIAN_POINT('',(-1.355,6.4,0.239999999999994));
#3629=CARTESIAN_POINT('',(-1.355,6.4,0.369999999999994));
#3630=VECTOR('',#4763,1.0);
#3631=CARTESIAN_POINT('',(-0.144999999999999,6.4,0.239999999999994));
#3632=CARTESIAN_POINT('',(-5.425,6.4,0.239999999999995));
#3633=VECTOR('',#4764,1.0);
#3634=CARTESIAN_POINT('',(-0.144999999999999,6.4,0.369999999999994));
#3635=CARTESIAN_POINT('',(-0.144999999999999,6.4,0.369999999999994));
#3636=VECTOR('',#4765,1.0);
#3637=CARTESIAN_POINT('',(-0.15,6.4,0.36999999999996));
#3638=CARTESIAN_POINT('',(2.235,6.4,0.36999999999996));
#3639=VECTOR('',#4766,1.0);
#3640=CARTESIAN_POINT('',(-0.15,6.4,1.08999999999996));
#3641=CARTESIAN_POINT('',(-0.15,6.4,0.439999999999996));
#3642=VECTOR('',#4767,1.0);
#3643=CARTESIAN_POINT('',(0.15,6.4,1.08999999999996));
#3644=CARTESIAN_POINT('',(2.235,6.4,1.08999999999996));
#3645=VECTOR('',#4768,1.0);
#3646=CARTESIAN_POINT('',(0.15,6.4,0.36999999999996));
#3647=CARTESIAN_POINT('',(0.15,6.4,0.439999999999996));
#3648=VECTOR('',#4769,1.0);
#3649=CARTESIAN_POINT('',(0.145000000000001,6.4,0.369999999999994));
#3650=CARTESIAN_POINT('',(2.235,6.4,0.36999999999996));
#3651=VECTOR('',#4770,1.0);
#3652=CARTESIAN_POINT('',(0.145000000000001,6.4,0.239999999999994));
#3653=CARTESIAN_POINT('',(0.145000000000001,6.4,0.369999999999994));
#3654=VECTOR('',#4771,1.0);
#3655=CARTESIAN_POINT('',(0.924999999999999,6.4,0.239999999999994));
#3656=CARTESIAN_POINT('',(-5.425,6.4,0.239999999999995));
#3657=VECTOR('',#4772,1.0);
#3658=CARTESIAN_POINT('',(0.924999999999999,6.4,0.439999999999993));
#3659=CARTESIAN_POINT('',(0.924999999999999,6.4,0.239999999999994));
#3660=VECTOR('',#4773,1.0);
#3661=CARTESIAN_POINT('',(2.075,6.4,0.439999999999996));
#3662=CARTESIAN_POINT('',(2.235,6.4,0.439999999999996));
#3663=VECTOR('',#4774,1.0);
#3664=CARTESIAN_POINT('',(2.075,6.4,1.71000000000008));
#3665=CARTESIAN_POINT('',(2.075,6.4,0.439999999999996));
#3666=VECTOR('',#4775,1.0);
#3667=CARTESIAN_POINT('',(2.065,6.4,1.71000000000008));
#3668=CARTESIAN_POINT('',(2.235,6.4,1.71000000000008));
#3669=VECTOR('',#4776,1.0);
#3670=CARTESIAN_POINT('',(2.065,6.4,1.54000000000008));
#3671=CARTESIAN_POINT('',(2.065,6.4,1.54000000000008));
#3672=VECTOR('',#4777,1.0);
#3673=CARTESIAN_POINT('',(1.175,6.4,1.54000000000008));
#3674=CARTESIAN_POINT('',(1.175,6.4,1.54000000000008));
#3675=VECTOR('',#4778,1.0);
#3676=CARTESIAN_POINT('',(1.175,6.4,1.76000000000008));
#3677=CARTESIAN_POINT('',(1.175,6.4,1.71000000000008));
#3678=VECTOR('',#4779,1.0);
#3679=CARTESIAN_POINT('',(-5.675,6.4,1.76000000000008));
#3680=CARTESIAN_POINT('',(1.175,6.4,1.76000000000008));
#3681=VECTOR('',#4780,1.0);
#3682=CARTESIAN_POINT('',(-5.675,6.4,1.54));
#3683=CARTESIAN_POINT('',(-5.675,6.4,1.54));
#3684=VECTOR('',#4781,1.0);
#3685=CARTESIAN_POINT('',(-6.565,6.4,1.53999999999999));
#3686=CARTESIAN_POINT('',(-6.565,6.4,1.53999999999999));
#3687=VECTOR('',#4782,1.0);
#3688=CARTESIAN_POINT('',(-6.565,6.4,1.71000000000008));
#3689=VECTOR('',#4783,1.0);
#3690=CARTESIAN_POINT('',(-6.72500000000001,4.9,1.71000000000008));
#3691=CARTESIAN_POINT('',(-6.725,6.4,1.71000000000008));
#3692=VECTOR('',#4784,1.0);
#3693=CARTESIAN_POINT('',(-6.57500000000001,4.9,1.71000000000008));
#3694=CARTESIAN_POINT('',(2.235,4.9,1.71000000000008));
#3695=VECTOR('',#4785,1.0);
#3696=CARTESIAN_POINT('',(-6.57500000000001,6.4,1.71000000000008));
#3697=VECTOR('',#4786,1.0);
#3698=CARTESIAN_POINT('',(-6.565,4.75,1.71000000000008));
#3699=CARTESIAN_POINT('',(-6.565,4.75,1.71000000000008));
#3700=VECTOR('',#4787,1.0);
#3701=CARTESIAN_POINT('',(-5.675,4.75,1.71000000000008));
#3702=CARTESIAN_POINT('',(-5.675,4.75,1.71000000000008));
#3703=VECTOR('',#4788,1.0);
#3704=CARTESIAN_POINT('',(-5.675,2.05,1.71000000000008));
#3705=CARTESIAN_POINT('',(-5.675,5.34999999999999,1.71000000000008));
#3706=VECTOR('',#4789,1.0);
#3707=CARTESIAN_POINT('',(-6.735,2.05,1.71000000000008));
#3708=CARTESIAN_POINT('',(2.235,2.05,1.71000000000008));
#3709=VECTOR('',#4790,1.0);
#3710=CARTESIAN_POINT('',(-6.735,6.4,1.71000000000008));
#3711=VECTOR('',#4791,1.0);
#3712=CARTESIAN_POINT('',(-6.725,2.2,0.439999999999996));
#3713=CARTESIAN_POINT('',(-6.575,2.2,0.439999999999996));
#3714=CARTESIAN_POINT('',(2.235,2.2,0.439999999999996));
#3715=VECTOR('',#4792,1.0);
#3716=CARTESIAN_POINT('',(-6.725,2.05,0.439999999999996));
#3717=VECTOR('',#4793,1.0);
#3718=CARTESIAN_POINT('',(-6.735,2.05,0.439999999999996));
#3719=CARTESIAN_POINT('',(-6.735,2.05,0.439999999999996));
#3720=VECTOR('',#4794,1.0);
#3721=CARTESIAN_POINT('',(-6.565,2.05,0.439999999999996));
#3722=CARTESIAN_POINT('',(2.235,2.05,0.439999999999996));
#3723=VECTOR('',#4795,1.0);
#3724=CARTESIAN_POINT('',(-6.565,2.35,0.439999999999996));
#3725=CARTESIAN_POINT('',(-6.565,2.35,0.439999999999996));
#3726=VECTOR('',#4796,1.0);
#3727=CARTESIAN_POINT('',(-5.425,2.35,0.439999999999996));
#3728=CARTESIAN_POINT('',(-5.425,2.35,0.439999999999996));
#3729=VECTOR('',#4797,1.0);
#3730=CARTESIAN_POINT('',(-5.425,4.25,0.439999999999996));
#3731=VECTOR('',#4798,1.0);
#3732=CARTESIAN_POINT('',(-6.57500000000001,2.05,0.439999999999996));
#3733=VECTOR('',#4799,1.0);
#3734=CARTESIAN_POINT('',(2.065,2.35,0.199999999999999));
#3735=CARTESIAN_POINT('',(2.065,3.85,0.199999999999999));
#3736=CARTESIAN_POINT('',(2.065,2.05,0.199999999999999));
#3737=VECTOR('',#4800,1.0);
#3738=CARTESIAN_POINT('',(2.625,3.85,0.2));
#3739=CARTESIAN_POINT('',(2.065,3.85,0.199999999999999));
#3740=VECTOR('',#4801,1.0);
#3741=CARTESIAN_POINT('',(2.625,2.05,0.199999999999998));
#3742=CARTESIAN_POINT('',(2.625,3.85,0.199999999999998));
#3743=VECTOR('',#4802,1.0);
#3744=CARTESIAN_POINT('',(2.065,2.05,0.2));
#3745=CARTESIAN_POINT('',(2.625,2.05,0.199999999999998));
#3746=VECTOR('',#4803,1.0);
#3747=CARTESIAN_POINT('',(2.065,2.05,0.199999999999999));
#3748=VECTOR('',#4804,1.0);
#3749=CARTESIAN_POINT('',(2.08005102572168,3.7,0.199999999999999));
#3750=CARTESIAN_POINT('',(2.08005102572168,2.2,0.199999999999999));
#3751=CARTESIAN_POINT('',(2.08005102572168,2.2,0.199999999999999));
#3752=VECTOR('',#4805,1.0);
#3753=CARTESIAN_POINT('',(2.23839745962156,2.2,0.199999999999999));
#3754=CARTESIAN_POINT('',(-1.98447719070999E-17,2.2,0.199999999999998));
#3755=VECTOR('',#4806,1.0);
#3756=CARTESIAN_POINT('',(2.23839745962156,3.7,0.199999999999999));
#3757=CARTESIAN_POINT('',(2.23839745962156,2.2,0.199999999999999));
#3758=VECTOR('',#4807,1.0);
#3759=CARTESIAN_POINT('',(-1.98447719071023E-17,3.7,0.199999999999998));
#3760=VECTOR('',#4808,1.0);
#3761=CARTESIAN_POINT('',(-4.355,4.6,0.369999999999994));
#3762=CARTESIAN_POINT('',(-4.355,4.7,0.369999999999994));
#3763=CARTESIAN_POINT('',(-4.355,4.6,0.369999999999994));
#3764=VECTOR('',#4809,1.0);
#3765=CARTESIAN_POINT('',(-4.645,4.7,0.369999999999994));
#3766=CARTESIAN_POINT('',(-4.35,4.7,0.36999999999996));
#3767=VECTOR('',#4810,1.0);
#3768=CARTESIAN_POINT('',(-4.645,4.6,0.369999999999994));
#3769=CARTESIAN_POINT('',(-4.645,6.4,0.369999999999994));
#3770=VECTOR('',#4811,1.0);
#3771=CARTESIAN_POINT('',(-4.645,4.6,0.369999999999994));
#3772=VECTOR('',#4812,1.0);
#3773=CARTESIAN_POINT('',(-4.65,7.79,0.039999999999987));
#3774=CARTESIAN_POINT('',(-4.35,7.79,0.0399999999999875));
#3775=CARTESIAN_POINT('',(-7.125,7.79,0.0399999999999829));
#3776=VECTOR('',#4813,1.0);
#3777=CARTESIAN_POINT('',(-4.35,8.15,0.0399999999999828));
#3778=CARTESIAN_POINT('',(-4.35,8.15,0.0399999999999876));
#3779=VECTOR('',#4814,1.0);
#3780=CARTESIAN_POINT('',(-3.15,8.15,0.0399999999999896));
#3781=CARTESIAN_POINT('',(-7.125,8.15,0.0399999999999829));
#3782=VECTOR('',#4815,1.0);
#3783=CARTESIAN_POINT('',(-3.15,7.79,0.0399999999999895));
#3784=CARTESIAN_POINT('',(-3.15,8.15,0.0399999999999896));
#3785=VECTOR('',#4816,1.0);
#3786=CARTESIAN_POINT('',(-2.85,7.79,0.03999999999999));
#3787=CARTESIAN_POINT('',(-7.125,7.79,0.0399999999999829));
#3788=VECTOR('',#4817,1.0);
#3789=CARTESIAN_POINT('',(-2.85,8.15,0.0399999999999828));
#3790=CARTESIAN_POINT('',(-2.85,8.15,0.0399999999999901));
#3791=VECTOR('',#4818,1.0);
#3792=CARTESIAN_POINT('',(-1.65,8.15,0.039999999999992));
#3793=CARTESIAN_POINT('',(-7.125,8.15,0.0399999999999829));
#3794=VECTOR('',#4819,1.0);
#3795=CARTESIAN_POINT('',(-1.65,7.79,0.039999999999992));
#3796=CARTESIAN_POINT('',(-1.65,8.15,0.039999999999992));
#3797=VECTOR('',#4820,1.0);
#3798=CARTESIAN_POINT('',(-1.35,7.79,0.0399999999999925));
#3799=CARTESIAN_POINT('',(-7.125,7.79,0.0399999999999829));
#3800=VECTOR('',#4821,1.0);
#3801=CARTESIAN_POINT('',(-1.35,8.15,0.0399999999999828));
#3802=CARTESIAN_POINT('',(-1.35,8.15,0.0399999999999925));
#3803=VECTOR('',#4822,1.0);
#3804=CARTESIAN_POINT('',(-0.15,8.15,0.0399999999999945));
#3805=CARTESIAN_POINT('',(-7.125,8.15,0.0399999999999829));
#3806=VECTOR('',#4823,1.0);
#3807=CARTESIAN_POINT('',(-0.15,7.79,0.0399999999999945));
#3808=CARTESIAN_POINT('',(-0.15,8.15,0.0399999999999945));
#3809=VECTOR('',#4824,1.0);
#3810=CARTESIAN_POINT('',(0.15,7.79,0.039999999999995));
#3811=CARTESIAN_POINT('',(-7.125,7.79,0.0399999999999829));
#3812=VECTOR('',#4825,1.0);
#3813=CARTESIAN_POINT('',(0.15,8.15,0.0399999999999828));
#3814=CARTESIAN_POINT('',(0.15,8.15,0.039999999999995));
#3815=VECTOR('',#4826,1.0);
#3816=CARTESIAN_POINT('',(2.625,8.15,0.0399999999999991));
#3817=CARTESIAN_POINT('',(-7.125,8.15,0.0399999999999829));
#3818=VECTOR('',#4827,1.0);
#3819=CARTESIAN_POINT('',(2.625,3.85,0.0399999999999997));
#3820=CARTESIAN_POINT('',(2.625,8.15,0.0399999999999991));
#3821=VECTOR('',#4828,1.0);
#3822=CARTESIAN_POINT('',(2.065,3.85,0.0399999999999994));
#3823=CARTESIAN_POINT('',(2.065,3.85,0.0399999999999994));
#3824=VECTOR('',#4829,1.0);
#3825=CARTESIAN_POINT('',(2.065,2.35,0.0399999999999994));
#3826=CARTESIAN_POINT('',(2.065,2.05,0.0399999999999994));
#3827=VECTOR('',#4830,1.0);
#3828=CARTESIAN_POINT('',(0.924999999999999,2.35,0.0399999999999962));
#3829=CARTESIAN_POINT('',(2.06499999999999,2.35,0.0399999999999979));
#3830=VECTOR('',#4831,1.0);
#3831=CARTESIAN_POINT('',(0.925,4.25,0.039999999999991));
#3832=CARTESIAN_POINT('',(0.924999999999999,2.35,0.0399999999999962));
#3833=VECTOR('',#4832,1.0);
#3834=CARTESIAN_POINT('',(-5.425,4.25,0.0399999999999858));
#3835=CARTESIAN_POINT('',(0.924999999999995,4.25,0.0399999999999962));
#3836=VECTOR('',#4833,1.0);
#3837=CARTESIAN_POINT('',(-5.425,2.35,0.0399999999999849));
#3838=CARTESIAN_POINT('',(-5.425,4.25,0.0399999999999858));
#3839=VECTOR('',#4834,1.0);
#3840=CARTESIAN_POINT('',(-6.565,2.35,0.0399999999999977));
#3841=CARTESIAN_POINT('',(-5.42500000000001,2.35,0.0399999999999858));
#3842=VECTOR('',#4835,1.0);
#3843=CARTESIAN_POINT('',(-6.565,3.85,0.0399999999999977));
#3844=CARTESIAN_POINT('',(-6.565,3.85,0.0399999999999977));
#3845=VECTOR('',#4836,1.0);
#3846=CARTESIAN_POINT('',(-7.125,3.85,0.0399999999999977));
#3847=CARTESIAN_POINT('',(-7.125,3.85,0.0399999999999977));
#3848=VECTOR('',#4837,1.0);
#3849=CARTESIAN_POINT('',(-7.125,8.15,0.0399999999999828));
#3850=CARTESIAN_POINT('',(-7.125,8.15,0.0399999999999828));
#3851=VECTOR('',#4838,1.0);
#3852=CARTESIAN_POINT('',(-4.65,8.15,0.0399999999999871));
#3853=CARTESIAN_POINT('',(-7.125,8.15,0.0399999999999829));
#3854=VECTOR('',#4839,1.0);
#3855=CARTESIAN_POINT('',(-4.65,8.15,0.0399999999999871));
#3856=VECTOR('',#4840,1.0);
#3857=CARTESIAN_POINT('',(-4.35,8.15,0.310501256289297));
#3858=CARTESIAN_POINT('',(-4.35,8.15,0.0));
#3859=VECTOR('',#4841,1.0);
#3860=CARTESIAN_POINT('',(-4.65,8.15,0.310501256289297));
#3861=CARTESIAN_POINT('',(-4.35,8.15,0.310501256289297));
#3862=VECTOR('',#4842,1.0);
#3863=CARTESIAN_POINT('',(-4.65,8.15,0.0));
#3864=VECTOR('',#4843,1.0);
#3865=CARTESIAN_POINT('',(-7.125,8.15,1.99999999999998));
#3866=CARTESIAN_POINT('',(-7.125,8.15,1.99999999999998));
#3867=VECTOR('',#4844,1.0);
#3868=CARTESIAN_POINT('',(2.625,8.15,2.0));
#3869=CARTESIAN_POINT('',(2.625,8.15,2.0));
#3870=VECTOR('',#4845,1.0);
#3871=CARTESIAN_POINT('',(2.625,8.15,0.0399999999999991));
#3872=VECTOR('',#4846,1.0);
#3873=CARTESIAN_POINT('',(0.15,8.15,0.310501256289297));
#3874=CARTESIAN_POINT('',(0.15,8.15,0.0));
#3875=VECTOR('',#4847,1.0);
#3876=CARTESIAN_POINT('',(-0.15,8.15,0.310501256289297));
#3877=CARTESIAN_POINT('',(0.15,8.15,0.310501256289297));
#3878=VECTOR('',#4848,1.0);
#3879=CARTESIAN_POINT('',(-0.15,8.15,0.0));
#3880=VECTOR('',#4849,1.0);
#3881=CARTESIAN_POINT('',(-1.35,8.15,0.310501256289297));
#3882=CARTESIAN_POINT('',(-1.35,8.15,0.0));
#3883=VECTOR('',#4850,1.0);
#3884=CARTESIAN_POINT('',(-1.65,8.15,0.310501256289297));
#3885=CARTESIAN_POINT('',(-1.35,8.15,0.310501256289297));
#3886=VECTOR('',#4851,1.0);
#3887=CARTESIAN_POINT('',(-1.65,8.15,0.0));
#3888=VECTOR('',#4852,1.0);
#3889=CARTESIAN_POINT('',(-2.85,8.15,0.310501256289297));
#3890=CARTESIAN_POINT('',(-2.85,8.15,0.0));
#3891=VECTOR('',#4853,1.0);
#3892=CARTESIAN_POINT('',(-3.15,8.15,0.310501256289297));
#3893=CARTESIAN_POINT('',(-2.85,8.15,0.310501256289297));
#3894=VECTOR('',#4854,1.0);
#3895=CARTESIAN_POINT('',(-3.15,8.15,0.0));
#3896=VECTOR('',#4855,1.0);
#3897=CARTESIAN_POINT('',(2.225,6.4,0.439999999999996));
#3898=CARTESIAN_POINT('',(2.225,6.4,1.71000000000008));
#3899=CARTESIAN_POINT('',(2.225,6.4,0.439999999999996));
#3900=VECTOR('',#4856,1.0);
#3901=CARTESIAN_POINT('',(2.235,6.4,0.439999999999996));
#3902=CARTESIAN_POINT('',(2.235,6.4,0.439999999999996));
#3903=VECTOR('',#4857,1.0);
#3904=CARTESIAN_POINT('',(2.235,6.4,1.71000000000008));
#3905=CARTESIAN_POINT('',(2.235,6.4,0.439999999999996));
#3906=VECTOR('',#4858,1.0);
#3907=CARTESIAN_POINT('',(2.235,6.4,1.71000000000008));
#3908=VECTOR('',#4859,1.0);
#3909=CARTESIAN_POINT('',(-2.855,4.6,0.369999999999994));
#3910=CARTESIAN_POINT('',(-2.855,4.7,0.369999999999994));
#3911=CARTESIAN_POINT('',(-2.855,4.6,0.369999999999994));
#3912=VECTOR('',#4860,1.0);
#3913=CARTESIAN_POINT('',(-3.145,4.7,0.369999999999994));
#3914=CARTESIAN_POINT('',(-2.85,4.7,0.36999999999996));
#3915=VECTOR('',#4861,1.0);
#3916=CARTESIAN_POINT('',(-3.145,4.6,0.369999999999994));
#3917=CARTESIAN_POINT('',(-3.145,6.4,0.369999999999994));
#3918=VECTOR('',#4862,1.0);
#3919=CARTESIAN_POINT('',(-3.145,4.6,0.369999999999994));
#3920=VECTOR('',#4863,1.0);
#3921=CARTESIAN_POINT('',(-1.355,4.6,0.369999999999994));
#3922=CARTESIAN_POINT('',(-1.355,4.7,0.369999999999994));
#3923=CARTESIAN_POINT('',(-1.355,4.6,0.369999999999994));
#3924=VECTOR('',#4864,1.0);
#3925=CARTESIAN_POINT('',(-1.645,4.7,0.369999999999994));
#3926=CARTESIAN_POINT('',(-1.35,4.7,0.36999999999996));
#3927=VECTOR('',#4865,1.0);
#3928=CARTESIAN_POINT('',(-1.645,4.6,0.369999999999994));
#3929=CARTESIAN_POINT('',(-1.645,6.4,0.369999999999994));
#3930=VECTOR('',#4866,1.0);
#3931=CARTESIAN_POINT('',(-1.645,4.6,0.369999999999994));
#3932=VECTOR('',#4867,1.0);
#3933=CARTESIAN_POINT('',(0.145,4.6,0.369999999999994));
#3934=CARTESIAN_POINT('',(0.145000000000001,4.7,0.369999999999994));
#3935=CARTESIAN_POINT('',(0.145,4.6,0.369999999999994));
#3936=VECTOR('',#4868,1.0);
#3937=CARTESIAN_POINT('',(-0.145,4.7,0.369999999999994));
#3938=CARTESIAN_POINT('',(0.15,4.7,0.36999999999996));
#3939=VECTOR('',#4869,1.0);
#3940=CARTESIAN_POINT('',(-0.145,4.6,0.369999999999994));
#3941=CARTESIAN_POINT('',(-0.144999999999999,6.4,0.369999999999994));
#3942=VECTOR('',#4870,1.0);
#3943=CARTESIAN_POINT('',(-0.145,4.6,0.369999999999994));
#3944=VECTOR('',#4871,1.0);
#3945=CARTESIAN_POINT('',(2.075,2.2,0.439999999999996));
#3946=CARTESIAN_POINT('',(2.075,2.05,0.439999999999996));
#3947=VECTOR('',#4872,1.0);
#3948=CARTESIAN_POINT('',(0.924999999999999,2.35,0.439999999999996));
#3949=CARTESIAN_POINT('',(0.924999999999999,2.35,0.439999999999996));
#3950=VECTOR('',#4873,1.0);
#3951=CARTESIAN_POINT('',(2.065,2.35,0.439999999999996));
#3952=CARTESIAN_POINT('',(2.065,2.35,0.439999999999996));
#3953=VECTOR('',#4874,1.0);
#3954=CARTESIAN_POINT('',(2.065,2.05,0.439999999999996));
#3955=CARTESIAN_POINT('',(2.065,2.05,0.439999999999996));
#3956=VECTOR('',#4875,1.0);
#3957=CARTESIAN_POINT('',(2.235,2.05,0.439999999999996));
#3958=CARTESIAN_POINT('',(2.235,2.05,0.439999999999996));
#3959=VECTOR('',#4876,1.0);
#3960=CARTESIAN_POINT('',(2.235,2.05,0.439999999999996));
#3961=VECTOR('',#4877,1.0);
#3962=CARTESIAN_POINT('',(2.225,2.2,0.439999999999996));
#3963=CARTESIAN_POINT('',(2.225,2.05,0.439999999999996));
#3964=VECTOR('',#4878,1.0);
#3965=CARTESIAN_POINT('',(2.235,2.2,0.439999999999996));
#3966=VECTOR('',#4879,1.0);
#3967=CARTESIAN_POINT('',(1.175,5.35,1.76000000000008));
#3968=CARTESIAN_POINT('',(0.675,5.35,1.76000000000008));
#3969=CARTESIAN_POINT('',(1.175,5.35,1.76000000000008));
#3970=VECTOR('',#4880,1.0);
#3971=CARTESIAN_POINT('',(1.175,5.35,2.0));
#3972=CARTESIAN_POINT('',(1.175,5.35,-0.870999999999184));
#3973=VECTOR('',#4881,1.0);
#3974=CARTESIAN_POINT('',(0.675,5.35,2.0));
#3975=CARTESIAN_POINT('',(1.175,5.35,2.0));
#3976=VECTOR('',#4882,1.0);
#3977=CARTESIAN_POINT('',(0.675,5.35,-0.870999999999185));
#3978=VECTOR('',#4883,1.0);
#3979=CARTESIAN_POINT('',(0.675,4.05,1.76000000000008));
#3980=CARTESIAN_POINT('',(0.675,5.35,1.76000000000008));
#3981=VECTOR('',#4884,1.0);
#3982=CARTESIAN_POINT('',(0.675,4.05,2.0));
#3983=CARTESIAN_POINT('',(0.675,5.35,2.0));
#3984=VECTOR('',#4885,1.0);
#3985=CARTESIAN_POINT('',(0.675,4.05,-0.870999999999185));
#3986=VECTOR('',#4886,1.0);
#3987=CARTESIAN_POINT('',(-5.175,4.05,1.76000000000008));
#3988=CARTESIAN_POINT('',(-5.175,5.35,1.76000000000008));
#3989=CARTESIAN_POINT('',(-5.175,4.05,1.76000000000008));
#3990=VECTOR('',#4887,1.0);
#3991=CARTESIAN_POINT('',(-5.175,4.05,2.0));
#3992=CARTESIAN_POINT('',(-5.175,4.05,-0.870999999999187));
#3993=VECTOR('',#4888,1.0);
#3994=CARTESIAN_POINT('',(-5.175,5.35,2.0));
#3995=CARTESIAN_POINT('',(-5.175,4.05,2.0));
#3996=VECTOR('',#4889,1.0);
#3997=CARTESIAN_POINT('',(-5.175,5.35,-0.870999999999187));
#3998=VECTOR('',#4890,1.0);
#3999=CARTESIAN_POINT('',(-5.675,5.35,1.76000000000008));
#4000=CARTESIAN_POINT('',(-5.175,5.35,1.76000000000008));
#4001=VECTOR('',#4891,1.0);
#4002=CARTESIAN_POINT('',(-5.675,5.34999999999999,2.0));
#4003=CARTESIAN_POINT('',(-5.175,5.35,2.0));
#4004=VECTOR('',#4892,1.0);
#4005=CARTESIAN_POINT('',(-5.675,5.34999999999999,-0.870999999999187));
#4006=VECTOR('',#4893,1.0);
#4007=CARTESIAN_POINT('',(-5.425,4.25,0.239999999999995));
#4008=CARTESIAN_POINT('',(0.924999999999999,4.25,0.239999999999994));
#4009=CARTESIAN_POINT('',(0.925000000000001,4.25,0.239999999999994));
#4010=VECTOR('',#4894,1.0);
#4011=CARTESIAN_POINT('',(-5.425,4.25,-3.51999999999997));
#4012=VECTOR('',#4895,1.0);
#4013=CARTESIAN_POINT('',(0.925,4.25,-3.51999999999997));
#4014=VECTOR('',#4896,1.0);
#4015=CARTESIAN_POINT('',(-2.55,4.85,1.76000000000008));
#4016=CARTESIAN_POINT('',(-1.95,4.85,1.76000000000008));
#4017=CARTESIAN_POINT('',(-2.55,4.85,1.76000000000008));
#4018=VECTOR('',#4897,1.0);
#4019=CARTESIAN_POINT('',(-2.55,4.85,2.0));
#4020=CARTESIAN_POINT('',(-2.55,4.85,-0.870999999999202));
#4021=VECTOR('',#4898,1.0);
#4022=CARTESIAN_POINT('',(-1.95,4.85,2.0));
#4023=CARTESIAN_POINT('',(-2.55,4.85,2.0));
#4024=VECTOR('',#4899,1.0);
#4025=CARTESIAN_POINT('',(-1.95,4.85,-0.870999999999202));
#4026=VECTOR('',#4900,1.0);
#4027=CARTESIAN_POINT('',(-2.55,5.75,1.76000000000008));
#4028=CARTESIAN_POINT('',(-2.55,5.75,1.76000000000008));
#4029=VECTOR('',#4901,1.0);
#4030=CARTESIAN_POINT('',(-2.55,5.75,2.0));
#4031=CARTESIAN_POINT('',(-2.55,5.75,-0.870999999999202));
#4032=VECTOR('',#4902,1.0);
#4033=CARTESIAN_POINT('',(-2.55,5.75,2.0));
#4034=VECTOR('',#4903,1.0);
#4035=CARTESIAN_POINT('',(-1.95,5.75,1.76000000000008));
#4036=CARTESIAN_POINT('',(-1.95,4.85,1.76000000000008));
#4037=VECTOR('',#4904,1.0);
#4038=CARTESIAN_POINT('',(-1.95,5.75,1.99999999999999));
#4039=CARTESIAN_POINT('',(-1.95,4.85,2.0));
#4040=VECTOR('',#4905,1.0);
#4041=CARTESIAN_POINT('',(-1.95,5.75,-0.870999999999202));
#4042=VECTOR('',#4906,1.0);
#4043=CARTESIAN_POINT('',(-1.95,5.75,1.76000000000008));
#4044=VECTOR('',#4907,1.0);
#4045=CARTESIAN_POINT('',(-1.95,5.75,2.0));
#4046=VECTOR('',#4908,1.0);
#4047=CARTESIAN_POINT('',(-7.125,2.05,1.99999999999998));
#4048=CARTESIAN_POINT('',(-7.125,2.05,0.199999999999998));
#4049=CARTESIAN_POINT('',(-7.125,2.05,1.99999999999998));
#4050=VECTOR('',#4909,1.0);
#4051=CARTESIAN_POINT('',(-6.565,2.05,0.199999999999998));
#4052=CARTESIAN_POINT('',(-6.565,2.05,0.199999999999998));
#4053=VECTOR('',#4910,1.0);
#4054=CARTESIAN_POINT('',(-6.565,2.05,-3.51999999999997));
#4055=VECTOR('',#4911,1.0);
#4056=CARTESIAN_POINT('',(-6.735,2.05,1.71000000000008));
#4057=VECTOR('',#4912,1.0);
#4058=CARTESIAN_POINT('',(-5.675,2.05,2.0));
#4059=CARTESIAN_POINT('',(-5.675,2.05,-0.870999999999187));
#4060=VECTOR('',#4913,1.0);
#4061=CARTESIAN_POINT('',(2.625,2.05,2.0));
#4062=VECTOR('',#4914,1.0);
#4063=CARTESIAN_POINT('',(2.065,2.05,-3.51999999999997));
#4064=VECTOR('',#4915,1.0);
#4065=CARTESIAN_POINT('',(2.625,2.05,2.0));
#4066=CARTESIAN_POINT('',(2.625,2.05,0.0399999999999991));
#4067=VECTOR('',#4916,1.0);
#4068=CARTESIAN_POINT('',(1.175,2.05,2.0));
#4069=CARTESIAN_POINT('',(2.625,2.05,2.0));
#4070=VECTOR('',#4917,1.0);
#4071=CARTESIAN_POINT('',(1.175,2.05,1.71000000000008));
#4072=CARTESIAN_POINT('',(1.175,2.05,-0.870999999999185));
#4073=VECTOR('',#4918,1.0);
#4074=CARTESIAN_POINT('',(2.235,2.05,1.71000000000008));
#4075=CARTESIAN_POINT('',(2.235,2.05,1.71000000000008));
#4076=VECTOR('',#4919,1.0);
#4077=CARTESIAN_POINT('',(2.235,2.05,1.71000000000008));
#4078=VECTOR('',#4920,1.0);
#4079=CARTESIAN_POINT('',(-7.125,3.85,0.199999999999998));
#4080=CARTESIAN_POINT('',(-7.125,3.85,0.199999999999998));
#4081=VECTOR('',#4921,1.0);
#4082=CARTESIAN_POINT('',(-7.125,2.05,0.199999999999998));
#4083=VECTOR('',#4922,1.0);
#4084=CARTESIAN_POINT('',(-7.125,8.15,1.99999999999998));
#4085=VECTOR('',#4923,1.0);
#4086=CARTESIAN_POINT('',(2.075,4.9,1.71000000000008));
#4087=CARTESIAN_POINT('',(2.075,6.4,1.71000000000008));
#4088=VECTOR('',#4924,1.0);
#4089=CARTESIAN_POINT('',(2.225,4.9,1.71000000000008));
#4090=CARTESIAN_POINT('',(2.235,4.9,1.71000000000008));
#4091=VECTOR('',#4925,1.0);
#4092=CARTESIAN_POINT('',(2.225,6.4,1.71000000000008));
#4093=VECTOR('',#4926,1.0);
#4094=CARTESIAN_POINT('',(2.235,6.4,1.71000000000008));
#4095=VECTOR('',#4927,1.0);
#4096=CARTESIAN_POINT('',(1.175,4.75,1.71000000000008));
#4097=CARTESIAN_POINT('',(1.175,2.05,1.71000000000008));
#4098=VECTOR('',#4928,1.0);
#4099=CARTESIAN_POINT('',(2.065,4.75,1.71000000000008));
#4100=CARTESIAN_POINT('',(2.065,4.75,1.71000000000008));
#4101=VECTOR('',#4929,1.0);
#4102=CARTESIAN_POINT('',(2.065,4.75,1.71000000000008));
#4103=VECTOR('',#4930,1.0);
#4104=CARTESIAN_POINT('',(2.625,3.85,0.2));
#4105=VECTOR('',#4931,1.0);
#4106=CARTESIAN_POINT('',(2.625,8.15,2.0));
#4107=VECTOR('',#4932,1.0);
#4108=CARTESIAN_POINT('',(-4.805,4.91,2.0));
#4109=CARTESIAN_POINT('',(-4.555,4.41,2.0));
#4110=CARTESIAN_POINT('',(-4.805,4.91,2.0));
#4111=VECTOR('',#4933,1.0);
#4112=CARTESIAN_POINT('',(-4.305,4.91,1.99999999999999));
#4113=CARTESIAN_POINT('',(-4.305,4.91,2.0));
#4114=VECTOR('',#4934,1.0);
#4115=CARTESIAN_POINT('',(-4.555,4.41,2.0));
#4116=VECTOR('',#4935,1.0);
#4117=CARTESIAN_POINT('',(-5.675,5.34999999999999,2.0));
#4118=VECTOR('',#4936,1.0);
#4119=CARTESIAN_POINT('',(0.675,4.05,2.0));
#4120=VECTOR('',#4937,1.0);
#4121=CARTESIAN_POINT('',(1.175,2.05,2.0));
#4122=VECTOR('',#4938,1.0);
#4123=CARTESIAN_POINT('',(1.175,-16.865,1.76000000000008));
#4124=VECTOR('',#4939,1.0);
#4125=CARTESIAN_POINT('',(1.175,4.75,1.54000000000008));
#4126=CARTESIAN_POINT('',(1.175,4.75,1.54000000000008));
#4127=VECTOR('',#4940,1.0);
#4128=CARTESIAN_POINT('',(1.175,4.75,1.71000000000008));
#4129=VECTOR('',#4941,1.0);
#4130=CARTESIAN_POINT('',(1.175,4.05,1.76000000000008));
#4131=VECTOR('',#4942,1.0);
#4132=CARTESIAN_POINT('',(-5.675,4.75,1.54));
#4133=CARTESIAN_POINT('',(-5.675,4.75,1.54));
#4134=VECTOR('',#4943,1.0);
#4135=CARTESIAN_POINT('',(-5.675,4.75,1.54));
#4136=VECTOR('',#4944,1.0);
#4137=CARTESIAN_POINT('',(-5.675,-16.865,1.76000000000008));
#4138=VECTOR('',#4945,1.0);
#4139=CARTESIAN_POINT('',(2.065,2.35,-3.51999999999997));
#4140=VECTOR('',#4946,1.0);
#4141=CARTESIAN_POINT('',(0.924999999999999,2.35,-3.51999999999997));
#4142=VECTOR('',#4947,1.0);
#4143=CARTESIAN_POINT('',(2.065,2.35,-3.51999999999997));
#4144=VECTOR('',#4948,1.0);
#4145=CARTESIAN_POINT('',(0.924999999999999,-16.865,0.239999999999994));
#4146=VECTOR('',#4949,1.0);
#4147=CARTESIAN_POINT('',(-6.565,2.35,0.199999999999998));
#4148=CARTESIAN_POINT('',(-6.565,3.85,0.199999999999998));
#4149=VECTOR('',#4950,1.0);
#4150=CARTESIAN_POINT('',(-6.565,2.35,-3.51999999999997));
#4151=VECTOR('',#4951,1.0);
#4152=CARTESIAN_POINT('',(-5.425,-16.865,0.239999999999995));
#4153=VECTOR('',#4952,1.0);
#4154=CARTESIAN_POINT('',(-5.425,2.35,-3.51999999999997));
#4155=VECTOR('',#4953,1.0);
#4156=CARTESIAN_POINT('',(-6.565,2.35,-3.51999999999997));
#4157=VECTOR('',#4954,1.0);
#4158=CARTESIAN_POINT('',(-6.565,4.75,1.53999999999999));
#4159=CARTESIAN_POINT('',(-6.565,4.75,1.53999999999999));
#4160=VECTOR('',#4955,1.0);
#4161=CARTESIAN_POINT('',(-6.565,4.75,1.71000000000008));
#4162=VECTOR('',#4956,1.0);
#4163=CARTESIAN_POINT('',(-6.565,4.75,1.53999999999999));
#4164=VECTOR('',#4957,1.0);
#4165=CARTESIAN_POINT('',(2.065,4.75,1.54000000000008));
#4166=CARTESIAN_POINT('',(2.065,4.75,1.54000000000008));
#4167=VECTOR('',#4958,1.0);
#4168=CARTESIAN_POINT('',(1.175,4.75,1.54000000000008));
#4169=VECTOR('',#4959,1.0);
#4170=CARTESIAN_POINT('',(2.065,4.75,1.54000000000008));
#4171=VECTOR('',#4960,1.0);
#4172=CARTESIAN_POINT('',(-6.565,3.85,0.199999999999998));
#4173=CARTESIAN_POINT('',(-6.565,3.85,0.199999999999998));
#4174=VECTOR('',#4961,1.0);
#4175=CARTESIAN_POINT('',(-6.565,3.85,0.199999999999998));
#4176=VECTOR('',#4962,1.0);
#4177=CARTESIAN_POINT('',(-7.125,3.85,0.199999999999998));
#4178=VECTOR('',#4963,1.0);
#4179=CARTESIAN_POINT('',(-6.58005102572169,2.2,0.199999999999998));
#4180=CARTESIAN_POINT('',(-6.73839745962156,2.2,0.199999999999998));
#4181=CARTESIAN_POINT('',(0.0,2.2,0.199999999999998));
#4182=VECTOR('',#4964,1.0);
#4183=CARTESIAN_POINT('',(-6.58005102572169,3.7,0.199999999999998));
#4184=CARTESIAN_POINT('',(-6.58005102572169,2.2,0.199999999999998));
#4185=VECTOR('',#4965,1.0);
#4186=CARTESIAN_POINT('',(-6.73839745962156,3.7,0.199999999999998));
#4187=CARTESIAN_POINT('',(0.0,3.7,0.199999999999998));
#4188=VECTOR('',#4966,1.0);
#4189=CARTESIAN_POINT('',(-6.73839745962156,2.2,0.199999999999998));
#4190=VECTOR('',#4967,1.0);
#4191=CARTESIAN_POINT('',(2.065,3.85,0.199999999999999));
#4192=VECTOR('',#4968,1.0);
#4193=CARTESIAN_POINT('',(-4.645,4.6,0.239999999999995));
#4194=CARTESIAN_POINT('',(-4.645,6.4,0.239999999999994));
#4195=VECTOR('',#4969,1.0);
#4196=CARTESIAN_POINT('',(0.145,4.6,0.239999999999994));
#4197=CARTESIAN_POINT('',(0.145,4.6,0.239999999999994));
#4198=VECTOR('',#4970,1.0);
#4199=CARTESIAN_POINT('',(-0.145,4.6,0.239999999999994));
#4200=CARTESIAN_POINT('',(-0.145,4.6,0.239999999999994));
#4201=VECTOR('',#4971,1.0);
#4202=CARTESIAN_POINT('',(-0.144999999999999,6.4,0.239999999999994));
#4203=VECTOR('',#4972,1.0);
#4204=CARTESIAN_POINT('',(-1.355,4.6,0.239999999999994));
#4205=CARTESIAN_POINT('',(-1.355,4.6,0.239999999999994));
#4206=VECTOR('',#4973,1.0);
#4207=CARTESIAN_POINT('',(-1.645,4.6,0.239999999999994));
#4208=CARTESIAN_POINT('',(-1.645,4.6,0.239999999999994));
#4209=VECTOR('',#4974,1.0);
#4210=CARTESIAN_POINT('',(-1.645,6.4,0.239999999999994));
#4211=VECTOR('',#4975,1.0);
#4212=CARTESIAN_POINT('',(-2.855,4.6,0.239999999999994));
#4213=CARTESIAN_POINT('',(-2.855,4.6,0.239999999999994));
#4214=VECTOR('',#4976,1.0);
#4215=CARTESIAN_POINT('',(-3.145,4.6,0.239999999999995));
#4216=CARTESIAN_POINT('',(-3.145,4.6,0.239999999999994));
#4217=VECTOR('',#4977,1.0);
#4218=CARTESIAN_POINT('',(-3.145,6.4,0.239999999999994));
#4219=VECTOR('',#4978,1.0);
#4220=CARTESIAN_POINT('',(-4.355,4.6,0.239999999999994));
#4221=CARTESIAN_POINT('',(-4.355,4.6,0.239999999999994));
#4222=VECTOR('',#4979,1.0);
#4223=CARTESIAN_POINT('',(-4.645,4.6,0.239999999999994));
#4224=VECTOR('',#4980,1.0);
#4225=CARTESIAN_POINT('',(-0.145,4.6,0.369999999999994));
#4226=VECTOR('',#4981,1.0);
#4227=CARTESIAN_POINT('',(-0.144999999999999,6.4,0.369999999999994));
#4228=VECTOR('',#4982,1.0);
#4229=CARTESIAN_POINT('',(0.145,4.6,0.369999999999994));
#4230=VECTOR('',#4983,1.0);
#4231=CARTESIAN_POINT('',(0.145,4.6,0.369999999999994));
#4232=VECTOR('',#4984,1.0);
#4233=CARTESIAN_POINT('',(0.15,4.7,1.08999999999996));
#4234=CARTESIAN_POINT('',(0.15,8.06,1.08999999999996));
#4235=VECTOR('',#4985,1.0);
#4236=CARTESIAN_POINT('',(0.15,4.7,0.36999999999996));
#4237=CARTESIAN_POINT('',(0.15,4.7,1.08999999999996));
#4238=VECTOR('',#4986,1.0);
#4239=CARTESIAN_POINT('',(0.15,4.7,0.36999999999996));
#4240=VECTOR('',#4987,1.0);
#4241=CARTESIAN_POINT('',(-0.15,4.7,1.08999999999996));
#4242=CARTESIAN_POINT('',(-0.15,8.06,1.08999999999996));
#4243=VECTOR('',#4988,1.0);
#4244=CARTESIAN_POINT('',(-0.15,4.7,0.36999999999996));
#4245=CARTESIAN_POINT('',(-0.15,4.7,0.36999999999996));
#4246=VECTOR('',#4989,1.0);
#4247=CARTESIAN_POINT('',(-0.15,4.7,1.08999999999996));
#4248=VECTOR('',#4990,1.0);
#4249=CARTESIAN_POINT('',(0.15,4.7,1.08999999999996));
#4250=VECTOR('',#4991,1.0);
#4251=CARTESIAN_POINT('',(0.15,4.7,0.36999999999996));
#4252=VECTOR('',#4992,1.0);
#4253=CARTESIAN_POINT('',(0.15,4.7,0.36999999999996));
#4254=VECTOR('',#4993,1.0);
#4255=CARTESIAN_POINT('',(-0.15,8.16,0.30999999999996));
#4256=AXIS2_PLACEMENT_3D('',#4994,#4995,#4996);
#4257=CARTESIAN_POINT('',(0.15,8.16,0.30999999999996));
#4258=AXIS2_PLACEMENT_3D('',#4997,#4998,#4999);
#4259=CARTESIAN_POINT('',(0.15,8.16,0.30999999999996));
#4260=VECTOR('',#5000,1.0);
#4261=CARTESIAN_POINT('',(0.15,7.79,-4.01154803819637E-14));
#4262=CARTESIAN_POINT('',(0.15,7.79,0.36999999999996));
#4263=VECTOR('',#5001,1.0);
#4264=CARTESIAN_POINT('',(0.15,8.41,-4.01345623401994E-14));
#4265=CARTESIAN_POINT('',(0.15,7.79,-4.01345623401994E-14));
#4266=VECTOR('',#5002,1.0);
#4267=CARTESIAN_POINT('',(0.15,8.49,0.0799999999999598));
#4268=CARTESIAN_POINT('',(0.15,8.41,-4.00790511889682E-14));
#4269=VECTOR('',#5003,1.0);
#4270=CARTESIAN_POINT('',(0.15,8.49,0.30999999999996));
#4271=CARTESIAN_POINT('',(0.15,8.49,0.0799999999999598));
#4272=VECTOR('',#5004,1.0);
#4273=CARTESIAN_POINT('',(0.15,8.49,0.30999999999996));
#4274=VECTOR('',#5005,1.0);
#4275=CARTESIAN_POINT('',(-0.15,7.79,-4.01154803819637E-14));
#4276=CARTESIAN_POINT('',(-0.15,7.79,0.36999999999996));
#4277=VECTOR('',#5006,1.0);
#4278=CARTESIAN_POINT('',(-0.15,8.49,0.30999999999996));
#4279=CARTESIAN_POINT('',(-0.15,8.49,0.30999999999996));
#4280=VECTOR('',#5007,1.0);
#4281=CARTESIAN_POINT('',(-0.15,8.49,0.0799999999999598));
#4282=CARTESIAN_POINT('',(-0.15,8.49,0.0799999999999598));
#4283=VECTOR('',#5008,1.0);
#4284=CARTESIAN_POINT('',(-0.15,8.41,-4.01345623401994E-14));
#4285=CARTESIAN_POINT('',(-0.15,8.41,-4.00790511889682E-14));
#4286=VECTOR('',#5009,1.0);
#4287=CARTESIAN_POINT('',(-0.15,7.79,-4.01345623401994E-14));
#4288=VECTOR('',#5010,1.0);
#4289=CARTESIAN_POINT('',(0.15,7.79,-4.01154803819637E-14));
#4290=VECTOR('',#5011,1.0);
#4291=CARTESIAN_POINT('',(0.15,8.41,-4.01345623401994E-14));
#4292=VECTOR('',#5012,1.0);
#4293=CARTESIAN_POINT('',(0.15,8.49,0.0799999999999598));
#4294=VECTOR('',#5013,1.0);
#4295=CARTESIAN_POINT('',(0.15,8.49,0.30999999999996));
#4296=VECTOR('',#5014,1.0);
#4297=CARTESIAN_POINT('',(-1.645,4.6,0.369999999999994));
#4298=VECTOR('',#5015,1.0);
#4299=CARTESIAN_POINT('',(-1.645,6.4,0.369999999999994));
#4300=VECTOR('',#5016,1.0);
#4301=CARTESIAN_POINT('',(-1.355,4.6,0.369999999999994));
#4302=VECTOR('',#5017,1.0);
#4303=CARTESIAN_POINT('',(-1.355,4.6,0.369999999999994));
#4304=VECTOR('',#5018,1.0);
#4305=CARTESIAN_POINT('',(-1.35,4.7,1.08999999999996));
#4306=CARTESIAN_POINT('',(-1.35,8.06,1.08999999999996));
#4307=VECTOR('',#5019,1.0);
#4308=CARTESIAN_POINT('',(-1.35,4.7,0.36999999999996));
#4309=CARTESIAN_POINT('',(-1.35,4.7,1.08999999999996));
#4310=VECTOR('',#5020,1.0);
#4311=CARTESIAN_POINT('',(-1.35,4.7,0.36999999999996));
#4312=VECTOR('',#5021,1.0);
#4313=CARTESIAN_POINT('',(-1.65,4.7,1.08999999999996));
#4314=CARTESIAN_POINT('',(-1.65,8.06,1.08999999999996));
#4315=VECTOR('',#5022,1.0);
#4316=CARTESIAN_POINT('',(-1.65,4.7,0.36999999999996));
#4317=CARTESIAN_POINT('',(-1.65,4.7,0.36999999999996));
#4318=VECTOR('',#5023,1.0);
#4319=CARTESIAN_POINT('',(-1.65,4.7,1.08999999999996));
#4320=VECTOR('',#5024,1.0);
#4321=CARTESIAN_POINT('',(-1.35,4.7,1.08999999999996));
#4322=VECTOR('',#5025,1.0);
#4323=CARTESIAN_POINT('',(-1.35,4.7,0.36999999999996));
#4324=VECTOR('',#5026,1.0);
#4325=CARTESIAN_POINT('',(-1.35,4.7,0.36999999999996));
#4326=VECTOR('',#5027,1.0);
#4327=CARTESIAN_POINT('',(-1.65,8.16,0.30999999999996));
#4328=AXIS2_PLACEMENT_3D('',#5028,#5029,#5030);
#4329=CARTESIAN_POINT('',(-1.35,8.16,0.30999999999996));
#4330=AXIS2_PLACEMENT_3D('',#5031,#5032,#5033);
#4331=CARTESIAN_POINT('',(-1.35,8.16,0.30999999999996));
#4332=VECTOR('',#5034,1.0);
#4333=CARTESIAN_POINT('',(-1.35,7.79,-4.01154803819637E-14));
#4334=CARTESIAN_POINT('',(-1.35,7.79,0.36999999999996));
#4335=VECTOR('',#5035,1.0);
#4336=CARTESIAN_POINT('',(-1.35,8.41,-4.01345623401994E-14));
#4337=CARTESIAN_POINT('',(-1.35,7.79,-4.01345623401994E-14));
#4338=VECTOR('',#5036,1.0);
#4339=CARTESIAN_POINT('',(-1.35,8.49,0.0799999999999598));
#4340=CARTESIAN_POINT('',(-1.35,8.41,-4.00790511889682E-14));
#4341=VECTOR('',#5037,1.0);
#4342=CARTESIAN_POINT('',(-1.35,8.49,0.30999999999996));
#4343=CARTESIAN_POINT('',(-1.35,8.49,0.0799999999999598));
#4344=VECTOR('',#5038,1.0);
#4345=CARTESIAN_POINT('',(-1.35,8.49,0.30999999999996));
#4346=VECTOR('',#5039,1.0);
#4347=CARTESIAN_POINT('',(-1.65,7.79,-4.01154803819637E-14));
#4348=CARTESIAN_POINT('',(-1.65,7.79,0.36999999999996));
#4349=VECTOR('',#5040,1.0);
#4350=CARTESIAN_POINT('',(-1.65,8.49,0.30999999999996));
#4351=CARTESIAN_POINT('',(-1.65,8.49,0.30999999999996));
#4352=VECTOR('',#5041,1.0);
#4353=CARTESIAN_POINT('',(-1.65,8.49,0.0799999999999598));
#4354=CARTESIAN_POINT('',(-1.65,8.49,0.0799999999999598));
#4355=VECTOR('',#5042,1.0);
#4356=CARTESIAN_POINT('',(-1.65,8.41,-4.01345623401994E-14));
#4357=CARTESIAN_POINT('',(-1.65,8.41,-4.00790511889682E-14));
#4358=VECTOR('',#5043,1.0);
#4359=CARTESIAN_POINT('',(-1.65,7.79,-4.01345623401994E-14));
#4360=VECTOR('',#5044,1.0);
#4361=CARTESIAN_POINT('',(-1.35,7.79,-4.01154803819637E-14));
#4362=VECTOR('',#5045,1.0);
#4363=CARTESIAN_POINT('',(-1.35,8.41,-4.01345623401994E-14));
#4364=VECTOR('',#5046,1.0);
#4365=CARTESIAN_POINT('',(-1.35,8.49,0.0799999999999598));
#4366=VECTOR('',#5047,1.0);
#4367=CARTESIAN_POINT('',(-1.35,8.49,0.30999999999996));
#4368=VECTOR('',#5048,1.0);
#4369=CARTESIAN_POINT('',(-3.145,4.6,0.369999999999994));
#4370=VECTOR('',#5049,1.0);
#4371=CARTESIAN_POINT('',(-3.145,6.4,0.369999999999994));
#4372=VECTOR('',#5050,1.0);
#4373=CARTESIAN_POINT('',(-2.855,4.6,0.369999999999994));
#4374=VECTOR('',#5051,1.0);
#4375=CARTESIAN_POINT('',(-2.855,4.6,0.369999999999994));
#4376=VECTOR('',#5052,1.0);
#4377=CARTESIAN_POINT('',(-2.85,4.7,1.08999999999996));
#4378=CARTESIAN_POINT('',(-2.85,8.06,1.08999999999996));
#4379=VECTOR('',#5053,1.0);
#4380=CARTESIAN_POINT('',(-2.85,4.7,0.36999999999996));
#4381=CARTESIAN_POINT('',(-2.85,4.7,1.08999999999996));
#4382=VECTOR('',#5054,1.0);
#4383=CARTESIAN_POINT('',(-2.85,4.7,0.36999999999996));
#4384=VECTOR('',#5055,1.0);
#4385=CARTESIAN_POINT('',(-3.15,4.7,1.08999999999996));
#4386=CARTESIAN_POINT('',(-3.15,8.06,1.08999999999996));
#4387=VECTOR('',#5056,1.0);
#4388=CARTESIAN_POINT('',(-3.15,4.7,0.36999999999996));
#4389=CARTESIAN_POINT('',(-3.15,4.7,0.36999999999996));
#4390=VECTOR('',#5057,1.0);
#4391=CARTESIAN_POINT('',(-3.15,4.7,1.08999999999996));
#4392=VECTOR('',#5058,1.0);
#4393=CARTESIAN_POINT('',(-2.85,4.7,1.08999999999996));
#4394=VECTOR('',#5059,1.0);
#4395=CARTESIAN_POINT('',(-2.85,4.7,0.36999999999996));
#4396=VECTOR('',#5060,1.0);
#4397=CARTESIAN_POINT('',(-2.85,4.7,0.36999999999996));
#4398=VECTOR('',#5061,1.0);
#4399=CARTESIAN_POINT('',(-3.15,8.16,0.30999999999996));
#4400=AXIS2_PLACEMENT_3D('',#5062,#5063,#5064);
#4401=CARTESIAN_POINT('',(-2.85,8.16,0.30999999999996));
#4402=AXIS2_PLACEMENT_3D('',#5065,#5066,#5067);
#4403=CARTESIAN_POINT('',(-2.85,8.16,0.30999999999996));
#4404=VECTOR('',#5068,1.0);
#4405=CARTESIAN_POINT('',(-2.85,7.79,-4.01154803819637E-14));
#4406=CARTESIAN_POINT('',(-2.85,7.79,0.36999999999996));
#4407=VECTOR('',#5069,1.0);
#4408=CARTESIAN_POINT('',(-2.85,8.41,-4.01345623401994E-14));
#4409=CARTESIAN_POINT('',(-2.85,7.79,-4.01345623401994E-14));
#4410=VECTOR('',#5070,1.0);
#4411=CARTESIAN_POINT('',(-2.85,8.49,0.0799999999999598));
#4412=CARTESIAN_POINT('',(-2.85,8.41,-4.00790511889682E-14));
#4413=VECTOR('',#5071,1.0);
#4414=CARTESIAN_POINT('',(-2.85,8.49,0.30999999999996));
#4415=CARTESIAN_POINT('',(-2.85,8.49,0.0799999999999598));
#4416=VECTOR('',#5072,1.0);
#4417=CARTESIAN_POINT('',(-2.85,8.49,0.30999999999996));
#4418=VECTOR('',#5073,1.0);
#4419=CARTESIAN_POINT('',(-3.15,7.79,-4.01154803819637E-14));
#4420=CARTESIAN_POINT('',(-3.15,7.79,0.36999999999996));
#4421=VECTOR('',#5074,1.0);
#4422=CARTESIAN_POINT('',(-3.15,8.49,0.30999999999996));
#4423=CARTESIAN_POINT('',(-3.15,8.49,0.30999999999996));
#4424=VECTOR('',#5075,1.0);
#4425=CARTESIAN_POINT('',(-3.15,8.49,0.0799999999999598));
#4426=CARTESIAN_POINT('',(-3.15,8.49,0.0799999999999598));
#4427=VECTOR('',#5076,1.0);
#4428=CARTESIAN_POINT('',(-3.15,8.41,-4.01345623401994E-14));
#4429=CARTESIAN_POINT('',(-3.15,8.41,-4.00790511889682E-14));
#4430=VECTOR('',#5077,1.0);
#4431=CARTESIAN_POINT('',(-3.15,7.79,-4.01345623401994E-14));
#4432=VECTOR('',#5078,1.0);
#4433=CARTESIAN_POINT('',(-2.85,7.79,-4.01154803819637E-14));
#4434=VECTOR('',#5079,1.0);
#4435=CARTESIAN_POINT('',(-2.85,8.41,-4.01345623401994E-14));
#4436=VECTOR('',#5080,1.0);
#4437=CARTESIAN_POINT('',(-2.85,8.49,0.0799999999999598));
#4438=VECTOR('',#5081,1.0);
#4439=CARTESIAN_POINT('',(-2.85,8.49,0.30999999999996));
#4440=VECTOR('',#5082,1.0);
#4441=CARTESIAN_POINT('',(-4.645,4.6,0.369999999999994));
#4442=VECTOR('',#5083,1.0);
#4443=CARTESIAN_POINT('',(-4.645,6.4,0.369999999999994));
#4444=VECTOR('',#5084,1.0);
#4445=CARTESIAN_POINT('',(-4.355,4.6,0.369999999999994));
#4446=VECTOR('',#5085,1.0);
#4447=CARTESIAN_POINT('',(-4.355,4.6,0.369999999999994));
#4448=VECTOR('',#5086,1.0);
#4449=CARTESIAN_POINT('',(-4.35,4.7,1.08999999999996));
#4450=CARTESIAN_POINT('',(-4.35,8.06,1.08999999999996));
#4451=VECTOR('',#5087,1.0);
#4452=CARTESIAN_POINT('',(-4.35,4.7,0.36999999999996));
#4453=CARTESIAN_POINT('',(-4.35,4.7,1.08999999999996));
#4454=VECTOR('',#5088,1.0);
#4455=CARTESIAN_POINT('',(-4.35,4.7,0.36999999999996));
#4456=VECTOR('',#5089,1.0);
#4457=CARTESIAN_POINT('',(-4.65,4.7,1.08999999999996));
#4458=CARTESIAN_POINT('',(-4.65,8.06,1.08999999999996));
#4459=VECTOR('',#5090,1.0);
#4460=CARTESIAN_POINT('',(-4.65,4.7,0.36999999999996));
#4461=CARTESIAN_POINT('',(-4.65,4.7,0.36999999999996));
#4462=VECTOR('',#5091,1.0);
#4463=CARTESIAN_POINT('',(-4.65,4.7,1.08999999999996));
#4464=VECTOR('',#5092,1.0);
#4465=CARTESIAN_POINT('',(-4.35,4.7,1.08999999999996));
#4466=VECTOR('',#5093,1.0);
#4467=CARTESIAN_POINT('',(-4.35,4.7,0.36999999999996));
#4468=VECTOR('',#5094,1.0);
#4469=CARTESIAN_POINT('',(-4.35,4.7,0.36999999999996));
#4470=VECTOR('',#5095,1.0);
#4471=CARTESIAN_POINT('',(-4.65,8.16,0.30999999999996));
#4472=AXIS2_PLACEMENT_3D('',#5096,#5097,#5098);
#4473=CARTESIAN_POINT('',(-4.35,8.16,0.30999999999996));
#4474=AXIS2_PLACEMENT_3D('',#5099,#5100,#5101);
#4475=CARTESIAN_POINT('',(-4.35,8.16,0.30999999999996));
#4476=VECTOR('',#5102,1.0);
#4477=CARTESIAN_POINT('',(-4.35,7.79,-4.01154803819637E-14));
#4478=CARTESIAN_POINT('',(-4.35,7.79,0.36999999999996));
#4479=VECTOR('',#5103,1.0);
#4480=CARTESIAN_POINT('',(-4.35,8.41,-4.01345623401994E-14));
#4481=CARTESIAN_POINT('',(-4.35,7.79,-4.01345623401994E-14));
#4482=VECTOR('',#5104,1.0);
#4483=CARTESIAN_POINT('',(-4.35,8.49,0.0799999999999598));
#4484=CARTESIAN_POINT('',(-4.35,8.41,-4.00790511889682E-14));
#4485=VECTOR('',#5105,1.0);
#4486=CARTESIAN_POINT('',(-4.35,8.49,0.30999999999996));
#4487=CARTESIAN_POINT('',(-4.35,8.49,0.0799999999999598));
#4488=VECTOR('',#5106,1.0);
#4489=CARTESIAN_POINT('',(-4.35,8.49,0.30999999999996));
#4490=VECTOR('',#5107,1.0);
#4491=CARTESIAN_POINT('',(-4.65,7.79,-4.01154803819637E-14));
#4492=CARTESIAN_POINT('',(-4.65,7.79,0.36999999999996));
#4493=VECTOR('',#5108,1.0);
#4494=CARTESIAN_POINT('',(-4.65,8.49,0.30999999999996));
#4495=CARTESIAN_POINT('',(-4.65,8.49,0.30999999999996));
#4496=VECTOR('',#5109,1.0);
#4497=CARTESIAN_POINT('',(-4.65,8.49,0.0799999999999598));
#4498=CARTESIAN_POINT('',(-4.65,8.49,0.0799999999999598));
#4499=VECTOR('',#5110,1.0);
#4500=CARTESIAN_POINT('',(-4.65,8.41,-4.01345623401994E-14));
#4501=CARTESIAN_POINT('',(-4.65,8.41,-4.00790511889682E-14));
#4502=VECTOR('',#5111,1.0);
#4503=CARTESIAN_POINT('',(-4.65,7.79,-4.01345623401994E-14));
#4504=VECTOR('',#5112,1.0);
#4505=CARTESIAN_POINT('',(-4.35,7.79,-4.01154803819637E-14));
#4506=VECTOR('',#5113,1.0);
#4507=CARTESIAN_POINT('',(-4.35,8.41,-4.01345623401994E-14));
#4508=VECTOR('',#5114,1.0);
#4509=CARTESIAN_POINT('',(-4.35,8.49,0.0799999999999598));
#4510=VECTOR('',#5115,1.0);
#4511=CARTESIAN_POINT('',(-4.35,8.49,0.30999999999996));
#4512=VECTOR('',#5116,1.0);
#4513=CARTESIAN_POINT('',(3.025,3.7,-2.22044604925031E-16));
#4514=CARTESIAN_POINT('',(2.325,3.7,-1.51788304147971E-15));
#4515=CARTESIAN_POINT('',(11.48,3.7,-2.22044604925031E-16));
#4516=VECTOR('',#5117,1.0);
#4517=CARTESIAN_POINT('',(3.025,2.2,-1.38777878078145E-16));
#4518=CARTESIAN_POINT('',(3.025,2.2,-1.38777878078145E-16));
#4519=VECTOR('',#5118,1.0);
#4520=CARTESIAN_POINT('',(2.325,2.2,-1.51788304147971E-15));
#4521=CARTESIAN_POINT('',(2.325,2.2,-4.16333634234434E-16));
#4522=VECTOR('',#5119,1.0);
#4523=CARTESIAN_POINT('',(2.325,2.2,-1.51788304147971E-15));
#4524=VECTOR('',#5120,1.0);
#4525=CARTESIAN_POINT('',(3.025,3.7,0.15));
#4526=CARTESIAN_POINT('',(3.025,3.7,2.42231003773814E-14));
#4527=VECTOR('',#5121,1.0);
#4528=CARTESIAN_POINT('',(3.025,2.2,0.15));
#4529=CARTESIAN_POINT('',(3.025,2.2,0.15));
#4530=VECTOR('',#5122,1.0);
#4531=CARTESIAN_POINT('',(3.025,2.2,0.0));
#4532=VECTOR('',#5123,1.0);
#4533=CARTESIAN_POINT('',(2.325,3.7,0.149999999999999));
#4534=CARTESIAN_POINT('',(3.025,3.7,0.15));
#4535=VECTOR('',#5124,1.0);
#4536=CARTESIAN_POINT('',(2.325,2.2,0.15));
#4537=CARTESIAN_POINT('',(2.325,2.2,0.15));
#4538=VECTOR('',#5125,1.0);
#4539=CARTESIAN_POINT('',(3.025,2.2,0.15));
#4540=VECTOR('',#5126,1.0);
#4541=AXIS2_PLACEMENT_3D('',#5127,#5128,#5129);
#4542=AXIS2_PLACEMENT_3D('',#5130,#5131,#5132);
#4543=AXIS2_PLACEMENT_3D('',#5133,#5134,#5135);
#4544=AXIS2_PLACEMENT_3D('',#5136,#5137,#5138);
#4545=CARTESIAN_POINT('',(2.225,2.2,1.47));
#4546=CARTESIAN_POINT('',(2.225,2.2,0.25));
#4547=VECTOR('',#5139,1.0);
#4548=CARTESIAN_POINT('',(2.025,2.2,1.67));
#4549=AXIS2_PLACEMENT_3D('',#5140,#5141,#5142);
#4550=CARTESIAN_POINT('',(1.225,2.2,1.67));
#4551=CARTESIAN_POINT('',(2.025,2.2,1.67));
#4552=VECTOR('',#5143,1.0);
#4553=CARTESIAN_POINT('',(1.225,2.2,1.52));
#4554=CARTESIAN_POINT('',(1.225,2.2,1.67));
#4555=VECTOR('',#5144,1.0);
#4556=CARTESIAN_POINT('',(2.025,2.2,1.52));
#4557=CARTESIAN_POINT('',(1.225,2.2,1.52));
#4558=VECTOR('',#5145,1.0);
#4559=CARTESIAN_POINT('',(2.075,2.2,1.47));
#4560=AXIS2_PLACEMENT_3D('',#5146,#5147,#5148);
#4561=CARTESIAN_POINT('',(2.075,2.2,1.47));
#4562=VECTOR('',#5149,1.0);
#4563=CARTESIAN_POINT('',(2.075,4.7,1.47));
#4564=CARTESIAN_POINT('',(2.075,2.2,1.47));
#4565=VECTOR('',#5150,1.0);
#4566=CARTESIAN_POINT('',(2.075,4.75,1.42));
#4567=AXIS2_PLACEMENT_3D('',#5151,#5152,#5153);
#4568=CARTESIAN_POINT('',(2.075,4.8,1.42));
#4569=CARTESIAN_POINT('',(2.075,4.75,1.42));
#4570=VECTOR('',#5154,1.0);
#4571=CARTESIAN_POINT('',(2.075,4.9,1.52));
#4572=AXIS2_PLACEMENT_3D('',#5155,#5156,#5157);
#4573=CARTESIAN_POINT('',(2.075,4.9,1.52));
#4574=VECTOR('',#5158,1.0);
#4575=CARTESIAN_POINT('',(2.225,4.9,1.52));
#4576=CARTESIAN_POINT('',(2.225,4.9,1.52));
#4577=VECTOR('',#5159,1.0);
#4578=CARTESIAN_POINT('',(2.225,4.8,1.42));
#4579=AXIS2_PLACEMENT_3D('',#5160,#5161,#5162);
#4580=CARTESIAN_POINT('',(2.225,4.75,1.42));
#4581=CARTESIAN_POINT('',(2.225,4.75,1.42));
#4582=VECTOR('',#5163,1.0);
#4583=CARTESIAN_POINT('',(2.225,4.7,1.47));
#4584=AXIS2_PLACEMENT_3D('',#5164,#5165,#5166);
#4585=CARTESIAN_POINT('',(2.225,2.2,1.47));
#4586=VECTOR('',#5167,1.0);
#4587=CARTESIAN_POINT('',(2.025,4.7,1.67));
#4588=CARTESIAN_POINT('',(1.225,4.7,1.67));
#4589=CARTESIAN_POINT('',(2.025,4.7,1.67));
#4590=VECTOR('',#5168,1.0);
#4591=AXIS2_PLACEMENT_3D('',#5169,#5170,#5171);
#4592=CARTESIAN_POINT('',(0.740000000000018,4.7,1.47));
#4593=VECTOR('',#5172,1.0);
#4594=CARTESIAN_POINT('',(2.025,4.7,1.52));
#4595=AXIS2_PLACEMENT_3D('',#5173,#5174,#5175);
#4596=CARTESIAN_POINT('',(1.225,4.7,1.52));
#4597=CARTESIAN_POINT('',(1.225,4.7,1.52));
#4598=VECTOR('',#5176,1.0);
#4599=CARTESIAN_POINT('',(1.225,4.7,1.67));
#4600=VECTOR('',#5177,1.0);
#4601=CARTESIAN_POINT('',(2.025,2.2,1.67));
#4602=VECTOR('',#5178,1.0);
#4603=CARTESIAN_POINT('',(1.225,2.2,1.67));
#4604=VECTOR('',#5179,1.0);
#4605=CARTESIAN_POINT('',(1.225,2.2,1.52));
#4606=VECTOR('',#5180,1.0);
#4607=CARTESIAN_POINT('',(2.025,2.2,1.52));
#4608=VECTOR('',#5181,1.0);
#4609=CARTESIAN_POINT('',(0.740000000000018,4.75,1.42));
#4610=VECTOR('',#5182,1.0);
#4611=CARTESIAN_POINT('',(0.740000000000019,4.8,1.42));
#4612=VECTOR('',#5183,1.0);
#4613=CARTESIAN_POINT('',(0.740000000000018,4.9,1.52));
#4614=VECTOR('',#5184,1.0);
#4615=CARTESIAN_POINT('',(-6.825,2.2,0.15));
#4616=CARTESIAN_POINT('',(-6.825,3.7,0.149999999999998));
#4617=CARTESIAN_POINT('',(-6.825,2.2,0.15));
#4618=VECTOR('',#5185,1.0);
#4619=CARTESIAN_POINT('',(-7.525,3.7,0.15));
#4620=CARTESIAN_POINT('',(-7.525,3.7,0.15));
#4621=VECTOR('',#5186,1.0);
#4622=CARTESIAN_POINT('',(-7.525,2.2,0.15));
#4623=CARTESIAN_POINT('',(-7.525,2.2,0.15));
#4624=VECTOR('',#5187,1.0);
#4625=CARTESIAN_POINT('',(-7.525,2.2,0.15));
#4626=VECTOR('',#5188,1.0);
#4627=CARTESIAN_POINT('',(-7.525,3.7,-2.22044604925031E-16));
#4628=CARTESIAN_POINT('',(-7.525,3.7,-2.22044604925031E-16));
#4629=VECTOR('',#5189,1.0);
#4630=CARTESIAN_POINT('',(-7.525,2.2,-1.38777878078145E-16));
#4631=CARTESIAN_POINT('',(-7.525,2.2,-1.38777878078145E-16));
#4632=VECTOR('',#5190,1.0);
#4633=CARTESIAN_POINT('',(-7.525,2.2,0.0));
#4634=VECTOR('',#5191,1.0);
#4635=CARTESIAN_POINT('',(-6.825,3.7,-2.22044604925031E-16));
#4636=CARTESIAN_POINT('',(-15.98,3.7,-2.22044604925031E-16));
#4637=VECTOR('',#5192,1.0);
#4638=CARTESIAN_POINT('',(-6.825,2.2,-1.51788304147971E-15));
#4639=CARTESIAN_POINT('',(-6.825,2.2,-1.51788304147971E-15));
#4640=VECTOR('',#5193,1.0);
#4641=CARTESIAN_POINT('',(-6.825,2.2,-4.16333634234434E-16));
#4642=VECTOR('',#5194,1.0);
#4643=AXIS2_PLACEMENT_3D('',#5195,#5196,#5197);
#4644=AXIS2_PLACEMENT_3D('',#5198,#5199,#5200);
#4645=AXIS2_PLACEMENT_3D('',#5201,#5202,#5203);
#4646=AXIS2_PLACEMENT_3D('',#5204,#5205,#5206);
#4647=CARTESIAN_POINT('',(-6.725,2.2,1.47));
#4648=CARTESIAN_POINT('',(-6.725,2.2,0.25));
#4649=VECTOR('',#5207,1.0);
#4650=CARTESIAN_POINT('',(-6.575,2.2,1.47));
#4651=CARTESIAN_POINT('',(-6.575,2.2,1.47));
#4652=VECTOR('',#5208,1.0);
#4653=CARTESIAN_POINT('',(-6.525,2.2,1.52));
#4654=AXIS2_PLACEMENT_3D('',#5209,#5210,#5211);
#4655=CARTESIAN_POINT('',(-5.725,2.2,1.52));
#4656=CARTESIAN_POINT('',(-5.725,2.2,1.52));
#4657=VECTOR('',#5212,1.0);
#4658=CARTESIAN_POINT('',(-5.725,2.2,1.67));
#4659=CARTESIAN_POINT('',(-5.725,2.2,1.67));
#4660=VECTOR('',#5213,1.0);
#4661=CARTESIAN_POINT('',(-6.525,2.2,1.67));
#4662=CARTESIAN_POINT('',(-6.525,2.2,1.67));
#4663=VECTOR('',#5214,1.0);
#4664=AXIS2_PLACEMENT_3D('',#5215,#5216,#5217);
#4665=CARTESIAN_POINT('',(-6.72500000000001,4.7,1.47));
#4666=CARTESIAN_POINT('',(-6.725,2.2,1.47));
#4667=VECTOR('',#5218,1.0);
#4668=CARTESIAN_POINT('',(-6.725,4.75,1.42));
#4669=AXIS2_PLACEMENT_3D('',#5219,#5220,#5221);
#4670=CARTESIAN_POINT('',(-6.725,4.8,1.42));
#4671=CARTESIAN_POINT('',(-6.725,4.75,1.42));
#4672=VECTOR('',#5222,1.0);
#4673=CARTESIAN_POINT('',(-6.725,4.9,1.52));
#4674=AXIS2_PLACEMENT_3D('',#5223,#5224,#5225);
#4675=CARTESIAN_POINT('',(-6.72500000000001,4.9,1.52));
#4676=VECTOR('',#5226,1.0);
#4677=CARTESIAN_POINT('',(-6.57500000000001,4.9,1.52));
#4678=CARTESIAN_POINT('',(-6.57500000000001,4.9,1.52));
#4679=VECTOR('',#5227,1.0);
#4680=CARTESIAN_POINT('',(-6.57500000000001,4.8,1.42));
#4681=AXIS2_PLACEMENT_3D('',#5228,#5229,#5230);
#4682=CARTESIAN_POINT('',(-6.57500000000001,4.75,1.42));
#4683=CARTESIAN_POINT('',(-6.57500000000001,4.75,1.42));
#4684=VECTOR('',#5231,1.0);
#4685=CARTESIAN_POINT('',(-6.57500000000001,4.7,1.47));
#4686=AXIS2_PLACEMENT_3D('',#5232,#5233,#5234);
#4687=CARTESIAN_POINT('',(-6.575,2.2,1.47));
#4688=VECTOR('',#5235,1.0);
#4689=CARTESIAN_POINT('',(-6.525,4.7,1.52));
#4690=AXIS2_PLACEMENT_3D('',#5236,#5237,#5238);
#4691=CARTESIAN_POINT('',(-5.24000000000001,4.7,1.47));
#4692=VECTOR('',#5239,1.0);
#4693=CARTESIAN_POINT('',(-6.525,4.7,1.67));
#4694=AXIS2_PLACEMENT_3D('',#5240,#5241,#5242);
#4695=CARTESIAN_POINT('',(-5.725,4.7,1.67));
#4696=CARTESIAN_POINT('',(-6.525,4.7,1.67));
#4697=VECTOR('',#5243,1.0);
#4698=CARTESIAN_POINT('',(-5.725,4.7,1.52));
#4699=CARTESIAN_POINT('',(-5.725,4.7,1.67));
#4700=VECTOR('',#5244,1.0);
#4701=CARTESIAN_POINT('',(-5.725,4.7,1.52));
#4702=VECTOR('',#5245,1.0);
#4703=CARTESIAN_POINT('',(-6.525,2.2,1.67));
#4704=VECTOR('',#5246,1.0);
#4705=CARTESIAN_POINT('',(-5.725,2.2,1.67));
#4706=VECTOR('',#5247,1.0);
#4707=CARTESIAN_POINT('',(-5.725,2.2,1.52));
#4708=VECTOR('',#5248,1.0);
#4709=CARTESIAN_POINT('',(-6.525,2.2,1.52));
#4710=VECTOR('',#5249,1.0);
#4711=CARTESIAN_POINT('',(-5.24,4.75,1.42));
#4712=VECTOR('',#5250,1.0);
#4713=CARTESIAN_POINT('',(-5.24,4.8,1.42));
#4714=VECTOR('',#5251,1.0);
#4715=CARTESIAN_POINT('',(-5.24000000000001,4.9,1.52));
#4716=VECTOR('',#5252,1.0);
#4717=CARTESIAN_POINT('',(-4.555,4.41,1.99));
#4718=CARTESIAN_POINT('',(-4.555,4.41,1.99));
#4719=VECTOR('',#5253,1.0);
#4720=CARTESIAN_POINT('',(-4.805,4.91,1.99));
#4721=CARTESIAN_POINT('',(-4.805,4.91,1.99));
#4722=VECTOR('',#5254,1.0);
#4723=CARTESIAN_POINT('',(-4.805,4.91,1.99));
#4724=VECTOR('',#5255,1.0);
#4725=CARTESIAN_POINT('',(-4.305,4.91,1.99));
#4726=CARTESIAN_POINT('',(-4.305,4.91,1.99));
#4727=VECTOR('',#5256,1.0);
#4728=CARTESIAN_POINT('',(-4.555,4.41,1.99));
#4729=VECTOR('',#5257,1.0);
#4730=CARTESIAN_POINT('',(-4.305,4.91,1.99));
#4731=VECTOR('',#5258,1.0);
#4732=DIRECTION('',(1.0,0.0,0.0));
#4733=DIRECTION('',(6.10818125343946E-16,1.36592399683204E-15,1.0));
#4734=DIRECTION('',(1.0,0.0,0.0));
#4735=DIRECTION('',(0.0,-1.36592399683204E-15,-1.0));
#4736=DIRECTION('',(1.0,0.0,0.0));
#4737=DIRECTION('',(0.0,-1.36592399683204E-15,-1.0));
#4738=DIRECTION('',(1.0,0.0,0.0));
#4739=DIRECTION('',(0.0,4.336808689942E-15,1.0));
#4740=DIRECTION('',(-1.0,-2.73184799366426E-16,1.23786862212912E-16));
#4741=DIRECTION('',(0.0,0.0,-1.0));
#4742=DIRECTION('',(-1.0,0.0,0.0));
#4743=DIRECTION('',(0.0,-1.36592399683204E-15,-1.0));
#4744=DIRECTION('',(1.0,0.0,0.0));
#4745=DIRECTION('',(0.0,-1.36592399683204E-15,-1.0));
#4746=DIRECTION('',(-1.0,0.0,0.0));
#4747=DIRECTION('',(0.0,0.0,-1.0));
#4748=DIRECTION('',(-1.0,-2.73184799366426E-16,1.23786862212912E-16));
#4749=DIRECTION('',(0.0,0.0,-1.0));
#4750=DIRECTION('',(-1.0,0.0,0.0));
#4751=DIRECTION('',(0.0,-1.36592399683204E-15,-1.0));
#4752=DIRECTION('',(1.0,0.0,0.0));
#4753=DIRECTION('',(0.0,-1.36592399683204E-15,-1.0));
#4754=DIRECTION('',(-1.0,0.0,0.0));
#4755=DIRECTION('',(0.0,0.0,-1.0));
#4756=DIRECTION('',(-1.0,-2.73184799366426E-16,1.23786862212912E-16));
#4757=DIRECTION('',(0.0,0.0,-1.0));
#4758=DIRECTION('',(-1.0,0.0,0.0));
#4759=DIRECTION('',(0.0,-1.36592399683204E-15,-1.0));
#4760=DIRECTION('',(1.0,0.0,0.0));
#4761=DIRECTION('',(0.0,-1.36592399683204E-15,-1.0));
#4762=DIRECTION('',(-1.0,0.0,0.0));
#4763=DIRECTION('',(0.0,0.0,-1.0));
#4764=DIRECTION('',(-1.0,-2.73184799366426E-16,1.23786862212912E-16));
#4765=DIRECTION('',(0.0,0.0,-1.0));
#4766=DIRECTION('',(-1.0,0.0,0.0));
#4767=DIRECTION('',(0.0,-1.36592399683204E-15,-1.0));
#4768=DIRECTION('',(1.0,0.0,0.0));
#4769=DIRECTION('',(0.0,-1.36592399683204E-15,-1.0));
#4770=DIRECTION('',(-1.0,0.0,0.0));
#4771=DIRECTION('',(0.0,0.0,-1.0));
#4772=DIRECTION('',(-1.0,-2.73184799366426E-16,1.23786862212912E-16));
#4773=DIRECTION('',(-1.08420217248551E-15,-4.33680868994204E-15,-1.0));
#4774=DIRECTION('',(1.0,0.0,0.0));
#4775=DIRECTION('',(0.0,-1.36592399683204E-15,-1.0));
#4776=DIRECTION('',(1.0,0.0,0.0));
#4777=DIRECTION('',(2.55106393526001E-15,0.0,1.0));
#4778=DIRECTION('',(1.0,0.0,2.43640937637192E-16));
#4779=DIRECTION('',(1.27553196763001E-15,0.0,-1.0));
#4780=DIRECTION('',(-1.0,0.0,-3.48210916710673E-16));
#4781=DIRECTION('',(0.0,0.0,1.0));
#4782=DIRECTION('',(1.0,0.0,3.89825500219508E-15));
#4783=DIRECTION('',(0.0,0.0,-1.0));
#4784=DIRECTION('',(0.0,-1.0,0.0));
#4785=DIRECTION('',(-1.0,0.0,0.0));
#4786=DIRECTION('',(0.0,1.0,0.0));
#4787=DIRECTION('',(0.0,1.0,0.0));
#4788=DIRECTION('',(-1.0,0.0,3.65461406455789E-15));
#4789=DIRECTION('',(2.62836890299517E-16,-1.0,0.0));
#4790=DIRECTION('',(-1.0,0.0,0.0));
#4791=DIRECTION('',(0.0,1.0,0.0));
#4792=DIRECTION('',(1.0,0.0,0.0));
#4793=DIRECTION('',(0.0,1.0,0.0));
#4794=DIRECTION('',(0.0,-1.0,0.0));
#4795=DIRECTION('',(-1.0,0.0,0.0));
#4796=DIRECTION('',(0.0,-1.0,0.0));
#4797=DIRECTION('',(-1.0,0.0,0.0));
#4798=DIRECTION('',(0.0,-1.0,0.0));
#4799=DIRECTION('',(0.0,-1.0,0.0));
#4800=DIRECTION('',(0.0,1.0,0.0));
#4801=DIRECTION('',(1.0,0.0,4.96119297677517E-16));
#4802=DIRECTION('',(0.0,1.0,0.0));
#4803=DIRECTION('',(1.0,0.0,0.0));
#4804=DIRECTION('',(0.0,-1.0,0.0));
#4805=DIRECTION('',(0.0,-1.0,0.0));
#4806=DIRECTION('',(1.0,0.0,4.96119297677517E-16));
#4807=DIRECTION('',(0.0,1.0,0.0));
#4808=DIRECTION('',(-1.0,-6.51992267095701E-31,-4.96119297677517E-16));
#4809=DIRECTION('',(4.81867632215779E-16,1.0,0.0));
#4810=DIRECTION('',(-1.0,0.0,0.0));
#4811=DIRECTION('',(-4.81867632215779E-16,-1.0,0.0));
#4812=DIRECTION('',(1.0,0.0,9.34657045246123E-17));
#4813=DIRECTION('',(1.0,0.0,1.66244333114444E-15));
#4814=DIRECTION('',(0.0,1.0,0.0));
#4815=DIRECTION('',(1.0,0.0,1.66244333114444E-15));
#4816=DIRECTION('',(0.0,1.0,0.0));
#4817=DIRECTION('',(1.0,0.0,1.66244333114444E-15));
#4818=DIRECTION('',(0.0,1.0,0.0));
#4819=DIRECTION('',(1.0,0.0,1.66244333114444E-15));
#4820=DIRECTION('',(0.0,1.0,0.0));
#4821=DIRECTION('',(1.0,0.0,1.66244333114444E-15));
#4822=DIRECTION('',(0.0,1.0,0.0));
#4823=DIRECTION('',(1.0,0.0,1.66244333114444E-15));
#4824=DIRECTION('',(0.0,1.0,0.0));
#4825=DIRECTION('',(1.0,0.0,1.66244333114444E-15));
#4826=DIRECTION('',(0.0,1.0,0.0));
#4827=DIRECTION('',(1.0,0.0,1.66244333114444E-15));
#4828=DIRECTION('',(0.0,-1.0,0.0));
#4829=DIRECTION('',(-1.0,0.0,-4.96119297677517E-16));
#4830=DIRECTION('',(0.0,-1.0,0.0));
#4831=DIRECTION('',(-1.0,0.0,-1.66244333114444E-15));
#4832=DIRECTION('',(4.56506177888633E-16,1.0,7.58915651057196E-31));
#4833=DIRECTION('',(-1.0,1.36592399683213E-16,-1.66244333114444E-15));
#4834=DIRECTION('',(0.0,-1.0,0.0));
#4835=DIRECTION('',(-1.0,0.0,-1.66244333114444E-15));
#4836=DIRECTION('',(0.0,1.0,0.0));
#4837=DIRECTION('',(-1.0,0.0,0.0));
#4838=DIRECTION('',(0.0,-1.0,0.0));
#4839=DIRECTION('',(1.0,0.0,1.66244333114444E-15));
#4840=DIRECTION('',(0.0,1.0,0.0));
#4841=DIRECTION('',(0.0,0.0,-1.0));
#4842=DIRECTION('',(1.0,0.0,0.0));
#4843=DIRECTION('',(0.0,0.0,-1.0));
#4844=DIRECTION('',(1.32759449692102E-15,0.0,-1.0));
#4845=DIRECTION('',(-1.0,0.0,-1.37888276295592E-15));
#4846=DIRECTION('',(-4.42531498973675E-16,0.0,1.0));
#4847=DIRECTION('',(0.0,0.0,-1.0));
#4848=DIRECTION('',(1.0,0.0,0.0));
#4849=DIRECTION('',(0.0,0.0,-1.0));
#4850=DIRECTION('',(0.0,0.0,-1.0));
#4851=DIRECTION('',(1.0,0.0,0.0));
#4852=DIRECTION('',(0.0,0.0,-1.0));
#4853=DIRECTION('',(0.0,0.0,-1.0));
#4854=DIRECTION('',(1.0,0.0,0.0));
#4855=DIRECTION('',(0.0,0.0,-1.0));
#4856=DIRECTION('',(-6.10818125343946E-16,1.36592399683204E-15,1.0));
#4857=DIRECTION('',(1.0,0.0,0.0));
#4858=DIRECTION('',(0.0,-1.36592399683204E-15,-1.0));
#4859=DIRECTION('',(1.0,0.0,0.0));
#4860=DIRECTION('',(0.0,1.0,0.0));
#4861=DIRECTION('',(-1.0,0.0,0.0));
#4862=DIRECTION('',(0.0,-1.0,0.0));
#4863=DIRECTION('',(1.0,0.0,9.34657045246123E-17));
#4864=DIRECTION('',(1.20466908053945E-16,1.0,0.0));
#4865=DIRECTION('',(-1.0,0.0,0.0));
#4866=DIRECTION('',(-1.20466908053945E-16,-1.0,0.0));
#4867=DIRECTION('',(1.0,0.0,9.34657045246125E-17));
#4868=DIRECTION('',(2.71050543121376E-16,1.0,0.0));
#4869=DIRECTION('',(-1.0,0.0,0.0));
#4870=DIRECTION('',(-2.4093381610789E-16,-1.0,0.0));
#4871=DIRECTION('',(1.0,0.0,9.34657045246125E-17));
#4872=DIRECTION('',(0.0,-1.0,0.0));
#4873=DIRECTION('',(4.56506177888633E-16,1.0,0.0));
#4874=DIRECTION('',(-1.0,0.0,0.0));
#4875=DIRECTION('',(0.0,1.0,0.0));
#4876=DIRECTION('',(-1.0,0.0,0.0));
#4877=DIRECTION('',(0.0,-1.0,0.0));
#4878=DIRECTION('',(0.0,1.0,0.0));
#4879=DIRECTION('',(-1.0,0.0,0.0));
#4880=DIRECTION('',(-1.0,0.0,-3.48210916710673E-16));
#4881=DIRECTION('',(0.0,0.0,-1.0));
#4882=DIRECTION('',(-1.0,0.0,-8.67361737988403E-16));
#4883=DIRECTION('',(0.0,0.0,-1.0));
#4884=DIRECTION('',(0.0,-1.0,0.0));
#4885=DIRECTION('',(0.0,-1.0,0.0));
#4886=DIRECTION('',(0.0,0.0,-1.0));
#4887=DIRECTION('',(-2.66880534765663E-15,1.0,-9.29307156629861E-31));
#4888=DIRECTION('',(0.0,0.0,-1.0));
#4889=DIRECTION('',(-2.66880534765663E-15,1.0,0.0));
#4890=DIRECTION('',(0.0,0.0,-1.0));
#4891=DIRECTION('',(-1.0,-6.9388939039073E-15,-3.48210916710673E-16));
#4892=DIRECTION('',(-1.0,-6.93889390390729E-15,0.0));
#4893=DIRECTION('',(0.0,0.0,-1.0));
#4894=DIRECTION('',(1.0,-1.36592399683213E-16,-1.23786862212912E-16));
#4895=DIRECTION('',(0.0,0.0,-1.0));
#4896=DIRECTION('',(0.0,0.0,-1.0));
#4897=DIRECTION('',(1.0,0.0,3.48210916710673E-16));
#4898=DIRECTION('',(0.0,0.0,-1.0));
#4899=DIRECTION('',(1.0,0.0,0.0));
#4900=DIRECTION('',(0.0,0.0,-1.0));
#4901=DIRECTION('',(0.0,-1.0,0.0));
#4902=DIRECTION('',(0.0,0.0,-1.0));
#4903=DIRECTION('',(0.0,-1.0,0.0));
#4904=DIRECTION('',(-2.4093381610789E-16,1.0,-8.38957849735291E-32));
#4905=DIRECTION('',(-2.4093381610789E-16,1.0,0.0));
#4906=DIRECTION('',(0.0,0.0,-1.0));
#4907=DIRECTION('',(-1.0,0.0,-3.48210916710673E-16));
#4908=DIRECTION('',(-1.0,0.0,0.0));
#4909=DIRECTION('',(1.32759449692102E-15,0.0,-1.0));
#4910=DIRECTION('',(1.0,0.0,0.0));
#4911=DIRECTION('',(0.0,0.0,1.0));
#4912=DIRECTION('',(0.0,-3.75629099128812E-15,-1.0));
#4913=DIRECTION('',(0.0,0.0,1.0));
#4914=DIRECTION('',(-1.0,0.0,-1.37888276295592E-15));
#4915=DIRECTION('',(0.0,0.0,1.0));
#4916=DIRECTION('',(-4.42531498973675E-16,0.0,1.0));
#4917=DIRECTION('',(-1.0,0.0,-1.37888276295592E-15));
#4918=DIRECTION('',(0.0,0.0,1.0));
#4919=DIRECTION('',(-1.0,0.0,0.0));
#4920=DIRECTION('',(0.0,-3.75629099128812E-15,-1.0));
#4921=DIRECTION('',(0.0,0.0,1.0));
#4922=DIRECTION('',(0.0,-1.0,0.0));
#4923=DIRECTION('',(0.0,-1.0,0.0));
#4924=DIRECTION('',(0.0,1.0,0.0));
#4925=DIRECTION('',(1.0,0.0,0.0));
#4926=DIRECTION('',(0.0,-1.0,0.0));
#4927=DIRECTION('',(0.0,1.0,0.0));
#4928=DIRECTION('',(2.62836890299516E-16,1.0,0.0));
#4929=DIRECTION('',(-1.0,0.0,-2.43640937637192E-16));
#4930=DIRECTION('',(0.0,1.0,0.0));
#4931=DIRECTION('',(0.0,0.0,1.0));
#4932=DIRECTION('',(0.0,-1.0,0.0));
#4933=DIRECTION('',(0.447213595499958,-0.894427190999916,0.0));
#4934=DIRECTION('',(-1.0,0.0,0.0));
#4935=DIRECTION('',(0.447213595499958,0.894427190999916,0.0));
#4936=DIRECTION('',(2.62836890299517E-16,-1.0,0.0));
#4937=DIRECTION('',(-1.0,-1.48266963758701E-16,-4.44800891276104E-16));
#4938=DIRECTION('',(2.62836890299516E-16,1.0,0.0));
#4939=DIRECTION('',(0.0,1.0,0.0));
#4940=DIRECTION('',(0.0,1.0,0.0));
#4941=DIRECTION('',(1.27553196763001E-15,0.0,-1.0));
#4942=DIRECTION('',(1.0,1.48266963758701E-16,3.48210916710673E-16));
#4943=DIRECTION('',(0.0,0.0,1.0));
#4944=DIRECTION('',(0.0,1.0,0.0));
#4945=DIRECTION('',(0.0,1.0,0.0));
#4946=DIRECTION('',(0.0,0.0,-1.0));
#4947=DIRECTION('',(0.0,0.0,-1.0));
#4948=DIRECTION('',(0.0,0.0,-1.0));
#4949=DIRECTION('',(0.0,-1.0,0.0));
#4950=DIRECTION('',(0.0,1.0,0.0));
#4951=DIRECTION('',(0.0,0.0,-1.0));
#4952=DIRECTION('',(0.0,-1.0,0.0));
#4953=DIRECTION('',(0.0,0.0,-1.0));
#4954=DIRECTION('',(0.0,0.0,-1.0));
#4955=DIRECTION('',(0.0,1.0,0.0));
#4956=DIRECTION('',(0.0,0.0,-1.0));
#4957=DIRECTION('',(1.0,0.0,3.89825500219508E-15));
#4958=DIRECTION('',(0.0,1.0,0.0));
#4959=DIRECTION('',(1.0,0.0,2.43640937637192E-16));
#4960=DIRECTION('',(2.55106393526001E-15,0.0,1.0));
#4961=DIRECTION('',(0.0,-1.0,0.0));
#4962=DIRECTION('',(0.0,0.0,-1.0));
#4963=DIRECTION('',(1.0,0.0,0.0));
#4964=DIRECTION('',(-1.0,0.0,0.0));
#4965=DIRECTION('',(0.0,-1.0,0.0));
#4966=DIRECTION('',(1.0,0.0,0.0));
#4967=DIRECTION('',(0.0,1.0,0.0));
#4968=DIRECTION('',(0.0,0.0,-1.0));
#4969=DIRECTION('',(-4.81867632215779E-16,-1.0,0.0));
#4970=DIRECTION('',(2.71050543121376E-16,1.0,0.0));
#4971=DIRECTION('',(1.0,0.0,9.34657045246125E-17));
#4972=DIRECTION('',(-2.4093381610789E-16,-1.0,0.0));
#4973=DIRECTION('',(1.20466908053945E-16,1.0,0.0));
#4974=DIRECTION('',(1.0,0.0,9.34657045246125E-17));
#4975=DIRECTION('',(-1.20466908053945E-16,-1.0,0.0));
#4976=DIRECTION('',(0.0,1.0,0.0));
#4977=DIRECTION('',(1.0,0.0,9.34657045246123E-17));
#4978=DIRECTION('',(0.0,-1.0,0.0));
#4979=DIRECTION('',(4.81867632215779E-16,1.0,0.0));
#4980=DIRECTION('',(1.0,0.0,9.34657045246123E-17));
#4981=DIRECTION('',(0.0,0.0,-1.0));
#4982=DIRECTION('',(-2.4093381610789E-16,-1.0,0.0));
#4983=DIRECTION('',(0.0,0.0,-1.0));
#4984=DIRECTION('',(2.71050543121376E-16,1.0,0.0));
#4985=DIRECTION('',(0.0,-1.0,-1.93607530800983E-16));
#4986=DIRECTION('',(0.0,0.0,-1.0));
#4987=DIRECTION('',(0.0,1.0,-1.75437244738755E-17));
#4988=DIRECTION('',(0.0,-1.0,-1.93607530800983E-16));
#4989=DIRECTION('',(0.0,1.0,-1.75437244738755E-17));
#4990=DIRECTION('',(0.0,0.0,-1.0));
#4991=DIRECTION('',(-1.0,0.0,0.0));
#4992=DIRECTION('',(-1.0,0.0,0.0));
#4993=DIRECTION('',(-1.0,0.0,0.0));
#4994=CARTESIAN_POINT('',(-0.15,8.16,0.409999999999959));
#4995=DIRECTION('',(-1.0,0.0,0.0));
#4996=DIRECTION('',(0.0,0.0,-1.0));
#4997=CARTESIAN_POINT('',(0.15,8.16,0.409999999999959));
#4998=DIRECTION('',(-1.0,0.0,0.0));
#4999=DIRECTION('',(0.0,0.0,-1.0));
#5000=DIRECTION('',(-1.0,0.0,0.0));
#5001=DIRECTION('',(0.0,0.0,-1.0));
#5002=DIRECTION('',(0.0,1.0,0.0));
#5003=DIRECTION('',(0.0,0.707106781186549,0.707106781186546));
#5004=DIRECTION('',(0.0,0.0,1.0));
#5005=DIRECTION('',(0.0,-1.0,0.0));
#5006=DIRECTION('',(0.0,0.0,-1.0));
#5007=DIRECTION('',(0.0,-1.0,0.0));
#5008=DIRECTION('',(0.0,0.0,1.0));
#5009=DIRECTION('',(0.0,0.707106781186549,0.707106781186546));
#5010=DIRECTION('',(0.0,1.0,0.0));
#5011=DIRECTION('',(-1.0,0.0,0.0));
#5012=DIRECTION('',(-1.0,0.0,0.0));
#5013=DIRECTION('',(-1.0,0.0,0.0));
#5014=DIRECTION('',(-1.0,0.0,0.0));
#5015=DIRECTION('',(0.0,0.0,-1.0));
#5016=DIRECTION('',(-1.20466908053945E-16,-1.0,0.0));
#5017=DIRECTION('',(0.0,0.0,-1.0));
#5018=DIRECTION('',(1.20466908053945E-16,1.0,0.0));
#5019=DIRECTION('',(0.0,-1.0,-1.93607530800983E-16));
#5020=DIRECTION('',(0.0,0.0,-1.0));
#5021=DIRECTION('',(0.0,1.0,-1.75437244738755E-17));
#5022=DIRECTION('',(0.0,-1.0,-1.93607530800983E-16));
#5023=DIRECTION('',(0.0,1.0,-1.75437244738755E-17));
#5024=DIRECTION('',(0.0,0.0,-1.0));
#5025=DIRECTION('',(-1.0,0.0,0.0));
#5026=DIRECTION('',(-1.0,0.0,0.0));
#5027=DIRECTION('',(-1.0,0.0,0.0));
#5028=CARTESIAN_POINT('',(-1.65,8.16,0.409999999999959));
#5029=DIRECTION('',(-1.0,0.0,0.0));
#5030=DIRECTION('',(0.0,0.0,-1.0));
#5031=CARTESIAN_POINT('',(-1.35,8.16,0.409999999999959));
#5032=DIRECTION('',(-1.0,0.0,0.0));
#5033=DIRECTION('',(0.0,0.0,-1.0));
#5034=DIRECTION('',(-1.0,0.0,0.0));
#5035=DIRECTION('',(0.0,0.0,-1.0));
#5036=DIRECTION('',(0.0,1.0,0.0));
#5037=DIRECTION('',(0.0,0.707106781186549,0.707106781186546));
#5038=DIRECTION('',(0.0,0.0,1.0));
#5039=DIRECTION('',(0.0,-1.0,0.0));
#5040=DIRECTION('',(0.0,0.0,-1.0));
#5041=DIRECTION('',(0.0,-1.0,0.0));
#5042=DIRECTION('',(0.0,0.0,1.0));
#5043=DIRECTION('',(0.0,0.707106781186549,0.707106781186546));
#5044=DIRECTION('',(0.0,1.0,0.0));
#5045=DIRECTION('',(-1.0,0.0,0.0));
#5046=DIRECTION('',(-1.0,0.0,0.0));
#5047=DIRECTION('',(-1.0,0.0,0.0));
#5048=DIRECTION('',(-1.0,0.0,0.0));
#5049=DIRECTION('',(0.0,0.0,-1.0));
#5050=DIRECTION('',(0.0,-1.0,0.0));
#5051=DIRECTION('',(0.0,0.0,-1.0));
#5052=DIRECTION('',(0.0,1.0,0.0));
#5053=DIRECTION('',(0.0,-1.0,-1.93607530800983E-16));
#5054=DIRECTION('',(0.0,0.0,-1.0));
#5055=DIRECTION('',(0.0,1.0,-1.75437244738755E-17));
#5056=DIRECTION('',(0.0,-1.0,-1.93607530800983E-16));
#5057=DIRECTION('',(0.0,1.0,-1.75437244738755E-17));
#5058=DIRECTION('',(0.0,0.0,-1.0));
#5059=DIRECTION('',(-1.0,0.0,0.0));
#5060=DIRECTION('',(-1.0,0.0,0.0));
#5061=DIRECTION('',(-1.0,0.0,0.0));
#5062=CARTESIAN_POINT('',(-3.15,8.16,0.409999999999959));
#5063=DIRECTION('',(-1.0,0.0,0.0));
#5064=DIRECTION('',(0.0,0.0,-1.0));
#5065=CARTESIAN_POINT('',(-2.85,8.16,0.409999999999959));
#5066=DIRECTION('',(-1.0,0.0,0.0));
#5067=DIRECTION('',(0.0,0.0,-1.0));
#5068=DIRECTION('',(-1.0,0.0,0.0));
#5069=DIRECTION('',(0.0,0.0,-1.0));
#5070=DIRECTION('',(0.0,1.0,0.0));
#5071=DIRECTION('',(0.0,0.707106781186549,0.707106781186546));
#5072=DIRECTION('',(0.0,0.0,1.0));
#5073=DIRECTION('',(0.0,-1.0,0.0));
#5074=DIRECTION('',(0.0,0.0,-1.0));
#5075=DIRECTION('',(0.0,-1.0,0.0));
#5076=DIRECTION('',(0.0,0.0,1.0));
#5077=DIRECTION('',(0.0,0.707106781186549,0.707106781186546));
#5078=DIRECTION('',(0.0,1.0,0.0));
#5079=DIRECTION('',(-1.0,0.0,0.0));
#5080=DIRECTION('',(-1.0,0.0,0.0));
#5081=DIRECTION('',(-1.0,0.0,0.0));
#5082=DIRECTION('',(-1.0,0.0,0.0));
#5083=DIRECTION('',(0.0,0.0,-1.0));
#5084=DIRECTION('',(-4.81867632215779E-16,-1.0,0.0));
#5085=DIRECTION('',(0.0,0.0,-1.0));
#5086=DIRECTION('',(4.81867632215779E-16,1.0,0.0));
#5087=DIRECTION('',(0.0,-1.0,-1.93607530800983E-16));
#5088=DIRECTION('',(0.0,0.0,-1.0));
#5089=DIRECTION('',(0.0,1.0,-1.75437244738755E-17));
#5090=DIRECTION('',(0.0,-1.0,-1.93607530800983E-16));
#5091=DIRECTION('',(0.0,1.0,-1.75437244738755E-17));
#5092=DIRECTION('',(0.0,0.0,-1.0));
#5093=DIRECTION('',(-1.0,0.0,0.0));
#5094=DIRECTION('',(-1.0,0.0,0.0));
#5095=DIRECTION('',(-1.0,0.0,0.0));
#5096=CARTESIAN_POINT('',(-4.65,8.16,0.409999999999959));
#5097=DIRECTION('',(-1.0,0.0,0.0));
#5098=DIRECTION('',(0.0,0.0,-1.0));
#5099=CARTESIAN_POINT('',(-4.35,8.16,0.409999999999959));
#5100=DIRECTION('',(-1.0,0.0,0.0));
#5101=DIRECTION('',(0.0,0.0,-1.0));
#5102=DIRECTION('',(-1.0,0.0,0.0));
#5103=DIRECTION('',(0.0,0.0,-1.0));
#5104=DIRECTION('',(0.0,1.0,0.0));
#5105=DIRECTION('',(0.0,0.707106781186549,0.707106781186546));
#5106=DIRECTION('',(0.0,0.0,1.0));
#5107=DIRECTION('',(0.0,-1.0,0.0));
#5108=DIRECTION('',(0.0,0.0,-1.0));
#5109=DIRECTION('',(0.0,-1.0,0.0));
#5110=DIRECTION('',(0.0,0.0,1.0));
#5111=DIRECTION('',(0.0,0.707106781186549,0.707106781186546));
#5112=DIRECTION('',(0.0,1.0,0.0));
#5113=DIRECTION('',(-1.0,0.0,0.0));
#5114=DIRECTION('',(-1.0,0.0,0.0));
#5115=DIRECTION('',(-1.0,0.0,0.0));
#5116=DIRECTION('',(-1.0,0.0,0.0));
#5117=DIRECTION('',(-1.0,0.0,0.0));
#5118=DIRECTION('',(0.0,1.0,0.0));
#5119=DIRECTION('',(1.0,0.0,3.96508223080414E-16));
#5120=DIRECTION('',(0.0,1.0,0.0));
#5121=DIRECTION('',(-2.89120579329468E-15,-1.3141844514976E-15,-1.0));
#5122=DIRECTION('',(0.0,1.0,0.0));
#5123=DIRECTION('',(2.89120579329468E-15,0.0,1.0));
#5124=DIRECTION('',(-1.0,-5.08872013342989E-31,-3.87215061601966E-16));
#5125=DIRECTION('',(0.0,1.0,0.0));
#5126=DIRECTION('',(-1.0,0.0,-3.87215061601966E-16));
#5127=CARTESIAN_POINT('',(2.325,2.2,0.249999999999999));
#5128=DIRECTION('',(0.0,-1.0,0.0));
#5129=DIRECTION('',(1.0,0.0,0.0));
#5130=CARTESIAN_POINT('',(2.325,2.2,0.249999999999999));
#5131=DIRECTION('',(0.0,1.0,0.0));
#5132=DIRECTION('',(0.0,0.0,-1.0));
#5133=CARTESIAN_POINT('',(2.325,3.7,0.249999999999999));
#5134=DIRECTION('',(0.0,1.0,0.0));
#5135=DIRECTION('',(0.0,0.0,-1.0));
#5136=CARTESIAN_POINT('',(2.325,3.7,0.249999999999999));
#5137=DIRECTION('',(0.0,-1.0,1.73472347597681E-15));
#5138=DIRECTION('',(0.0,-1.73472347597681E-15,-1.0));
#5139=DIRECTION('',(-4.62118958764313E-15,0.0,1.0));
#5140=CARTESIAN_POINT('',(2.025,2.2,1.47));
#5141=DIRECTION('',(0.0,-1.0,0.0));
#5142=DIRECTION('',(0.0,0.0,-1.0));
#5143=DIRECTION('',(-1.0,0.0,-5.42101086242752E-16));
#5144=DIRECTION('',(-1.44560289664734E-15,0.0,-1.0));
#5145=DIRECTION('',(1.0,0.0,5.42101086242752E-16));
#5146=CARTESIAN_POINT('',(2.025,2.2,1.47));
#5147=DIRECTION('',(-0.0,1.0,0.0));
#5148=DIRECTION('',(1.0,0.0,0.0));
#5149=DIRECTION('',(4.62118958764313E-15,0.0,-1.0));
#5150=DIRECTION('',(0.0,1.0,0.0));
#5151=CARTESIAN_POINT('',(2.075,4.75,1.47));
#5152=DIRECTION('',(1.0,0.0,-0.0));
#5153=DIRECTION('',(0.0,0.0,1.0));
#5154=DIRECTION('',(0.0,1.0,-4.33680868994197E-15));
#5155=CARTESIAN_POINT('',(2.075,4.8,1.52));
#5156=DIRECTION('',(1.0,0.0,-0.0));
#5157=DIRECTION('',(0.0,0.0,1.0));
#5158=DIRECTION('',(0.0,-3.77113799125386E-15,1.0));
#5159=DIRECTION('',(0.0,-3.77113799125386E-15,1.0));
#5160=CARTESIAN_POINT('',(2.225,4.8,1.52));
#5161=DIRECTION('',(1.0,0.0,0.0));
#5162=DIRECTION('',(0.0,1.0,0.0));
#5163=DIRECTION('',(0.0,1.0,-4.33680868994197E-15));
#5164=CARTESIAN_POINT('',(2.225,4.75,1.47));
#5165=DIRECTION('',(1.0,0.0,0.0));
#5166=DIRECTION('',(0.0,1.0,0.0));
#5167=DIRECTION('',(0.0,1.0,0.0));
#5168=DIRECTION('',(-1.0,0.0,-5.42101086242752E-16));
#5169=CARTESIAN_POINT('',(2.025,4.7,1.47));
#5170=DIRECTION('',(0.0,-1.0,0.0));
#5171=DIRECTION('',(0.0,0.0,-1.0));
#5172=DIRECTION('',(1.0,0.0,0.0));
#5173=CARTESIAN_POINT('',(2.025,4.7,1.47));
#5174=DIRECTION('',(-0.0,1.0,0.0));
#5175=DIRECTION('',(1.0,0.0,0.0));
#5176=DIRECTION('',(1.0,0.0,5.42101086242752E-16));
#5177=DIRECTION('',(-1.44560289664734E-15,0.0,-1.0));
#5178=DIRECTION('',(0.0,1.0,0.0));
#5179=DIRECTION('',(0.0,1.0,0.0));
#5180=DIRECTION('',(0.0,1.0,0.0));
#5181=DIRECTION('',(0.0,1.0,0.0));
#5182=DIRECTION('',(-1.0,0.0,0.0));
#5183=DIRECTION('',(-1.0,0.0,0.0));
#5184=DIRECTION('',(-1.0,0.0,0.0));
#5185=DIRECTION('',(0.0,1.0,0.0));
#5186=DIRECTION('',(1.0,-5.08872013342989E-31,-3.87215061601966E-16));
#5187=DIRECTION('',(0.0,1.0,0.0));
#5188=DIRECTION('',(1.0,0.0,-3.87215061601966E-16));
#5189=DIRECTION('',(0.0,-1.3141844514976E-15,-1.0));
#5190=DIRECTION('',(0.0,1.0,0.0));
#5191=DIRECTION('',(0.0,0.0,1.0));
#5192=DIRECTION('',(1.0,0.0,0.0));
#5193=DIRECTION('',(0.0,1.0,0.0));
#5194=DIRECTION('',(-1.0,0.0,3.96508223080414E-16));
#5195=CARTESIAN_POINT('',(-6.825,2.2,0.249999999999999));
#5196=DIRECTION('',(0.0,1.0,0.0));
#5197=DIRECTION('',(-1.0,0.0,-2.16840434497101E-16));
#5198=CARTESIAN_POINT('',(-6.825,2.2,0.249999999999999));
#5199=DIRECTION('',(0.0,-1.0,0.0));
#5200=DIRECTION('',(0.0,0.0,-1.0));
#5201=CARTESIAN_POINT('',(-6.825,3.7,0.249999999999999));
#5202=DIRECTION('',(0.0,-1.0,0.0));
#5203=DIRECTION('',(0.0,0.0,1.0));
#5204=CARTESIAN_POINT('',(-6.825,3.7,0.249999999999999));
#5205=DIRECTION('',(0.0,1.0,-1.73472347597681E-15));
#5206=DIRECTION('',(0.0,1.73472347597681E-15,1.0));
#5207=DIRECTION('',(4.26571346551674E-15,0.0,1.0));
#5208=DIRECTION('',(-4.26571346551674E-15,0.0,-1.0));
#5209=CARTESIAN_POINT('',(-6.525,2.2,1.47));
#5210=DIRECTION('',(0.0,-1.0,0.0));
#5211=DIRECTION('',(-1.0,0.0,0.0));
#5212=DIRECTION('',(-1.0,0.0,5.42101086242752E-16));
#5213=DIRECTION('',(0.0,0.0,-1.0));
#5214=DIRECTION('',(1.0,0.0,-5.42101086242752E-16));
#5215=CARTESIAN_POINT('',(-6.525,2.2,1.47));
#5216=DIRECTION('',(0.0,1.0,0.0));
#5217=DIRECTION('',(0.0,0.0,-1.0));
#5218=DIRECTION('',(0.0,1.0,0.0));
#5219=CARTESIAN_POINT('',(-6.725,4.75,1.47));
#5220=DIRECTION('',(1.0,0.0,0.0));
#5221=DIRECTION('',(0.0,1.0,0.0));
#5222=DIRECTION('',(0.0,1.0,-4.33680868994197E-15));
#5223=CARTESIAN_POINT('',(-6.72500000000001,4.8,1.52));
#5224=DIRECTION('',(1.0,0.0,0.0));
#5225=DIRECTION('',(0.0,1.0,0.0));
#5226=DIRECTION('',(0.0,-3.77113799125386E-15,1.0));
#5227=DIRECTION('',(0.0,-3.77113799125386E-15,1.0));
#5228=CARTESIAN_POINT('',(-6.57500000000001,4.8,1.52));
#5229=DIRECTION('',(1.0,0.0,-0.0));
#5230=DIRECTION('',(0.0,0.0,1.0));
#5231=DIRECTION('',(0.0,1.0,-4.33680868994197E-15));
#5232=CARTESIAN_POINT('',(-6.57500000000001,4.75,1.47));
#5233=DIRECTION('',(1.0,0.0,-0.0));
#5234=DIRECTION('',(0.0,0.0,1.0));
#5235=DIRECTION('',(0.0,1.0,0.0));
#5236=CARTESIAN_POINT('',(-6.525,4.7,1.47));
#5237=DIRECTION('',(0.0,-1.0,0.0));
#5238=DIRECTION('',(-1.0,0.0,0.0));
#5239=DIRECTION('',(-1.0,0.0,0.0));
#5240=CARTESIAN_POINT('',(-6.525,4.7,1.47));
#5241=DIRECTION('',(0.0,1.0,0.0));
#5242=DIRECTION('',(0.0,0.0,-1.0));
#5243=DIRECTION('',(1.0,0.0,-5.42101086242752E-16));
#5244=DIRECTION('',(0.0,0.0,-1.0));
#5245=DIRECTION('',(-1.0,0.0,5.42101086242752E-16));
#5246=DIRECTION('',(0.0,1.0,0.0));
#5247=DIRECTION('',(0.0,1.0,0.0));
#5248=DIRECTION('',(0.0,1.0,0.0));
#5249=DIRECTION('',(0.0,1.0,0.0));
#5250=DIRECTION('',(1.0,0.0,0.0));
#5251=DIRECTION('',(1.0,0.0,0.0));
#5252=DIRECTION('',(1.0,0.0,0.0));
#5253=DIRECTION('',(0.0,0.0,-1.0));
#5254=DIRECTION('',(-0.447213595499958,0.894427190999916,0.0));
#5255=DIRECTION('',(0.0,0.0,-1.0));
#5256=DIRECTION('',(0.0,0.0,-1.0));
#5257=DIRECTION('',(-0.447213595499958,-0.894427190999916,0.0));
#5258=DIRECTION('',(1.0,0.0,0.0));
#5259=PRESENTATION_LAYER_ASSIGNMENT('1','Layer 1',(#25));
ENDSEC;
END-ISO-10303-21;
