ISO-10303-21;
HEADER;
FILE_DESCRIPTION (( 'STEP AP214' ),
    '1' );
FILE_NAME ('RN4871-V-RM140.STEP',
    '2024-08-14T13:17:57',
    ( '' ),
    ( '' ),
    'SwSTEP 2.0',
    'SolidWorks 2023',
    '' );
FILE_SCHEMA (( 'AUTOMOTIVE_DESIGN' ));
ENDSEC;

DATA;
#1 = STYLED_ITEM ( 'NONE', ( #2107 ), #7290 ) ;
#2 = EDGE_CURVE ( 'NONE', #3496, #221, #2506, .T. ) ;
#3 = EDGE_CURVE ( 'NONE', #1380, #5983, #5473, .T. ) ;
#4 = EDGE_LOOP ( 'NONE', ( #1074, #6368, #4119, #6863 ) ) ;
#5 = CYLINDRICAL_SURFACE ( 'NONE', #6482, 0.2399999999999999911 ) ;
#6 = ORIENTED_EDGE ( 'NONE', *, *, #1386, .F. ) ;
#7 = VECTOR ( 'NONE', #6412, 1000.000000000000000 ) ;
#8 =( LENGTH_UNIT ( ) NAMED_UNIT ( * ) SI_UNIT ( .MILLI., .METRE. ) );
#9 = DIRECTION ( 'NONE',  ( 1.000000000000000000, 0.000000000000000000, 8.673617379884035472E-16 ) ) ;
#10 = DIRECTION ( 'NONE',  ( 0.000000000000000000, 0.000000000000000000, 1.000000000000000000 ) ) ;
#11 = AXIS2_PLACEMENT_3D ( 'NONE', #4288, #4246, #6971 ) ;
#12 = LINE ( 'NONE', #3505, #4473 ) ;
#13 = ORIENTED_EDGE ( 'NONE', *, *, #473, .F. ) ;
#14 =( GEOMETRIC_REPRESENTATION_CONTEXT ( 3 ) GLOBAL_UNCERTAINTY_ASSIGNED_CONTEXT ( ( #4581 ) ) GLOBAL_UNIT_ASSIGNED_CONTEXT ( ( #2061, #3850, #4870 ) ) REPRESENTATION_CONTEXT ( 'NONE', 'WORKASPACE' ) );
#15 = VERTEX_POINT ( 'NONE', #4237 ) ;
#16 =( LENGTH_UNIT ( ) NAMED_UNIT ( * ) SI_UNIT ( .MILLI., .METRE. ) );
#17 = CARTESIAN_POINT ( 'NONE',  ( 4.500000000000000888, -0.02000000000000000042, 3.500000000000000000 ) ) ;
#18 = CARTESIAN_POINT ( 'NONE',  ( 4.500000000000039968, -0.02000000000000000042, 0.2500000000000002220 ) ) ;
#19 = LINE ( 'NONE', #5752, #1472 ) ;
#20 = VECTOR ( 'NONE', #3338, 1000.000000000000000 ) ;
#21 = EDGE_CURVE ( 'NONE', #3798, #418, #5510, .T. ) ;
#22 = VECTOR ( 'NONE', #2780, 1000.000000000000000 ) ;
#23 = ORIENTED_EDGE ( 'NONE', *, *, #21, .T. ) ;
#24 = ORIENTED_EDGE ( 'NONE', *, *, #5633, .T. ) ;
#25 = FILL_AREA_STYLE_COLOUR ( '', #4535 ) ;
#26 = AXIS2_PLACEMENT_3D ( 'NONE', #3911, #6860, #7349 ) ;
#27 = CARTESIAN_POINT ( 'NONE',  ( 1.800000000000000711, 0.5900000000000000799, 5.419999999999999041 ) ) ;
#28 = DIRECTION ( 'NONE',  ( 0.000000000000000000, 0.000000000000000000, 1.000000000000000000 ) ) ;
#29 =( LENGTH_UNIT ( ) NAMED_UNIT ( * ) SI_UNIT ( .MILLI., .METRE. ) );
#30 = CARTESIAN_POINT ( 'NONE',  ( 2.770000000000000906, -0.02000000000000000042, 5.749999999999999112 ) ) ;
#31 =( LENGTH_UNIT ( ) NAMED_UNIT ( * ) SI_UNIT ( .MILLI., .METRE. ) );
#32 = PRESENTATION_LAYER_ASSIGNMENT (  '', '', ( #4118 ) ) ;
#33 = PRESENTATION_LAYER_ASSIGNMENT (  '', '', ( #2192 ) ) ;
#34 = CARTESIAN_POINT ( 'NONE',  ( 4.500000000000006217, 0.5900000000000000799, 2.650000000000000355 ) ) ;
#35 = CARTESIAN_POINT ( 'NONE',  ( 3.500000000000050182, 1.800655561573372143, 0.000000000000000000 ) ) ;
#36 = ORIENTED_EDGE ( 'NONE', *, *, #6718, .T. ) ;
#37 = CARTESIAN_POINT ( 'NONE',  ( -4.500000000000000000, 0.5900000000000000799, 3.510000000000000231 ) ) ;
#38 = CARTESIAN_POINT ( 'NONE',  ( 0.000000000000000000, 0.5900000000000000799, 0.000000000000000000 ) ) ;
#39 = PRESENTATION_STYLE_ASSIGNMENT (( #522 ) ) ;
#40 = MECHANICAL_DESIGN_GEOMETRIC_PRESENTATION_REPRESENTATION (  '', ( #1464 ), #6024 ) ;
#41 = ORIENTED_EDGE ( 'NONE', *, *, #1648, .T. ) ;
#42 = AXIS2_PLACEMENT_3D ( 'NONE', #1057, #1779, #4024 ) ;
#43 =( NAMED_UNIT ( * ) SI_UNIT ( $, .STERADIAN. ) SOLID_ANGLE_UNIT ( ) );
#44 = UNCERTAINTY_MEASURE_WITH_UNIT (LENGTH_MEASURE( 1.000000000000000082E-05 ), #3105, 'distance_accuracy_value', 'NONE');
#45 = EDGE_LOOP ( 'NONE', ( #7224, #2713, #5746, #6462 ) ) ;
#46 = LINE ( 'NONE', #6263, #2214 ) ;
#47 = EDGE_CURVE ( 'NONE', #1278, #5942, #5391, .T. ) ;
#48 = LINE ( 'NONE', #2834, #3319 ) ;
#49 = EDGE_CURVE ( 'NONE', #4722, #3950, #3719, .T. ) ;
#50 = PRESENTATION_LAYER_ASSIGNMENT (  '', '', ( #2201 ) ) ;
#51 = ORIENTED_EDGE ( 'NONE', *, *, #826, .F. ) ;
#52 = ORIENTED_EDGE ( 'NONE', *, *, #458, .T. ) ;
#53 = DIRECTION ( 'NONE',  ( 0.000000000000000000, -0.000000000000000000, -1.000000000000000000 ) ) ;
#54 = AXIS2_PLACEMENT_3D ( 'NONE', #3893, #2182, #7219 ) ;
#55 = DIRECTION ( 'NONE',  ( 0.000000000000000000, -1.000000000000000000, 0.000000000000000000 ) ) ;
#56 = LINE ( 'NONE', #2346, #1582 ) ;
#57 = EDGE_CURVE ( 'NONE', #970, #3083, #3152, .T. ) ;
#58 = CARTESIAN_POINT ( 'NONE',  ( -3.919999999999998153, 1.779999999999999805, -3.790000000000000924 ) ) ;
#59 = EDGE_CURVE ( 'NONE', #2027, #1348, #4859, .T. ) ;
#60 = CIRCLE ( 'NONE', #7261, 0.2300000000000001765 ) ;
#61 = VERTEX_POINT ( 'NONE', #881 ) ;
#62 = VERTEX_POINT ( 'NONE', #2018 ) ;
#63 = CARTESIAN_POINT ( 'NONE',  ( -3.920000000000001705, 0.5799999999999999600, -5.390000000000001457 ) ) ;
#64 = FACE_OUTER_BOUND ( 'NONE', #7002, .T. ) ;
#65 = DIRECTION ( 'NONE',  ( -1.000000000000000000, 0.000000000000000000, 0.000000000000000000 ) ) ;
#66 = CARTESIAN_POINT ( 'NONE',  ( -1.799999999999998934, 0.5900000000000000799, 5.749999999999999112 ) ) ;
#67 = FILL_AREA_STYLE ('',( #662 ) ) ;
#68 = EDGE_CURVE ( 'NONE', #5406, #1312, #1446, .T. ) ;
#69 = PRESENTATION_STYLE_ASSIGNMENT (( #5727 ) ) ;
#70 = CARTESIAN_POINT ( 'NONE',  ( -0.3699999999999992184, 0.5900000000000000799, 5.749999999999999112 ) ) ;
#71 = ORIENTED_EDGE ( 'NONE', *, *, #5134, .T. ) ;
#72 = CARTESIAN_POINT ( 'NONE',  ( 2.650000000000000355, 1.800655561573372143, 4.749999999999999112 ) ) ;
#73 = EDGE_CURVE ( 'NONE', #3285, #2788, #1488, .T. ) ;
#74 = SURFACE_STYLE_USAGE ( .BOTH. , #1796 ) ;
#75 = MECHANICAL_DESIGN_GEOMETRIC_PRESENTATION_REPRESENTATION (  '', ( #1383 ), #3435 ) ;
#76 =( GEOMETRIC_REPRESENTATION_CONTEXT ( 3 ) GLOBAL_UNCERTAINTY_ASSIGNED_CONTEXT ( ( #5437 ) ) GLOBAL_UNIT_ASSIGNED_CONTEXT ( ( #3642, #6481, #1373 ) ) REPRESENTATION_CONTEXT ( 'NONE', 'WORKASPACE' ) );
#77 = AXIS2_PLACEMENT_3D ( 'NONE', #4827, #225, #5855 ) ;
#78 = ORIENTED_EDGE ( 'NONE', *, *, #3703, .T. ) ;
#79 = DIRECTION ( 'NONE',  ( -0.000000000000000000, 0.000000000000000000, 1.000000000000000000 ) ) ;
#80 = VECTOR ( 'NONE', #2047, 1000.000000000000000 ) ;
#81 =( GEOMETRIC_REPRESENTATION_CONTEXT ( 3 ) GLOBAL_UNCERTAINTY_ASSIGNED_CONTEXT ( ( #564 ) ) GLOBAL_UNIT_ASSIGNED_CONTEXT ( ( #2304, #1728, #493 ) ) REPRESENTATION_CONTEXT ( 'NONE', 'WORKASPACE' ) );
#82 = ORIENTED_EDGE ( 'NONE', *, *, #6118, .T. ) ;
#83 = CARTESIAN_POINT ( 'NONE',  ( -0.9499999999999990674, -6.776263578034402713E-18, 5.749999999999999112 ) ) ;
#84 = CARTESIAN_POINT ( 'NONE',  ( 0.000000000000000000, 0.5799999999999999600, 5.749999999999999112 ) ) ;
#85 =( NAMED_UNIT ( * ) SI_UNIT ( $, .STERADIAN. ) SOLID_ANGLE_UNIT ( ) );
#86 = CARTESIAN_POINT ( 'NONE',  ( 0.6000000000000010880, -0.02000000000000000042, 5.749999999999999112 ) ) ;
#87 = MECHANICAL_DESIGN_GEOMETRIC_PRESENTATION_REPRESENTATION (  '', ( #2249 ), #4060 ) ;
#88 =( GEOMETRIC_REPRESENTATION_CONTEXT ( 3 ) GLOBAL_UNCERTAINTY_ASSIGNED_CONTEXT ( ( #3727 ) ) GLOBAL_UNIT_ASSIGNED_CONTEXT ( ( #984, #7237, #4384 ) ) REPRESENTATION_CONTEXT ( 'NONE', 'WORKASPACE' ) );
#89 = ORIENTED_EDGE ( 'NONE', *, *, #2022, .F. ) ;
#90 = ORIENTED_EDGE ( 'NONE', *, *, #1554, .F. ) ;
#91 = CARTESIAN_POINT ( 'NONE',  ( 0.2700000000000015721, 0.5900000000000000799, 5.749999999999999112 ) ) ;
#92 = LINE ( 'NONE', #126, #5774 ) ;
#93 = CARTESIAN_POINT ( 'NONE',  ( -2.769999999999999130, 0.5900000000000000799, 5.749999999999999112 ) ) ;
#94 =( NAMED_UNIT ( * ) PLANE_ANGLE_UNIT ( ) SI_UNIT ( $, .RADIAN. ) );
#95 = ORIENTED_EDGE ( 'NONE', *, *, #2021, .T. ) ;
#96 = EDGE_CURVE ( 'NONE', #3204, #5666, #1930, .T. ) ;
#97 = EDGE_CURVE ( 'NONE', #6392, #507, #6719, .T. ) ;
#98 = ORIENTED_EDGE ( 'NONE', *, *, #1273, .F. ) ;
#99 = DIRECTION ( 'NONE',  ( 0.000000000000000000, 0.000000000000000000, 1.000000000000000000 ) ) ;
#100 = LINE ( 'NONE', #6435, #3566 ) ;
#101 = SURFACE_STYLE_USAGE ( .BOTH. , #1213 ) ;
#102 = PRESENTATION_STYLE_ASSIGNMENT (( #5385 ) ) ;
#103 =( GEOMETRIC_REPRESENTATION_CONTEXT ( 3 ) GLOBAL_UNCERTAINTY_ASSIGNED_CONTEXT ( ( #6288 ) ) GLOBAL_UNIT_ASSIGNED_CONTEXT ( ( #2017, #4785, #254 ) ) REPRESENTATION_CONTEXT ( 'NONE', 'WORKASPACE' ) );
#104 = CARTESIAN_POINT ( 'NONE',  ( 4.500000000000000888, 0.000000000000000000, 0.000000000000000000 ) ) ;
#105 =( LENGTH_UNIT ( ) NAMED_UNIT ( * ) SI_UNIT ( .MILLI., .METRE. ) );
#106 = VECTOR ( 'NONE', #4614, 1000.000000000000000 ) ;
#107 = SURFACE_SIDE_STYLE ('',( #6771 ) ) ;
#108 = ORIENTED_EDGE ( 'NONE', *, *, #1503, .F. ) ;
#109 =( LENGTH_UNIT ( ) NAMED_UNIT ( * ) SI_UNIT ( .MILLI., .METRE. ) );
#110 = CARTESIAN_POINT ( 'NONE',  ( 3.500000000000025757, 0.000000000000000000, 0.000000000000000000 ) ) ;
#111 = AXIS2_PLACEMENT_3D ( 'NONE', #3381, #6836, #551 ) ;
#112 = EDGE_CURVE ( 'NONE', #5114, #3353, #4579, .T. ) ;
#113 = VERTEX_POINT ( 'NONE', #2782 ) ;
#114 =( NAMED_UNIT ( * ) PLANE_ANGLE_UNIT ( ) SI_UNIT ( $, .RADIAN. ) );
#115 = UNCERTAINTY_MEASURE_WITH_UNIT (LENGTH_MEASURE( 1.000000000000000082E-05 ), #3771, 'distance_accuracy_value', 'NONE');
#116 = ORIENTED_EDGE ( 'NONE', *, *, #1142, .F. ) ;
#117 = SURFACE_STYLE_FILL_AREA ( #1306 ) ;
#118 = SURFACE_STYLE_USAGE ( .BOTH. , #4249 ) ;
#119 = LINE ( 'NONE', #1193, #1021 ) ;
#120 =( LENGTH_UNIT ( ) NAMED_UNIT ( * ) SI_UNIT ( .MILLI., .METRE. ) );
#121 = CARTESIAN_POINT ( 'NONE',  ( 4.500000000000000888, 0.5799999999999999600, 4.190000000000000391 ) ) ;
#122 = ORIENTED_EDGE ( 'NONE', *, *, #2471, .T. ) ;
#123 = VERTEX_POINT ( 'NONE', #3954 ) ;
#124 = AXIS2_PLACEMENT_3D ( 'NONE', #2566, #807, #874 ) ;
#125 = DIRECTION ( 'NONE',  ( -0.000000000000000000, -1.000000000000000000, 0.000000000000000000 ) ) ;
#126 = CARTESIAN_POINT ( 'NONE',  ( 4.500000000000012434, -0.02000000000000000042, 2.409999999999999698 ) ) ;
#127 = FACE_OUTER_BOUND ( 'NONE', #6429, .T. ) ;
#128 = PRESENTATION_STYLE_ASSIGNMENT (( #5335 ) ) ;
#129 = CARTESIAN_POINT ( 'NONE',  ( -2.029999999999998916, -0.02000000000000000042, 5.749999999999999112 ) ) ;
#130 = CIRCLE ( 'NONE', #3487, 0.2399999999999999911 ) ;
#131 = ORIENTED_EDGE ( 'NONE', *, *, #2856, .T. ) ;
#132 = ORIENTED_EDGE ( 'NONE', *, *, #3358, .T. ) ;
#133 =( LENGTH_UNIT ( ) NAMED_UNIT ( * ) SI_UNIT ( .MILLI., .METRE. ) );
#134 = CARTESIAN_POINT ( 'NONE',  ( 4.000000000000000888, 0.5799999999999999600, 5.049999999999998934 ) ) ;
#135 = CARTESIAN_POINT ( 'NONE',  ( -3.500000000000000444, 1.800655561573372143, 3.500000000000000000 ) ) ;
#136 =( NAMED_UNIT ( * ) SI_UNIT ( $, .STERADIAN. ) SOLID_ANGLE_UNIT ( ) );
#137 = CARTESIAN_POINT ( 'NONE',  ( -4.499999999999999112, 0.000000000000000000, 2.299999999999999822 ) ) ;
#138 = AXIS2_PLACEMENT_3D ( 'NONE', #5392, #7096, #706 ) ;
#139 = DIRECTION ( 'NONE',  ( 0.000000000000000000, -1.000000000000000000, 0.000000000000000000 ) ) ;
#140 = EDGE_CURVE ( 'NONE', #4864, #234, #5052, .T. ) ;
#141 = EDGE_CURVE ( 'NONE', #6984, #61, #2169, .T. ) ;
#142 = VECTOR ( 'NONE', #431, 1000.000000000000000 ) ;
#143 = CARTESIAN_POINT ( 'NONE',  ( 4.500000000000014211, 0.5900000000000000799, 2.890000000000000568 ) ) ;
#144 = SURFACE_STYLE_USAGE ( .BOTH. , #107 ) ;
#145 = VERTEX_POINT ( 'NONE', #7359 ) ;
#146 = FILL_AREA_STYLE_COLOUR ( '', #6352 ) ;
#147 = CARTESIAN_POINT ( 'NONE',  ( -1.919999999999998597, 0.5799999999999999600, -3.790000000000002256 ) ) ;
#148 = VECTOR ( 'NONE', #2417, 1000.000000000000000 ) ;
#149 = ORIENTED_EDGE ( 'NONE', *, *, #4291, .T. ) ;
#150 = CIRCLE ( 'NONE', #1830, 0.3399999999999998024 ) ;
#151 = DIRECTION ( 'NONE',  ( 1.000000000000000000, 0.000000000000000000, 0.000000000000000000 ) ) ;
#152 = ORIENTED_EDGE ( 'NONE', *, *, #3164, .F. ) ;
#153 = AXIS2_PLACEMENT_3D ( 'NONE', #4070, #1751, #5200 ) ;
#154 = CARTESIAN_POINT ( 'NONE',  ( 2.150000000000000799, 0.000000000000000000, -0.000000000000000000 ) ) ;
#155 = DIRECTION ( 'NONE',  ( 0.000000000000000000, 0.000000000000000000, 1.000000000000000000 ) ) ;
#156 = EDGE_CURVE ( 'NONE', #4042, #1799, #1636, .T. ) ;
#157 = VECTOR ( 'NONE', #7118, 1000.000000000000000 ) ;
#158 = ORIENTED_EDGE ( 'NONE', *, *, #1861, .F. ) ;
#159 = EDGE_LOOP ( 'NONE', ( #4777, #3626, #7003, #3724 ) ) ;
#160 = SURFACE_SIDE_STYLE ('',( #5372 ) ) ;
#161 = DIRECTION ( 'NONE',  ( 0.000000000000000000, 0.000000000000000000, -1.000000000000000000 ) ) ;
#162 = CARTESIAN_POINT ( 'NONE',  ( 4.500000000000002665, 0.5799999999999999600, -3.500000000000000444 ) ) ;
#163 =( GEOMETRIC_REPRESENTATION_CONTEXT ( 3 ) GLOBAL_UNCERTAINTY_ASSIGNED_CONTEXT ( ( #4112 ) ) GLOBAL_UNIT_ASSIGNED_CONTEXT ( ( #6704, #901, #1470 ) ) REPRESENTATION_CONTEXT ( 'NONE', 'WORKASPACE' ) );
#164 =( NAMED_UNIT ( * ) PLANE_ANGLE_UNIT ( ) SI_UNIT ( $, .RADIAN. ) );
#165 = AXIS2_PLACEMENT_3D ( 'NONE', #5261, #3652, #267 ) ;
#166 = ORIENTED_EDGE ( 'NONE', *, *, #6707, .F. ) ;
#167 = ORIENTED_EDGE ( 'NONE', *, *, #5135, .F. ) ;
#168 = CARTESIAN_POINT ( 'NONE',  ( -4.499999999999999112, -0.02000000000000000042, 0.000000000000000000 ) ) ;
#169 = DIRECTION ( 'NONE',  ( 0.000000000000000000, 0.000000000000000000, -1.000000000000000000 ) ) ;
#170 = FILL_AREA_STYLE_COLOUR ( '', #2585 ) ;
#171 =( NAMED_UNIT ( * ) PLANE_ANGLE_UNIT ( ) SI_UNIT ( $, .RADIAN. ) );
#172 =( LENGTH_UNIT ( ) NAMED_UNIT ( * ) SI_UNIT ( .MILLI., .METRE. ) );
#173 = CARTESIAN_POINT ( 'NONE',  ( -4.500000000000016875, 0.5900000000000000799, -1.189999999999999281 ) ) ;
#174 = VECTOR ( 'NONE', #2399, 1000.000000000000000 ) ;
#175 = VECTOR ( 'NONE', #2469, 1000.000000000000000 ) ;
#176 = CIRCLE ( 'NONE', #2642, 0.2300000000000001765 ) ;
#177 = LINE ( 'NONE', #3718, #2632 ) ;
#178 = ADVANCED_FACE ( 'NONE', ( #5644 ), #7432, .F. ) ;
#179 = LINE ( 'NONE', #3679, #812 ) ;
#180 = ORIENTED_EDGE ( 'NONE', *, *, #1833, .F. ) ;
#181 = FACE_OUTER_BOUND ( 'NONE', #1610, .T. ) ;
#182 = FACE_OUTER_BOUND ( 'NONE', #5998, .T. ) ;
#183 = LINE ( 'NONE', #3607, #1855 ) ;
#184 = ORIENTED_EDGE ( 'NONE', *, *, #5378, .T. ) ;
#185 =( NAMED_UNIT ( * ) SI_UNIT ( $, .STERADIAN. ) SOLID_ANGLE_UNIT ( ) );
#186 = EDGE_CURVE ( 'NONE', #1705, #3816, #5549, .T. ) ;
#187 = UNCERTAINTY_MEASURE_WITH_UNIT (LENGTH_MEASURE( 1.000000000000000082E-05 ), #4706, 'distance_accuracy_value', 'NONE');
#188 = ADVANCED_FACE ( 'NONE', ( #4435 ), #2285, .T. ) ;
#189 = EDGE_LOOP ( 'NONE', ( #2347, #3508, #4511, #5446, #4016, #425, #5350, #1288, #2194, #5323, #5016, #3783 ) ) ;
#190 = STYLED_ITEM ( 'NONE', ( #1977 ), #5835 ) ;
#191 = VECTOR ( 'NONE', #1069, 1000.000000000000000 ) ;
#192 =( NAMED_UNIT ( * ) PLANE_ANGLE_UNIT ( ) SI_UNIT ( $, .RADIAN. ) );
#193 = FACE_OUTER_BOUND ( 'NONE', #7243, .T. ) ;
#194 =( GEOMETRIC_REPRESENTATION_CONTEXT ( 3 ) GLOBAL_UNCERTAINTY_ASSIGNED_CONTEXT ( ( #2212 ) ) GLOBAL_UNIT_ASSIGNED_CONTEXT ( ( #5397, #3646, #260 ) ) REPRESENTATION_CONTEXT ( 'NONE', 'WORKASPACE' ) );
#195 = CIRCLE ( 'NONE', #5219, 0.3299999999999995715 ) ;
#196 = MECHANICAL_DESIGN_GEOMETRIC_PRESENTATION_REPRESENTATION (  '', ( #6061 ), #1141 ) ;
#197 = EDGE_LOOP ( 'NONE', ( #6602, #2596, #6035, #3472, #1773, #5678 ) ) ;
#198 = VERTEX_POINT ( 'NONE', #3482 ) ;
#199 = SURFACE_STYLE_FILL_AREA ( #7004 ) ;
#200 = MECHANICAL_DESIGN_GEOMETRIC_PRESENTATION_REPRESENTATION (  '', ( #1022 ), #2963 ) ;
#201 = PRESENTATION_STYLE_ASSIGNMENT (( #1924 ) ) ;
#202 = CARTESIAN_POINT ( 'NONE',  ( -4.500000000000025757, -0.02000000000000000042, 1.210000000000000409 ) ) ;
#203 = CARTESIAN_POINT ( 'NONE',  ( -4.500000000000018652, 0.5900000000000000799, -0.9499999999999995115 ) ) ;
#204 = SURFACE_STYLE_USAGE ( .BOTH. , #832 ) ;
#205 = VECTOR ( 'NONE', #3415, 1000.000000000000000 ) ;
#206 = CARTESIAN_POINT ( 'NONE',  ( -3.920000000000001705, 1.779999999999999805, -5.390000000000001457 ) ) ;
#207 = VERTEX_POINT ( 'NONE', #5800 ) ;
#208 = PRESENTATION_LAYER_ASSIGNMENT (  '', '', ( #4993 ) ) ;
#209 = VECTOR ( 'NONE', #4220, 1000.000000000000000 ) ;
#210 = AXIS2_PLACEMENT_3D ( 'NONE', #5749, #609, #2914 ) ;
#211 = EDGE_CURVE ( 'NONE', #410, #6877, #5279, .T. ) ;
#212 = EDGE_LOOP ( 'NONE', ( #712, #5162, #41, #2944 ) ) ;
#213 = DIRECTION ( 'NONE',  ( 0.000000000000000000, -1.000000000000000000, 0.000000000000000000 ) ) ;
#214 = PRESENTATION_STYLE_ASSIGNMENT (( #4229 ) ) ;
#215 = CARTESIAN_POINT ( 'NONE',  ( 0.000000000000000000, 0.000000000000000000, -1.299999999999999600 ) ) ;
#216 = CARTESIAN_POINT ( 'NONE',  ( 5.204170427930445935E-16, -0.02000000000000000042, 0.6000000000000028644 ) ) ;
#217 = AXIS2_PLACEMENT_3D ( 'NONE', #500, #2805, #6236 ) ;
#218 = SURFACE_STYLE_USAGE ( .BOTH. , #741 ) ;
#219 = PRESENTATION_LAYER_ASSIGNMENT (  '', '', ( #6083 ) ) ;
#220 = DIRECTION ( 'NONE',  ( 0.000000000000000000, 0.000000000000000000, 1.000000000000000000 ) ) ;
#221 = VERTEX_POINT ( 'NONE', #4651 ) ;
#222 =( NAMED_UNIT ( * ) PLANE_ANGLE_UNIT ( ) SI_UNIT ( $, .RADIAN. ) );
#223 = COLOUR_RGB ( '',0.9686274509803921573, 0.8784313725490195957, 0.5999999999999999778 ) ;
#224 = ORIENTED_EDGE ( 'NONE', *, *, #2825, .F. ) ;
#225 = DIRECTION ( 'NONE',  ( 0.000000000000000000, -1.000000000000000000, 0.000000000000000000 ) ) ;
#226 = ORIENTED_EDGE ( 'NONE', *, *, #6282, .T. ) ;
#227 = DIRECTION ( 'NONE',  ( 0.000000000000000000, -1.000000000000000000, 0.000000000000000000 ) ) ;
#228 = PRESENTATION_STYLE_ASSIGNMENT (( #4731 ) ) ;
#229 = FILL_AREA_STYLE ('',( #3271 ) ) ;
#230 = SURFACE_STYLE_FILL_AREA ( #715 ) ;
#231 = EDGE_CURVE ( 'NONE', #539, #3173, #6358, .T. ) ;
#232 = EDGE_CURVE ( 'NONE', #1235, #6736, #5198, .T. ) ;
#233 = AXIS2_PLACEMENT_3D ( 'NONE', #35, #6876, #7438 ) ;
#234 = VERTEX_POINT ( 'NONE', #7145 ) ;
#235 = EDGE_LOOP ( 'NONE', ( #98, #1052, #786, #2943 ) ) ;
#236 = DIRECTION ( 'NONE',  ( 0.000000000000000000, 1.000000000000000000, -0.000000000000000000 ) ) ;
#237 = FILL_AREA_STYLE_COLOUR ( '', #5551 ) ;
#238 = CARTESIAN_POINT ( 'NONE',  ( -4.500000000000014211, 0.5799999999999999600, 0.2500000000000002220 ) ) ;
#239 = DIRECTION ( 'NONE',  ( 0.000000000000000000, 0.000000000000000000, 1.000000000000000000 ) ) ;
#240 = DIRECTION ( 'NONE',  ( -8.673617379884036458E-16, 0.000000000000000000, 1.000000000000000000 ) ) ;
#241 = VERTEX_POINT ( 'NONE', #5276 ) ;
#242 = VECTOR ( 'NONE', #3832, 1000.000000000000000 ) ;
#243 = VERTEX_POINT ( 'NONE', #6396 ) ;
#244 = CARTESIAN_POINT ( 'NONE',  ( 4.500000000000000888, 0.5799999999999999600, 1.790000000000000258 ) ) ;
#245 = CARTESIAN_POINT ( 'NONE',  ( -3.500000000000050182, -0.02000000000000000042, -0.5999999999999998668 ) ) ;
#246 = DIRECTION ( 'NONE',  ( 1.338521200599388434E-16, 0.000000000000000000, 1.000000000000000000 ) ) ;
#247 = CYLINDRICAL_SURFACE ( 'NONE', #4350, 0.3299999999999995715 ) ;
#248 =( LENGTH_UNIT ( ) NAMED_UNIT ( * ) SI_UNIT ( .MILLI., .METRE. ) );
#249 = MECHANICAL_DESIGN_GEOMETRIC_PRESENTATION_REPRESENTATION (  '', ( #4913 ), #1565 ) ;
#250 = EDGE_CURVE ( 'NONE', #113, #1014, #1251, .T. ) ;
#251 =( LENGTH_UNIT ( ) NAMED_UNIT ( * ) SI_UNIT ( .MILLI., .METRE. ) );
#252 = AXIS2_PLACEMENT_3D ( 'NONE', #6480, #1258, #1910 ) ;
#253 = CARTESIAN_POINT ( 'NONE',  ( 0.000000000000000000, 0.000000000000000000, -5.750000000000000888 ) ) ;
#254 =( NAMED_UNIT ( * ) SI_UNIT ( $, .STERADIAN. ) SOLID_ANGLE_UNIT ( ) );
#255 = VERTEX_POINT ( 'NONE', #2392 ) ;
#256 = FILL_AREA_STYLE ('',( #146 ) ) ;
#257 = FILL_AREA_STYLE ('',( #5354 ) ) ;
#258 = STYLED_ITEM ( 'NONE', ( #7173 ), #6441 ) ;
#259 = VERTEX_POINT ( 'NONE', #4715 ) ;
#260 =( NAMED_UNIT ( * ) SI_UNIT ( $, .STERADIAN. ) SOLID_ANGLE_UNIT ( ) );
#261 = UNCERTAINTY_MEASURE_WITH_UNIT (LENGTH_MEASURE( 1.000000000000000082E-05 ), #2491, 'distance_accuracy_value', 'NONE');
#262 = ORIENTED_EDGE ( 'NONE', *, *, #232, .T. ) ;
#263 = DIRECTION ( 'NONE',  ( -1.338521200599388434E-16, -0.000000000000000000, -1.000000000000000000 ) ) ;
#264 = MECHANICAL_DESIGN_GEOMETRIC_PRESENTATION_REPRESENTATION (  '', ( #4698 ), #5769 ) ;
#265 = UNCERTAINTY_MEASURE_WITH_UNIT (LENGTH_MEASURE( 1.000000000000000082E-05 ), #1438, 'distance_accuracy_value', 'NONE');
#266 = CARTESIAN_POINT ( 'NONE',  ( 0.000000000000000000, 0.5799999999999999600, -5.750000000000000888 ) ) ;
#267 = DIRECTION ( 'NONE',  ( 0.000000000000000000, 0.000000000000000000, -1.000000000000000000 ) ) ;
#268 = STYLED_ITEM ( 'NONE', ( #495 ), #4278 ) ;
#269 = LINE ( 'NONE', #7188, #4277 ) ;
#270 = ORIENTED_EDGE ( 'NONE', *, *, #5142, .T. ) ;
#271 =( GEOMETRIC_REPRESENTATION_CONTEXT ( 3 ) GLOBAL_UNCERTAINTY_ASSIGNED_CONTEXT ( ( #1227 ) ) GLOBAL_UNIT_ASSIGNED_CONTEXT ( ( #2887, #3453, #624 ) ) REPRESENTATION_CONTEXT ( 'NONE', 'WORKASPACE' ) );
#272 = VERTEX_POINT ( 'NONE', #3524 ) ;
#273 =( NAMED_UNIT ( * ) PLANE_ANGLE_UNIT ( ) SI_UNIT ( $, .RADIAN. ) );
#274 = ADVANCED_FACE ( 'NONE', ( #64 ), #3596, .T. ) ;
#275 = SURFACE_SIDE_STYLE ('',( #7115 ) ) ;
#276 = FILL_AREA_STYLE_COLOUR ( '', #4876 ) ;
#277 =( LENGTH_UNIT ( ) NAMED_UNIT ( * ) SI_UNIT ( .MILLI., .METRE. ) );
#278 = DIRECTION ( 'NONE',  ( 0.000000000000000000, 0.000000000000000000, 1.000000000000000000 ) ) ;
#279 = ORIENTED_EDGE ( 'NONE', *, *, #2771, .F. ) ;
#280 = ORIENTED_EDGE ( 'NONE', *, *, #6295, .F. ) ;
#281 = DIRECTION ( 'NONE',  ( 0.000000000000000000, -1.000000000000000000, 0.000000000000000000 ) ) ;
#282 = COLOUR_RGB ( '',0.000000000000000000, 0.5647058823529411686, 0.09803921568627450844 ) ;
#283 = FACE_OUTER_BOUND ( 'NONE', #212, .T. ) ;
#284 = FILL_AREA_STYLE ('',( #5421 ) ) ;
#285 = EDGE_CURVE ( 'NONE', #2228, #2420, #4100, .T. ) ;
#286 = DIRECTION ( 'NONE',  ( -1.000000000000000000, 0.000000000000000000, 0.000000000000000000 ) ) ;
#287 = ADVANCED_FACE ( 'NONE', ( #1292 ), #735, .T. ) ;
#288 = SURFACE_SIDE_STYLE ('',( #3672 ) ) ;
#289 = FACE_OUTER_BOUND ( 'NONE', #2257, .T. ) ;
#290 = LINE ( 'NONE', #5844, #4233 ) ;
#291 = AXIS2_PLACEMENT_3D ( 'NONE', #1645, #2823, #3494 ) ;
#292 = CARTESIAN_POINT ( 'NONE',  ( 4.500000000000052403, 0.5900000000000000799, -0.7099999999999995204 ) ) ;
#293 = CARTESIAN_POINT ( 'NONE',  ( 0.000000000000000000, 0.5900000000000000799, 5.749999999999999112 ) ) ;
#294 = AXIS2_PLACEMENT_3D ( 'NONE', #2895, #6915, #5098 ) ;
#295 = PRESENTATION_LAYER_ASSIGNMENT (  '', '', ( #6402 ) ) ;
#296 = ORIENTED_EDGE ( 'NONE', *, *, #3057, .T. ) ;
#297 = DIRECTION ( 'NONE',  ( -0.000000000000000000, 0.000000000000000000, -1.000000000000000000 ) ) ;
#298 = VERTEX_POINT ( 'NONE', #3206 ) ;
#299 = EDGE_CURVE ( 'NONE', #259, #4304, #6008, .T. ) ;
#300 =( NAMED_UNIT ( * ) PLANE_ANGLE_UNIT ( ) SI_UNIT ( $, .RADIAN. ) );
#301 =( NAMED_UNIT ( * ) PLANE_ANGLE_UNIT ( ) SI_UNIT ( $, .RADIAN. ) );
#302 =( NAMED_UNIT ( * ) PLANE_ANGLE_UNIT ( ) SI_UNIT ( $, .RADIAN. ) );
#303 = ORIENTED_EDGE ( 'NONE', *, *, #6023, .T. ) ;
#304 = EDGE_LOOP ( 'NONE', ( #2667, #2562, #4530, #674, #6531 ) ) ;
#305 = PRESENTATION_LAYER_ASSIGNMENT (  '', '', ( #5464 ) ) ;
#306 = DIRECTION ( 'NONE',  ( 0.000000000000000000, 0.000000000000000000, 1.000000000000000000 ) ) ;
#307 = DIRECTION ( 'NONE',  ( -1.000000000000000000, 0.000000000000000000, 0.000000000000000000 ) ) ;
#308 = PRESENTATION_STYLE_ASSIGNMENT (( #3745 ) ) ;
#309 = CARTESIAN_POINT ( 'NONE',  ( 0.000000000000000000, 0.000000000000000000, 5.749999999999999112 ) ) ;
#310 = DIRECTION ( 'NONE',  ( 0.000000000000000000, -0.000000000000000000, 1.000000000000000000 ) ) ;
#311 = VECTOR ( 'NONE', #464, 1000.000000000000000 ) ;
#312 = AXIS2_PLACEMENT_3D ( 'NONE', #3920, #6028, #7286 ) ;
#313 = MECHANICAL_DESIGN_GEOMETRIC_PRESENTATION_REPRESENTATION (  '', ( #4982 ), #5950 ) ;
#314 = ORIENTED_EDGE ( 'NONE', *, *, #5870, .F. ) ;
#315 = ORIENTED_EDGE ( 'NONE', *, *, #797, .F. ) ;
#316 = LINE ( 'NONE', #4457, #444 ) ;
#317 = CARTESIAN_POINT ( 'NONE',  ( 3.500000000000050182, -0.02000000000000000042, 0.000000000000000000 ) ) ;
#318 = VECTOR ( 'NONE', #5262, 1000.000000000000000 ) ;
#319 = SURFACE_STYLE_USAGE ( .BOTH. , #875 ) ;
#320 = MECHANICAL_DESIGN_GEOMETRIC_PRESENTATION_REPRESENTATION (  '', ( #2358 ), #5707 ) ;
#321 = FACE_OUTER_BOUND ( 'NONE', #487, .T. ) ;
#322 = AXIS2_PLACEMENT_3D ( 'NONE', #4307, #2567, #2686 ) ;
#323 = CARTESIAN_POINT ( 'NONE',  ( -4.499999999999999112, 0.000000000000000000, -0.000000000000000000 ) ) ;
#324 = CARTESIAN_POINT ( 'NONE',  ( -4.500000000000009770, 0.5900000000000000799, 1.790000000000000258 ) ) ;
#325 =( NAMED_UNIT ( * ) SI_UNIT ( $, .STERADIAN. ) SOLID_ANGLE_UNIT ( ) );
#326 = PRESENTATION_LAYER_ASSIGNMENT (  '', '', ( #6806 ) ) ;
#327 =( GEOMETRIC_REPRESENTATION_CONTEXT ( 3 ) GLOBAL_UNCERTAINTY_ASSIGNED_CONTEXT ( ( #2665 ) ) GLOBAL_UNIT_ASSIGNED_CONTEXT ( ( #4091, #2842, #2809 ) ) REPRESENTATION_CONTEXT ( 'NONE', 'WORKASPACE' ) );
#328 = ADVANCED_FACE ( 'NONE', ( #1426 ), #7264, .F. ) ;
#329 = VERTEX_POINT ( 'NONE', #897 ) ;
#330 = CARTESIAN_POINT ( 'NONE',  ( 2.650000000000000355, 1.800655561573372143, 5.749999999999999112 ) ) ;
#331 = CARTESIAN_POINT ( 'NONE',  ( 0.000000000000000000, 0.000000000000000000, -1.299999999999999600 ) ) ;
#332 = FACE_OUTER_BOUND ( 'NONE', #4096, .T. ) ;
#333 = ORIENTED_EDGE ( 'NONE', *, *, #509, .F. ) ;
#334 =( LENGTH_UNIT ( ) NAMED_UNIT ( * ) SI_UNIT ( .MILLI., .METRE. ) );
#335 =( NAMED_UNIT ( * ) SI_UNIT ( $, .STERADIAN. ) SOLID_ANGLE_UNIT ( ) );
#336 = STYLED_ITEM ( 'NONE', ( #5807 ), #5282 ) ;
#337 = VERTEX_POINT ( 'NONE', #6587 ) ;
#338 = UNCERTAINTY_MEASURE_WITH_UNIT (LENGTH_MEASURE( 1.000000000000000082E-05 ), #6557, 'distance_accuracy_value', 'NONE');
#339 = ORIENTED_EDGE ( 'NONE', *, *, #6760, .T. ) ;
#340 = DIRECTION ( 'NONE',  ( 1.000000000000000000, -0.000000000000000000, 0.000000000000000000 ) ) ;
#341 = UNCERTAINTY_MEASURE_WITH_UNIT (LENGTH_MEASURE( 1.000000000000000082E-05 ), #2703, 'distance_accuracy_value', 'NONE');
#342 =( LENGTH_UNIT ( ) NAMED_UNIT ( * ) SI_UNIT ( .MILLI., .METRE. ) );
#343 = DIRECTION ( 'NONE',  ( -0.000000000000000000, -1.000000000000000000, -0.000000000000000000 ) ) ;
#344 = STYLED_ITEM ( 'NONE', ( #6563 ), #5388 ) ;
#345 = FILL_AREA_STYLE_COLOUR ( '', #5477 ) ;
#346 = EDGE_CURVE ( 'NONE', #61, #1340, #4372, .T. ) ;
#347 = ORIENTED_EDGE ( 'NONE', *, *, #7327, .F. ) ;
#348 = VERTEX_POINT ( 'NONE', #386 ) ;
#349 = DIRECTION ( 'NONE',  ( -0.000000000000000000, -1.000000000000000000, -0.000000000000000000 ) ) ;
#350 = FILL_AREA_STYLE ('',( #276 ) ) ;
#351 = SURFACE_STYLE_USAGE ( .BOTH. , #3936 ) ;
#352 = VECTOR ( 'NONE', #4550, 1000.000000000000000 ) ;
#353 = ORIENTED_EDGE ( 'NONE', *, *, #3624, .T. ) ;
#354 = VERTEX_POINT ( 'NONE', #3743 ) ;
#355 = SURFACE_STYLE_FILL_AREA ( #4383 ) ;
#356 = FILL_AREA_STYLE ('',( #2081 ) ) ;
#357 = SURFACE_STYLE_FILL_AREA ( #2231 ) ;
#358 = DIRECTION ( 'NONE',  ( -0.000000000000000000, -1.000000000000000000, -0.000000000000000000 ) ) ;
#359 =( LENGTH_UNIT ( ) NAMED_UNIT ( * ) SI_UNIT ( .MILLI., .METRE. ) );
#360 = SURFACE_SIDE_STYLE ('',( #7352 ) ) ;
#361 = VECTOR ( 'NONE', #6196, 1000.000000000000000 ) ;
#362 = ORIENTED_EDGE ( 'NONE', *, *, #3411, .F. ) ;
#363 = SURFACE_STYLE_USAGE ( .BOTH. , #5508 ) ;
#364 = DIRECTION ( 'NONE',  ( 0.000000000000000000, 1.000000000000000000, 0.000000000000000000 ) ) ;
#365 = DIRECTION ( 'NONE',  ( 1.000000000000000000, 0.000000000000000000, 0.000000000000000000 ) ) ;
#366 = DIRECTION ( 'NONE',  ( 1.000000000000000000, 0.000000000000000000, 0.000000000000000000 ) ) ;
#367 = COLOUR_RGB ( '',0.9686274509803921573, 0.8784313725490195957, 0.5999999999999999778 ) ;
#368 = MECHANICAL_DESIGN_GEOMETRIC_PRESENTATION_REPRESENTATION (  '', ( #2891 ), #3867 ) ;
#369 = EDGE_CURVE ( 'NONE', #2554, #7143, #3174, .T. ) ;
#370 = EDGE_CURVE ( 'NONE', #329, #5187, #2106, .T. ) ;
#371 = FILL_AREA_STYLE_COLOUR ( '', #647 ) ;
#372 = PRESENTATION_LAYER_ASSIGNMENT (  '', '', ( #5880 ) ) ;
#373 = AXIS2_PLACEMENT_3D ( 'NONE', #2583, #6728, #3889 ) ;
#374 = VERTEX_POINT ( 'NONE', #4991 ) ;
#375 = VERTEX_POINT ( 'NONE', #6700 ) ;
#376 = SURFACE_SIDE_STYLE ('',( #6076 ) ) ;
#377 = FACE_OUTER_BOUND ( 'NONE', #6697, .T. ) ;
#378 = EDGE_CURVE ( 'NONE', #3581, #860, #60, .T. ) ;
#379 = EDGE_CURVE ( 'NONE', #6594, #1123, #2034, .T. ) ;
#380 = SURFACE_STYLE_FILL_AREA ( #4328 ) ;
#381 = CARTESIAN_POINT ( 'NONE',  ( 4.500000000000002665, 0.5799999999999999600, 3.850000000000000089 ) ) ;
#382 = STYLED_ITEM ( 'NONE', ( #5720 ), #1222 ) ;
#383 = VERTEX_POINT ( 'NONE', #1540 ) ;
#384 = ORIENTED_EDGE ( 'NONE', *, *, #1063, .F. ) ;
#385 = CARTESIAN_POINT ( 'NONE',  ( 2.150000000000000799, -0.02000000000000000042, 4.749999999999999112 ) ) ;
#386 = CARTESIAN_POINT ( 'NONE',  ( -4.499999999999999112, 0.000000000000000000, -5.750000000000000888 ) ) ;
#387 = EDGE_CURVE ( 'NONE', #3794, #6575, #3859, .T. ) ;
#388 = SURFACE_SIDE_STYLE ('',( #4841 ) ) ;
#389 = DIRECTION ( 'NONE',  ( 1.000000000000000000, -0.000000000000000000, 0.000000000000000000 ) ) ;
#390 =( NAMED_UNIT ( * ) SI_UNIT ( $, .STERADIAN. ) SOLID_ANGLE_UNIT ( ) );
#391 = AXIS2_PLACEMENT_3D ( 'NONE', #7377, #4526, #1047 ) ;
#392 = ORIENTED_EDGE ( 'NONE', *, *, #1905, .F. ) ;
#393 = ORIENTED_EDGE ( 'NONE', *, *, #1809, .F. ) ;
#394 = DIRECTION ( 'NONE',  ( 0.000000000000000000, 0.000000000000000000, 1.000000000000000000 ) ) ;
#395 = PRESENTATION_LAYER_ASSIGNMENT (  '', '', ( #7235 ) ) ;
#396 = DIRECTION ( 'NONE',  ( 1.338521200599388434E-16, 0.000000000000000000, 1.000000000000000000 ) ) ;
#397 = FILL_AREA_STYLE_COLOUR ( '', #3675 ) ;
#398 = ADVANCED_FACE ( 'NONE', ( #7302 ), #3238, .F. ) ;
#399 = FACE_OUTER_BOUND ( 'NONE', #4543, .T. ) ;
#400 = SURFACE_STYLE_FILL_AREA ( #3753 ) ;
#401 = CIRCLE ( 'NONE', #5907, 0.2300000000000001765 ) ;
#402 = CYLINDRICAL_SURFACE ( 'NONE', #3283, 0.3399999999999998024 ) ;
#403 = COLOUR_RGB ( '',0.9686274509803921573, 0.8784313725490195957, 0.5999999999999999778 ) ;
#404 = EDGE_LOOP ( 'NONE', ( #6782, #7216, #1909, #4893 ) ) ;
#405 =( LENGTH_UNIT ( ) NAMED_UNIT ( * ) SI_UNIT ( .MILLI., .METRE. ) );
#406 = CARTESIAN_POINT ( 'NONE',  ( 4.500000000000002665, 0.5900000000000000799, 3.850000000000000089 ) ) ;
#407 = SURFACE_SIDE_STYLE ('',( #5643 ) ) ;
#408 = SURFACE_STYLE_FILL_AREA ( #7390 ) ;
#409 = UNCERTAINTY_MEASURE_WITH_UNIT (LENGTH_MEASURE( 1.000000000000000082E-05 ), #1054, 'distance_accuracy_value', 'NONE');
#410 = VERTEX_POINT ( 'NONE', #1685 ) ;
#411 =( NAMED_UNIT ( * ) PLANE_ANGLE_UNIT ( ) SI_UNIT ( $, .RADIAN. ) );
#412 = SURFACE_STYLE_FILL_AREA ( #6731 ) ;
#413 = DIRECTION ( 'NONE',  ( 0.000000000000000000, 0.000000000000000000, -1.000000000000000000 ) ) ;
#414 = PRESENTATION_LAYER_ASSIGNMENT (  '', '', ( #3659 ) ) ;
#415 = VECTOR ( 'NONE', #940, 1000.000000000000000 ) ;
#416 = EDGE_CURVE ( 'NONE', #6736, #1919, #46, .T. ) ;
#417 = EDGE_CURVE ( 'NONE', #5136, #3906, #2222, .T. ) ;
#418 = VERTEX_POINT ( 'NONE', #4594 ) ;
#419 = VERTEX_POINT ( 'NONE', #490 ) ;
#420 = FILL_AREA_STYLE_COLOUR ( '', #3956 ) ;
#421 =( LENGTH_UNIT ( ) NAMED_UNIT ( * ) SI_UNIT ( .MILLI., .METRE. ) );
#422 = FILL_AREA_STYLE_COLOUR ( '', #6873 ) ;
#423 = DIRECTION ( 'NONE',  ( -1.000000000000000000, 0.000000000000000000, -0.000000000000000000 ) ) ;
#424 = CARTESIAN_POINT ( 'NONE',  ( -2.649999999999998579, 0.000000000000000000, 0.000000000000000000 ) ) ;
#425 = ORIENTED_EDGE ( 'NONE', *, *, #1386, .T. ) ;
#426 = ORIENTED_EDGE ( 'NONE', *, *, #4645, .F. ) ;
#427 = DIRECTION ( 'NONE',  ( -0.000000000000000000, -1.000000000000000000, 0.000000000000000000 ) ) ;
#428 = DIRECTION ( 'NONE',  ( 0.000000000000000000, 0.000000000000000000, -1.000000000000000000 ) ) ;
#429 = PLANE ( 'NONE',  #322 ) ;
#430 = FACE_OUTER_BOUND ( 'NONE', #4464, .T. ) ;
#431 = DIRECTION ( 'NONE',  ( 0.000000000000000000, 0.000000000000000000, 1.000000000000000000 ) ) ;
#432 = CARTESIAN_POINT ( 'NONE',  ( 0.000000000000000000, -0.02000000000000000042, 4.749999999999999112 ) ) ;
#433 = CARTESIAN_POINT ( 'NONE',  ( -3.999999999999999112, 0.5799999999999999600, 5.049999999999998934 ) ) ;
#434 = EDGE_CURVE ( 'NONE', #4566, #243, #176, .T. ) ;
#435 = ORIENTED_EDGE ( 'NONE', *, *, #7176, .T. ) ;
#436 = VECTOR ( 'NONE', #413, 1000.000000000000000 ) ;
#437 = VECTOR ( 'NONE', #754, 1000.000000000000000 ) ;
#438 = CARTESIAN_POINT ( 'NONE',  ( 3.000000000000000444, -0.02000000000000000042, 5.749999999999999112 ) ) ;
#439 = DIRECTION ( 'NONE',  ( -0.000000000000000000, -1.000000000000000000, 0.000000000000000000 ) ) ;
#440 =( LENGTH_UNIT ( ) NAMED_UNIT ( * ) SI_UNIT ( .MILLI., .METRE. ) );
#441 = SURFACE_STYLE_FILL_AREA ( #7360 ) ;
#442 = FILL_AREA_STYLE_COLOUR ( '', #7277 ) ;
#443 = COLOUR_RGB ( '',0.9686274509803921573, 0.8784313725490195957, 0.5999999999999999778 ) ;
#444 = VECTOR ( 'NONE', #2042, 1000.000000000000000 ) ;
#445 = ORIENTED_EDGE ( 'NONE', *, *, #5252, .F. ) ;
#446 = DIRECTION ( 'NONE',  ( -1.000000000000000000, 0.000000000000000000, 0.000000000000000000 ) ) ;
#447 = PRESENTATION_STYLE_ASSIGNMENT (( #2180 ) ) ;
#448 = CARTESIAN_POINT ( 'NONE',  ( -0.2499999999999989175, -0.02000000000000000042, 4.749999999999999112 ) ) ;
#449 = PRESENTATION_LAYER_ASSIGNMENT (  '', '', ( #4430 ) ) ;
#450 = ORIENTED_EDGE ( 'NONE', *, *, #7260, .T. ) ;
#451 = ORIENTED_EDGE ( 'NONE', *, *, #3259, .T. ) ;
#452 = VECTOR ( 'NONE', #4578, 1000.000000000000000 ) ;
#453 = FILL_AREA_STYLE_COLOUR ( '', #1491 ) ;
#454 = SURFACE_STYLE_FILL_AREA ( #6048 ) ;
#455 = DIRECTION ( 'NONE',  ( -1.000000000000000000, 0.000000000000000000, 0.000000000000000000 ) ) ;
#456 = CARTESIAN_POINT ( 'NONE',  ( 5.204170427930392687E-16, 0.000000000000000000, -0.5999999999999967581 ) ) ;
#457 = PRESENTATION_STYLE_ASSIGNMENT (( #2036 ) ) ;
#458 = EDGE_CURVE ( 'NONE', #1107, #3986, #1612, .T. ) ;
#459 = ADVANCED_FACE ( 'NONE', ( #637 ), #3502, .T. ) ;
#460 = VECTOR ( 'NONE', #1708, 1000.000000000000000 ) ;
#461 = ORIENTED_EDGE ( 'NONE', *, *, #2396, .T. ) ;
#462 = VERTEX_POINT ( 'NONE', #2336 ) ;
#463 = LINE ( 'NONE', #6127, #687 ) ;
#464 = DIRECTION ( 'NONE',  ( 0.000000000000000000, 0.000000000000000000, -1.000000000000000000 ) ) ;
#465 = CARTESIAN_POINT ( 'NONE',  ( -3.349999999999998757, 1.800655561573372143, 4.749999999999999112 ) ) ;
#466 = SURFACE_SIDE_STYLE ('',( #1020 ) ) ;
#467 = ORIENTED_EDGE ( 'NONE', *, *, #21, .F. ) ;
#468 = FILL_AREA_STYLE_COLOUR ( '', #2481 ) ;
#469 = FILL_AREA_STYLE_COLOUR ( '', #3958 ) ;
#470 = CARTESIAN_POINT ( 'NONE',  ( -4.499999999999999112, 0.5799999999999999600, 0.000000000000000000 ) ) ;
#471 = CARTESIAN_POINT ( 'NONE',  ( -4.500000000000015987, 0.5799999999999999600, -1.289999999999999147 ) ) ;
#472 = CARTESIAN_POINT ( 'NONE',  ( 4.500000000000000888, 0.000000000000000000, 0.000000000000000000 ) ) ;
#473 = EDGE_CURVE ( 'NONE', #2060, #6201, #5524, .T. ) ;
#474 = DIRECTION ( 'NONE',  ( 0.000000000000000000, -1.000000000000000000, 0.000000000000000000 ) ) ;
#475 = VECTOR ( 'NONE', #5106, 1000.000000000000000 ) ;
#476 = PRESENTATION_LAYER_ASSIGNMENT (  '', '', ( #2038 ) ) ;
#477 = DIRECTION ( 'NONE',  ( 0.000000000000000000, -0.000000000000000000, -1.000000000000000000 ) ) ;
#478 = UNCERTAINTY_MEASURE_WITH_UNIT (LENGTH_MEASURE( 1.000000000000000082E-05 ), #440, 'distance_accuracy_value', 'NONE');
#479 = VERTEX_POINT ( 'NONE', #6224 ) ;
#480 = CYLINDRICAL_SURFACE ( 'NONE', #294, 0.3400000000000000244 ) ;
#481 = DIRECTION ( 'NONE',  ( 0.000000000000000000, 0.000000000000000000, 1.000000000000000000 ) ) ;
#482 = VECTOR ( 'NONE', #6112, 1000.000000000000000 ) ;
#483 = MECHANICAL_DESIGN_GEOMETRIC_PRESENTATION_REPRESENTATION (  '', ( #2785 ), #3550 ) ;
#484 = MANIFOLD_SOLID_BREP ( 'Boss-Extrude6', #3874 ) ;
#485 = ORIENTED_EDGE ( 'NONE', *, *, #2899, .F. ) ;
#486 = UNCERTAINTY_MEASURE_WITH_UNIT (LENGTH_MEASURE( 1.000000000000000082E-05 ), #943, 'distance_accuracy_value', 'NONE');
#487 = EDGE_LOOP ( 'NONE', ( #1983, #636, #1377, #5100 ) ) ;
#488 = DIRECTION ( 'NONE',  ( -0.000000000000000000, -1.000000000000000000, 0.000000000000000000 ) ) ;
#489 = COLOUR_RGB ( '',0.9686274509803921573, 0.8784313725490195957, 0.5999999999999999778 ) ;
#490 = CARTESIAN_POINT ( 'NONE',  ( -4.499999999999999112, 0.000000000000000000, -0.09999999999999982514 ) ) ;
#491 = PLANE ( 'NONE',  #5155 ) ;
#492 = DIRECTION ( 'NONE',  ( 1.000000000000000000, 0.000000000000000000, 0.000000000000000000 ) ) ;
#493 =( NAMED_UNIT ( * ) SI_UNIT ( $, .STERADIAN. ) SOLID_ANGLE_UNIT ( ) );
#494 = CARTESIAN_POINT ( 'NONE',  ( -2.149999999999999023, 1.800655561573372143, 5.749999999999999112 ) ) ;
#495 = PRESENTATION_STYLE_ASSIGNMENT (( #6818 ) ) ;
#496 = VECTOR ( 'NONE', #2010, 1000.000000000000000 ) ;
#497 = ORIENTED_EDGE ( 'NONE', *, *, #3828, .F. ) ;
#498 = ADVANCED_FACE ( 'NONE', ( #753 ), #5105, .T. ) ;
#499 = ORIENTED_EDGE ( 'NONE', *, *, #869, .T. ) ;
#500 = CARTESIAN_POINT ( 'NONE',  ( 0.000000000000000000, 0.5900000000000000799, 0.000000000000000000 ) ) ;
#501 = FILL_AREA_STYLE ('',( #5606 ) ) ;
#502 = CARTESIAN_POINT ( 'NONE',  ( 0.000000000000000000, 0.5799999999999999600, 5.749999999999999112 ) ) ;
#503 = FILL_AREA_STYLE_COLOUR ( '', #3690 ) ;
#504 = AXIS2_PLACEMENT_3D ( 'NONE', #5410, #3778, #4374 ) ;
#505 = FACE_OUTER_BOUND ( 'NONE', #1810, .T. ) ;
#506 = VECTOR ( 'NONE', #1233, 1000.000000000000000 ) ;
#507 = VERTEX_POINT ( 'NONE', #1229 ) ;
#508 = EDGE_CURVE ( 'NONE', #5305, #4697, #6997, .T. ) ;
#509 = EDGE_CURVE ( 'NONE', #7041, #6433, #3650, .T. ) ;
#510 = ORIENTED_EDGE ( 'NONE', *, *, #2877, .F. ) ;
#511 =( GEOMETRIC_REPRESENTATION_CONTEXT ( 3 ) GLOBAL_UNCERTAINTY_ASSIGNED_CONTEXT ( ( #711 ) ) GLOBAL_UNIT_ASSIGNED_CONTEXT ( ( #2502, #1404, #4264 ) ) REPRESENTATION_CONTEXT ( 'NONE', 'WORKASPACE' ) );
#512 =( LENGTH_UNIT ( ) NAMED_UNIT ( * ) SI_UNIT ( .MILLI., .METRE. ) );
#513 = CARTESIAN_POINT ( 'NONE',  ( 4.500000000000000888, 0.5900000000000000799, 0.5900000000000003020 ) ) ;
#514 = DIRECTION ( 'NONE',  ( 0.000000000000000000, 0.000000000000000000, 1.000000000000000000 ) ) ;
#515 = SURFACE_STYLE_FILL_AREA ( #2326 ) ;
#516 = CARTESIAN_POINT ( 'NONE',  ( 0.3700000000000013833, -0.02000000000000000042, 5.749999999999999112 ) ) ;
#517 = UNCERTAINTY_MEASURE_WITH_UNIT (LENGTH_MEASURE( 1.000000000000000082E-05 ), #3619, 'distance_accuracy_value', 'NONE');
#518 =( NAMED_UNIT ( * ) PLANE_ANGLE_UNIT ( ) SI_UNIT ( $, .RADIAN. ) );
#519 = PLANE ( 'NONE',  #111 ) ;
#520 = ORIENTED_EDGE ( 'NONE', *, *, #6520, .F. ) ;
#521 = DIRECTION ( 'NONE',  ( 0.000000000000000000, 0.000000000000000000, -1.000000000000000000 ) ) ;
#522 = SURFACE_STYLE_USAGE ( .BOTH. , #5691 ) ;
#523 = CARTESIAN_POINT ( 'NONE',  ( -1.449999999999998845, 1.800655561573372143, 5.749999999999999112 ) ) ;
#524 = VECTOR ( 'NONE', #7073, 1000.000000000000000 ) ;
#525 = EDGE_CURVE ( 'NONE', #6525, #7299, #3020, .T. ) ;
#526 = VERTEX_POINT ( 'NONE', #7031 ) ;
#527 = ORIENTED_EDGE ( 'NONE', *, *, #548, .F. ) ;
#528 = PRESENTATION_LAYER_ASSIGNMENT (  '', '', ( #1485 ) ) ;
#529 = CARTESIAN_POINT ( 'NONE',  ( -4.500000000000014211, 0.5900000000000000799, 0.2500000000000002220 ) ) ;
#530 = DIRECTION ( 'NONE',  ( 0.000000000000000000, 0.000000000000000000, -1.000000000000000000 ) ) ;
#531 = STYLED_ITEM ( 'NONE', ( #4359 ), #4072 ) ;
#532 = CARTESIAN_POINT ( 'NONE',  ( 3.500000000000000444, -6.776263578034402713E-18, 4.200000000000000178 ) ) ;
#533 = VECTOR ( 'NONE', #5626, 1000.000000000000000 ) ;
#534 = VERTEX_POINT ( 'NONE', #1878 ) ;
#535 = ORIENTED_EDGE ( 'NONE', *, *, #7122, .F. ) ;
#536 = CARTESIAN_POINT ( 'NONE',  ( -3.920000000000001705, 1.779999999999999805, -5.390000000000001457 ) ) ;
#537 = SURFACE_SIDE_STYLE ('',( #2158 ) ) ;
#538 = CARTESIAN_POINT ( 'NONE',  ( -3.920000000000001705, 1.779999999999999805, -5.390000000000001457 ) ) ;
#539 = VERTEX_POINT ( 'NONE', #7070 ) ;
#540 = ORIENTED_EDGE ( 'NONE', *, *, #1049, .F. ) ;
#541 = FILL_AREA_STYLE ('',( #2850 ) ) ;
#542 = CARTESIAN_POINT ( 'NONE',  ( 4.500000000000000888, 0.5900000000000000799, 0.5900000000000003020 ) ) ;
#543 = CARTESIAN_POINT ( 'NONE',  ( 0.000000000000000000, 0.5799999999999999600, 5.749999999999999112 ) ) ;
#544 = CARTESIAN_POINT ( 'NONE',  ( 0.000000000000000000, 0.5900000000000000799, 5.749999999999999112 ) ) ;
#545 =( NAMED_UNIT ( * ) PLANE_ANGLE_UNIT ( ) SI_UNIT ( $, .RADIAN. ) );
#546 = LINE ( 'NONE', #516, #4409 ) ;
#547 = VECTOR ( 'NONE', #2510, 1000.000000000000000 ) ;
#548 = EDGE_CURVE ( 'NONE', #5708, #5304, #1920, .T. ) ;
#549 = EDGE_CURVE ( 'NONE', #5286, #1971, #1715, .T. ) ;
#550 = SURFACE_SIDE_STYLE ('',( #5687 ) ) ;
#551 = DIRECTION ( 'NONE',  ( 0.000000000000000000, 0.000000000000000000, 1.000000000000000000 ) ) ;
#552 = ORIENTED_EDGE ( 'NONE', *, *, #4647, .F. ) ;
#553 = FILL_AREA_STYLE ('',( #6218 ) ) ;
#554 = MECHANICAL_DESIGN_GEOMETRIC_PRESENTATION_REPRESENTATION (  '', ( #2238 ), #1514 ) ;
#555 = PRESENTATION_LAYER_ASSIGNMENT (  '', '', ( #2358 ) ) ;
#556 = PRESENTATION_LAYER_ASSIGNMENT (  '', '', ( #6428 ) ) ;
#557 = DIRECTION ( 'NONE',  ( -0.000000000000000000, -1.000000000000000000, 0.000000000000000000 ) ) ;
#558 = ADVANCED_FACE ( 'NONE', ( #6332 ), #5170, .T. ) ;
#559 = VECTOR ( 'NONE', #3448, 1000.000000000000000 ) ;
#560 = PRESENTATION_LAYER_ASSIGNMENT (  '', '', ( #1154 ) ) ;
#561 =( GEOMETRIC_REPRESENTATION_CONTEXT ( 3 ) GLOBAL_UNCERTAINTY_ASSIGNED_CONTEXT ( ( #852 ) ) GLOBAL_UNIT_ASSIGNED_CONTEXT ( ( #965, #4478, #3231 ) ) REPRESENTATION_CONTEXT ( 'NONE', 'WORKASPACE' ) );
#562 = ORIENTED_EDGE ( 'NONE', *, *, #6707, .T. ) ;
#563 = LINE ( 'NONE', #6338, #3495 ) ;
#564 = UNCERTAINTY_MEASURE_WITH_UNIT (LENGTH_MEASURE( 1.000000000000000082E-05 ), #2304, 'distance_accuracy_value', 'NONE');
#565 = ORIENTED_EDGE ( 'NONE', *, *, #3379, .F. ) ;
#566 =( NAMED_UNIT ( * ) PLANE_ANGLE_UNIT ( ) SI_UNIT ( $, .RADIAN. ) );
#567 = CARTESIAN_POINT ( 'NONE',  ( -3.329999999999998295, 0.5799999999999999600, 5.749999999999999112 ) ) ;
#568 = PRESENTATION_STYLE_ASSIGNMENT (( #3468 ) ) ;
#569 = PRESENTATION_STYLE_ASSIGNMENT (( #6775 ) ) ;
#570 = DIRECTION ( 'NONE',  ( 0.000000000000000000, 1.000000000000000000, -0.000000000000000000 ) ) ;
#571 = ADVANCED_FACE ( 'NONE', ( #2928 ), #2398, .F. ) ;
#572 = EDGE_LOOP ( 'NONE', ( #3345, #280, #6674, #2388 ) ) ;
#573 =( GEOMETRIC_REPRESENTATION_CONTEXT ( 3 ) GLOBAL_UNCERTAINTY_ASSIGNED_CONTEXT ( ( #6651 ) ) GLOBAL_UNIT_ASSIGNED_CONTEXT ( ( #4735, #863, #3775 ) ) REPRESENTATION_CONTEXT ( 'NONE', 'WORKASPACE' ) );
#574 = EDGE_LOOP ( 'NONE', ( #749, #697, #6363, #1124, #5076, #1175, #759, #2681, #1912, #166, #4844, #6300 ) ) ;
#575 = FACE_OUTER_BOUND ( 'NONE', #6691, .T. ) ;
#576 =( LENGTH_UNIT ( ) NAMED_UNIT ( * ) SI_UNIT ( .MILLI., .METRE. ) );
#577 = DIRECTION ( 'NONE',  ( 0.000000000000000000, -1.000000000000000000, 0.000000000000000000 ) ) ;
#578 = FACE_OUTER_BOUND ( 'NONE', #4557, .T. ) ;
#579 =( GEOMETRIC_REPRESENTATION_CONTEXT ( 3 ) GLOBAL_UNCERTAINTY_ASSIGNED_CONTEXT ( ( #6909 ) ) GLOBAL_UNIT_ASSIGNED_CONTEXT ( ( #4546, #4506, #6791 ) ) REPRESENTATION_CONTEXT ( 'NONE', 'WORKASPACE' ) );
#580 = ORIENTED_EDGE ( 'NONE', *, *, #6100, .F. ) ;
#581 = ORIENTED_EDGE ( 'NONE', *, *, #1713, .F. ) ;
#582 = DIRECTION ( 'NONE',  ( 0.000000000000000000, 1.000000000000000000, 0.000000000000000000 ) ) ;
#583 = CARTESIAN_POINT ( 'NONE',  ( 2.130000000000000338, 0.5799999999999999600, 5.749999999999999112 ) ) ;
#584 = CARTESIAN_POINT ( 'NONE',  ( -4.500000000000002665, -0.02000000000000000042, 3.850000000000000089 ) ) ;
#585 = UNCERTAINTY_MEASURE_WITH_UNIT (LENGTH_MEASURE( 1.000000000000000082E-05 ), #2342, 'distance_accuracy_value', 'NONE');
#586 = DIRECTION ( 'NONE',  ( 0.000000000000000000, -1.000000000000000000, 0.000000000000000000 ) ) ;
#587 = DIRECTION ( 'NONE',  ( 0.000000000000000000, 0.000000000000000000, 1.000000000000000000 ) ) ;
#588 = CARTESIAN_POINT ( 'NONE',  ( -4.500000000000050626, -0.02000000000000000042, -0.7099999999999997424 ) ) ;
#589 = EDGE_CURVE ( 'NONE', #3353, #1174, #1317, .T. ) ;
#590 = EDGE_CURVE ( 'NONE', #3500, #5187, #6215, .T. ) ;
#591 = VERTEX_POINT ( 'NONE', #3528 ) ;
#592 = CARTESIAN_POINT ( 'NONE',  ( 4.500000000000000888, 0.5900000000000000799, 0.000000000000000000 ) ) ;
#593 = FILL_AREA_STYLE ('',( #3348 ) ) ;
#594 = ORIENTED_EDGE ( 'NONE', *, *, #7080, .T. ) ;
#595 = ADVANCED_FACE ( 'NONE', ( #4549 ), #5, .F. ) ;
#596 = EDGE_CURVE ( 'NONE', #5563, #7355, #563, .T. ) ;
#597 = ORIENTED_EDGE ( 'NONE', *, *, #4367, .F. ) ;
#598 = MECHANICAL_DESIGN_GEOMETRIC_PRESENTATION_REPRESENTATION (  '', ( #2038 ), #2775 ) ;
#599 = LINE ( 'NONE', #4561, #3606 ) ;
#600 = SURFACE_SIDE_STYLE ('',( #3355 ) ) ;
#601 = STYLED_ITEM ( 'NONE', ( #2131 ), #188 ) ;
#602 = VECTOR ( 'NONE', #6823, 1000.000000000000000 ) ;
#603 = LINE ( 'NONE', #2908, #2797 ) ;
#604 = ORIENTED_EDGE ( 'NONE', *, *, #1947, .F. ) ;
#605 =( GEOMETRIC_REPRESENTATION_CONTEXT ( 3 ) GLOBAL_UNCERTAINTY_ASSIGNED_CONTEXT ( ( #5763 ) ) GLOBAL_UNIT_ASSIGNED_CONTEXT ( ( #4051, #1169, #1200 ) ) REPRESENTATION_CONTEXT ( 'NONE', 'WORKASPACE' ) );
#606 = ADVANCED_FACE ( 'NONE', ( #1764 ), #1723, .T. ) ;
#607 = VERTEX_POINT ( 'NONE', #5141 ) ;
#608 = PLANE ( 'NONE',  #217 ) ;
#609 = DIRECTION ( 'NONE',  ( -0.000000000000000000, -1.000000000000000000, -0.000000000000000000 ) ) ;
#610 = CARTESIAN_POINT ( 'NONE',  ( 4.500000000000025757, -0.02000000000000000042, 1.799999999999999156 ) ) ;
#611 = DIRECTION ( 'NONE',  ( 0.000000000000000000, 0.000000000000000000, -1.000000000000000000 ) ) ;
#612 = LINE ( 'NONE', #5233, #3789 ) ;
#613 = ORIENTED_EDGE ( 'NONE', *, *, #1554, .T. ) ;
#614 = EDGE_CURVE ( 'NONE', #5700, #198, #1191, .T. ) ;
#615 = ORIENTED_EDGE ( 'NONE', *, *, #5367, .T. ) ;
#616 = LINE ( 'NONE', #6322, #559 ) ;
#617 = MECHANICAL_DESIGN_GEOMETRIC_PRESENTATION_REPRESENTATION (  '', ( #5175 ), #7343 ) ;
#618 = DIRECTION ( 'NONE',  ( 0.000000000000000000, 0.000000000000000000, 1.000000000000000000 ) ) ;
#619 = FACE_OUTER_BOUND ( 'NONE', #4552, .T. ) ;
#620 = FILL_AREA_STYLE_COLOUR ( '', #1122 ) ;
#621 =( NAMED_UNIT ( * ) PLANE_ANGLE_UNIT ( ) SI_UNIT ( $, .RADIAN. ) );
#622 =( LENGTH_UNIT ( ) NAMED_UNIT ( * ) SI_UNIT ( .MILLI., .METRE. ) );
#623 = VECTOR ( 'NONE', #3864, 1000.000000000000000 ) ;
#624 =( NAMED_UNIT ( * ) SI_UNIT ( $, .STERADIAN. ) SOLID_ANGLE_UNIT ( ) );
#625 = VECTOR ( 'NONE', #6590, 1000.000000000000000 ) ;
#626 = SURFACE_SIDE_STYLE ('',( #6290 ) ) ;
#627 = ORIENTED_EDGE ( 'NONE', *, *, #1503, .T. ) ;
#628 = LINE ( 'NONE', #4039, #7212 ) ;
#629 = DIRECTION ( 'NONE',  ( 0.000000000000000000, -0.000000000000000000, -1.000000000000000000 ) ) ;
#630 = DIRECTION ( 'NONE',  ( 0.000000000000000000, -1.000000000000000000, 0.000000000000000000 ) ) ;
#631 = AXIS2_PLACEMENT_3D ( 'NONE', #6387, #5377, #239 ) ;
#632 = ORIENTED_EDGE ( 'NONE', *, *, #1519, .T. ) ;
#633 = STYLED_ITEM ( 'NONE', ( #4415 ), #3489 ) ;
#634 = LINE ( 'NONE', #2935, #6793 ) ;
#635 = UNCERTAINTY_MEASURE_WITH_UNIT (LENGTH_MEASURE( 1.000000000000000082E-05 ), #1661, 'distance_accuracy_value', 'NONE');
#636 = ORIENTED_EDGE ( 'NONE', *, *, #5048, .F. ) ;
#637 = FACE_OUTER_BOUND ( 'NONE', #572, .T. ) ;
#638 =( LENGTH_UNIT ( ) NAMED_UNIT ( * ) SI_UNIT ( .MILLI., .METRE. ) );
#639 = LINE ( 'NONE', #4084, #6891 ) ;
#640 = LINE ( 'NONE', #5216, #1214 ) ;
#641 = MECHANICAL_DESIGN_GEOMETRIC_PRESENTATION_REPRESENTATION (  '', ( #3416 ), #4497 ) ;
#642 = EDGE_CURVE ( 'NONE', #7345, #5868, #634, .T. ) ;
#643 = ADVANCED_FACE ( 'NONE', ( #2408 ), #4662, .T. ) ;
#644 = ORIENTED_EDGE ( 'NONE', *, *, #4080, .T. ) ;
#645 = VERTEX_POINT ( 'NONE', #5890 ) ;
#646 =( NAMED_UNIT ( * ) SI_UNIT ( $, .STERADIAN. ) SOLID_ANGLE_UNIT ( ) );
#647 = COLOUR_RGB ( '',0.9686274509803921573, 0.8784313725490195957, 0.5999999999999999778 ) ;
#648 = CARTESIAN_POINT ( 'NONE',  ( 4.000000000000000000, 2.080000000000000071, -1.430000000000000604 ) ) ;
#649 = DIRECTION ( 'NONE',  ( -0.000000000000000000, 1.000000000000000000, -0.000000000000000000 ) ) ;
#650 = DIRECTION ( 'NONE',  ( 0.000000000000000000, 0.000000000000000000, -1.000000000000000000 ) ) ;
#651 = SURFACE_STYLE_USAGE ( .BOTH. , #5082 ) ;
#652 = CARTESIAN_POINT ( 'NONE',  ( 4.500000000000000888, -0.02000000000000000042, -0.09999999999999982514 ) ) ;
#653 = PRESENTATION_LAYER_ASSIGNMENT (  '', '', ( #5322 ) ) ;
#654 = ORIENTED_EDGE ( 'NONE', *, *, #1648, .F. ) ;
#655 = EDGE_LOOP ( 'NONE', ( #5273, #1896, #5177, #3324 ) ) ;
#656 = DIRECTION ( 'NONE',  ( 0.000000000000000000, 0.000000000000000000, -1.000000000000000000 ) ) ;
#657 = DIRECTION ( 'NONE',  ( 0.000000000000000000, 0.000000000000000000, -1.000000000000000000 ) ) ;
#658 = DIRECTION ( 'NONE',  ( -0.000000000000000000, -1.000000000000000000, -0.000000000000000000 ) ) ;
#659 = FILL_AREA_STYLE ('',( #620 ) ) ;
#660 = CARTESIAN_POINT ( 'NONE',  ( 0.000000000000000000, 0.5900000000000000799, 0.000000000000000000 ) ) ;
#661 = CARTESIAN_POINT ( 'NONE',  ( 0.000000000000000000, 0.5900000000000000799, 5.749999999999999112 ) ) ;
#662 = FILL_AREA_STYLE_COLOUR ( '', #5425 ) ;
#663 = EDGE_CURVE ( 'NONE', #1799, #3857, #1378, .T. ) ;
#664 = SURFACE_SIDE_STYLE ('',( #2400 ) ) ;
#665 = VERTEX_POINT ( 'NONE', #4284 ) ;
#666 =( NAMED_UNIT ( * ) SI_UNIT ( $, .STERADIAN. ) SOLID_ANGLE_UNIT ( ) );
#667 = PRESENTATION_STYLE_ASSIGNMENT (( #5732 ) ) ;
#668 = CARTESIAN_POINT ( 'NONE',  ( 3.500000000000050182, 0.000000000000000000, -0.5999999999999998668 ) ) ;
#669 = VECTOR ( 'NONE', #3117, 1000.000000000000000 ) ;
#670 = PRESENTATION_LAYER_ASSIGNMENT (  '', '', ( #5102 ) ) ;
#671 = COLOUR_RGB ( '',0.9686274509803921573, 0.8784313725490195957, 0.5999999999999999778 ) ;
#672 = VECTOR ( 'NONE', #750, 1000.000000000000000 ) ;
#673 = PRESENTATION_LAYER_ASSIGNMENT (  '', '', ( #1022 ) ) ;
#674 = ORIENTED_EDGE ( 'NONE', *, *, #757, .T. ) ;
#675 = AXIS2_PLACEMENT_3D ( 'NONE', #5405, #5366, #155 ) ;
#676 = DIRECTION ( 'NONE',  ( -0.000000000000000000, -1.000000000000000000, -0.000000000000000000 ) ) ;
#677 = AXIS2_PLACEMENT_3D ( 'NONE', #584, #1788, #2961 ) ;
#678 = VERTEX_POINT ( 'NONE', #4763 ) ;
#679 = FILL_AREA_STYLE ('',( #3577 ) ) ;
#680 =( NAMED_UNIT ( * ) PLANE_ANGLE_UNIT ( ) SI_UNIT ( $, .RADIAN. ) );
#681 = CARTESIAN_POINT ( 'NONE',  ( -4.500000000000009770, 0.5799999999999999600, 1.450000000000000400 ) ) ;
#682 = DIRECTION ( 'NONE',  ( 0.000000000000000000, 1.000000000000000000, -0.000000000000000000 ) ) ;
#683 = AXIS2_PLACEMENT_3D ( 'NONE', #1556, #953, #3222 ) ;
#684 = MECHANICAL_DESIGN_GEOMETRIC_PRESENTATION_REPRESENTATION (  '', ( #6690 ), #4173 ) ;
#685 = ORIENTED_EDGE ( 'NONE', *, *, #5965, .T. ) ;
#686 = ORIENTED_EDGE ( 'NONE', *, *, #1534, .T. ) ;
#687 = VECTOR ( 'NONE', #6053, 1000.000000000000000 ) ;
#688 = LINE ( 'NONE', #5401, #2103 ) ;
#689 = MECHANICAL_DESIGN_GEOMETRIC_PRESENTATION_REPRESENTATION (  '', ( #5600 ), #2369 ) ;
#690 = EDGE_CURVE ( 'NONE', #3412, #769, #904, .T. ) ;
#691 = EDGE_CURVE ( 'NONE', #1655, #1665, #4858, .T. ) ;
#692 = DIRECTION ( 'NONE',  ( 1.000000000000000000, 0.000000000000000000, 8.673617379884040402E-16 ) ) ;
#693 = SURFACE_STYLE_FILL_AREA ( #1242 ) ;
#694 = FACE_OUTER_BOUND ( 'NONE', #2813, .T. ) ;
#695 = FILL_AREA_STYLE_COLOUR ( '', #2211 ) ;
#696 = VERTEX_POINT ( 'NONE', #1267 ) ;
#697 = ORIENTED_EDGE ( 'NONE', *, *, #5963, .T. ) ;
#698 = DIRECTION ( 'NONE',  ( 1.000000000000000000, -0.000000000000000000, 0.000000000000000000 ) ) ;
#699 = PLANE ( 'NONE',  #6584 ) ;
#700 = DIRECTION ( 'NONE',  ( 0.000000000000000000, 0.000000000000000000, 1.000000000000000000 ) ) ;
#701 = CARTESIAN_POINT ( 'NONE',  ( -1.799999999999998934, 0.5900000000000000799, 5.519999999999998685 ) ) ;
#702 = COLOUR_RGB ( '',0.9686274509803921573, 0.8784313725490195957, 0.5999999999999999778 ) ;
#703 = SURFACE_STYLE_USAGE ( .BOTH. , #5386 ) ;
#704 = ORIENTED_EDGE ( 'NONE', *, *, #346, .T. ) ;
#705 = EDGE_CURVE ( 'NONE', #221, #2140, #3156, .T. ) ;
#706 = DIRECTION ( 'NONE',  ( 0.000000000000000000, 0.000000000000000000, -1.000000000000000000 ) ) ;
#707 = LINE ( 'NONE', #7174, #5699 ) ;
#708 = MECHANICAL_DESIGN_GEOMETRIC_PRESENTATION_REPRESENTATION (  '', ( #1301 ), #3352 ) ;
#709 = ORIENTED_EDGE ( 'NONE', *, *, #97, .F. ) ;
#710 = DIRECTION ( 'NONE',  ( 0.000000000000000000, 0.000000000000000000, 1.000000000000000000 ) ) ;
#711 = UNCERTAINTY_MEASURE_WITH_UNIT (LENGTH_MEASURE( 1.000000000000000082E-05 ), #2502, 'distance_accuracy_value', 'NONE');
#712 = ORIENTED_EDGE ( 'NONE', *, *, #6047, .T. ) ;
#713 =( NAMED_UNIT ( * ) SI_UNIT ( $, .STERADIAN. ) SOLID_ANGLE_UNIT ( ) );
#714 = SURFACE_SIDE_STYLE ('',( #3064 ) ) ;
#715 = FILL_AREA_STYLE ('',( #3580 ) ) ;
#716 = UNCERTAINTY_MEASURE_WITH_UNIT (LENGTH_MEASURE( 1.000000000000000082E-05 ), #7071, 'distance_accuracy_value', 'NONE');
#717 = EDGE_LOOP ( 'NONE', ( #2985, #4853, #5812, #3401 ) ) ;
#718 = COLOUR_RGB ( '',0.7921568627450980005, 0.8196078431372548767, 0.9333333333333333481 ) ;
#719 = VERTEX_POINT ( 'NONE', #2580 ) ;
#720 = DIRECTION ( 'NONE',  ( 0.000000000000000000, 0.000000000000000000, 1.000000000000000000 ) ) ;
#721 = STYLED_ITEM ( 'NONE', ( #6325 ), #274 ) ;
#722 = VECTOR ( 'NONE', #2611, 1000.000000000000000 ) ;
#723 =( NAMED_UNIT ( * ) SI_UNIT ( $, .STERADIAN. ) SOLID_ANGLE_UNIT ( ) );
#724 = DIRECTION ( 'NONE',  ( 0.000000000000000000, 1.000000000000000000, -0.000000000000000000 ) ) ;
#725 = PLANE ( 'NONE',  #1276 ) ;
#726 = PRESENTATION_STYLE_ASSIGNMENT (( #6460 ) ) ;
#727 = FACE_OUTER_BOUND ( 'NONE', #5064, .T. ) ;
#728 = MECHANICAL_DESIGN_GEOMETRIC_PRESENTATION_REPRESENTATION (  '', ( #1071 ), #14 ) ;
#729 = EDGE_CURVE ( 'NONE', #2387, #1450, #4866, .T. ) ;
#730 = ORIENTED_EDGE ( 'NONE', *, *, #7403, .T. ) ;
#731 = ORIENTED_EDGE ( 'NONE', *, *, #2940, .T. ) ;
#732 = CARTESIAN_POINT ( 'NONE',  ( -2.029999999999998916, 1.800655561573372143, 5.749999999999999112 ) ) ;
#733 = CARTESIAN_POINT ( 'NONE',  ( -4.500000000000050626, -0.02000000000000000042, -0.7099999999999995204 ) ) ;
#734 = CARTESIAN_POINT ( 'NONE',  ( -0.5999999999999989786, 0.5799999999999999600, 5.419999999999999041 ) ) ;
#735 = PLANE ( 'NONE',  #1732 ) ;
#736 = PLANE ( 'NONE',  #4987 ) ;
#737 = CIRCLE ( 'NONE', #2414, 0.3399999999999998024 ) ;
#738 = ADVANCED_FACE ( 'NONE', ( #4143 ), #7028, .F. ) ;
#739 = EDGE_CURVE ( 'NONE', #5572, #3161, #2108, .T. ) ;
#740 = AXIS2_PLACEMENT_3D ( 'NONE', #3981, #4569, #5157 ) ;
#741 = SURFACE_SIDE_STYLE ('',( #3677 ) ) ;
#742 = LINE ( 'NONE', #253, #3359 ) ;
#743 = CARTESIAN_POINT ( 'NONE',  ( -3.500000000000012879, 0.000000000000000000, 0.000000000000000000 ) ) ;
#744 = ORIENTED_EDGE ( 'NONE', *, *, #6759, .F. ) ;
#745 = CARTESIAN_POINT ( 'NONE',  ( 4.500000000000009770, 0.5900000000000000799, 1.450000000000000400 ) ) ;
#746 = LINE ( 'NONE', #3055, #3299 ) ;
#747 =( GEOMETRIC_REPRESENTATION_CONTEXT ( 3 ) GLOBAL_UNCERTAINTY_ASSIGNED_CONTEXT ( ( #2248 ) ) GLOBAL_UNIT_ASSIGNED_CONTEXT ( ( #5936, #5497, #6661 ) ) REPRESENTATION_CONTEXT ( 'NONE', 'WORKASPACE' ) );
#748 = MECHANICAL_DESIGN_GEOMETRIC_PRESENTATION_REPRESENTATION (  '', ( #4007 ), #6013 ) ;
#749 = ORIENTED_EDGE ( 'NONE', *, *, #2165, .T. ) ;
#750 = DIRECTION ( 'NONE',  ( 0.000000000000000000, -1.000000000000000000, 0.000000000000000000 ) ) ;
#751 = ORIENTED_EDGE ( 'NONE', *, *, #2865, .F. ) ;
#752 = AXIS2_PLACEMENT_3D ( 'NONE', #3116, #3080, #1867 ) ;
#753 = FACE_OUTER_BOUND ( 'NONE', #3530, .T. ) ;
#754 = DIRECTION ( 'NONE',  ( 0.000000000000000000, 0.000000000000000000, -1.000000000000000000 ) ) ;
#755 = CARTESIAN_POINT ( 'NONE',  ( 3.500000000000012879, 0.000000000000000000, 0.000000000000000000 ) ) ;
#756 = DIRECTION ( 'NONE',  ( 0.000000000000000000, 0.000000000000000000, -1.000000000000000000 ) ) ;
#757 = EDGE_CURVE ( 'NONE', #354, #6624, #4726, .T. ) ;
#758 = VECTOR ( 'NONE', #2845, 1000.000000000000000 ) ;
#759 = ORIENTED_EDGE ( 'NONE', *, *, #3924, .F. ) ;
#760 = ORIENTED_EDGE ( 'NONE', *, *, #5676, .F. ) ;
#761 = FACE_OUTER_BOUND ( 'NONE', #6976, .T. ) ;
#762 = DIRECTION ( 'NONE',  ( -2.806170328786012980E-14, 0.000000000000000000, 1.000000000000000000 ) ) ;
#763 = CARTESIAN_POINT ( 'NONE',  ( 3.350000000000000533, 1.800655561573372143, 5.749999999999999112 ) ) ;
#764 = DIRECTION ( 'NONE',  ( 0.000000000000000000, 0.000000000000000000, 1.000000000000000000 ) ) ;
#765 = CARTESIAN_POINT ( 'NONE',  ( -4.500000000000009770, 0.5900000000000000799, 1.450000000000000400 ) ) ;
#766 = AXIS2_PLACEMENT_3D ( 'NONE', #6776, #7266, #2639 ) ;
#767 = DIRECTION ( 'NONE',  ( 0.000000000000000000, 0.000000000000000000, 1.000000000000000000 ) ) ;
#768 = ORIENTED_EDGE ( 'NONE', *, *, #6269, .F. ) ;
#769 = VERTEX_POINT ( 'NONE', #7138 ) ;
#770 = CARTESIAN_POINT ( 'NONE',  ( 4.500000000000002665, 0.5900000000000000799, -3.250000000000000444 ) ) ;
#771 =( LENGTH_UNIT ( ) NAMED_UNIT ( * ) SI_UNIT ( .MILLI., .METRE. ) );
#772 = FILL_AREA_STYLE ('',( #1328 ) ) ;
#773 =( NAMED_UNIT ( * ) PLANE_ANGLE_UNIT ( ) SI_UNIT ( $, .RADIAN. ) );
#774 = AXIS2_PLACEMENT_3D ( 'NONE', #1110, #557, #5139 ) ;
#775 = VECTOR ( 'NONE', #1578, 1000.000000000000000 ) ;
#776 =( NAMED_UNIT ( * ) SI_UNIT ( $, .STERADIAN. ) SOLID_ANGLE_UNIT ( ) );
#777 = FILL_AREA_STYLE ('',( #5918 ) ) ;
#778 = ORIENTED_EDGE ( 'NONE', *, *, #3829, .F. ) ;
#779 = DIRECTION ( 'NONE',  ( 1.000000000000000000, -0.000000000000000000, 0.000000000000000000 ) ) ;
#780 = EDGE_CURVE ( 'NONE', #3576, #383, #6532, .T. ) ;
#781 = ADVANCED_FACE ( 'NONE', ( #4177 ), #2663, .F. ) ;
#782 = LINE ( 'NONE', #7134, #1490 ) ;
#783 = ORIENTED_EDGE ( 'NONE', *, *, #596, .F. ) ;
#784 = DIRECTION ( 'NONE',  ( -4.081702296416018994E-14, 0.000000000000000000, 1.000000000000000000 ) ) ;
#785 = UNCERTAINTY_MEASURE_WITH_UNIT (LENGTH_MEASURE( 1.000000000000000082E-05 ), #7163, 'distance_accuracy_value', 'NONE');
#786 = ORIENTED_EDGE ( 'NONE', *, *, #5513, .T. ) ;
#787 = PLANE ( 'NONE',  #3742 ) ;
#788 = VECTOR ( 'NONE', #2619, 1000.000000000000000 ) ;
#789 = UNCERTAINTY_MEASURE_WITH_UNIT (LENGTH_MEASURE( 1.000000000000000082E-05 ), #334, 'distance_accuracy_value', 'NONE');
#790 = DIRECTION ( 'NONE',  ( 0.000000000000000000, 0.000000000000000000, 1.000000000000000000 ) ) ;
#791 = CARTESIAN_POINT ( 'NONE',  ( 0.000000000000000000, 1.800655561573372143, 4.749999999999999112 ) ) ;
#792 = CIRCLE ( 'NONE', #805, 0.2399999999999999911 ) ;
#793 = COLOUR_RGB ( '',0.9686274509803921573, 0.8784313725490195957, 0.5999999999999999778 ) ;
#794 = ORIENTED_EDGE ( 'NONE', *, *, #2154, .F. ) ;
#795 = ORIENTED_EDGE ( 'NONE', *, *, #1165, .F. ) ;
#796 = CARTESIAN_POINT ( 'NONE',  ( -3.500000000000037748, 0.000000000000000000, -0.09999999999999982514 ) ) ;
#797 = EDGE_CURVE ( 'NONE', #7139, #3204, #2787, .T. ) ;
#798 = CARTESIAN_POINT ( 'NONE',  ( -2.649999999999998579, 0.000000000000000000, 4.749999999999999112 ) ) ;
#799 = DIRECTION ( 'NONE',  ( 0.000000000000000000, 0.000000000000000000, -1.000000000000000000 ) ) ;
#800 = COLOUR_RGB ( '',0.000000000000000000, 0.5647058823529411686, 0.09803921568627450844 ) ;
#801 = LINE ( 'NONE', #4676, #3896 ) ;
#802 = PRESENTATION_STYLE_ASSIGNMENT (( #1929 ) ) ;
#803 = CIRCLE ( 'NONE', #7289, 0.3299999999999995715 ) ;
#804 = ORIENTED_EDGE ( 'NONE', *, *, #3308, .F. ) ;
#805 = AXIS2_PLACEMENT_3D ( 'NONE', #6599, #5005, #2084 ) ;
#806 = ORIENTED_EDGE ( 'NONE', *, *, #6912, .F. ) ;
#807 = DIRECTION ( 'NONE',  ( 0.000000000000000000, 1.000000000000000000, 0.000000000000000000 ) ) ;
#808 = LINE ( 'NONE', #3112, #5479 ) ;
#809 = FACE_OUTER_BOUND ( 'NONE', #4486, .T. ) ;
#810 = DIRECTION ( 'NONE',  ( 0.000000000000000000, 0.000000000000000000, -1.000000000000000000 ) ) ;
#811 = CARTESIAN_POINT ( 'NONE',  ( -4.500000000000000888, -0.02000000000000000042, 4.089999999999999858 ) ) ;
#812 = VECTOR ( 'NONE', #7131, 1000.000000000000000 ) ;
#813 = DIRECTION ( 'NONE',  ( 1.000000000000000000, 0.000000000000000000, 0.000000000000000000 ) ) ;
#814 = DIRECTION ( 'NONE',  ( -1.000000000000000000, 0.000000000000000000, -0.000000000000000000 ) ) ;
#815 = VECTOR ( 'NONE', #6103, 1000.000000000000000 ) ;
#816 = FILL_AREA_STYLE_COLOUR ( '', #3921 ) ;
#817 = VECTOR ( 'NONE', #246, 1000.000000000000000 ) ;
#818 = EDGE_CURVE ( 'NONE', #4196, #4575, #3343, .T. ) ;
#819 = EDGE_CURVE ( 'NONE', #5396, #5563, #4633, .T. ) ;
#820 = ORIENTED_EDGE ( 'NONE', *, *, #5653, .T. ) ;
#821 = CARTESIAN_POINT ( 'NONE',  ( -4.499999999999999112, -0.02000000000000000042, 0.000000000000000000 ) ) ;
#822 = ORIENTED_EDGE ( 'NONE', *, *, #5185, .T. ) ;
#823 = CARTESIAN_POINT ( 'NONE',  ( -4.000000000000000000, 2.080000000000000071, -1.430000000000000604 ) ) ;
#824 = DIRECTION ( 'NONE',  ( 0.000000000000000000, 0.000000000000000000, -1.000000000000000000 ) ) ;
#825 = FILL_AREA_STYLE_COLOUR ( '', #3654 ) ;
#826 = EDGE_CURVE ( 'NONE', #6961, #5700, #2097, .T. ) ;
#827 = EDGE_CURVE ( 'NONE', #255, #6810, #1035, .T. ) ;
#828 = ORIENTED_EDGE ( 'NONE', *, *, #3411, .T. ) ;
#829 = ORIENTED_EDGE ( 'NONE', *, *, #4462, .T. ) ;
#830 = FILL_AREA_STYLE ('',( #5299 ) ) ;
#831 = DIRECTION ( 'NONE',  ( -1.000000000000000000, 0.000000000000000000, 0.000000000000000000 ) ) ;
#832 = SURFACE_SIDE_STYLE ('',( #3588 ) ) ;
#833 = AXIS2_PLACEMENT_3D ( 'NONE', #5928, #5804, #587 ) ;
#834 = ADVANCED_FACE ( 'NONE', ( #5620 ), #6646, .T. ) ;
#835 = ORIENTED_EDGE ( 'NONE', *, *, #4425, .F. ) ;
#836 = AXIS2_PLACEMENT_3D ( 'NONE', #5987, #2647, #3111 ) ;
#837 = ORIENTED_EDGE ( 'NONE', *, *, #998, .T. ) ;
#838 = CARTESIAN_POINT ( 'NONE',  ( -4.500000000000007994, 0.5900000000000000799, 1.210000000000000631 ) ) ;
#839 = CARTESIAN_POINT ( 'NONE',  ( -3.500000000000037748, -0.02000000000000000042, 0.5999999999999998668 ) ) ;
#840 = DIRECTION ( 'NONE',  ( 0.000000000000000000, 1.000000000000000000, 0.000000000000000000 ) ) ;
#841 = DIRECTION ( 'NONE',  ( 0.000000000000000000, 0.000000000000000000, 1.000000000000000000 ) ) ;
#842 = CARTESIAN_POINT ( 'NONE',  ( -4.499999999999999112, 0.5799999999999999600, 5.749999999999999112 ) ) ;
#843 = ADVANCED_FACE ( 'NONE', ( #5517 ), #962, .F. ) ;
#844 = DIRECTION ( 'NONE',  ( 1.000000000000000000, -0.000000000000000000, 0.000000000000000000 ) ) ;
#845 = DIRECTION ( 'NONE',  ( -0.000000000000000000, -1.000000000000000000, -0.000000000000000000 ) ) ;
#846 = ORIENTED_EDGE ( 'NONE', *, *, #3962, .T. ) ;
#847 = SURFACE_STYLE_USAGE ( .BOTH. , #5994 ) ;
#848 = LINE ( 'NONE', #2019, #4158 ) ;
#849 = DIRECTION ( 'NONE',  ( 0.000000000000000000, -1.000000000000000000, 0.000000000000000000 ) ) ;
#850 = VECTOR ( 'NONE', #4500, 1000.000000000000000 ) ;
#851 = ORIENTED_EDGE ( 'NONE', *, *, #5592, .T. ) ;
#852 = UNCERTAINTY_MEASURE_WITH_UNIT (LENGTH_MEASURE( 1.000000000000000082E-05 ), #965, 'distance_accuracy_value', 'NONE');
#853 = ORIENTED_EDGE ( 'NONE', *, *, #5593, .F. ) ;
#854 = CARTESIAN_POINT ( 'NONE',  ( 4.500000000000027534, 0.5900000000000000799, 1.690000000000000391 ) ) ;
#855 = VECTOR ( 'NONE', #3072, 1000.000000000000000 ) ;
#856 = UNCERTAINTY_MEASURE_WITH_UNIT (LENGTH_MEASURE( 1.000000000000000082E-05 ), #172, 'distance_accuracy_value', 'NONE');
#857 = FACE_OUTER_BOUND ( 'NONE', #6007, .T. ) ;
#858 = CARTESIAN_POINT ( 'NONE',  ( 4.500000000000000888, 0.5900000000000000799, -3.150000000000000355 ) ) ;
#859 = AXIS2_PLACEMENT_3D ( 'NONE', #5743, #682, #3470 ) ;
#860 = VERTEX_POINT ( 'NONE', #70 ) ;
#861 = VECTOR ( 'NONE', #6099, 1000.000000000000000 ) ;
#862 = ORIENTED_EDGE ( 'NONE', *, *, #1283, .F. ) ;
#863 =( NAMED_UNIT ( * ) PLANE_ANGLE_UNIT ( ) SI_UNIT ( $, .RADIAN. ) );
#864 =( NAMED_UNIT ( * ) PLANE_ANGLE_UNIT ( ) SI_UNIT ( $, .RADIAN. ) );
#865 = CARTESIAN_POINT ( 'NONE',  ( -4.500000000000038192, -0.02000000000000000042, 0.01000000000000024307 ) ) ;
#866 = CARTESIAN_POINT ( 'NONE',  ( -4.499999999999999112, 0.000000000000000000, 0.5999999999999989786 ) ) ;
#867 = EDGE_CURVE ( 'NONE', #1862, #4744, #3594, .T. ) ;
#868 = PRESENTATION_STYLE_ASSIGNMENT (( #6546 ) ) ;
#869 = EDGE_CURVE ( 'NONE', #1380, #4632, #7396, .T. ) ;
#870 = PRESENTATION_LAYER_ASSIGNMENT (  '', '', ( #7362 ) ) ;
#871 = ORIENTED_EDGE ( 'NONE', *, *, #3177, .F. ) ;
#872 = ORIENTED_EDGE ( 'NONE', *, *, #1647, .T. ) ;
#873 = AXIS2_PLACEMENT_3D ( 'NONE', #1967, #4842, #1395 ) ;
#874 = DIRECTION ( 'NONE',  ( 0.000000000000000000, -0.000000000000000000, 1.000000000000000000 ) ) ;
#875 = SURFACE_SIDE_STYLE ('',( #4848 ) ) ;
#876 = FILL_AREA_STYLE ('',( #2532 ) ) ;
#877 = CARTESIAN_POINT ( 'NONE',  ( 0.000000000000000000, 1.800655561573372143, 3.500000000000000000 ) ) ;
#878 = ORIENTED_EDGE ( 'NONE', *, *, #97, .T. ) ;
#879 = DIRECTION ( 'NONE',  ( 0.000000000000000000, -1.000000000000000000, 0.000000000000000000 ) ) ;
#880 = COLOUR_RGB ( '',0.000000000000000000, 0.000000000000000000, 0.5019607843137254832 ) ;
#881 = CARTESIAN_POINT ( 'NONE',  ( 4.000000000000000888, 2.080000000000000071, 5.049999999999998934 ) ) ;
#882 = SURFACE_STYLE_FILL_AREA ( #3845 ) ;
#883 = FACE_OUTER_BOUND ( 'NONE', #4879, .T. ) ;
#884 = MECHANICAL_DESIGN_GEOMETRIC_PRESENTATION_REPRESENTATION (  '', ( #5675 ), #4620 ) ;
#885 = EDGE_CURVE ( 'NONE', #769, #4361, #4583, .T. ) ;
#886 = STYLED_ITEM ( 'NONE', ( #5495 ), #328 ) ;
#887 =( LENGTH_UNIT ( ) NAMED_UNIT ( * ) SI_UNIT ( .MILLI., .METRE. ) );
#888 = ORIENTED_EDGE ( 'NONE', *, *, #112, .T. ) ;
#889 =( NAMED_UNIT ( * ) PLANE_ANGLE_UNIT ( ) SI_UNIT ( $, .RADIAN. ) );
#890 = ORIENTED_EDGE ( 'NONE', *, *, #5923, .T. ) ;
#891 = FILL_AREA_STYLE ('',( #6000 ) ) ;
#892 = FILL_AREA_STYLE_COLOUR ( '', #3807 ) ;
#893 = ORIENTED_EDGE ( 'NONE', *, *, #186, .F. ) ;
#894 = PRESENTATION_LAYER_ASSIGNMENT (  '', '', ( #1868 ) ) ;
#895 = ORIENTED_EDGE ( 'NONE', *, *, #4783, .T. ) ;
#896 = SURFACE_SIDE_STYLE ('',( #7301 ) ) ;
#897 = CARTESIAN_POINT ( 'NONE',  ( -3.500000000000000444, -0.02000000000000000042, 3.500000000000000000 ) ) ;
#898 = PRESENTATION_LAYER_ASSIGNMENT (  '', '', ( #1733 ) ) ;
#899 = CARTESIAN_POINT ( 'NONE',  ( 3.500000000000037748, 0.000000000000000000, 0.5999999999999998668 ) ) ;
#900 = FILL_AREA_STYLE_COLOUR ( '', #2975 ) ;
#901 =( NAMED_UNIT ( * ) PLANE_ANGLE_UNIT ( ) SI_UNIT ( $, .RADIAN. ) );
#902 = STYLED_ITEM ( 'NONE', ( #5288 ), #2057 ) ;
#903 = STYLED_ITEM ( 'NONE', ( #569 ), #2749 ) ;
#904 = CIRCLE ( 'NONE', #77, 0.2399999999999997691 ) ;
#905 = ORIENTED_EDGE ( 'NONE', *, *, #3738, .F. ) ;
#906 = EDGE_CURVE ( 'NONE', #4691, #4094, #6795, .T. ) ;
#907 = EDGE_CURVE ( 'NONE', #5630, #7198, #2819, .T. ) ;
#908 = ORIENTED_EDGE ( 'NONE', *, *, #2397, .T. ) ;
#909 = CARTESIAN_POINT ( 'NONE',  ( 0.6000000000000010880, 0.5900000000000000799, 5.749999999999999112 ) ) ;
#910 = LINE ( 'NONE', #6784, #602 ) ;
#911 = DIRECTION ( 'NONE',  ( 0.000000000000000000, -1.000000000000000000, 0.000000000000000000 ) ) ;
#912 = MECHANICAL_DESIGN_GEOMETRIC_PRESENTATION_REPRESENTATION (  '', ( #4165 ), #4751 ) ;
#913 =( NAMED_UNIT ( * ) PLANE_ANGLE_UNIT ( ) SI_UNIT ( $, .RADIAN. ) );
#914 = CIRCLE ( 'NONE', #5834, 0.2300000000000001765 ) ;
#915 = CARTESIAN_POINT ( 'NONE',  ( 1.570000000000001172, -0.02000000000000000042, 5.749999999999999112 ) ) ;
#916 = CARTESIAN_POINT ( 'NONE',  ( -4.500000000000009770, 0.5900000000000000799, 1.790000000000000036 ) ) ;
#917 = CARTESIAN_POINT ( 'NONE',  ( 0.9300000000000007150, 0.5900000000000000799, 5.749999999999999112 ) ) ;
#918 =( GEOMETRIC_REPRESENTATION_CONTEXT ( 3 ) GLOBAL_UNCERTAINTY_ASSIGNED_CONTEXT ( ( #1158 ) ) GLOBAL_UNIT_ASSIGNED_CONTEXT ( ( #2955, #4097, #6904 ) ) REPRESENTATION_CONTEXT ( 'NONE', 'WORKASPACE' ) );
#919 = CIRCLE ( 'NONE', #2603, 0.2399999999999997691 ) ;
#920 = ORIENTED_EDGE ( 'NONE', *, *, #4555, .T. ) ;
#921 = EDGE_CURVE ( 'NONE', #4794, #6165, #6452, .T. ) ;
#922 = DIRECTION ( 'NONE',  ( -1.000000000000000000, 0.000000000000000000, -0.000000000000000000 ) ) ;
#923 = LINE ( 'NONE', #1595, #1772 ) ;
#924 = CARTESIAN_POINT ( 'NONE',  ( 4.500000000000025757, -0.02000000000000000042, 1.690000000000000391 ) ) ;
#925 = ORIENTED_EDGE ( 'NONE', *, *, #5676, .T. ) ;
#926 =( NAMED_UNIT ( * ) PLANE_ANGLE_UNIT ( ) SI_UNIT ( $, .RADIAN. ) );
#927 = VECTOR ( 'NONE', #6632, 1000.000000000000000 ) ;
#928 = EDGE_CURVE ( 'NONE', #1665, #3939, #2254, .T. ) ;
#929 = ORIENTED_EDGE ( 'NONE', *, *, #5612, .F. ) ;
#930 =( LENGTH_UNIT ( ) NAMED_UNIT ( * ) SI_UNIT ( .MILLI., .METRE. ) );
#931 = UNCERTAINTY_MEASURE_WITH_UNIT (LENGTH_MEASURE( 1.000000000000000082E-05 ), #359, 'distance_accuracy_value', 'NONE');
#932 = ORIENTED_EDGE ( 'NONE', *, *, #473, .T. ) ;
#933 = PRESENTATION_STYLE_ASSIGNMENT (( #2099 ) ) ;
#934 = LINE ( 'NONE', #2863, #2461 ) ;
#935 = UNCERTAINTY_MEASURE_WITH_UNIT (LENGTH_MEASURE( 1.000000000000000082E-05 ), #7372, 'distance_accuracy_value', 'NONE');
#936 = FACE_OUTER_BOUND ( 'NONE', #1247, .T. ) ;
#937 = DIRECTION ( 'NONE',  ( -1.000000000000000000, 0.000000000000000000, 6.505213034913028576E-16 ) ) ;
#938 = ORIENTED_EDGE ( 'NONE', *, *, #6958, .T. ) ;
#939 = ORIENTED_EDGE ( 'NONE', *, *, #525, .F. ) ;
#940 = DIRECTION ( 'NONE',  ( -0.000000000000000000, -1.000000000000000000, -0.000000000000000000 ) ) ;
#941 = FILL_AREA_STYLE_COLOUR ( '', #6601 ) ;
#942 = SURFACE_SIDE_STYLE ('',( #7194 ) ) ;
#943 =( LENGTH_UNIT ( ) NAMED_UNIT ( * ) SI_UNIT ( .MILLI., .METRE. ) );
#944 = ORIENTED_EDGE ( 'NONE', *, *, #3624, .F. ) ;
#945 = ORIENTED_EDGE ( 'NONE', *, *, #4139, .F. ) ;
#946 = CARTESIAN_POINT ( 'NONE',  ( 4.500000000000014211, 0.5900000000000000799, 0.2500000000000002220 ) ) ;
#947 = DIRECTION ( 'NONE',  ( 0.000000000000000000, 0.000000000000000000, 1.000000000000000000 ) ) ;
#948 = PRESENTATION_STYLE_ASSIGNMENT (( #4923 ) ) ;
#949 = LINE ( 'NONE', #4926, #4528 ) ;
#950 = ADVANCED_FACE ( 'NONE', ( #1673 ), #519, .T. ) ;
#951 = AXIS2_PLACEMENT_3D ( 'NONE', #529, #5147, #4523 ) ;
#952 = ORIENTED_EDGE ( 'NONE', *, *, #369, .T. ) ;
#953 = DIRECTION ( 'NONE',  ( 0.000000000000000000, 0.000000000000000000, -1.000000000000000000 ) ) ;
#954 = AXIS2_PLACEMENT_3D ( 'NONE', #3968, #6887, #5181 ) ;
#955 = ORIENTED_EDGE ( 'NONE', *, *, #5602, .F. ) ;
#956 = FILL_AREA_STYLE ('',( #442 ) ) ;
#957 = VECTOR ( 'NONE', #4131, 1000.000000000000000 ) ;
#958 = EDGE_CURVE ( 'NONE', #348, #3026, #742, .T. ) ;
#959 = EDGE_CURVE ( 'NONE', #4989, #3204, #4720, .T. ) ;
#960 = VECTOR ( 'NONE', #365, 1000.000000000000000 ) ;
#961 = ORIENTED_EDGE ( 'NONE', *, *, #4367, .T. ) ;
#962 = PLANE ( 'NONE',  #233 ) ;
#963 = EDGE_LOOP ( 'NONE', ( #804, #3698, #1643, #3544 ) ) ;
#964 = SURFACE_SIDE_STYLE ('',( #7254 ) ) ;
#965 =( LENGTH_UNIT ( ) NAMED_UNIT ( * ) SI_UNIT ( .MILLI., .METRE. ) );
#966 = SURFACE_SIDE_STYLE ('',( #380 ) ) ;
#967 = CARTESIAN_POINT ( 'NONE',  ( -3.919999999999998153, 1.779999999999999805, -3.790000000000000924 ) ) ;
#968 =( GEOMETRIC_REPRESENTATION_CONTEXT ( 3 ) GLOBAL_UNCERTAINTY_ASSIGNED_CONTEXT ( ( #6491 ) ) GLOBAL_UNIT_ASSIGNED_CONTEXT ( ( #1870, #222, #666 ) ) REPRESENTATION_CONTEXT ( 'NONE', 'WORKASPACE' ) );
#969 =( NAMED_UNIT ( * ) SI_UNIT ( $, .STERADIAN. ) SOLID_ANGLE_UNIT ( ) );
#970 = VERTEX_POINT ( 'NONE', #6562 ) ;
#971 = VECTOR ( 'NONE', #6238, 1000.000000000000000 ) ;
#972 = EDGE_LOOP ( 'NONE', ( #4312, #4959, #6510, #6735, #5848, #13 ) ) ;
#973 =( GEOMETRIC_REPRESENTATION_CONTEXT ( 3 ) GLOBAL_UNCERTAINTY_ASSIGNED_CONTEXT ( ( #5891 ) ) GLOBAL_UNIT_ASSIGNED_CONTEXT ( ( #5073, #1808, #6927 ) ) REPRESENTATION_CONTEXT ( 'NONE', 'WORKASPACE' ) );
#974 = CARTESIAN_POINT ( 'NONE',  ( -3.500000000000000444, -0.02000000000000000042, 0.000000000000000000 ) ) ;
#975 =( NAMED_UNIT ( * ) PLANE_ANGLE_UNIT ( ) SI_UNIT ( $, .RADIAN. ) );
#976 = CARTESIAN_POINT ( 'NONE',  ( 4.500000000000000888, 0.5799999999999999600, 0.000000000000000000 ) ) ;
#977 = CARTESIAN_POINT ( 'NONE',  ( -4.500000000000009770, 0.5900000000000000799, 1.450000000000000400 ) ) ;
#978 = EDGE_CURVE ( 'NONE', #6959, #2281, #1978, .T. ) ;
#979 = AXIS2_PLACEMENT_3D ( 'NONE', #3514, #1280, #3546 ) ;
#980 = VECTOR ( 'NONE', #2085, 1000.000000000000000 ) ;
#981 = ORIENTED_EDGE ( 'NONE', *, *, #4037, .F. ) ;
#982 = EDGE_LOOP ( 'NONE', ( #6283, #1305, #4195, #5885, #7398, #5194 ) ) ;
#983 = FACE_OUTER_BOUND ( 'NONE', #45, .T. ) ;
#984 =( LENGTH_UNIT ( ) NAMED_UNIT ( * ) SI_UNIT ( .MILLI., .METRE. ) );
#985 = DIRECTION ( 'NONE',  ( 8.673617379884036458E-16, 0.000000000000000000, -1.000000000000000000 ) ) ;
#986 = LINE ( 'NONE', #4458, #2661 ) ;
#987 = LINE ( 'NONE', #2651, #3565 ) ;
#988 = DIRECTION ( 'NONE',  ( -0.000000000000000000, -1.000000000000000000, -0.000000000000000000 ) ) ;
#989 = ORIENTED_EDGE ( 'NONE', *, *, #1790, .F. ) ;
#990 = CARTESIAN_POINT ( 'NONE',  ( -2.649999999999998579, -0.02000000000000000042, 5.749999999999999112 ) ) ;
#991 = CARTESIAN_POINT ( 'NONE',  ( -4.500000000000039968, -0.02000000000000000042, 0.2500000000000002220 ) ) ;
#992 = DIRECTION ( 'NONE',  ( -1.000000000000000000, 0.000000000000000000, -0.000000000000000000 ) ) ;
#993 = PRESENTATION_STYLE_ASSIGNMENT (( #1448 ) ) ;
#994 = VECTOR ( 'NONE', #4300, 1000.000000000000000 ) ;
#995 = FILL_AREA_STYLE ('',( #3799 ) ) ;
#996 = EDGE_CURVE ( 'NONE', #4400, #272, #1944, .T. ) ;
#997 = UNCERTAINTY_MEASURE_WITH_UNIT (LENGTH_MEASURE( 1.000000000000000082E-05 ), #5213, 'distance_accuracy_value', 'NONE');
#998 = EDGE_CURVE ( 'NONE', #3386, #2228, #177, .T. ) ;
#999 = ORIENTED_EDGE ( 'NONE', *, *, #1283, .T. ) ;
#1000 = CYLINDRICAL_SURFACE ( 'NONE', #2173, 0.2300000000000001765 ) ;
#1001 =( NAMED_UNIT ( * ) SI_UNIT ( $, .STERADIAN. ) SOLID_ANGLE_UNIT ( ) );
#1002 = SURFACE_STYLE_FILL_AREA ( #67 ) ;
#1003 =( GEOMETRIC_REPRESENTATION_CONTEXT ( 3 ) GLOBAL_UNCERTAINTY_ASSIGNED_CONTEXT ( ( #1304 ) ) GLOBAL_UNIT_ASSIGNED_CONTEXT ( ( #887, #7249, #6571 ) ) REPRESENTATION_CONTEXT ( 'NONE', 'WORKASPACE' ) );
#1004 = ORIENTED_EDGE ( 'NONE', *, *, #4660, .F. ) ;
#1005 = ORIENTED_EDGE ( 'NONE', *, *, #4822, .F. ) ;
#1006 = DIRECTION ( 'NONE',  ( -0.000000000000000000, -1.000000000000000000, 0.000000000000000000 ) ) ;
#1007 =( NAMED_UNIT ( * ) SI_UNIT ( $, .STERADIAN. ) SOLID_ANGLE_UNIT ( ) );
#1008 = SURFACE_STYLE_FILL_AREA ( #1613 ) ;
#1009 = CARTESIAN_POINT ( 'NONE',  ( 0.000000000000000000, -0.02000000000000000042, 4.749999999999999112 ) ) ;
#1010 = FACE_OUTER_BOUND ( 'NONE', #7386, .T. ) ;
#1011 = SURFACE_SIDE_STYLE ('',( #7306 ) ) ;
#1012 = ORIENTED_EDGE ( 'NONE', *, *, #4728, .F. ) ;
#1013 = ADVANCED_FACE ( 'NONE', ( #1408 ), #4134, .F. ) ;
#1014 = VERTEX_POINT ( 'NONE', #143 ) ;
#1015 = LINE ( 'NONE', #4922, #1528 ) ;
#1016 =( NAMED_UNIT ( * ) SI_UNIT ( $, .STERADIAN. ) SOLID_ANGLE_UNIT ( ) );
#1017 = PLANE ( 'NONE',  #3554 ) ;
#1018 = CARTESIAN_POINT ( 'NONE',  ( -0.2699999999999994071, 0.5799999999999999600, 5.749999999999999112 ) ) ;
#1019 = VECTOR ( 'NONE', #366, 1000.000000000000000 ) ;
#1020 = SURFACE_STYLE_FILL_AREA ( #6172 ) ;
#1021 = VECTOR ( 'NONE', #5896, 1000.000000000000000 ) ;
#1022 = STYLED_ITEM ( 'NONE', ( #3767 ), #781 ) ;
#1023 = VERTEX_POINT ( 'NONE', #7130 ) ;
#1024 = VECTOR ( 'NONE', #1550, 1000.000000000000000 ) ;
#1025 =( NAMED_UNIT ( * ) PLANE_ANGLE_UNIT ( ) SI_UNIT ( $, .RADIAN. ) );
#1026 = LINE ( 'NONE', #3335, #22 ) ;
#1027 = FILL_AREA_STYLE ('',( #469 ) ) ;
#1028 = CARTESIAN_POINT ( 'NONE',  ( -4.500000000000038192, -0.02000000000000000042, 0.4899999999999999911 ) ) ;
#1029 =( LENGTH_UNIT ( ) NAMED_UNIT ( * ) SI_UNIT ( .MILLI., .METRE. ) );
#1030 = SURFACE_STYLE_FILL_AREA ( #6177 ) ;
#1031 =( LENGTH_UNIT ( ) NAMED_UNIT ( * ) SI_UNIT ( .MILLI., .METRE. ) );
#1032 = AXIS2_PLACEMENT_3D ( 'NONE', #3711, #6434, #3669 ) ;
#1033 = COLOUR_RGB ( '',0.000000000000000000, 0.5647058823529411686, 0.09803921568627450844 ) ;
#1034 = VECTOR ( 'NONE', #5274, 1000.000000000000000 ) ;
#1035 = LINE ( 'NONE', #2026, #1387 ) ;
#1036 = MECHANICAL_DESIGN_GEOMETRIC_PRESENTATION_REPRESENTATION (  '', ( #2740 ), #6937 ) ;
#1037 = ORIENTED_EDGE ( 'NONE', *, *, #906, .F. ) ;
#1038 = DIRECTION ( 'NONE',  ( -0.000000000000000000, -1.000000000000000000, -0.000000000000000000 ) ) ;
#1039 =( NAMED_UNIT ( * ) PLANE_ANGLE_UNIT ( ) SI_UNIT ( $, .RADIAN. ) );
#1040 = EDGE_CURVE ( 'NONE', #607, #2420, #6476, .T. ) ;
#1041 = ORIENTED_EDGE ( 'NONE', *, *, #3497, .T. ) ;
#1042 = ORIENTED_EDGE ( 'NONE', *, *, #978, .F. ) ;
#1043 =( NAMED_UNIT ( * ) PLANE_ANGLE_UNIT ( ) SI_UNIT ( $, .RADIAN. ) );
#1044 = AXIS2_PLACEMENT_3D ( 'NONE', #991, #3917, #6175 ) ;
#1045 = DIRECTION ( 'NONE',  ( 0.000000000000000000, 0.000000000000000000, -1.000000000000000000 ) ) ;
#1046 = VECTOR ( 'NONE', #2743, 1000.000000000000000 ) ;
#1047 = DIRECTION ( 'NONE',  ( 0.000000000000000000, 0.000000000000000000, -1.000000000000000000 ) ) ;
#1048 = ADVANCED_FACE ( 'NONE', ( #6524 ), #1296, .F. ) ;
#1049 = EDGE_CURVE ( 'NONE', #6154, #383, #3254, .T. ) ;
#1050 = CIRCLE ( 'NONE', #1780, 0.3400000000000000244 ) ;
#1051 = VERTEX_POINT ( 'NONE', #5509 ) ;
#1052 = ORIENTED_EDGE ( 'NONE', *, *, #2738, .F. ) ;
#1053 =( LENGTH_UNIT ( ) NAMED_UNIT ( * ) SI_UNIT ( .MILLI., .METRE. ) );
#1054 =( LENGTH_UNIT ( ) NAMED_UNIT ( * ) SI_UNIT ( .MILLI., .METRE. ) );
#1055 = SURFACE_STYLE_FILL_AREA ( #3405 ) ;
#1056 = CARTESIAN_POINT ( 'NONE',  ( -2.999999999999998668, 0.5799999999999999600, 5.749999999999999112 ) ) ;
#1057 = CARTESIAN_POINT ( 'NONE',  ( -4.500000000000014211, -0.02000000000000000042, 2.650000000000000355 ) ) ;
#1058 = VERTEX_POINT ( 'NONE', #2167 ) ;
#1059 = SURFACE_STYLE_USAGE ( .BOTH. , #1594 ) ;
#1060 = PLANE ( 'NONE',  #2986 ) ;
#1061 = DIRECTION ( 'NONE',  ( 1.000000000000000000, -0.000000000000000000, -8.673617379884032514E-16 ) ) ;
#1062 = DIRECTION ( 'NONE',  ( -0.000000000000000000, 1.000000000000000000, -0.000000000000000000 ) ) ;
#1063 = EDGE_CURVE ( 'NONE', #4082, #2039, #7016, .T. ) ;
#1064 = DIRECTION ( 'NONE',  ( 0.000000000000000000, -1.000000000000000000, 0.000000000000000000 ) ) ;
#1065 = STYLED_ITEM ( 'NONE', ( #7381 ), #6075 ) ;
#1066 = UNCERTAINTY_MEASURE_WITH_UNIT (LENGTH_MEASURE( 1.000000000000000082E-05 ), #16, 'distance_accuracy_value', 'NONE');
#1067 = VERTEX_POINT ( 'NONE', #4355 ) ;
#1068 = PLANE ( 'NONE',  #1931 ) ;
#1069 = DIRECTION ( 'NONE',  ( 0.000000000000000000, -1.000000000000000000, 0.000000000000000000 ) ) ;
#1070 = VECTOR ( 'NONE', #7172, 1000.000000000000000 ) ;
#1071 = STYLED_ITEM ( 'NONE', ( #933 ), #6158 ) ;
#1072 = ORIENTED_EDGE ( 'NONE', *, *, #780, .F. ) ;
#1073 = UNCERTAINTY_MEASURE_WITH_UNIT (LENGTH_MEASURE( 1.000000000000000082E-05 ), #5182, 'distance_accuracy_value', 'NONE');
#1074 = ORIENTED_EDGE ( 'NONE', *, *, #5252, .T. ) ;
#1075 = FILL_AREA_STYLE ('',( #7374 ) ) ;
#1076 = DIRECTION ( 'NONE',  ( 0.000000000000000000, 0.000000000000000000, 1.000000000000000000 ) ) ;
#1077 = DIRECTION ( 'NONE',  ( 0.000000000000000000, 0.000000000000000000, 1.000000000000000000 ) ) ;
#1078 = FILL_AREA_STYLE ('',( #2764 ) ) ;
#1079 = DIRECTION ( 'NONE',  ( 1.000000000000000000, 0.000000000000000000, 0.000000000000000000 ) ) ;
#1080 = PRESENTATION_LAYER_ASSIGNMENT (  '', '', ( #5175 ) ) ;
#1081 = ORIENTED_EDGE ( 'NONE', *, *, #211, .F. ) ;
#1082 = EDGE_LOOP ( 'NONE', ( #497, #5795, #4076, #3591, #6842, #2987, #5604, #89, #2836, #1004, #4343, #1820 ) ) ;
#1083 = SURFACE_SIDE_STYLE ('',( #4089 ) ) ;
#1084 = CARTESIAN_POINT ( 'NONE',  ( 3.500000000000037748, 0.000000000000000000, -0.000000000000000000 ) ) ;
#1085 = CYLINDRICAL_SURFACE ( 'NONE', #2605, 0.3299999999999995715 ) ;
#1086 = EDGE_CURVE ( 'NONE', #5500, #5961, #7206, .T. ) ;
#1087 = FILL_AREA_STYLE ('',( #397 ) ) ;
#1088 = EDGE_CURVE ( 'NONE', #4341, #1257, #5007, .T. ) ;
#1089 = CARTESIAN_POINT ( 'NONE',  ( 4.500000000000000888, 0.5799999999999999600, -3.850000000000000533 ) ) ;
#1090 = SURFACE_STYLE_FILL_AREA ( #6276 ) ;
#1091 =( NAMED_UNIT ( * ) SI_UNIT ( $, .STERADIAN. ) SOLID_ANGLE_UNIT ( ) );
#1092 = VECTOR ( 'NONE', #767, 1000.000000000000000 ) ;
#1093 = ORIENTED_EDGE ( 'NONE', *, *, #156, .T. ) ;
#1094 = VECTOR ( 'NONE', #3354, 1000.000000000000000 ) ;
#1095 = ORIENTED_EDGE ( 'NONE', *, *, #7098, .F. ) ;
#1096 = PLANE ( 'NONE',  #5953 ) ;
#1097 = COLOUR_RGB ( '',0.9686274509803921573, 0.8784313725490195957, 0.5999999999999999778 ) ;
#1098 =( NAMED_UNIT ( * ) SI_UNIT ( $, .STERADIAN. ) SOLID_ANGLE_UNIT ( ) );
#1099 = CARTESIAN_POINT ( 'NONE',  ( -0.2499999999999989175, -6.776263578034402713E-18, 4.749999999999999112 ) ) ;
#1100 =( NAMED_UNIT ( * ) SI_UNIT ( $, .STERADIAN. ) SOLID_ANGLE_UNIT ( ) );
#1101 = SURFACE_STYLE_USAGE ( .BOTH. , #6834 ) ;
#1102 = LINE ( 'NONE', #4101, #205 ) ;
#1103 = UNCERTAINTY_MEASURE_WITH_UNIT (LENGTH_MEASURE( 1.000000000000000082E-05 ), #8, 'distance_accuracy_value', 'NONE');
#1104 = VECTOR ( 'NONE', #4542, 1000.000000000000000 ) ;
#1105 =( NAMED_UNIT ( * ) SI_UNIT ( $, .STERADIAN. ) SOLID_ANGLE_UNIT ( ) );
#1106 =( NAMED_UNIT ( * ) PLANE_ANGLE_UNIT ( ) SI_UNIT ( $, .RADIAN. ) );
#1107 = VERTEX_POINT ( 'NONE', #2655 ) ;
#1108 = EDGE_CURVE ( 'NONE', #665, #4362, #4433, .T. ) ;
#1109 = CARTESIAN_POINT ( 'NONE',  ( 0.9500000000000011768, 0.000000000000000000, 5.749999999999999112 ) ) ;
#1110 = CARTESIAN_POINT ( 'NONE',  ( 4.500000000000018652, 0.5799999999999999600, -0.9499999999999995115 ) ) ;
#1111 = PRESENTATION_LAYER_ASSIGNMENT (  '', '', ( #4619 ) ) ;
#1112 = ORIENTED_EDGE ( 'NONE', *, *, #1885, .T. ) ;
#1113 = SURFACE_STYLE_FILL_AREA ( #2977 ) ;
#1114 = ORIENTED_EDGE ( 'NONE', *, *, #1108, .F. ) ;
#1115 =( NAMED_UNIT ( * ) SI_UNIT ( $, .STERADIAN. ) SOLID_ANGLE_UNIT ( ) );
#1116 =( GEOMETRIC_REPRESENTATION_CONTEXT ( 3 ) GLOBAL_UNCERTAINTY_ASSIGNED_CONTEXT ( ( #1674 ) ) GLOBAL_UNIT_ASSIGNED_CONTEXT ( ( #6982, #5390, #5992 ) ) REPRESENTATION_CONTEXT ( 'NONE', 'WORKASPACE' ) );
#1117 = SURFACE_STYLE_USAGE ( .BOTH. , #6845 ) ;
#1118 = LINE ( 'NONE', #5702, #7324 ) ;
#1119 = CARTESIAN_POINT ( 'NONE',  ( -3.999999999999999112, 0.5799999999999999600, 5.049999999999998934 ) ) ;
#1120 = CARTESIAN_POINT ( 'NONE',  ( 0.000000000000000000, 0.5900000000000000799, 0.000000000000000000 ) ) ;
#1121 =( LENGTH_UNIT ( ) NAMED_UNIT ( * ) SI_UNIT ( .MILLI., .METRE. ) );
#1122 = COLOUR_RGB ( '',0.9686274509803921573, 0.8784313725490195957, 0.5999999999999999778 ) ;
#1123 = VERTEX_POINT ( 'NONE', #3184 ) ;
#1124 = ORIENTED_EDGE ( 'NONE', *, *, #7259, .T. ) ;
#1125 = CARTESIAN_POINT ( 'NONE',  ( -3.920000000000001705, 1.779999999999999805, -5.390000000000001457 ) ) ;
#1126 = PRESENTATION_STYLE_ASSIGNMENT (( #2315 ) ) ;
#1127 = EDGE_CURVE ( 'NONE', #2920, #3203, #2380, .T. ) ;
#1128 = EDGE_CURVE ( 'NONE', #7100, #5730, #4314, .T. ) ;
#1129 = ORIENTED_EDGE ( 'NONE', *, *, #2, .F. ) ;
#1130 = ORIENTED_EDGE ( 'NONE', *, *, #3930, .T. ) ;
#1131 = AXIS2_PLACEMENT_3D ( 'NONE', #502, #2196, #4965 ) ;
#1132 = CARTESIAN_POINT ( 'NONE',  ( -4.500000000000006217, 0.5900000000000000799, 2.650000000000000355 ) ) ;
#1133 = PRESENTATION_LAYER_ASSIGNMENT (  '', '', ( #6690 ) ) ;
#1134 = CARTESIAN_POINT ( 'NONE',  ( 4.500000000000000888, 0.5900000000000000799, 3.510000000000000675 ) ) ;
#1135 = CARTESIAN_POINT ( 'NONE',  ( -4.500000000000006217, 0.5900000000000000799, 2.650000000000000355 ) ) ;
#1136 = SURFACE_STYLE_USAGE ( .BOTH. , #2745 ) ;
#1137 = DIRECTION ( 'NONE',  ( 0.000000000000000000, -1.000000000000000000, 0.000000000000000000 ) ) ;
#1138 = PRESENTATION_LAYER_ASSIGNMENT (  '', '', ( #6675 ) ) ;
#1139 = PRESENTATION_LAYER_ASSIGNMENT (  '', '', ( #1627 ) ) ;
#1140 = ADVANCED_FACE ( 'NONE', ( #1445 ), #6604, .T. ) ;
#1141 =( GEOMETRIC_REPRESENTATION_CONTEXT ( 3 ) GLOBAL_UNCERTAINTY_ASSIGNED_CONTEXT ( ( #3498 ) ) GLOBAL_UNIT_ASSIGNED_CONTEXT ( ( #3614, #192, #5294 ) ) REPRESENTATION_CONTEXT ( 'NONE', 'WORKASPACE' ) );
#1142 = EDGE_CURVE ( 'NONE', #7299, #2282, #923, .T. ) ;
#1143 = VECTOR ( 'NONE', #6072, 1000.000000000000000 ) ;
#1144 = DIRECTION ( 'NONE',  ( -0.000000000000000000, 1.000000000000000000, -0.000000000000000000 ) ) ;
#1145 = ORIENTED_EDGE ( 'NONE', *, *, #5850, .F. ) ;
#1146 = LINE ( 'NONE', #3492, #6122 ) ;
#1147 = CARTESIAN_POINT ( 'NONE',  ( 4.500000000000000888, 0.5799999999999999600, -5.750000000000000888 ) ) ;
#1148 = VECTOR ( 'NONE', #656, 1000.000000000000000 ) ;
#1149 = AXIS2_PLACEMENT_3D ( 'NONE', #4132, #3042, #4263 ) ;
#1150 = VECTOR ( 'NONE', #4199, 1000.000000000000000 ) ;
#1151 = LINE ( 'NONE', #7024, #5204 ) ;
#1152 = ADVANCED_FACE ( 'NONE', ( #3843 ), #2090, .T. ) ;
#1153 = VECTOR ( 'NONE', #2988, 1000.000000000000000 ) ;
#1154 = STYLED_ITEM ( 'NONE', ( #3406 ), #2483 ) ;
#1155 = VECTOR ( 'NONE', #3267, 1000.000000000000000 ) ;
#1156 = ORIENTED_EDGE ( 'NONE', *, *, #4687, .F. ) ;
#1157 =( NAMED_UNIT ( * ) SI_UNIT ( $, .STERADIAN. ) SOLID_ANGLE_UNIT ( ) );
#1158 = UNCERTAINTY_MEASURE_WITH_UNIT (LENGTH_MEASURE( 1.000000000000000082E-05 ), #2955, 'distance_accuracy_value', 'NONE');
#1159 = ORIENTED_EDGE ( 'NONE', *, *, #1187, .F. ) ;
#1160 = FILL_AREA_STYLE_COLOUR ( '', #4707 ) ;
#1161 = CARTESIAN_POINT ( 'NONE',  ( -2.999999999999998668, 0.5900000000000000799, 5.749999999999999112 ) ) ;
#1162 = DIRECTION ( 'NONE',  ( -1.000000000000000000, 0.000000000000000000, -0.000000000000000000 ) ) ;
#1163 = VECTOR ( 'NONE', #1256, 1000.000000000000000 ) ;
#1164 = CARTESIAN_POINT ( 'NONE',  ( -0.2499999999999989175, -0.02000000000000000042, 0.000000000000000000 ) ) ;
#1165 = EDGE_CURVE ( 'NONE', #2998, #337, #3414, .T. ) ;
#1166 = ORIENTED_EDGE ( 'NONE', *, *, #5984, .T. ) ;
#1167 = EDGE_LOOP ( 'NONE', ( #7113, #4574, #6119, #2826, #1357, #23 ) ) ;
#1168 =( LENGTH_UNIT ( ) NAMED_UNIT ( * ) SI_UNIT ( .MILLI., .METRE. ) );
#1169 =( NAMED_UNIT ( * ) PLANE_ANGLE_UNIT ( ) SI_UNIT ( $, .RADIAN. ) );
#1170 = DIRECTION ( 'NONE',  ( 0.000000000000000000, 0.000000000000000000, 1.000000000000000000 ) ) ;
#1171 = SURFACE_SIDE_STYLE ('',( #2318 ) ) ;
#1172 = CARTESIAN_POINT ( 'NONE',  ( -0.2499999999999989175, -0.02000000000000000042, 0.000000000000000000 ) ) ;
#1173 = MECHANICAL_DESIGN_GEOMETRIC_PRESENTATION_REPRESENTATION (  '', ( #1407 ), #579 ) ;
#1174 = VERTEX_POINT ( 'NONE', #27 ) ;
#1175 = ORIENTED_EDGE ( 'NONE', *, *, #140, .T. ) ;
#1176 = CARTESIAN_POINT ( 'NONE',  ( 0.000000000000000000, 0.000000000000000000, 5.749999999999999112 ) ) ;
#1177 = SURFACE_STYLE_USAGE ( .BOTH. , #6246 ) ;
#1178 =( NAMED_UNIT ( * ) PLANE_ANGLE_UNIT ( ) SI_UNIT ( $, .RADIAN. ) );
#1179 = CARTESIAN_POINT ( 'NONE',  ( 1.800000000000000711, -0.02000000000000000042, 5.749999999999999112 ) ) ;
#1180 = UNCERTAINTY_MEASURE_WITH_UNIT (LENGTH_MEASURE( 1.000000000000000082E-05 ), #4018, 'distance_accuracy_value', 'NONE');
#1181 = DIRECTION ( 'NONE',  ( -1.000000000000000000, 0.000000000000000000, -0.000000000000000000 ) ) ;
#1182 = DIRECTION ( 'NONE',  ( -0.000000000000000000, 0.000000000000000000, 1.000000000000000000 ) ) ;
#1183 = CARTESIAN_POINT ( 'NONE',  ( -1.799999999999998934, 0.5900000000000000799, 5.749999999999999112 ) ) ;
#1184 = ORIENTED_EDGE ( 'NONE', *, *, #378, .T. ) ;
#1185 = FACE_OUTER_BOUND ( 'NONE', #1443, .T. ) ;
#1186 = AXIS2_PLACEMENT_3D ( 'NONE', #1726, #6264, #7414 ) ;
#1187 = EDGE_CURVE ( 'NONE', #337, #5808, #6284, .T. ) ;
#1188 = EDGE_CURVE ( 'NONE', #234, #1860, #2727, .T. ) ;
#1189 = CYLINDRICAL_SURFACE ( 'NONE', #291, 0.2300000000000001765 ) ;
#1190 = VERTEX_POINT ( 'NONE', #542 ) ;
#1191 = LINE ( 'NONE', #2901, #1619 ) ;
#1192 = ORIENTED_EDGE ( 'NONE', *, *, #4207, .T. ) ;
#1193 = CARTESIAN_POINT ( 'NONE',  ( 0.000000000000000000, 0.5799999999999999600, 5.749999999999999112 ) ) ;
#1194 = LINE ( 'NONE', #7417, #1225 ) ;
#1195 =( GEOMETRIC_REPRESENTATION_CONTEXT ( 3 ) GLOBAL_UNCERTAINTY_ASSIGNED_CONTEXT ( ( #3452 ) ) GLOBAL_UNIT_ASSIGNED_CONTEXT ( ( #2467, #5287, #1372 ) ) REPRESENTATION_CONTEXT ( 'NONE', 'WORKASPACE' ) );
#1196 = DIRECTION ( 'NONE',  ( 1.000000000000000000, -0.000000000000000000, -8.673617379884040402E-16 ) ) ;
#1197 = PRESENTATION_LAYER_ASSIGNMENT (  '', '', ( #3018 ) ) ;
#1198 = ORIENTED_EDGE ( 'NONE', *, *, #458, .F. ) ;
#1199 = ORIENTED_EDGE ( 'NONE', *, *, #3972, .T. ) ;
#1200 =( NAMED_UNIT ( * ) SI_UNIT ( $, .STERADIAN. ) SOLID_ANGLE_UNIT ( ) );
#1201 = CARTESIAN_POINT ( 'NONE',  ( -3.500000000000012879, -0.02000000000000000042, 3.000000000000000000 ) ) ;
#1202 = EDGE_CURVE ( 'NONE', #6903, #5046, #1784, .T. ) ;
#1203 = LINE ( 'NONE', #5790, #5353 ) ;
#1204 = PRESENTATION_STYLE_ASSIGNMENT (( #3949 ) ) ;
#1205 = DIRECTION ( 'NONE',  ( 0.000000000000000000, 0.000000000000000000, -1.000000000000000000 ) ) ;
#1206 =( GEOMETRIC_REPRESENTATION_CONTEXT ( 3 ) GLOBAL_UNCERTAINTY_ASSIGNED_CONTEXT ( ( #5521 ) ) GLOBAL_UNIT_ASSIGNED_CONTEXT ( ( #6105, #926, #3256 ) ) REPRESENTATION_CONTEXT ( 'NONE', 'WORKASPACE' ) );
#1207 = ORIENTED_EDGE ( 'NONE', *, *, #6839, .T. ) ;
#1208 = ORIENTED_EDGE ( 'NONE', *, *, #5573, .T. ) ;
#1209 = DIRECTION ( 'NONE',  ( 0.000000000000000000, 0.000000000000000000, 1.000000000000000000 ) ) ;
#1210 = MECHANICAL_DESIGN_GEOMETRIC_PRESENTATION_REPRESENTATION (  '', ( #4472 ), #3035 ) ;
#1211 = DIRECTION ( 'NONE',  ( 0.000000000000000000, -0.000000000000000000, -1.000000000000000000 ) ) ;
#1212 = CARTESIAN_POINT ( 'NONE',  ( 4.500000000000000888, 0.5900000000000000799, -3.850000000000000533 ) ) ;
#1213 = SURFACE_SIDE_STYLE ('',( #1787 ) ) ;
#1214 = VECTOR ( 'NONE', #6344, 1000.000000000000000 ) ;
#1215 =( GEOMETRIC_REPRESENTATION_CONTEXT ( 3 ) GLOBAL_UNCERTAINTY_ASSIGNED_CONTEXT ( ( #4905 ) ) GLOBAL_UNIT_ASSIGNED_CONTEXT ( ( #2600, #1965, #5532 ) ) REPRESENTATION_CONTEXT ( 'NONE', 'WORKASPACE' ) );
#1216 = VECTOR ( 'NONE', #4983, 1000.000000000000000 ) ;
#1217 =( NAMED_UNIT ( * ) SI_UNIT ( $, .STERADIAN. ) SOLID_ANGLE_UNIT ( ) );
#1218 = EDGE_LOOP ( 'NONE', ( #6380, #2362, #5339, #5784 ) ) ;
#1219 = DIRECTION ( 'NONE',  ( -2.806170328786012980E-14, 0.000000000000000000, 1.000000000000000000 ) ) ;
#1220 = CARTESIAN_POINT ( 'NONE',  ( 4.500000000000000888, 0.5900000000000000799, 0.000000000000000000 ) ) ;
#1221 = STYLED_ITEM ( 'NONE', ( #3330 ), #3220 ) ;
#1222 = ADVANCED_FACE ( 'NONE', ( #3372 ), #6945, .F. ) ;
#1223 = EDGE_CURVE ( 'NONE', #6448, #1665, #4613, .T. ) ;
#1224 = VERTEX_POINT ( 'NONE', #1747 ) ;
#1225 = VECTOR ( 'NONE', #10, 1000.000000000000000 ) ;
#1226 = SURFACE_SIDE_STYLE ('',( #4111 ) ) ;
#1227 = UNCERTAINTY_MEASURE_WITH_UNIT (LENGTH_MEASURE( 1.000000000000000082E-05 ), #2887, 'distance_accuracy_value', 'NONE');
#1228 = ORIENTED_EDGE ( 'NONE', *, *, #4968, .T. ) ;
#1229 = CARTESIAN_POINT ( 'NONE',  ( -4.500000000000009770, 0.5799999999999999600, 1.790000000000000036 ) ) ;
#1230 = CARTESIAN_POINT ( 'NONE',  ( 3.500000000000037748, -0.02000000000000000042, 0.5999999999999998668 ) ) ;
#1231 = PRESENTATION_STYLE_ASSIGNMENT (( #1271 ) ) ;
#1232 = SURFACE_STYLE_FILL_AREA ( #1806 ) ;
#1233 = DIRECTION ( 'NONE',  ( -0.000000000000000000, 1.000000000000000000, -0.000000000000000000 ) ) ;
#1234 = STYLED_ITEM ( 'NONE', ( #7405 ), #3855 ) ;
#1235 = VERTEX_POINT ( 'NONE', #6323 ) ;
#1236 = ORIENTED_EDGE ( 'NONE', *, *, #2773, .T. ) ;
#1237 =( NAMED_UNIT ( * ) SI_UNIT ( $, .STERADIAN. ) SOLID_ANGLE_UNIT ( ) );
#1238 = VECTOR ( 'NONE', #630, 1000.000000000000000 ) ;
#1239 = LINE ( 'NONE', #823, #4397 ) ;
#1240 = PRESENTATION_LAYER_ASSIGNMENT (  '', '', ( #6530 ) ) ;
#1241 = CARTESIAN_POINT ( 'NONE',  ( 1.450000000000000844, 0.000000000000000000, 5.749999999999999112 ) ) ;
#1242 = FILL_AREA_STYLE ('',( #4124 ) ) ;
#1243 = FILL_AREA_STYLE_COLOUR ( '', #4818 ) ;
#1244 = CARTESIAN_POINT ( 'NONE',  ( -4.499999999999999112, 0.000000000000000000, 1.100000000000000311 ) ) ;
#1245 = VECTOR ( 'NONE', #1205, 1000.000000000000000 ) ;
#1246 = EDGE_CURVE ( 'NONE', #462, #4794, #2307, .T. ) ;
#1247 = EDGE_LOOP ( 'NONE', ( #3465, #4484, #3244, #4960, #6044, #3617, #3868 ) ) ;
#1248 = ORIENTED_EDGE ( 'NONE', *, *, #6897, .F. ) ;
#1249 = PRESENTATION_STYLE_ASSIGNMENT (( #5680 ) ) ;
#1250 = DIRECTION ( 'NONE',  ( -0.000000000000000000, -1.000000000000000000, -0.000000000000000000 ) ) ;
#1251 = LINE ( 'NONE', #2885, #957 ) ;
#1252 = DIRECTION ( 'NONE',  ( 1.000000000000000000, -0.000000000000000000, 0.000000000000000000 ) ) ;
#1253 = FACE_OUTER_BOUND ( 'NONE', #5545, .T. ) ;
#1254 = LINE ( 'NONE', #2705, #1216 ) ;
#1255 = COLOUR_RGB ( '',0.9686274509803921573, 0.8784313725490195957, 0.5999999999999999778 ) ;
#1256 = DIRECTION ( 'NONE',  ( 8.673617379884051249E-15, 0.000000000000000000, -1.000000000000000000 ) ) ;
#1257 = VERTEX_POINT ( 'NONE', #2350 ) ;
#1258 = DIRECTION ( 'NONE',  ( -8.673617379884036458E-16, 0.000000000000000000, -1.000000000000000000 ) ) ;
#1259 = CARTESIAN_POINT ( 'NONE',  ( 4.500000000000025757, -0.02000000000000000042, 1.690000000000000391 ) ) ;
#1260 = DIRECTION ( 'NONE',  ( 0.000000000000000000, 1.000000000000000000, 0.000000000000000000 ) ) ;
#1261 = PRESENTATION_LAYER_ASSIGNMENT (  '', '', ( #1501 ) ) ;
#1262 =( GEOMETRIC_REPRESENTATION_CONTEXT ( 3 ) GLOBAL_UNCERTAINTY_ASSIGNED_CONTEXT ( ( #1452 ) ) GLOBAL_UNIT_ASSIGNED_CONTEXT ( ( #622, #1750, #4548 ) ) REPRESENTATION_CONTEXT ( 'NONE', 'WORKASPACE' ) );
#1263 = VECTOR ( 'NONE', #9, 1000.000000000000000 ) ;
#1264 = VECTOR ( 'NONE', #1451, 1000.000000000000000 ) ;
#1265 = ORIENTED_EDGE ( 'NONE', *, *, #6734, .T. ) ;
#1266 = PRESENTATION_LAYER_ASSIGNMENT (  '', '', ( #4862 ) ) ;
#1267 = CARTESIAN_POINT ( 'NONE',  ( 3.330000000000000071, 0.5799999999999999600, 5.749999999999999112 ) ) ;
#1268 = AXIS2_PLACEMENT_3D ( 'NONE', #2531, #2498, #7013 ) ;
#1269 = ORIENTED_EDGE ( 'NONE', *, *, #642, .T. ) ;
#1270 = DIRECTION ( 'NONE',  ( 1.000000000000000000, 0.000000000000000000, 0.000000000000000000 ) ) ;
#1271 = SURFACE_STYLE_USAGE ( .BOTH. , #6963 ) ;
#1272 = CARTESIAN_POINT ( 'NONE',  ( -4.500000000000012434, -0.02000000000000000042, 2.410000000000000142 ) ) ;
#1273 = EDGE_CURVE ( 'NONE', #2387, #259, #1026, .T. ) ;
#1274 = CARTESIAN_POINT ( 'NONE',  ( 0.000000000000000000, 0.5799999999999999600, 5.749999999999999112 ) ) ;
#1275 = PRESENTATION_LAYER_ASSIGNMENT (  '', '', ( #2249 ) ) ;
#1276 = AXIS2_PLACEMENT_3D ( 'NONE', #6974, #1966, #5830 ) ;
#1277 = ORIENTED_EDGE ( 'NONE', *, *, #867, .F. ) ;
#1278 = VERTEX_POINT ( 'NONE', #1634 ) ;
#1279 = CARTESIAN_POINT ( 'NONE',  ( -4.500000000000018652, 0.5900000000000000799, -0.6099999999999996536 ) ) ;
#1280 = DIRECTION ( 'NONE',  ( 0.000000000000000000, 1.000000000000000000, -0.000000000000000000 ) ) ;
#1281 = CARTESIAN_POINT ( 'NONE',  ( 3.500000000000000444, -0.02000000000000000042, 3.500000000000000000 ) ) ;
#1282 = CYLINDRICAL_SURFACE ( 'NONE', #3527, 0.3399999999999998024 ) ;
#1283 = EDGE_CURVE ( 'NONE', #2458, #5708, #803, .T. ) ;
#1284 = FACE_OUTER_BOUND ( 'NONE', #5908, .T. ) ;
#1285 = FACE_OUTER_BOUND ( 'NONE', #3925, .T. ) ;
#1286 = EDGE_CURVE ( 'NONE', #3294, #678, #808, .T. ) ;
#1287 = ORIENTED_EDGE ( 'NONE', *, *, #1936, .T. ) ;
#1288 = ORIENTED_EDGE ( 'NONE', *, *, #3146, .F. ) ;
#1289 = CARTESIAN_POINT ( 'NONE',  ( 4.500000000000000888, 0.5900000000000000799, 0.000000000000000000 ) ) ;
#1290 = SURFACE_STYLE_USAGE ( .BOTH. , #3629 ) ;
#1291 =( NAMED_UNIT ( * ) PLANE_ANGLE_UNIT ( ) SI_UNIT ( $, .RADIAN. ) );
#1292 = FACE_OUTER_BOUND ( 'NONE', #1953, .T. ) ;
#1293 = FACE_OUTER_BOUND ( 'NONE', #6091, .T. ) ;
#1294 = DIRECTION ( 'NONE',  ( 0.000000000000000000, -1.000000000000000000, 0.000000000000000000 ) ) ;
#1295 =( NAMED_UNIT ( * ) PLANE_ANGLE_UNIT ( ) SI_UNIT ( $, .RADIAN. ) );
#1296 = PLANE ( 'NONE',  #1852 ) ;
#1297 = LINE ( 'NONE', #3006, #6699 ) ;
#1298 = VERTEX_POINT ( 'NONE', #770 ) ;
#1299 = CARTESIAN_POINT ( 'NONE',  ( 0.2500000000000011102, 1.800655561573372143, 4.749999999999999112 ) ) ;
#1300 = EDGE_CURVE ( 'NONE', #1123, #6154, #3328, .T. ) ;
#1301 = STYLED_ITEM ( 'NONE', ( #6954 ), #950 ) ;
#1302 = ORIENTED_EDGE ( 'NONE', *, *, #4140, .T. ) ;
#1303 = DIRECTION ( 'NONE',  ( 0.000000000000000000, 0.000000000000000000, -1.000000000000000000 ) ) ;
#1304 = UNCERTAINTY_MEASURE_WITH_UNIT (LENGTH_MEASURE( 1.000000000000000082E-05 ), #887, 'distance_accuracy_value', 'NONE');
#1305 = ORIENTED_EDGE ( 'NONE', *, *, #6872, .T. ) ;
#1306 = FILL_AREA_STYLE ('',( #4213 ) ) ;
#1307 = DIRECTION ( 'NONE',  ( 1.000000000000000000, 0.000000000000000000, 8.673617379884033500E-16 ) ) ;
#1308 =( NAMED_UNIT ( * ) PLANE_ANGLE_UNIT ( ) SI_UNIT ( $, .RADIAN. ) );
#1309 = COLOUR_RGB ( '',0.9686274509803921573, 0.8784313725490195957, 0.5999999999999999778 ) ;
#1310 = VERTEX_POINT ( 'NONE', #1326 ) ;
#1311 = VECTOR ( 'NONE', #2441, 1000.000000000000000 ) ;
#1312 = VERTEX_POINT ( 'NONE', #5840 ) ;
#1313 = SURFACE_SIDE_STYLE ('',( #199 ) ) ;
#1314 = LINE ( 'NONE', #7077, #1341 ) ;
#1315 = LINE ( 'NONE', #5902, #6990 ) ;
#1316 = FILL_AREA_STYLE_COLOUR ( '', #3904 ) ;
#1317 = CIRCLE ( 'NONE', #1801, 0.3299999999999995715 ) ;
#1318 =( NAMED_UNIT ( * ) SI_UNIT ( $, .STERADIAN. ) SOLID_ANGLE_UNIT ( ) );
#1319 = CARTESIAN_POINT ( 'NONE',  ( 4.500000000000000888, 1.800655561573372143, 2.999999999999999556 ) ) ;
#1320 = COLOUR_RGB ( '',0.9686274509803921573, 0.8784313725490195957, 0.5999999999999999778 ) ;
#1321 = EDGE_LOOP ( 'NONE', ( #6059, #6126, #2644, #262 ) ) ;
#1322 = EDGE_CURVE ( 'NONE', #696, #4821, #5955, .T. ) ;
#1323 = EDGE_CURVE ( 'NONE', #3689, #5597, #3671, .T. ) ;
#1324 = ORIENTED_EDGE ( 'NONE', *, *, #5283, .T. ) ;
#1325 = FILL_AREA_STYLE_COLOUR ( '', #4416 ) ;
#1326 = CARTESIAN_POINT ( 'NONE',  ( 2.650000000000000355, 0.000000000000000000, 4.749999999999999112 ) ) ;
#1327 = CARTESIAN_POINT ( 'NONE',  ( 4.500000000000000888, 0.5900000000000000799, 0.000000000000000000 ) ) ;
#1328 = FILL_AREA_STYLE_COLOUR ( '', #800 ) ;
#1329 = PRESENTATION_LAYER_ASSIGNMENT (  '', '', ( #3748 ) ) ;
#1330 = PRESENTATION_STYLE_ASSIGNMENT (( #703 ) ) ;
#1331 = AXIS2_PLACEMENT_3D ( 'NONE', #6790, #4577, #1707 ) ;
#1332 = STYLED_ITEM ( 'NONE', ( #3560 ), #6621 ) ;
#1333 = PRESENTATION_STYLE_ASSIGNMENT (( #7063 ) ) ;
#1334 = ORIENTED_EDGE ( 'NONE', *, *, #1202, .T. ) ;
#1335 = CARTESIAN_POINT ( 'NONE',  ( 4.500000000000052403, -0.02000000000000000042, -0.9499999999999995115 ) ) ;
#1336 = PLANE ( 'NONE',  #7393 ) ;
#1337 = SURFACE_STYLE_FILL_AREA ( #257 ) ;
#1338 = PRESENTATION_LAYER_ASSIGNMENT (  '', '', ( #3628 ) ) ;
#1339 = EDGE_CURVE ( 'NONE', #7270, #645, #5383, .T. ) ;
#1340 = VERTEX_POINT ( 'NONE', #134 ) ;
#1341 = VECTOR ( 'NONE', #3585, 1000.000000000000000 ) ;
#1342 = CARTESIAN_POINT ( 'NONE',  ( 4.500000000000014211, 0.5799999999999999600, 0.2500000000000002220 ) ) ;
#1343 = ORIENTED_EDGE ( 'NONE', *, *, #4813, .T. ) ;
#1344 = FILL_AREA_STYLE ('',( #1955 ) ) ;
#1345 = VECTOR ( 'NONE', #4459, 1000.000000000000000 ) ;
#1346 = MECHANICAL_DESIGN_GEOMETRIC_PRESENTATION_REPRESENTATION (  '', ( #5307 ), #2680 ) ;
#1347 = VERTEX_POINT ( 'NONE', #5947 ) ;
#1348 = VERTEX_POINT ( 'NONE', #5912 ) ;
#1349 = CARTESIAN_POINT ( 'NONE',  ( 4.500000000000014211, 0.5900000000000000799, 0.2500000000000002220 ) ) ;
#1350 = CARTESIAN_POINT ( 'NONE',  ( 0.000000000000000000, 0.5900000000000000799, 0.000000000000000000 ) ) ;
#1351 = FILL_AREA_STYLE ('',( #7227 ) ) ;
#1352 = FILL_AREA_STYLE ('',( #5864 ) ) ;
#1353 = PRESENTATION_LAYER_ASSIGNMENT (  '', '', ( #2552 ) ) ;
#1354 = DIRECTION ( 'NONE',  ( 1.000000000000000000, 0.000000000000000000, -8.673617379884040402E-16 ) ) ;
#1355 = CARTESIAN_POINT ( 'NONE',  ( -0.9499999999999990674, -0.02000000000000000042, 4.749999999999999112 ) ) ;
#1356 = ORIENTED_EDGE ( 'NONE', *, *, #6664, .T. ) ;
#1357 = ORIENTED_EDGE ( 'NONE', *, *, #7122, .T. ) ;
#1358 = LINE ( 'NONE', #838, #3823 ) ;
#1359 = CARTESIAN_POINT ( 'NONE',  ( -4.500000000000038192, -0.02000000000000000042, 0.01000000000000024307 ) ) ;
#1360 = DIRECTION ( 'NONE',  ( 0.000000000000000000, 0.000000000000000000, 1.000000000000000000 ) ) ;
#1361 =( NAMED_UNIT ( * ) PLANE_ANGLE_UNIT ( ) SI_UNIT ( $, .RADIAN. ) );
#1362 = VECTOR ( 'NONE', #2203, 1000.000000000000000 ) ;
#1363 = DIRECTION ( 'NONE',  ( -1.000000000000000000, 0.000000000000000000, 0.000000000000000000 ) ) ;
#1364 = SURFACE_STYLE_USAGE ( .BOTH. , #3598 ) ;
#1365 = AXIS2_PLACEMENT_3D ( 'NONE', #5254, #1260, #4174 ) ;
#1366 = ADVANCED_FACE ( 'NONE', ( #4157 ), #6466, .T. ) ;
#1367 = EDGE_CURVE ( 'NONE', #6261, #348, #3522, .T. ) ;
#1368 = VECTOR ( 'NONE', #4160, 1000.000000000000000 ) ;
#1369 = FILL_AREA_STYLE_COLOUR ( '', #3804 ) ;
#1370 = FILL_AREA_STYLE_COLOUR ( '', #880 ) ;
#1371 = ORIENTED_EDGE ( 'NONE', *, *, #232, .F. ) ;
#1372 =( NAMED_UNIT ( * ) SI_UNIT ( $, .STERADIAN. ) SOLID_ANGLE_UNIT ( ) );
#1373 =( NAMED_UNIT ( * ) SI_UNIT ( $, .STERADIAN. ) SOLID_ANGLE_UNIT ( ) );
#1374 = DIRECTION ( 'NONE',  ( 0.000000000000000000, 1.000000000000000000, -0.000000000000000000 ) ) ;
#1375 = EDGE_CURVE ( 'NONE', #6969, #6959, #3001, .T. ) ;
#1376 = EDGE_CURVE ( 'NONE', #6594, #6975, #4988, .T. ) ;
#1377 = ORIENTED_EDGE ( 'NONE', *, *, #3563, .T. ) ;
#1378 = LINE ( 'NONE', #7068, #672 ) ;
#1379 = UNCERTAINTY_MEASURE_WITH_UNIT (LENGTH_MEASURE( 1.000000000000000082E-05 ), #5982, 'distance_accuracy_value', 'NONE');
#1380 = VERTEX_POINT ( 'NONE', #733 ) ;
#1381 = CARTESIAN_POINT ( 'NONE',  ( 1.450000000000000844, 0.000000000000000000, 4.749999999999999112 ) ) ;
#1382 = LINE ( 'NONE', #2343, #4418 ) ;
#1383 = STYLED_ITEM ( 'NONE', ( #7275 ), #5771 ) ;
#1384 = UNCERTAINTY_MEASURE_WITH_UNIT (LENGTH_MEASURE( 1.000000000000000082E-05 ), #1945, 'distance_accuracy_value', 'NONE');
#1385 = SURFACE_SIDE_STYLE ('',( #230 ) ) ;
#1386 = EDGE_CURVE ( 'NONE', #5255, #7143, #100, .T. ) ;
#1387 = VECTOR ( 'NONE', #6688, 1000.000000000000000 ) ;
#1388 = COLOUR_RGB ( '',0.000000000000000000, 0.5647058823529411686, 0.09803921568627450844 ) ;
#1389 = AXIS2_PLACEMENT_3D ( 'NONE', #66, #6248, #2354 ) ;
#1390 = MECHANICAL_DESIGN_GEOMETRIC_PRESENTATION_REPRESENTATION (  '', ( #4855 ), #5220 ) ;
#1391 = VERTEX_POINT ( 'NONE', #1823 ) ;
#1392 = ORIENTED_EDGE ( 'NONE', *, *, #2397, .F. ) ;
#1393 = PLANE ( 'NONE',  #2067 ) ;
#1394 = DIRECTION ( 'NONE',  ( 0.000000000000000000, -0.000000000000000000, -1.000000000000000000 ) ) ;
#1395 = DIRECTION ( 'NONE',  ( 1.338521200599388434E-16, 0.000000000000000000, 1.000000000000000000 ) ) ;
#1396 = EDGE_CURVE ( 'NONE', #2348, #3285, #7056, .T. ) ;
#1397 = ORIENTED_EDGE ( 'NONE', *, *, #4266, .T. ) ;
#1398 = CIRCLE ( 'NONE', #4875, 0.2300000000000001765 ) ;
#1399 =( GEOMETRIC_REPRESENTATION_CONTEXT ( 3 ) GLOBAL_UNCERTAINTY_ASSIGNED_CONTEXT ( ( #2299 ) ) GLOBAL_UNIT_ASSIGNED_CONTEXT ( ( #7147, #6010, #5533 ) ) REPRESENTATION_CONTEXT ( 'NONE', 'WORKASPACE' ) );
#1400 = EDGE_LOOP ( 'NONE', ( #5369, #5417, #467, #4295 ) ) ;
#1401 = LINE ( 'NONE', #1289, #3696 ) ;
#1402 = PLANE ( 'NONE',  #836 ) ;
#1403 = CARTESIAN_POINT ( 'NONE',  ( -4.500000000000006217, 0.5799999999999999600, 2.990000000000000657 ) ) ;
#1404 =( NAMED_UNIT ( * ) PLANE_ANGLE_UNIT ( ) SI_UNIT ( $, .RADIAN. ) );
#1405 = AXIS2_PLACEMENT_3D ( 'NONE', #2635, #4296, #3858 ) ;
#1406 = LINE ( 'NONE', #811, #4975 ) ;
#1407 = STYLED_ITEM ( 'NONE', ( #2204 ), #5480 ) ;
#1408 = FACE_OUTER_BOUND ( 'NONE', #4216, .T. ) ;
#1409 = SURFACE_SIDE_STYLE ('',( #3082 ) ) ;
#1410 = ORIENTED_EDGE ( 'NONE', *, *, #2135, .F. ) ;
#1411 =( NAMED_UNIT ( * ) SI_UNIT ( $, .STERADIAN. ) SOLID_ANGLE_UNIT ( ) );
#1412 = LINE ( 'NONE', #5849, #6548 ) ;
#1413 = AXIS2_PLACEMENT_3D ( 'NONE', #1557, #2572, #3224 ) ;
#1414 = DIRECTION ( 'NONE',  ( 0.000000000000000000, -0.000000000000000000, -1.000000000000000000 ) ) ;
#1415 = PRESENTATION_LAYER_ASSIGNMENT (  '', '', ( #2024 ) ) ;
#1416 = ORIENTED_EDGE ( 'NONE', *, *, #5378, .F. ) ;
#1417 = EDGE_CURVE ( 'NONE', #2220, #1391, #6670, .T. ) ;
#1418 = EDGE_CURVE ( 'NONE', #6822, #591, #3176, .T. ) ;
#1419 = ORIENTED_EDGE ( 'NONE', *, *, #7214, .T. ) ;
#1420 = DIRECTION ( 'NONE',  ( 0.000000000000000000, 0.000000000000000000, 1.000000000000000000 ) ) ;
#1421 = DIRECTION ( 'NONE',  ( -0.000000000000000000, -1.000000000000000000, -0.000000000000000000 ) ) ;
#1422 = DIRECTION ( 'NONE',  ( 1.000000000000000000, 0.000000000000000000, 0.000000000000000000 ) ) ;
#1423 = SURFACE_STYLE_USAGE ( .BOTH. , #966 ) ;
#1424 = ORIENTED_EDGE ( 'NONE', *, *, #4783, .F. ) ;
#1425 = ORIENTED_EDGE ( 'NONE', *, *, #2434, .F. ) ;
#1426 = FACE_OUTER_BOUND ( 'NONE', #3037, .T. ) ;
#1427 = LINE ( 'NONE', #6503, #5655 ) ;
#1428 = DIRECTION ( 'NONE',  ( 1.000000000000000000, 0.000000000000000000, 8.673617379884035472E-16 ) ) ;
#1429 = SURFACE_SIDE_STYLE ('',( #6591 ) ) ;
#1430 =( NAMED_UNIT ( * ) SI_UNIT ( $, .STERADIAN. ) SOLID_ANGLE_UNIT ( ) );
#1431 = PRODUCT_DEFINITION_FORMATION_WITH_SPECIFIED_SOURCE ( 'ANY', '', #4667, .NOT_KNOWN. ) ;
#1432 = FILL_AREA_STYLE ('',( #6593 ) ) ;
#1433 = AXIS2_PLACEMENT_3D ( 'NONE', #2829, #5777, #5069 ) ;
#1434 = VERTEX_POINT ( 'NONE', #3214 ) ;
#1435 = EDGE_CURVE ( 'NONE', #7021, #418, #1478, .T. ) ;
#1436 = ORIENTED_EDGE ( 'NONE', *, *, #3940, .T. ) ;
#1437 = LINE ( 'NONE', #6555, #5234 ) ;
#1438 =( LENGTH_UNIT ( ) NAMED_UNIT ( * ) SI_UNIT ( .MILLI., .METRE. ) );
#1439 = SURFACE_STYLE_USAGE ( .BOTH. , #4851 ) ;
#1440 =( NAMED_UNIT ( * ) PLANE_ANGLE_UNIT ( ) SI_UNIT ( $, .RADIAN. ) );
#1441 = MECHANICAL_DESIGN_GEOMETRIC_PRESENTATION_REPRESENTATION (  '', ( #601 ), #3376 ) ;
#1442 =( GEOMETRIC_REPRESENTATION_CONTEXT ( 3 ) GLOBAL_UNCERTAINTY_ASSIGNED_CONTEXT ( ( #341 ) ) GLOBAL_UNIT_ASSIGNED_CONTEXT ( ( #2703, #5439, #4978 ) ) REPRESENTATION_CONTEXT ( 'NONE', 'WORKASPACE' ) );
#1443 = EDGE_LOOP ( 'NONE', ( #4303, #686, #3211, #4048 ) ) ;
#1444 = DIRECTION ( 'NONE',  ( -0.000000000000000000, 0.000000000000000000, 1.000000000000000000 ) ) ;
#1445 = FACE_OUTER_BOUND ( 'NONE', #3931, .T. ) ;
#1446 = LINE ( 'NONE', #3760, #4912 ) ;
#1447 = CARTESIAN_POINT ( 'NONE',  ( 4.500000000000002665, 0.5900000000000000799, 3.850000000000000089 ) ) ;
#1448 = SURFACE_STYLE_USAGE ( .BOTH. , #2659 ) ;
#1449 = COLOUR_RGB ( '',0.9686274509803921573, 0.8784313725490195957, 0.5999999999999999778 ) ;
#1450 = VERTEX_POINT ( 'NONE', #5503 ) ;
#1451 = DIRECTION ( 'NONE',  ( 0.000000000000000000, -1.000000000000000000, 0.000000000000000000 ) ) ;
#1452 = UNCERTAINTY_MEASURE_WITH_UNIT (LENGTH_MEASURE( 1.000000000000000082E-05 ), #622, 'distance_accuracy_value', 'NONE');
#1453 = ORIENTED_EDGE ( 'NONE', *, *, #434, .F. ) ;
#1454 = SURFACE_STYLE_USAGE ( .BOTH. , #6616 ) ;
#1455 =( NAMED_UNIT ( * ) PLANE_ANGLE_UNIT ( ) SI_UNIT ( $, .RADIAN. ) );
#1456 =( GEOMETRIC_REPRESENTATION_CONTEXT ( 3 ) GLOBAL_UNCERTAINTY_ASSIGNED_CONTEXT ( ( #2587 ) ) GLOBAL_UNIT_ASSIGNED_CONTEXT ( ( #2149, #5703, #7265 ) ) REPRESENTATION_CONTEXT ( 'NONE', 'WORKASPACE' ) );
#1457 = UNCERTAINTY_MEASURE_WITH_UNIT (LENGTH_MEASURE( 1.000000000000000082E-05 ), #5872, 'distance_accuracy_value', 'NONE');
#1458 = CARTESIAN_POINT ( 'NONE',  ( 4.500000000000006217, 0.5799999999999999600, 2.650000000000000355 ) ) ;
#1459 = AXIS2_PLACEMENT_3D ( 'NONE', #5034, #2721, #3824 ) ;
#1460 = UNCERTAINTY_MEASURE_WITH_UNIT (LENGTH_MEASURE( 1.000000000000000082E-05 ), #6924, 'distance_accuracy_value', 'NONE');
#1461 = EDGE_CURVE ( 'NONE', #6550, #3710, #7157, .T. ) ;
#1462 = EDGE_CURVE ( 'NONE', #645, #3876, #1515, .T. ) ;
#1463 = ORIENTED_EDGE ( 'NONE', *, *, #3829, .T. ) ;
#1464 = STYLED_ITEM ( 'NONE', ( #4892 ), #3219 ) ;
#1465 = EDGE_LOOP ( 'NONE', ( #6840, #627, #2297, #1513 ) ) ;
#1466 =( LENGTH_UNIT ( ) NAMED_UNIT ( * ) SI_UNIT ( .MILLI., .METRE. ) );
#1467 = CARTESIAN_POINT ( 'NONE',  ( -3.500000000000012879, -0.02000000000000000042, 0.000000000000000000 ) ) ;
#1468 = SURFACE_STYLE_FILL_AREA ( #6504 ) ;
#1469 = FILL_AREA_STYLE ('',( #900 ) ) ;
#1470 =( NAMED_UNIT ( * ) SI_UNIT ( $, .STERADIAN. ) SOLID_ANGLE_UNIT ( ) );
#1471 = LINE ( 'NONE', #1319, #3181 ) ;
#1472 = VECTOR ( 'NONE', #611, 1000.000000000000000 ) ;
#1473 = ORIENTED_EDGE ( 'NONE', *, *, #3146, .T. ) ;
#1474 = ORIENTED_EDGE ( 'NONE', *, *, #1375, .T. ) ;
#1475 = CARTESIAN_POINT ( 'NONE',  ( -4.500000000000002665, 0.5900000000000000799, 4.190000000000000391 ) ) ;
#1476 = PRESENTATION_LAYER_ASSIGNMENT (  '', '', ( #2927 ) ) ;
#1477 = CARTESIAN_POINT ( 'NONE',  ( 4.500000000000025757, -0.02000000000000000042, 1.799999999999999156 ) ) ;
#1478 = LINE ( 'NONE', #4346, #2240 ) ;
#1479 = PRESENTATION_STYLE_ASSIGNMENT (( #2733 ) ) ;
#1480 = CARTESIAN_POINT ( 'NONE',  ( -0.5999999999999989786, 0.5900000000000000799, 5.749999999999999112 ) ) ;
#1481 = ADVANCED_FACE ( 'NONE', ( #4964 ), #429, .F. ) ;
#1482 = CIRCLE ( 'NONE', #3067, 0.3299999999999995715 ) ;
#1483 = VERTEX_POINT ( 'NONE', #1403 ) ;
#1484 = FILL_AREA_STYLE ('',( #3841 ) ) ;
#1485 = STYLED_ITEM ( 'NONE', ( #2463 ), #1013 ) ;
#1486 =( LENGTH_UNIT ( ) NAMED_UNIT ( * ) SI_UNIT ( .MILLI., .METRE. ) );
#1487 = LINE ( 'NONE', #4356, #5499 ) ;
#1488 = LINE ( 'NONE', #6064, #960 ) ;
#1489 = CARTESIAN_POINT ( 'NONE',  ( 0.6000000000000010880, 0.5799999999999999600, 5.419999999999999041 ) ) ;
#1490 = VECTOR ( 'NONE', #4693, 1000.000000000000000 ) ;
#1491 = COLOUR_RGB ( '',0.9686274509803921573, 0.8784313725490195957, 0.5999999999999999778 ) ;
#1492 = SURFACE_SIDE_STYLE ('',( #2660 ) ) ;
#1493 = VERTEX_POINT ( 'NONE', #5577 ) ;
#1494 = ORIENTED_EDGE ( 'NONE', *, *, #4463, .F. ) ;
#1495 = CARTESIAN_POINT ( 'NONE',  ( -2.129999999999998117, 0.5799999999999999600, 5.749999999999999112 ) ) ;
#1496 = LINE ( 'NONE', #3803, #5713 ) ;
#1497 = LINE ( 'NONE', #6652, #7150 ) ;
#1498 = LINE ( 'NONE', #6618, #2932 ) ;
#1499 = FACE_OUTER_BOUND ( 'NONE', #3172, .T. ) ;
#1500 = ORIENTED_EDGE ( 'NONE', *, *, #5592, .F. ) ;
#1501 = STYLED_ITEM ( 'NONE', ( #7057 ), #5725 ) ;
#1502 = ORIENTED_EDGE ( 'NONE', *, *, #4687, .T. ) ;
#1503 = EDGE_CURVE ( 'NONE', #4042, #1023, #7274, .T. ) ;
#1504 = DIRECTION ( 'NONE',  ( -1.000000000000000000, 0.000000000000000000, 0.000000000000000000 ) ) ;
#1505 = FACE_OUTER_BOUND ( 'NONE', #2766, .T. ) ;
#1506 = VECTOR ( 'NONE', #1303, 1000.000000000000000 ) ;
#1507 = CARTESIAN_POINT ( 'NONE',  ( 0.000000000000000000, 0.000000000000000000, 4.749999999999999112 ) ) ;
#1508 =( NAMED_UNIT ( * ) PLANE_ANGLE_UNIT ( ) SI_UNIT ( $, .RADIAN. ) );
#1509 = PRESENTATION_LAYER_ASSIGNMENT (  '', '', ( #1383 ) ) ;
#1510 = VECTOR ( 'NONE', #2293, 1000.000000000000000 ) ;
#1511 = VECTOR ( 'NONE', #6266, 1000.000000000000000 ) ;
#1512 = ORIENTED_EDGE ( 'NONE', *, *, #6467, .T. ) ;
#1513 = ORIENTED_EDGE ( 'NONE', *, *, #663, .F. ) ;
#1514 =( GEOMETRIC_REPRESENTATION_CONTEXT ( 3 ) GLOBAL_UNCERTAINTY_ASSIGNED_CONTEXT ( ( #2827 ) ) GLOBAL_UNIT_ASSIGNED_CONTEXT ( ( #7258, #1039, #3772 ) ) REPRESENTATION_CONTEXT ( 'NONE', 'WORKASPACE' ) );
#1515 = LINE ( 'NONE', #6635, #1759 ) ;
#1516 = AXIS2_PLACEMENT_3D ( 'NONE', #4068, #5802, #6327 ) ;
#1517 = EDGE_CURVE ( 'NONE', #6975, #6154, #6129, .T. ) ;
#1518 = PRESENTATION_LAYER_ASSIGNMENT (  '', '', ( #7048 ) ) ;
#1519 = EDGE_CURVE ( 'NONE', #4110, #3427, #1548, .T. ) ;
#1520 = CARTESIAN_POINT ( 'NONE',  ( 0.000000000000000000, 0.5900000000000000799, 5.749999999999999112 ) ) ;
#1521 = AXIS2_PLACEMENT_3D ( 'NONE', #1056, #3366, #6861 ) ;
#1522 = VECTOR ( 'NONE', #4904, 1000.000000000000000 ) ;
#1523 = EDGE_LOOP ( 'NONE', ( #908, #7084, #3768, #2728 ) ) ;
#1524 = SURFACE_STYLE_USAGE ( .BOTH. , #2694 ) ;
#1525 = PRESENTATION_STYLE_ASSIGNMENT (( #2815 ) ) ;
#1526 = ORIENTED_EDGE ( 'NONE', *, *, #5939, .T. ) ;
#1527 = DIRECTION ( 'NONE',  ( 0.000000000000000000, 0.000000000000000000, -1.000000000000000000 ) ) ;
#1528 = VECTOR ( 'NONE', #2610, 1000.000000000000000 ) ;
#1529 = FILL_AREA_STYLE ('',( #371 ) ) ;
#1530 = AXIS2_PLACEMENT_3D ( 'NONE', #2188, #2221, #2796 ) ;
#1531 = ORIENTED_EDGE ( 'NONE', *, *, #4830, .T. ) ;
#1532 = UNCERTAINTY_MEASURE_WITH_UNIT (LENGTH_MEASURE( 1.000000000000000082E-05 ), #248, 'distance_accuracy_value', 'NONE');
#1533 = ORIENTED_EDGE ( 'NONE', *, *, #6100, .T. ) ;
#1534 = EDGE_CURVE ( 'NONE', #2420, #4304, #1437, .T. ) ;
#1535 = CARTESIAN_POINT ( 'NONE',  ( 4.000000000000000000, 0.5799999999999999600, -1.430000000000000604 ) ) ;
#1536 = STYLED_ITEM ( 'NONE', ( #1525 ), #5514 ) ;
#1537 = VERTEX_POINT ( 'NONE', #5988 ) ;
#1538 = VERTEX_POINT ( 'NONE', #839 ) ;
#1539 = SURFACE_STYLE_USAGE ( .BOTH. , #896 ) ;
#1540 = CARTESIAN_POINT ( 'NONE',  ( -1.449999999999998845, -0.02000000000000000042, 5.749999999999999112 ) ) ;
#1541 = SURFACE_STYLE_FILL_AREA ( #4338 ) ;
#1542 =( LENGTH_UNIT ( ) NAMED_UNIT ( * ) SI_UNIT ( .MILLI., .METRE. ) );
#1543 = ORIENTED_EDGE ( 'NONE', *, *, #2035, .T. ) ;
#1544 = ORIENTED_EDGE ( 'NONE', *, *, #7268, .T. ) ;
#1545 = CARTESIAN_POINT ( 'NONE',  ( -4.500000000000002665, -0.02000000000000000042, 3.850000000000000089 ) ) ;
#1546 = VECTOR ( 'NONE', #6888, 1000.000000000000000 ) ;
#1547 =( NAMED_UNIT ( * ) PLANE_ANGLE_UNIT ( ) SI_UNIT ( $, .RADIAN. ) );
#1548 = LINE ( 'NONE', #3870, #5238 ) ;
#1549 = CARTESIAN_POINT ( 'NONE',  ( -4.000000000000000000, 2.080000000000000071, -1.430000000000000604 ) ) ;
#1550 = DIRECTION ( 'NONE',  ( 0.000000000000000000, 0.000000000000000000, -1.000000000000000000 ) ) ;
#1551 = FACE_OUTER_BOUND ( 'NONE', #4765, .T. ) ;
#1552 = STYLED_ITEM ( 'NONE', ( #1579 ), #7313 ) ;
#1553 = ADVANCED_FACE ( 'NONE', ( #6018 ), #3144, .T. ) ;
#1554 = EDGE_CURVE ( 'NONE', #1434, #1347, #914, .T. ) ;
#1555 = ORIENTED_EDGE ( 'NONE', *, *, #1286, .T. ) ;
#1556 = CARTESIAN_POINT ( 'NONE',  ( -2.149999999999999023, 1.800655561573372143, 4.749999999999999112 ) ) ;
#1557 = CARTESIAN_POINT ( 'NONE',  ( -3.349999999999998757, 1.800655561573372143, 0.000000000000000000 ) ) ;
#1558 = LINE ( 'NONE', #3336, #5132 ) ;
#1559 =( NAMED_UNIT ( * ) PLANE_ANGLE_UNIT ( ) SI_UNIT ( $, .RADIAN. ) );
#1560 = CARTESIAN_POINT ( 'NONE',  ( 1.450000000000000844, -0.02000000000000000042, 5.749999999999999112 ) ) ;
#1561 =( GEOMETRIC_REPRESENTATION_CONTEXT ( 3 ) GLOBAL_UNCERTAINTY_ASSIGNED_CONTEXT ( ( #478 ) ) GLOBAL_UNIT_ASSIGNED_CONTEXT ( ( #440, #7320, #6176 ) ) REPRESENTATION_CONTEXT ( 'NONE', 'WORKASPACE' ) );
#1562 = AXIS2_PLACEMENT_3D ( 'NONE', #6017, #2043, #947 ) ;
#1563 = FILL_AREA_STYLE ('',( #2136 ) ) ;
#1564 = VECTOR ( 'NONE', #2744, 1000.000000000000000 ) ;
#1565 =( GEOMETRIC_REPRESENTATION_CONTEXT ( 3 ) GLOBAL_UNCERTAINTY_ASSIGNED_CONTEXT ( ( #7255 ) ) GLOBAL_UNIT_ASSIGNED_CONTEXT ( ( #2330, #2790, #6878 ) ) REPRESENTATION_CONTEXT ( 'NONE', 'WORKASPACE' ) );
#1566 = SURFACE_STYLE_FILL_AREA ( #2627 ) ;
#1567 = ORIENTED_EDGE ( 'NONE', *, *, #6589, .T. ) ;
#1568 = CARTESIAN_POINT ( 'NONE',  ( 4.500000000000038192, -0.02000000000000000042, 0.01000000000000002623 ) ) ;
#1569 = FILL_AREA_STYLE ('',( #4443 ) ) ;
#1570 = CARTESIAN_POINT ( 'NONE',  ( 3.000000000000000444, 0.5900000000000000799, 5.749999999999999112 ) ) ;
#1571 = MECHANICAL_DESIGN_GEOMETRIC_PRESENTATION_REPRESENTATION (  '', ( #3748 ), #6981 ) ;
#1572 = SURFACE_SIDE_STYLE ('',( #3350 ) ) ;
#1573 = EDGE_CURVE ( 'NONE', #4845, #4304, #4604, .T. ) ;
#1574 = ORIENTED_EDGE ( 'NONE', *, *, #7039, .T. ) ;
#1575 = PRESENTATION_LAYER_ASSIGNMENT (  '', '', ( #4472 ) ) ;
#1576 = ORIENTED_EDGE ( 'NONE', *, *, #4395, .F. ) ;
#1577 = PRESENTATION_STYLE_ASSIGNMENT (( #1539 ) ) ;
#1578 = DIRECTION ( 'NONE',  ( 0.000000000000000000, 0.000000000000000000, 1.000000000000000000 ) ) ;
#1579 = PRESENTATION_STYLE_ASSIGNMENT (( #4992 ) ) ;
#1580 = DIRECTION ( 'NONE',  ( 0.000000000000000000, 1.000000000000000000, 0.000000000000000000 ) ) ;
#1581 = DIRECTION ( 'NONE',  ( 0.000000000000000000, 0.000000000000000000, 1.000000000000000000 ) ) ;
#1582 = VECTOR ( 'NONE', #4636, 1000.000000000000000 ) ;
#1583 = VECTOR ( 'NONE', #4133, 1000.000000000000000 ) ;
#1584 = ORIENTED_EDGE ( 'NONE', *, *, #4265, .F. ) ;
#1585 = ORIENTED_EDGE ( 'NONE', *, *, #2952, .T. ) ;
#1586 = LINE ( 'NONE', #5605, #6198 ) ;
#1587 = DIRECTION ( 'NONE',  ( -0.000000000000000000, -1.000000000000000000, -0.000000000000000000 ) ) ;
#1588 = FACE_OUTER_BOUND ( 'NONE', #4126, .T. ) ;
#1589 = DIRECTION ( 'NONE',  ( -0.000000000000000000, -1.000000000000000000, -0.000000000000000000 ) ) ;
#1590 = LINE ( 'NONE', #432, #80 ) ;
#1591 = STYLED_ITEM ( 'NONE', ( #726 ), #3410 ) ;
#1592 = FILL_AREA_STYLE_COLOUR ( '', #3275 ) ;
#1593 = VERTEX_POINT ( 'NONE', #6859 ) ;
#1594 = SURFACE_SIDE_STYLE ('',( #5049 ) ) ;
#1595 = CARTESIAN_POINT ( 'NONE',  ( 0.000000000000000000, 0.000000000000000000, 5.749999999999999112 ) ) ;
#1596 = CARTESIAN_POINT ( 'NONE',  ( -1.449999999999998845, -0.02000000000000000042, 5.749999999999999112 ) ) ;
#1597 = CARTESIAN_POINT ( 'NONE',  ( 3.500000000000012879, 1.800655561573372143, 0.000000000000000000 ) ) ;
#1598 = EDGE_CURVE ( 'NONE', #6320, #2220, #6274, .T. ) ;
#1599 = SURFACE_STYLE_USAGE ( .BOTH. , #3590 ) ;
#1600 = AXIS2_PLACEMENT_3D ( 'NONE', #381, #3853, #7296 ) ;
#1601 = FILL_AREA_STYLE ('',( #2701 ) ) ;
#1602 = ORIENTED_EDGE ( 'NONE', *, *, #5037, .F. ) ;
#1603 = DIRECTION ( 'NONE',  ( 0.000000000000000000, 0.000000000000000000, 1.000000000000000000 ) ) ;
#1604 = SURFACE_STYLE_FILL_AREA ( #6729 ) ;
#1605 = ADVANCED_FACE ( 'NONE', ( #2876 ), #4052, .T. ) ;
#1606 = ADVANCED_FACE ( 'NONE', ( #7347 ), #1085, .T. ) ;
#1607 = CARTESIAN_POINT ( 'NONE',  ( 4.500000000000000888, 0.5799999999999999600, 1.110000000000000542 ) ) ;
#1608 = PRESENTATION_STYLE_ASSIGNMENT (( #7333 ) ) ;
#1609 =( GEOMETRIC_REPRESENTATION_CONTEXT ( 3 ) GLOBAL_UNCERTAINTY_ASSIGNED_CONTEXT ( ( #4043 ) ) GLOBAL_UNIT_ASSIGNED_CONTEXT ( ( #2951, #1859, #4093 ) ) REPRESENTATION_CONTEXT ( 'NONE', 'WORKASPACE' ) );
#1610 = EDGE_LOOP ( 'NONE', ( #4711, #6381, #2582, #1208 ) ) ;
#1611 = ORIENTED_EDGE ( 'NONE', *, *, #5733, .T. ) ;
#1612 = LINE ( 'NONE', #5146, #6844 ) ;
#1613 = FILL_AREA_STYLE ('',( #7303 ) ) ;
#1614 = FILL_AREA_STYLE_COLOUR ( '', #7351 ) ;
#1615 =( LENGTH_UNIT ( ) NAMED_UNIT ( * ) SI_UNIT ( .MILLI., .METRE. ) );
#1616 = SURFACE_STYLE_USAGE ( .BOTH. , #7341 ) ;
#1617 = FACE_OUTER_BOUND ( 'NONE', #5059, .T. ) ;
#1618 = VERTEX_POINT ( 'NONE', #5968 ) ;
#1619 = VECTOR ( 'NONE', #4592, 1000.000000000000000 ) ;
#1620 = EDGE_LOOP ( 'NONE', ( #7316, #6595, #7439, #4611 ) ) ;
#1621 = LINE ( 'NONE', #5456, #4420 ) ;
#1622 = PLANE ( 'NONE',  #4209 ) ;
#1623 = EDGE_CURVE ( 'NONE', #6624, #7041, #2835, .T. ) ;
#1624 = DIRECTION ( 'NONE',  ( 0.000000000000000000, -1.000000000000000000, 0.000000000000000000 ) ) ;
#1625 = DIRECTION ( 'NONE',  ( -8.673617379884036458E-16, 0.000000000000000000, 1.000000000000000000 ) ) ;
#1626 = COLOUR_RGB ( '',0.9686274509803921573, 0.8784313725490195957, 0.5999999999999999778 ) ;
#1627 = STYLED_ITEM ( 'NONE', ( #2622 ), #2176 ) ;
#1628 = FACE_OUTER_BOUND ( 'NONE', #3709, .T. ) ;
#1629 = PRESENTATION_LAYER_ASSIGNMENT (  '', '', ( #4855 ) ) ;
#1630 = COLOUR_RGB ( '',0.9686274509803921573, 0.8784313725490195957, 0.5999999999999999778 ) ;
#1631 = ORIENTED_EDGE ( 'NONE', *, *, #2997, .T. ) ;
#1632 = STYLED_ITEM ( 'NONE', ( #102 ), #2345 ) ;
#1633 = PRESENTATION_LAYER_ASSIGNMENT (  '', '', ( #6187 ) ) ;
#1634 = CARTESIAN_POINT ( 'NONE',  ( 4.500000000000000888, 0.000000000000000000, 1.799999999999999156 ) ) ;
#1635 = DIRECTION ( 'NONE',  ( 0.000000000000000000, 0.000000000000000000, 1.000000000000000000 ) ) ;
#1636 = LINE ( 'NONE', #2205, #3242 ) ;
#1637 = CARTESIAN_POINT ( 'NONE',  ( 0.000000000000000000, 0.000000000000000000, 5.749999999999999112 ) ) ;
#1638 = UNCERTAINTY_MEASURE_WITH_UNIT (LENGTH_MEASURE( 1.000000000000000082E-05 ), #6746, 'distance_accuracy_value', 'NONE');
#1639 = MECHANICAL_DESIGN_GEOMETRIC_PRESENTATION_REPRESENTATION (  '', ( #3945 ), #1399 ) ;
#1640 = VECTOR ( 'NONE', #2028, 1000.000000000000000 ) ;
#1641 = DIRECTION ( 'NONE',  ( -1.000000000000000000, 0.000000000000000000, -0.000000000000000000 ) ) ;
#1642 = CIRCLE ( 'NONE', #2974, 0.3299999999999995715 ) ;
#1643 = ORIENTED_EDGE ( 'NONE', *, *, #1843, .F. ) ;
#1644 = CARTESIAN_POINT ( 'NONE',  ( -2.999999999999998668, -0.02000000000000000042, 5.749999999999999112 ) ) ;
#1645 = CARTESIAN_POINT ( 'NONE',  ( 0.6000000000000010880, -0.02000000000000000042, 5.749999999999999112 ) ) ;
#1646 = AXIS2_PLACEMENT_3D ( 'NONE', #2073, #6698, #4911 ) ;
#1647 = EDGE_CURVE ( 'NONE', #2237, #2193, #1778, .T. ) ;
#1648 = EDGE_CURVE ( 'NONE', #61, #255, #7140, .T. ) ;
#1649 = VERTEX_POINT ( 'NONE', #4326 ) ;
#1650 = VERTEX_POINT ( 'NONE', #1201 ) ;
#1651 = PRESENTATION_LAYER_ASSIGNMENT (  '', '', ( #344 ) ) ;
#1652 = CARTESIAN_POINT ( 'NONE',  ( 0.000000000000000000, 0.5799999999999999600, 5.749999999999999112 ) ) ;
#1653 = CARTESIAN_POINT ( 'NONE',  ( -3.500000000000025757, 0.000000000000000000, 0.000000000000000000 ) ) ;
#1654 = DIRECTION ( 'NONE',  ( -0.000000000000000000, -1.000000000000000000, -0.000000000000000000 ) ) ;
#1655 = VERTEX_POINT ( 'NONE', #2548 ) ;
#1656 = ORIENTED_EDGE ( 'NONE', *, *, #818, .T. ) ;
#1657 = SURFACE_SIDE_STYLE ('',( #6271 ) ) ;
#1658 = DIRECTION ( 'NONE',  ( -0.000000000000000000, 0.000000000000000000, 1.000000000000000000 ) ) ;
#1659 =( NAMED_UNIT ( * ) SI_UNIT ( $, .STERADIAN. ) SOLID_ANGLE_UNIT ( ) );
#1660 = CARTESIAN_POINT ( 'NONE',  ( -0.3699999999999992184, -0.02000000000000000042, 5.749999999999999112 ) ) ;
#1661 =( LENGTH_UNIT ( ) NAMED_UNIT ( * ) SI_UNIT ( .MILLI., .METRE. ) );
#1662 = CARTESIAN_POINT ( 'NONE',  ( 4.500000000000000888, 0.5900000000000000799, 2.990000000000000657 ) ) ;
#1663 = EDGE_CURVE ( 'NONE', #6810, #2837, #1239, .T. ) ;
#1664 = ORIENTED_EDGE ( 'NONE', *, *, #5092, .F. ) ;
#1665 = VERTEX_POINT ( 'NONE', #3730 ) ;
#1666 = FILL_AREA_STYLE_COLOUR ( '', #3032 ) ;
#1667 = LINE ( 'NONE', #513, #3708 ) ;
#1668 = FACE_OUTER_BOUND ( 'NONE', #7152, .T. ) ;
#1669 = FILL_AREA_STYLE_COLOUR ( '', #5281 ) ;
#1670 =( GEOMETRIC_REPRESENTATION_CONTEXT ( 3 ) GLOBAL_UNCERTAINTY_ASSIGNED_CONTEXT ( ( #5518 ) ) GLOBAL_UNIT_ASSIGNED_CONTEXT ( ( #3612, #3062, #713 ) ) REPRESENTATION_CONTEXT ( 'NONE', 'WORKASPACE' ) );
#1671 = MECHANICAL_DESIGN_GEOMETRIC_PRESENTATION_REPRESENTATION (  '', ( #721 ), #4141 ) ;
#1672 = AXIS2_PLACEMENT_3D ( 'NONE', #6747, #1587, #6167 ) ;
#1673 = FACE_OUTER_BOUND ( 'NONE', #3068, .T. ) ;
#1674 = UNCERTAINTY_MEASURE_WITH_UNIT (LENGTH_MEASURE( 1.000000000000000082E-05 ), #6982, 'distance_accuracy_value', 'NONE');
#1675 = ORIENTED_EDGE ( 'NONE', *, *, #3194, .T. ) ;
#1676 =( LENGTH_UNIT ( ) NAMED_UNIT ( * ) SI_UNIT ( .MILLI., .METRE. ) );
#1677 = CARTESIAN_POINT ( 'NONE',  ( 4.500000000000000888, 0.5900000000000000799, -1.189999999999999725 ) ) ;
#1678 = AXIS2_PLACEMENT_3D ( 'NONE', #3457, #1641, #1182 ) ;
#1679 = CARTESIAN_POINT ( 'NONE',  ( 4.500000000000012434, -0.02000000000000000042, 2.299999999999999822 ) ) ;
#1680 = VECTOR ( 'NONE', #1038, 1000.000000000000000 ) ;
#1681 = ORIENTED_EDGE ( 'NONE', *, *, #7260, .F. ) ;
#1682 = UNCERTAINTY_MEASURE_WITH_UNIT (LENGTH_MEASURE( 1.000000000000000082E-05 ), #5044, 'distance_accuracy_value', 'NONE');
#1683 = ORIENTED_EDGE ( 'NONE', *, *, #1883, .T. ) ;
#1684 = PRESENTATION_LAYER_ASSIGNMENT (  '', '', ( #4460 ) ) ;
#1685 = CARTESIAN_POINT ( 'NONE',  ( -4.500000000000025757, -0.02000000000000000042, 1.690000000000000391 ) ) ;
#1686 = FACE_OUTER_BOUND ( 'NONE', #2032, .T. ) ;
#1687 = CYLINDRICAL_SURFACE ( 'NONE', #165, 0.3299999999999995715 ) ;
#1688 = ADVANCED_FACE ( 'NONE', ( #4247 ), #3692, .T. ) ;
#1689 = SURFACE_STYLE_USAGE ( .BOTH. , #6851 ) ;
#1690 = EDGE_CURVE ( 'NONE', #678, #3986, #688, .T. ) ;
#1691 = VECTOR ( 'NONE', #7382, 1000.000000000000000 ) ;
#1692 = ORIENTED_EDGE ( 'NONE', *, *, #6958, .F. ) ;
#1693 = ORIENTED_EDGE ( 'NONE', *, *, #2412, .F. ) ;
#1694 = FACE_OUTER_BOUND ( 'NONE', #1802, .T. ) ;
#1695 = LINE ( 'NONE', #2119, #7210 ) ;
#1696 = CARTESIAN_POINT ( 'NONE',  ( 4.500000000000002665, 0.5900000000000000799, -3.500000000000000444 ) ) ;
#1697 = CARTESIAN_POINT ( 'NONE',  ( 3.330000000000000071, 0.5900000000000000799, 5.749999999999999112 ) ) ;
#1698 = CARTESIAN_POINT ( 'NONE',  ( 2.150000000000000799, -0.02000000000000000042, 5.749999999999999112 ) ) ;
#1699 = COLOUR_RGB ( '',0.9686274509803921573, 0.8784313725490195957, 0.5999999999999999778 ) ;
#1700 = EDGE_CURVE ( 'NONE', #241, #6877, #4796, .T. ) ;
#1701 = PLANE ( 'NONE',  #5911 ) ;
#1702 = EDGE_CURVE ( 'NONE', #1593, #3790, #1382, .T. ) ;
#1703 = ORIENTED_EDGE ( 'NONE', *, *, #1417, .F. ) ;
#1704 = PRESENTATION_LAYER_ASSIGNMENT (  '', '', ( #6993 ) ) ;
#1705 = VERTEX_POINT ( 'NONE', #5189 ) ;
#1706 = VECTOR ( 'NONE', #4311, 1000.000000000000000 ) ;
#1707 = DIRECTION ( 'NONE',  ( 0.000000000000000000, 0.000000000000000000, 1.000000000000000000 ) ) ;
#1708 = DIRECTION ( 'NONE',  ( 1.000000000000000000, 0.000000000000000000, 0.000000000000000000 ) ) ;
#1709 = SURFACE_STYLE_USAGE ( .BOTH. , #2852 ) ;
#1710 = CARTESIAN_POINT ( 'NONE',  ( 2.150000000000000799, 0.000000000000000000, 4.749999999999999112 ) ) ;
#1711 = CYLINDRICAL_SURFACE ( 'NONE', #1389, 0.3299999999999995715 ) ;
#1712 = UNCERTAINTY_MEASURE_WITH_UNIT (LENGTH_MEASURE( 1.000000000000000082E-05 ), #5847, 'distance_accuracy_value', 'NONE');
#1713 = EDGE_CURVE ( 'NONE', #970, #6165, #1956, .T. ) ;
#1714 = CIRCLE ( 'NONE', #4713, 0.2399999999999999911 ) ;
#1715 = LINE ( 'NONE', #4582, #6603 ) ;
#1716 = CARTESIAN_POINT ( 'NONE',  ( 3.500000000000012879, -0.02000000000000000042, 2.299999999999999822 ) ) ;
#1717 = ORIENTED_EDGE ( 'NONE', *, *, #5454, .T. ) ;
#1718 = LINE ( 'NONE', #4623, #7334 ) ;
#1719 =( LENGTH_UNIT ( ) NAMED_UNIT ( * ) SI_UNIT ( .MILLI., .METRE. ) );
#1720 = EDGE_CURVE ( 'NONE', #2275, #3061, #4673, .T. ) ;
#1721 = STYLED_ITEM ( 'NONE', ( #2142 ), #3755 ) ;
#1722 = ORIENTED_EDGE ( 'NONE', *, *, #3258, .F. ) ;
#1723 = PLANE ( 'NONE',  #2577 ) ;
#1724 = ORIENTED_EDGE ( 'NONE', *, *, #1300, .F. ) ;
#1725 = DIRECTION ( 'NONE',  ( -1.000000000000000000, 0.000000000000000000, -0.000000000000000000 ) ) ;
#1726 = CARTESIAN_POINT ( 'NONE',  ( 1.800000000000000711, 0.5900000000000000799, 5.749999999999999112 ) ) ;
#1727 = FILL_AREA_STYLE ('',( #1160 ) ) ;
#1728 =( NAMED_UNIT ( * ) PLANE_ANGLE_UNIT ( ) SI_UNIT ( $, .RADIAN. ) );
#1729 = CARTESIAN_POINT ( 'NONE',  ( -1.449999999999998845, 0.000000000000000000, 5.749999999999999112 ) ) ;
#1730 = COLOUR_RGB ( '',0.9686274509803921573, 0.8784313725490195957, 0.5999999999999999778 ) ;
#1731 = LINE ( 'NONE', #5663, #506 ) ;
#1732 = AXIS2_PLACEMENT_3D ( 'NONE', #2636, #3277, #5028 ) ;
#1733 = STYLED_ITEM ( 'NONE', ( #7170 ), #1152 ) ;
#1734 = ORIENTED_EDGE ( 'NONE', *, *, #416, .F. ) ;
#1735 = ORIENTED_EDGE ( 'NONE', *, *, #4607, .F. ) ;
#1736 =( LENGTH_UNIT ( ) NAMED_UNIT ( * ) SI_UNIT ( .MILLI., .METRE. ) );
#1737 = LINE ( 'NONE', #4831, #2290 ) ;
#1738 = PLANE ( 'NONE',  #6250 ) ;
#1739 = FILL_AREA_STYLE_COLOUR ( '', #6314 ) ;
#1740 = LINE ( 'NONE', #6788, #6144 ) ;
#1741 = DIRECTION ( 'NONE',  ( 0.000000000000000000, -1.000000000000000000, 0.000000000000000000 ) ) ;
#1742 = ORIENTED_EDGE ( 'NONE', *, *, #6941, .F. ) ;
#1743 = EDGE_CURVE ( 'NONE', #6975, #1862, #6383, .T. ) ;
#1744 = ADVANCED_FACE ( 'NONE', ( #6801 ), #5558, .F. ) ;
#1745 = ORIENTED_EDGE ( 'NONE', *, *, #2773, .F. ) ;
#1746 = DIRECTION ( 'NONE',  ( 0.000000000000000000, 0.000000000000000000, 1.000000000000000000 ) ) ;
#1747 = CARTESIAN_POINT ( 'NONE',  ( -4.499999999999999112, -0.02000000000000000042, 2.999999999999999112 ) ) ;
#1748 = CARTESIAN_POINT ( 'NONE',  ( 4.500000000000000888, 0.000000000000000000, 0.000000000000000000 ) ) ;
#1749 = CARTESIAN_POINT ( 'NONE',  ( 0.9500000000000011768, 1.800655561573372143, 4.749999999999999112 ) ) ;
#1750 =( NAMED_UNIT ( * ) PLANE_ANGLE_UNIT ( ) SI_UNIT ( $, .RADIAN. ) );
#1751 = DIRECTION ( 'NONE',  ( 0.000000000000000000, -1.000000000000000000, 0.000000000000000000 ) ) ;
#1752 = COLOUR_RGB ( '',0.000000000000000000, 0.5647058823529411686, 0.09803921568627450844 ) ;
#1753 =( NAMED_UNIT ( * ) SI_UNIT ( $, .STERADIAN. ) SOLID_ANGLE_UNIT ( ) );
#1754 = CARTESIAN_POINT ( 'NONE',  ( 4.500000000000000888, 0.5799999999999999600, 0.000000000000000000 ) ) ;
#1755 = ORIENTED_EDGE ( 'NONE', *, *, #4153, .F. ) ;
#1756 = CARTESIAN_POINT ( 'NONE',  ( -4.499999999999999112, 0.5799999999999999600, 0.000000000000000000 ) ) ;
#1757 = LINE ( 'NONE', #72, #1510 ) ;
#1758 = VECTOR ( 'NONE', #3553, 1000.000000000000000 ) ;
#1759 = VECTOR ( 'NONE', #3833, 1000.000000000000000 ) ;
#1760 = CARTESIAN_POINT ( 'NONE',  ( -4.500000000000000888, -0.02000000000000000042, 3.610000000000000320 ) ) ;
#1761 =( GEOMETRIC_REPRESENTATION_CONTEXT ( 3 ) GLOBAL_UNCERTAINTY_ASSIGNED_CONTEXT ( ( #6038 ) ) GLOBAL_UNIT_ASSIGNED_CONTEXT ( ( #1736, #3474, #4533 ) ) REPRESENTATION_CONTEXT ( 'NONE', 'WORKASPACE' ) );
#1762 = ADVANCED_FACE ( 'NONE', ( #377 ), #4979, .T. ) ;
#1763 = ORIENTED_EDGE ( 'NONE', *, *, #7177, .F. ) ;
#1764 = FACE_OUTER_BOUND ( 'NONE', #4663, .T. ) ;
#1765 = UNCERTAINTY_MEASURE_WITH_UNIT (LENGTH_MEASURE( 1.000000000000000082E-05 ), #4834, 'distance_accuracy_value', 'NONE');
#1766 = ORIENTED_EDGE ( 'NONE', *, *, #2308, .F. ) ;
#1767 = SURFACE_STYLE_USAGE ( .BOTH. , #6301 ) ;
#1768 = FILL_AREA_STYLE_COLOUR ( '', #1309 ) ;
#1769 = DIRECTION ( 'NONE',  ( 0.000000000000000000, 0.000000000000000000, 1.000000000000000000 ) ) ;
#1770 = MECHANICAL_DESIGN_GEOMETRIC_PRESENTATION_REPRESENTATION (  '', ( #336 ), #2867 ) ;
#1771 = CARTESIAN_POINT ( 'NONE',  ( -4.500000000000015987, 0.5900000000000000799, -1.289999999999999147 ) ) ;
#1772 = VECTOR ( 'NONE', #844, 1000.000000000000000 ) ;
#1773 = ORIENTED_EDGE ( 'NONE', *, *, #4224, .T. ) ;
#1774 = VECTOR ( 'NONE', #3225, 1000.000000000000000 ) ;
#1775 = ORIENTED_EDGE ( 'NONE', *, *, #690, .F. ) ;
#1776 = SURFACE_STYLE_USAGE ( .BOTH. , #1083 ) ;
#1777 = PRESENTATION_STYLE_ASSIGNMENT (( #4603 ) ) ;
#1778 = LINE ( 'NONE', #91, #1640 ) ;
#1779 = DIRECTION ( 'NONE',  ( -0.000000000000000000, 1.000000000000000000, -0.000000000000000000 ) ) ;
#1780 = AXIS2_PLACEMENT_3D ( 'NONE', #4890, #840, #5422 ) ;
#1781 = ORIENTED_EDGE ( 'NONE', *, *, #6638, .T. ) ;
#1782 = EDGE_LOOP ( 'NONE', ( #347, #4627, #3438, #4212 ) ) ;
#1783 = CARTESIAN_POINT ( 'NONE',  ( -3.500000000000025757, 0.000000000000000000, 1.800000000000000044 ) ) ;
#1784 = LINE ( 'NONE', #7387, #1362 ) ;
#1785 = DIRECTION ( 'NONE',  ( 0.000000000000000000, -1.000000000000000000, 0.000000000000000000 ) ) ;
#1786 = DIRECTION ( 'NONE',  ( 0.000000000000000000, 0.000000000000000000, 1.000000000000000000 ) ) ;
#1787 = SURFACE_STYLE_FILL_AREA ( #6947 ) ;
#1788 = DIRECTION ( 'NONE',  ( -0.000000000000000000, 1.000000000000000000, -0.000000000000000000 ) ) ;
#1789 = LINE ( 'NONE', #5019, #2543 ) ;
#1790 = EDGE_CURVE ( 'NONE', #6453, #5136, #7294, .T. ) ;
#1791 = EDGE_CURVE ( 'NONE', #255, #3960, #2100, .T. ) ;
#1792 = CARTESIAN_POINT ( 'NONE',  ( 1.800000000000000711, 0.5900000000000000799, 5.749999999999999112 ) ) ;
#1793 = VERTEX_POINT ( 'NONE', #7217 ) ;
#1794 = FILL_AREA_STYLE ('',( #4755 ) ) ;
#1795 = SURFACE_SIDE_STYLE ('',( #4657 ) ) ;
#1796 = SURFACE_SIDE_STYLE ('',( #6957 ) ) ;
#1797 = STYLED_ITEM ( 'NONE', ( #7395 ), #558 ) ;
#1798 = CIRCLE ( 'NONE', #5527, 0.3400000000000000244 ) ;
#1799 = VERTEX_POINT ( 'NONE', #4401 ) ;
#1800 = FILL_AREA_STYLE ('',( #6960 ) ) ;
#1801 = AXIS2_PLACEMENT_3D ( 'NONE', #1792, #2360, #3957 ) ;
#1802 = EDGE_LOOP ( 'NONE', ( #2803, #6923, #6334, #4601, #744, #3190 ) ) ;
#1803 =( LENGTH_UNIT ( ) NAMED_UNIT ( * ) SI_UNIT ( .MILLI., .METRE. ) );
#1804 =( NAMED_UNIT ( * ) PLANE_ANGLE_UNIT ( ) SI_UNIT ( $, .RADIAN. ) );
#1805 = DIRECTION ( 'NONE',  ( -0.000000000000000000, -1.000000000000000000, -0.000000000000000000 ) ) ;
#1806 = FILL_AREA_STYLE ('',( #6926 ) ) ;
#1807 = MECHANICAL_DESIGN_GEOMETRIC_PRESENTATION_REPRESENTATION (  '', ( #3137 ), #968 ) ;
#1808 =( NAMED_UNIT ( * ) PLANE_ANGLE_UNIT ( ) SI_UNIT ( $, .RADIAN. ) );
#1809 = EDGE_CURVE ( 'NONE', #1340, #3960, #2062, .T. ) ;
#1810 = EDGE_LOOP ( 'NONE', ( #6164, #806, #1980, #6051 ) ) ;
#1811 =( GEOMETRIC_REPRESENTATION_CONTEXT ( 3 ) GLOBAL_UNCERTAINTY_ASSIGNED_CONTEXT ( ( #789 ) ) GLOBAL_UNIT_ASSIGNED_CONTEXT ( ( #334, #2286, #2886 ) ) REPRESENTATION_CONTEXT ( 'NONE', 'WORKASPACE' ) );
#1812 = VERTEX_POINT ( 'NONE', #6650 ) ;
#1813 = FACE_OUTER_BOUND ( 'NONE', #5481, .T. ) ;
#1814 = DIRECTION ( 'NONE',  ( -1.000000000000000000, 0.000000000000000000, -0.000000000000000000 ) ) ;
#1815 = CARTESIAN_POINT ( 'NONE',  ( 4.500000000000000888, 0.000000000000000000, -1.299999999999999600 ) ) ;
#1816 = DIRECTION ( 'NONE',  ( -0.000000000000000000, -1.000000000000000000, -0.000000000000000000 ) ) ;
#1817 = LINE ( 'NONE', #3951, #2592 ) ;
#1818 = DIRECTION ( 'NONE',  ( 0.000000000000000000, 0.000000000000000000, 1.000000000000000000 ) ) ;
#1819 = ORIENTED_EDGE ( 'NONE', *, *, #231, .T. ) ;
#1820 = ORIENTED_EDGE ( 'NONE', *, *, #6456, .F. ) ;
#1821 = CARTESIAN_POINT ( 'NONE',  ( -1.799999999999998934, 0.5900000000000000799, 5.419999999999999041 ) ) ;
#1822 = STYLED_ITEM ( 'NONE', ( #3934 ), #7049 ) ;
#1823 = CARTESIAN_POINT ( 'NONE',  ( -2.149999999999999023, -0.02000000000000000042, 4.749999999999999112 ) ) ;
#1824 = LINE ( 'NONE', #135, #4310 ) ;
#1825 = FILL_AREA_STYLE_COLOUR ( '', #7209 ) ;
#1826 = PRESENTATION_STYLE_ASSIGNMENT (( #6469 ) ) ;
#1827 = SURFACE_STYLE_FILL_AREA ( #3145 ) ;
#1828 = MECHANICAL_DESIGN_GEOMETRIC_PRESENTATION_REPRESENTATION (  '', ( #3149 ), #5176 ) ;
#1829 = CARTESIAN_POINT ( 'NONE',  ( 3.000000000000000444, 0.5900000000000000799, 5.419999999999999041 ) ) ;
#1830 = AXIS2_PLACEMENT_3D ( 'NONE', #5330, #5862, #762 ) ;
#1831 = VECTOR ( 'NONE', #4750, 1000.000000000000000 ) ;
#1832 = SURFACE_STYLE_FILL_AREA ( #4690 ) ;
#1833 = EDGE_CURVE ( 'NONE', #4003, #5709, #1496, .T. ) ;
#1834 = SURFACE_STYLE_USAGE ( .BOTH. , #664 ) ;
#1835 = ORIENTED_EDGE ( 'NONE', *, *, #5319, .T. ) ;
#1836 = DIRECTION ( 'NONE',  ( 0.000000000000000000, 0.000000000000000000, -1.000000000000000000 ) ) ;
#1837 = CARTESIAN_POINT ( 'NONE',  ( -4.500000000000004441, 0.5900000000000000799, 2.410000000000000586 ) ) ;
#1838 = PRESENTATION_STYLE_ASSIGNMENT (( #5887 ) ) ;
#1839 = CIRCLE ( 'NONE', #631, 0.2300000000000001765 ) ;
#1840 = ORIENTED_EDGE ( 'NONE', *, *, #4948, .F. ) ;
#1841 = MECHANICAL_DESIGN_GEOMETRIC_PRESENTATION_REPRESENTATION (  '', ( #633 ), #163 ) ;
#1842 = SURFACE_STYLE_USAGE ( .BOTH. , #1913 ) ;
#1843 = EDGE_CURVE ( 'NONE', #3480, #329, #934, .T. ) ;
#1844 = EDGE_CURVE ( 'NONE', #1298, #5623, #4741, .T. ) ;
#1845 = VERTEX_POINT ( 'NONE', #4586 ) ;
#1846 = DIRECTION ( 'NONE',  ( -1.000000000000000000, 0.000000000000000000, 0.000000000000000000 ) ) ;
#1847 = CARTESIAN_POINT ( 'NONE',  ( -2.149999999999999023, 1.800655561573372143, 4.749999999999999112 ) ) ;
#1848 = DIRECTION ( 'NONE',  ( 0.000000000000000000, 0.000000000000000000, -1.000000000000000000 ) ) ;
#1849 = CARTESIAN_POINT ( 'NONE',  ( 2.602085213965214980E-15, 0.000000000000000000, 3.000000000000003109 ) ) ;
#1850 = VECTOR ( 'NONE', #2756, 1000.000000000000000 ) ;
#1851 = ORIENTED_EDGE ( 'NONE', *, *, #1994, .T. ) ;
#1852 = AXIS2_PLACEMENT_3D ( 'NONE', #2016, #2620, #3878 ) ;
#1853 = ORIENTED_EDGE ( 'NONE', *, *, #5695, .F. ) ;
#1854 =( LENGTH_UNIT ( ) NAMED_UNIT ( * ) SI_UNIT ( .MILLI., .METRE. ) );
#1855 = VECTOR ( 'NONE', #4825, 1000.000000000000000 ) ;
#1856 = CARTESIAN_POINT ( 'NONE',  ( -4.499999999999999112, 0.5799999999999999600, 0.000000000000000000 ) ) ;
#1857 = FILL_AREA_STYLE_COLOUR ( '', #6754 ) ;
#1858 =( NAMED_UNIT ( * ) PLANE_ANGLE_UNIT ( ) SI_UNIT ( $, .RADIAN. ) );
#1859 =( NAMED_UNIT ( * ) PLANE_ANGLE_UNIT ( ) SI_UNIT ( $, .RADIAN. ) );
#1860 = VERTEX_POINT ( 'NONE', #1837 ) ;
#1861 = EDGE_CURVE ( 'NONE', #539, #5709, #3999, .T. ) ;
#1862 = VERTEX_POINT ( 'NONE', #6914 ) ;
#1863 = DIRECTION ( 'NONE',  ( 0.000000000000000000, -0.000000000000000000, -1.000000000000000000 ) ) ;
#1864 = CARTESIAN_POINT ( 'NONE',  ( -1.799999999999998934, 0.5900000000000000799, 5.749999999999999112 ) ) ;
#1865 = DIRECTION ( 'NONE',  ( 0.000000000000000000, 1.000000000000000000, 0.000000000000000000 ) ) ;
#1866 =( NAMED_UNIT ( * ) SI_UNIT ( $, .STERADIAN. ) SOLID_ANGLE_UNIT ( ) );
#1867 = DIRECTION ( 'NONE',  ( 0.000000000000000000, 0.000000000000000000, -1.000000000000000000 ) ) ;
#1868 = STYLED_ITEM ( 'NONE', ( #4513 ), #1762 ) ;
#1869 = VERTEX_POINT ( 'NONE', #1677 ) ;
#1870 =( LENGTH_UNIT ( ) NAMED_UNIT ( * ) SI_UNIT ( .MILLI., .METRE. ) );
#1871 =( NAMED_UNIT ( * ) PLANE_ANGLE_UNIT ( ) SI_UNIT ( $, .RADIAN. ) );
#1872 = CARTESIAN_POINT ( 'NONE',  ( 3.500000000000025757, -0.02000000000000000042, 1.100000000000000311 ) ) ;
#1873 = VECTOR ( 'NONE', #4860, 1000.000000000000000 ) ;
#1874 = ORIENTED_EDGE ( 'NONE', *, *, #614, .F. ) ;
#1875 =( GEOMETRIC_REPRESENTATION_CONTEXT ( 3 ) GLOBAL_UNCERTAINTY_ASSIGNED_CONTEXT ( ( #4322 ) ) GLOBAL_UNIT_ASSIGNED_CONTEXT ( ( #31, #5199, #2287 ) ) REPRESENTATION_CONTEXT ( 'NONE', 'WORKASPACE' ) );
#1876 = VECTOR ( 'NONE', #4568, 1000.000000000000000 ) ;
#1877 = VERTEX_POINT ( 'NONE', #6365 ) ;
#1878 = CARTESIAN_POINT ( 'NONE',  ( -3.500000000000012879, 0.000000000000000000, 2.299999999999999822 ) ) ;
#1879 =( NAMED_UNIT ( * ) SI_UNIT ( $, .STERADIAN. ) SOLID_ANGLE_UNIT ( ) );
#1880 = DIRECTION ( 'NONE',  ( -1.000000000000000000, 0.000000000000000000, -0.000000000000000000 ) ) ;
#1881 =( GEOMETRIC_REPRESENTATION_CONTEXT ( 3 ) GLOBAL_UNCERTAINTY_ASSIGNED_CONTEXT ( ( #1457 ) ) GLOBAL_UNIT_ASSIGNED_CONTEXT ( ( #5872, #5419, #6016 ) ) REPRESENTATION_CONTEXT ( 'NONE', 'WORKASPACE' ) );
#1882 = PRESENTATION_LAYER_ASSIGNMENT (  '', '', ( #5484 ) ) ;
#1883 = EDGE_CURVE ( 'NONE', #62, #5465, #6879, .T. ) ;
#1884 = MECHANICAL_DESIGN_GEOMETRIC_PRESENTATION_REPRESENTATION (  '', ( #4868 ), #6413 ) ;
#1885 = EDGE_CURVE ( 'NONE', #15, #4722, #3462, .T. ) ;
#1886 = EDGE_LOOP ( 'NONE', ( #2539, #6613, #2102, #5588 ) ) ;
#1887 = VERTEX_POINT ( 'NONE', #6956 ) ;
#1888 = VECTOR ( 'NONE', #2684, 1000.000000000000000 ) ;
#1889 = LINE ( 'NONE', #4489, #4360 ) ;
#1890 = DIRECTION ( 'NONE',  ( -8.673617379884040402E-16, 0.000000000000000000, 1.000000000000000000 ) ) ;
#1891 = FACE_OUTER_BOUND ( 'NONE', #6092, .T. ) ;
#1892 = FACE_OUTER_BOUND ( 'NONE', #5985, .T. ) ;
#1893 = CARTESIAN_POINT ( 'NONE',  ( 2.602085213965214586E-15, 1.800655561573372143, 3.000000000000003109 ) ) ;
#1894 = LINE ( 'NONE', #2492, #3885 ) ;
#1895 = MECHANICAL_DESIGN_GEOMETRIC_PRESENTATION_REPRESENTATION (  '', ( #4430 ), #2616 ) ;
#1896 = ORIENTED_EDGE ( 'NONE', *, *, #3178, .T. ) ;
#1897 = EDGE_LOOP ( 'NONE', ( #5836, #7279, #1302, #3235 ) ) ;
#1898 = FACE_OUTER_BOUND ( 'NONE', #4602, .T. ) ;
#1899 = CARTESIAN_POINT ( 'NONE',  ( -4.500000000000012434, 1.800655561573372143, 2.299999999999999822 ) ) ;
#1900 = DIRECTION ( 'NONE',  ( 0.000000000000000000, 0.000000000000000000, -1.000000000000000000 ) ) ;
#1901 = DIRECTION ( 'NONE',  ( 0.000000000000000000, 1.000000000000000000, -0.000000000000000000 ) ) ;
#1902 =( NAMED_UNIT ( * ) PLANE_ANGLE_UNIT ( ) SI_UNIT ( $, .RADIAN. ) );
#1903 = COLOUR_RGB ( '',0.9686274509803921573, 0.8784313725490195957, 0.5999999999999999778 ) ;
#1904 = CARTESIAN_POINT ( 'NONE',  ( -4.500000000000015987, 0.5900000000000000799, -1.289999999999999147 ) ) ;
#1905 = EDGE_CURVE ( 'NONE', #2920, #526, #3423, .T. ) ;
#1906 = SURFACE_SIDE_STYLE ('',( #3081 ) ) ;
#1907 =( LENGTH_UNIT ( ) NAMED_UNIT ( * ) SI_UNIT ( .MILLI., .METRE. ) );
#1908 = DIRECTION ( 'NONE',  ( 0.000000000000000000, 1.000000000000000000, 0.000000000000000000 ) ) ;
#1909 = ORIENTED_EDGE ( 'NONE', *, *, #6371, .T. ) ;
#1910 = DIRECTION ( 'NONE',  ( -1.000000000000000000, 0.000000000000000000, 8.673617379884036458E-16 ) ) ;
#1911 =( LENGTH_UNIT ( ) NAMED_UNIT ( * ) SI_UNIT ( .MILLI., .METRE. ) );
#1912 = ORIENTED_EDGE ( 'NONE', *, *, #3883, .F. ) ;
#1913 = SURFACE_SIDE_STYLE ('',( #2474 ) ) ;
#1914 = UNCERTAINTY_MEASURE_WITH_UNIT (LENGTH_MEASURE( 1.000000000000000082E-05 ), #342, 'distance_accuracy_value', 'NONE');
#1915 = VERTEX_POINT ( 'NONE', #2403 ) ;
#1916 =( NAMED_UNIT ( * ) SI_UNIT ( $, .STERADIAN. ) SOLID_ANGLE_UNIT ( ) );
#1917 = LINE ( 'NONE', #4214, #3559 ) ;
#1918 =( NAMED_UNIT ( * ) PLANE_ANGLE_UNIT ( ) SI_UNIT ( $, .RADIAN. ) );
#1919 = VERTEX_POINT ( 'NONE', #7400 ) ;
#1920 = CIRCLE ( 'NONE', #833, 0.3299999999999995715 ) ;
#1921 = ORIENTED_EDGE ( 'NONE', *, *, #2, .T. ) ;
#1922 = FACE_OUTER_BOUND ( 'NONE', #4921, .T. ) ;
#1923 = EDGE_CURVE ( 'NONE', #7299, #2520, #4136, .T. ) ;
#1924 = SURFACE_STYLE_USAGE ( .BOTH. , #5449 ) ;
#1925 = EDGE_CURVE ( 'NONE', #1919, #3026, #2931, .T. ) ;
#1926 = DIRECTION ( 'NONE',  ( 0.000000000000000000, 0.000000000000000000, 1.000000000000000000 ) ) ;
#1927 = LINE ( 'NONE', #2677, #5594 ) ;
#1928 = DIRECTION ( 'NONE',  ( -2.168404344971008079E-15, 0.000000000000000000, -1.000000000000000000 ) ) ;
#1929 = SURFACE_STYLE_USAGE ( .BOTH. , #5302 ) ;
#1930 = CIRCLE ( 'NONE', #2896, 0.3400000000000000244 ) ;
#1931 = AXIS2_PLACEMENT_3D ( 'NONE', #1756, #6800, #4585 ) ;
#1932 = ORIENTED_EDGE ( 'NONE', *, *, #1202, .F. ) ;
#1933 = ORIENTED_EDGE ( 'NONE', *, *, #1323, .T. ) ;
#1934 = CARTESIAN_POINT ( 'NONE',  ( 3.500000000000000444, -0.02000000000000000042, 4.200000000000000178 ) ) ;
#1935 = CARTESIAN_POINT ( 'NONE',  ( -4.499999999999999112, 0.5799999999999999600, -5.750000000000000888 ) ) ;
#1936 = EDGE_CURVE ( 'NONE', #1310, #5957, #1757, .T. ) ;
#1937 = CARTESIAN_POINT ( 'NONE',  ( -4.500000000000000000, 0.5799999999999999600, 3.510000000000000231 ) ) ;
#1938 = ADVANCED_FACE ( 'NONE', ( #5207 ), #3383, .T. ) ;
#1939 = LINE ( 'NONE', #3004, #1996 ) ;
#1940 = VECTOR ( 'NONE', #6607, 1000.000000000000000 ) ;
#1941 = VECTOR ( 'NONE', #7202, 1000.000000000000000 ) ;
#1942 = CARTESIAN_POINT ( 'NONE',  ( -1.799999999999998934, -0.02000000000000000042, 5.749999999999999112 ) ) ;
#1943 = AXIS2_PLACEMENT_3D ( 'NONE', #1164, #1079, #3396 ) ;
#1944 = LINE ( 'NONE', #5883, #4446 ) ;
#1945 =( LENGTH_UNIT ( ) NAMED_UNIT ( * ) SI_UNIT ( .MILLI., .METRE. ) );
#1946 = CARTESIAN_POINT ( 'NONE',  ( -4.500000000000050626, -0.02000000000000000042, -0.7099999999999995204 ) ) ;
#1947 = EDGE_CURVE ( 'NONE', #1862, #462, #4624, .T. ) ;
#1948 = SURFACE_STYLE_FILL_AREA ( #3721 ) ;
#1949 = DIRECTION ( 'NONE',  ( -0.000000000000000000, 1.000000000000000000, -0.000000000000000000 ) ) ;
#1950 = AXIS2_PLACEMENT_3D ( 'NONE', #2557, #307, #1926 ) ;
#1951 = CIRCLE ( 'NONE', #5062, 0.3299999999999995715 ) ;
#1952 = ORIENTED_EDGE ( 'NONE', *, *, #3279, .T. ) ;
#1953 = EDGE_LOOP ( 'NONE', ( #5431, #4786, #1424, #7189 ) ) ;
#1954 = EDGE_CURVE ( 'NONE', #6201, #719, #3493, .T. ) ;
#1955 = FILL_AREA_STYLE_COLOUR ( '', #5755 ) ;
#1956 = LINE ( 'NONE', #4090, #5099 ) ;
#1957 = AXIS2_PLACEMENT_3D ( 'NONE', #206, #2456, #1928 ) ;
#1958 = CARTESIAN_POINT ( 'NONE',  ( 0.000000000000000000, 0.000000000000000000, 0.000000000000000000 ) ) ;
#1959 = PRESENTATION_STYLE_ASSIGNMENT (( #7107 ) ) ;
#1960 = PLANE ( 'NONE',  #4980 ) ;
#1961 = STYLED_ITEM ( 'NONE', ( #5107 ), #3635 ) ;
#1962 = EDGE_LOOP ( 'NONE', ( #3569, #132, #5621, #4256 ) ) ;
#1963 = ORIENTED_EDGE ( 'NONE', *, *, #73, .F. ) ;
#1964 = LINE ( 'NONE', #3136, #1153 ) ;
#1965 =( NAMED_UNIT ( * ) PLANE_ANGLE_UNIT ( ) SI_UNIT ( $, .RADIAN. ) );
#1966 = DIRECTION ( 'NONE',  ( 0.000000000000000000, -1.000000000000000000, 0.000000000000000000 ) ) ;
#1967 = CARTESIAN_POINT ( 'NONE',  ( 4.000000000000000000, 2.080000000000000071, -1.430000000000000604 ) ) ;
#1968 = PRESENTATION_LAYER_ASSIGNMENT (  '', '', ( #5192 ) ) ;
#1969 = DIRECTION ( 'NONE',  ( -0.000000000000000000, -1.000000000000000000, 0.000000000000000000 ) ) ;
#1970 = PRESENTATION_LAYER_ASSIGNMENT (  '', '', ( #1961 ) ) ;
#1971 = VERTEX_POINT ( 'NONE', #1109 ) ;
#1972 = VERTEX_POINT ( 'NONE', #1259 ) ;
#1973 = CARTESIAN_POINT ( 'NONE',  ( 1.800000000000000711, -0.02000000000000000042, 5.749999999999999112 ) ) ;
#1974 = CIRCLE ( 'NONE', #4138, 0.3299999999999995715 ) ;
#1975 = EDGE_CURVE ( 'NONE', #4110, #2626, #2468, .T. ) ;
#1976 = ADVANCED_FACE ( 'NONE', ( #3154 ), #1336, .F. ) ;
#1977 = PRESENTATION_STYLE_ASSIGNMENT (( #218 ) ) ;
#1978 = LINE ( 'NONE', #4235, #7079 ) ;
#1979 = DIRECTION ( 'NONE',  ( 0.000000000000000000, 0.000000000000000000, 1.000000000000000000 ) ) ;
#1980 = ORIENTED_EDGE ( 'NONE', *, *, #4427, .F. ) ;
#1981 = FILL_AREA_STYLE ('',( #3761 ) ) ;
#1982 =( NAMED_UNIT ( * ) PLANE_ANGLE_UNIT ( ) SI_UNIT ( $, .RADIAN. ) );
#1983 = ORIENTED_EDGE ( 'NONE', *, *, #299, .F. ) ;
#1984 = CARTESIAN_POINT ( 'NONE',  ( -1.449999999999998845, 1.800655561573372143, 5.749999999999999112 ) ) ;
#1985 = ORIENTED_EDGE ( 'NONE', *, *, #959, .F. ) ;
#1986 = LINE ( 'NONE', #3093, #2518 ) ;
#1987 = DIRECTION ( 'NONE',  ( -0.000000000000000000, -1.000000000000000000, -0.000000000000000000 ) ) ;
#1988 = PRESENTATION_LAYER_ASSIGNMENT (  '', '', ( #4046 ) ) ;
#1989 = VECTOR ( 'NONE', #6644, 1000.000000000000000 ) ;
#1990 = UNCERTAINTY_MEASURE_WITH_UNIT (LENGTH_MEASURE( 1.000000000000000082E-05 ), #1168, 'distance_accuracy_value', 'NONE');
#1991 = DIRECTION ( 'NONE',  ( 8.673617379884032514E-16, 0.000000000000000000, 1.000000000000000000 ) ) ;
#1992 = PRESENTATION_STYLE_ASSIGNMENT (( #3097 ) ) ;
#1993 = UNCERTAINTY_MEASURE_WITH_UNIT (LENGTH_MEASURE( 1.000000000000000082E-05 ), #3933, 'distance_accuracy_value', 'NONE');
#1994 = EDGE_CURVE ( 'NONE', #4722, #7270, #707, .T. ) ;
#1995 = AXIS2_PLACEMENT_3D ( 'NONE', #6732, #6694, #5491 ) ;
#1996 = VECTOR ( 'NONE', #2500, 1000.000000000000000 ) ;
#1997 = COLOUR_RGB ( '',0.9686274509803921573, 0.8784313725490195957, 0.5999999999999999778 ) ;
#1998 = ORIENTED_EDGE ( 'NONE', *, *, #1790, .T. ) ;
#1999 = ORIENTED_EDGE ( 'NONE', *, *, #2789, .F. ) ;
#2000 = CARTESIAN_POINT ( 'NONE',  ( 4.500000000000000888, 0.5799999999999999600, 0.000000000000000000 ) ) ;
#2001 = CARTESIAN_POINT ( 'NONE',  ( -4.499999999999999112, 0.5799999999999999600, 5.749999999999999112 ) ) ;
#2002 = FACE_OUTER_BOUND ( 'NONE', #6354, .T. ) ;
#2003 = DIRECTION ( 'NONE',  ( 0.000000000000000000, -1.000000000000000000, 0.000000000000000000 ) ) ;
#2004 = VECTOR ( 'NONE', #6712, 1000.000000000000000 ) ;
#2005 = ORIENTED_EDGE ( 'NONE', *, *, #7404, .T. ) ;
#2006 = ORIENTED_EDGE ( 'NONE', *, *, #141, .F. ) ;
#2007 = SURFACE_STYLE_FILL_AREA ( #7124 ) ;
#2008 = LINE ( 'NONE', #4306, #3608 ) ;
#2009 =( NAMED_UNIT ( * ) SI_UNIT ( $, .STERADIAN. ) SOLID_ANGLE_UNIT ( ) );
#2010 = DIRECTION ( 'NONE',  ( 0.000000000000000000, -1.000000000000000000, 0.000000000000000000 ) ) ;
#2011 = DIRECTION ( 'NONE',  ( -0.000000000000000000, -1.000000000000000000, -0.000000000000000000 ) ) ;
#2012 = CARTESIAN_POINT ( 'NONE',  ( -3.500000000000025757, -0.02000000000000000042, 1.100000000000000311 ) ) ;
#2013 = CIRCLE ( 'NONE', #4767, 0.2500000000000002220 ) ;
#2014 = VERTEX_POINT ( 'NONE', #4275 ) ;
#2015 =( NAMED_UNIT ( * ) SI_UNIT ( $, .STERADIAN. ) SOLID_ANGLE_UNIT ( ) );
#2016 = CARTESIAN_POINT ( 'NONE',  ( -1.919999999999999041, 1.779999999999999805, -5.390000000000001457 ) ) ;
#2017 =( LENGTH_UNIT ( ) NAMED_UNIT ( * ) SI_UNIT ( .MILLI., .METRE. ) );
#2018 = CARTESIAN_POINT ( 'NONE',  ( -0.2499999999999989175, -6.776263578034402713E-18, 5.749999999999999112 ) ) ;
#2019 = CARTESIAN_POINT ( 'NONE',  ( 2.150000000000000799, -0.02000000000000000042, 5.749999999999999112 ) ) ;
#2020 = VECTOR ( 'NONE', #4856, 1000.000000000000000 ) ;
#2021 = EDGE_CURVE ( 'NONE', #2520, #5221, #848, .T. ) ;
#2022 = EDGE_CURVE ( 'NONE', #3710, #1655, #6407, .T. ) ;
#2023 = PLANE ( 'NONE',  #6777 ) ;
#2024 = STYLED_ITEM ( 'NONE', ( #7126 ), #5677 ) ;
#2025 = ORIENTED_EDGE ( 'NONE', *, *, #4386, .T. ) ;
#2026 = CARTESIAN_POINT ( 'NONE',  ( -4.000000000000000000, 2.080000000000000071, -1.430000000000000604 ) ) ;
#2027 = VERTEX_POINT ( 'NONE', #3605 ) ;
#2028 = DIRECTION ( 'NONE',  ( -0.000000000000000000, -1.000000000000000000, -0.000000000000000000 ) ) ;
#2029 = DIRECTION ( 'NONE',  ( 0.000000000000000000, 0.000000000000000000, 1.000000000000000000 ) ) ;
#2030 = FACE_OUTER_BOUND ( 'NONE', #5251, .T. ) ;
#2031 = ORIENTED_EDGE ( 'NONE', *, *, #3994, .T. ) ;
#2032 = EDGE_LOOP ( 'NONE', ( #450, #6454, #3024, #3157 ) ) ;
#2033 = CARTESIAN_POINT ( 'NONE',  ( -3.500000000000000444, -0.02000000000000000042, 4.200000000000000178 ) ) ;
#2034 = LINE ( 'NONE', #3312, #4381 ) ;
#2035 = EDGE_CURVE ( 'NONE', #5519, #7251, #1412, .T. ) ;
#2036 = SURFACE_STYLE_USAGE ( .BOTH. , #942 ) ;
#2037 = FILL_AREA_STYLE ('',( #2604 ) ) ;
#2038 = STYLED_ITEM ( 'NONE', ( #5894 ), #484 ) ;
#2039 = VERTEX_POINT ( 'NONE', #3054 ) ;
#2040 = STYLED_ITEM ( 'NONE', ( #214 ), #5916 ) ;
#2041 = ORIENTED_EDGE ( 'NONE', *, *, #6966, .F. ) ;
#2042 = DIRECTION ( 'NONE',  ( 0.000000000000000000, 0.000000000000000000, 1.000000000000000000 ) ) ;
#2043 = DIRECTION ( 'NONE',  ( -1.000000000000000000, 0.000000000000000000, 0.000000000000000000 ) ) ;
#2044 = DIRECTION ( 'NONE',  ( 0.000000000000000000, 0.000000000000000000, -1.000000000000000000 ) ) ;
#2045 = DIRECTION ( 'NONE',  ( -0.000000000000000000, -1.000000000000000000, -0.000000000000000000 ) ) ;
#2046 = DIRECTION ( 'NONE',  ( 0.000000000000000000, 0.000000000000000000, -1.000000000000000000 ) ) ;
#2047 = DIRECTION ( 'NONE',  ( 1.000000000000000000, 0.000000000000000000, 0.000000000000000000 ) ) ;
#2048 = SURFACE_STYLE_USAGE ( .BOTH. , #360 ) ;
#2049 = ORIENTED_EDGE ( 'NONE', *, *, #4321, .F. ) ;
#2050 = COLOUR_RGB ( '',0.9686274509803921573, 0.8784313725490195957, 0.5999999999999999778 ) ;
#2051 = DIRECTION ( 'NONE',  ( -5.102127870520020587E-15, 0.000000000000000000, 1.000000000000000000 ) ) ;
#2052 = DIRECTION ( 'NONE',  ( 0.000000000000000000, 0.000000000000000000, -1.000000000000000000 ) ) ;
#2053 = LINE ( 'NONE', #4973, #4466 ) ;
#2054 = DIRECTION ( 'NONE',  ( 1.000000000000000000, 0.000000000000000000, 0.000000000000000000 ) ) ;
#2055 = SURFACE_STYLE_USAGE ( .BOTH. , #1492 ) ;
#2056 = COLOUR_RGB ( '',0.9686274509803921573, 0.8784313725490195957, 0.5999999999999999778 ) ;
#2057 = ADVANCED_FACE ( 'NONE', ( #182 ), #5351, .F. ) ;
#2058 = ORIENTED_EDGE ( 'NONE', *, *, #3940, .F. ) ;
#2059 = UNCERTAINTY_MEASURE_WITH_UNIT (LENGTH_MEASURE( 1.000000000000000082E-05 ), #6833, 'distance_accuracy_value', 'NONE');
#2060 = VERTEX_POINT ( 'NONE', #5054 ) ;
#2061 =( LENGTH_UNIT ( ) NAMED_UNIT ( * ) SI_UNIT ( .MILLI., .METRE. ) );
#2062 = LINE ( 'NONE', #1535, #3455 ) ;
#2063 = VECTOR ( 'NONE', #6009, 1000.000000000000000 ) ;
#2064 = UNCERTAINTY_MEASURE_WITH_UNIT (LENGTH_MEASURE( 1.000000000000000082E-05 ), #1854, 'distance_accuracy_value', 'NONE');
#2065 = DIRECTION ( 'NONE',  ( 0.000000000000000000, 1.000000000000000000, 0.000000000000000000 ) ) ;
#2066 = DIRECTION ( 'NONE',  ( -0.000000000000000000, 1.000000000000000000, -0.000000000000000000 ) ) ;
#2067 = AXIS2_PLACEMENT_3D ( 'NONE', #1350, #4219, #3103 ) ;
#2068 = EDGE_CURVE ( 'NONE', #1593, #1799, #4936, .T. ) ;
#2069 = EDGE_CURVE ( 'NONE', #539, #1051, #3310, .T. ) ;
#2070 = VERTEX_POINT ( 'NONE', #7361 ) ;
#2071 = PRESENTATION_LAYER_ASSIGNMENT (  '', '', ( #6882 ) ) ;
#2072 = ORIENTED_EDGE ( 'NONE', *, *, #4597, .T. ) ;
#2073 = CARTESIAN_POINT ( 'NONE',  ( 0.9500000000000011768, 1.800655561573372143, 0.000000000000000000 ) ) ;
#2074 = FILL_AREA_STYLE ('',( #941 ) ) ;
#2075 = PLANE ( 'NONE',  #1950 ) ;
#2076 = LINE ( 'NONE', #4956, #3059 ) ;
#2077 = ORIENTED_EDGE ( 'NONE', *, *, #5601, .T. ) ;
#2078 = ORIENTED_EDGE ( 'NONE', *, *, #2165, .F. ) ;
#2079 = CARTESIAN_POINT ( 'NONE',  ( -0.5999999999999989786, -0.02000000000000000042, 5.749999999999999112 ) ) ;
#2080 = SURFACE_SIDE_STYLE ('',( #355 ) ) ;
#2081 = FILL_AREA_STYLE_COLOUR ( '', #2594 ) ;
#2082 =( NAMED_UNIT ( * ) SI_UNIT ( $, .STERADIAN. ) SOLID_ANGLE_UNIT ( ) );
#2083 = DIRECTION ( 'NONE',  ( -0.000000000000000000, -1.000000000000000000, 0.000000000000000000 ) ) ;
#2084 = DIRECTION ( 'NONE',  ( 0.000000000000000000, 0.000000000000000000, 1.000000000000000000 ) ) ;
#2085 = DIRECTION ( 'NONE',  ( -0.000000000000000000, -1.000000000000000000, -0.000000000000000000 ) ) ;
#2086 = VECTOR ( 'NONE', #3578, 1000.000000000000000 ) ;
#2087 = EDGE_CURVE ( 'NONE', #7355, #6575, #2783, .T. ) ;
#2088 = EDGE_LOOP ( 'NONE', ( #7069, #5501, #1921, #7300 ) ) ;
#2089 =( NAMED_UNIT ( * ) SI_UNIT ( $, .STERADIAN. ) SOLID_ANGLE_UNIT ( ) );
#2090 = PLANE ( 'NONE',  #3567 ) ;
#2091 = DIRECTION ( 'NONE',  ( -0.000000000000000000, 1.000000000000000000, -0.000000000000000000 ) ) ;
#2092 = ORIENTED_EDGE ( 'NONE', *, *, #5939, .F. ) ;
#2093 =( LENGTH_UNIT ( ) NAMED_UNIT ( * ) SI_UNIT ( .MILLI., .METRE. ) );
#2094 = STYLED_ITEM ( 'NONE', ( #6408 ), #4058 ) ;
#2095 =( GEOMETRIC_REPRESENTATION_CONTEXT ( 3 ) GLOBAL_UNCERTAINTY_ASSIGNED_CONTEXT ( ( #6253 ) ) GLOBAL_UNIT_ASSIGNED_CONTEXT ( ( #29, #1178, #4914 ) ) REPRESENTATION_CONTEXT ( 'NONE', 'WORKASPACE' ) );
#2096 = VERTEX_POINT ( 'NONE', #1489 ) ;
#2097 = LINE ( 'NONE', #5483, #2720 ) ;
#2098 = ORIENTED_EDGE ( 'NONE', *, *, #4822, .T. ) ;
#2099 = SURFACE_STYLE_USAGE ( .BOTH. , #964 ) ;
#2100 = LINE ( 'NONE', #2630, #1522 ) ;
#2101 = CARTESIAN_POINT ( 'NONE',  ( 0.2500000000000011102, 1.800655561573372143, 5.749999999999999112 ) ) ;
#2102 = ORIENTED_EDGE ( 'NONE', *, *, #7026, .T. ) ;
#2103 = VECTOR ( 'NONE', #4871, 1000.000000000000000 ) ;
#2104 = ORIENTED_EDGE ( 'NONE', *, *, #1286, .F. ) ;
#2105 = FILL_AREA_STYLE_COLOUR ( '', #3579 ) ;
#2106 = LINE ( 'NONE', #974, #3421 ) ;
#2107 = PRESENTATION_STYLE_ASSIGNMENT (( #5531 ) ) ;
#2108 = CIRCLE ( 'NONE', #6294, 0.2399999999999997691 ) ;
#2109 = CARTESIAN_POINT ( 'NONE',  ( -4.499999999999999112, 0.000000000000000000, -1.299999999999999600 ) ) ;
#2110 =( NAMED_UNIT ( * ) SI_UNIT ( $, .STERADIAN. ) SOLID_ANGLE_UNIT ( ) );
#2111 = EDGE_CURVE ( 'NONE', #5898, #2185, #195, .T. ) ;
#2112 = EDGE_CURVE ( 'NONE', #6243, #2520, #5550, .T. ) ;
#2113 = VECTOR ( 'NONE', #4874, 1000.000000000000000 ) ;
#2114 = MECHANICAL_DESIGN_GEOMETRIC_PRESENTATION_REPRESENTATION (  '', ( #1627 ), #1262 ) ;
#2115 = MECHANICAL_DESIGN_GEOMETRIC_PRESENTATION_REPRESENTATION (  '', ( #903 ), #3444 ) ;
#2116 = EDGE_LOOP ( 'NONE', ( #4622, #1198, #5000, #1555 ) ) ;
#2117 = ORIENTED_EDGE ( 'NONE', *, *, #2386, .T. ) ;
#2118 = CARTESIAN_POINT ( 'NONE',  ( 3.350000000000000533, 0.000000000000000000, -0.000000000000000000 ) ) ;
#2119 = CARTESIAN_POINT ( 'NONE',  ( -2.649999999999998579, -0.02000000000000000042, 0.000000000000000000 ) ) ;
#2120 = CIRCLE ( 'NONE', #6685, 0.2400000000000001854 ) ;
#2121 = CARTESIAN_POINT ( 'NONE',  ( 3.500000000000050182, 1.800655561573372143, -0.5999999999999998668 ) ) ;
#2122 = STYLED_ITEM ( 'NONE', ( #6792 ), #2255 ) ;
#2123 = STYLED_ITEM ( 'NONE', ( #2390 ), #1366 ) ;
#2124 = FILL_AREA_STYLE_COLOUR ( '', #1449 ) ;
#2125 = CARTESIAN_POINT ( 'NONE',  ( -4.500000000000006217, 0.5799999999999999600, 2.650000000000000355 ) ) ;
#2126 = AXIS2_PLACEMENT_3D ( 'NONE', #6502, #236, #720 ) ;
#2127 = ORIENTED_EDGE ( 'NONE', *, *, #1246, .T. ) ;
#2128 =( NAMED_UNIT ( * ) SI_UNIT ( $, .STERADIAN. ) SOLID_ANGLE_UNIT ( ) );
#2129 = CARTESIAN_POINT ( 'NONE',  ( 4.500000000000000888, 0.5900000000000000799, 1.790000000000000258 ) ) ;
#2130 = CARTESIAN_POINT ( 'NONE',  ( -1.919999999999999041, 1.779999999999999805, -5.390000000000001457 ) ) ;
#2131 = PRESENTATION_STYLE_ASSIGNMENT (( #4972 ) ) ;
#2132 = DIRECTION ( 'NONE',  ( 0.000000000000000000, 0.000000000000000000, -1.000000000000000000 ) ) ;
#2133 = DIRECTION ( 'NONE',  ( -0.000000000000000000, 1.000000000000000000, -0.000000000000000000 ) ) ;
#2134 = STYLED_ITEM ( 'NONE', ( #6262 ), #5318 ) ;
#2135 = EDGE_CURVE ( 'NONE', #5160, #2702, #2171, .T. ) ;
#2136 = FILL_AREA_STYLE_COLOUR ( '', #3171 ) ;
#2137 = MECHANICAL_DESIGN_GEOMETRIC_PRESENTATION_REPRESENTATION (  '', ( #6328 ), #4302 ) ;
#2138 = DIRECTION ( 'NONE',  ( 0.000000000000000000, -1.000000000000000000, 0.000000000000000000 ) ) ;
#2139 = UNCERTAINTY_MEASURE_WITH_UNIT (LENGTH_MEASURE( 1.000000000000000082E-05 ), #6156, 'distance_accuracy_value', 'NONE');
#2140 = VERTEX_POINT ( 'NONE', #3339 ) ;
#2141 = CYLINDRICAL_SURFACE ( 'NONE', #752, 0.3299999999999995715 ) ;
#2142 = PRESENTATION_STYLE_ASSIGNMENT (( #7332 ) ) ;
#2143 = VECTOR ( 'NONE', #2168, 1000.000000000000000 ) ;
#2144 = ORIENTED_EDGE ( 'NONE', *, *, #96, .F. ) ;
#2145 = VECTOR ( 'NONE', #1144, 1000.000000000000000 ) ;
#2146 = ORIENTED_EDGE ( 'NONE', *, *, #1086, .T. ) ;
#2147 = CARTESIAN_POINT ( 'NONE',  ( 3.500000000000000444, 0.000000000000000000, -0.000000000000000000 ) ) ;
#2148 =( NAMED_UNIT ( * ) PLANE_ANGLE_UNIT ( ) SI_UNIT ( $, .RADIAN. ) );
#2149 =( LENGTH_UNIT ( ) NAMED_UNIT ( * ) SI_UNIT ( .MILLI., .METRE. ) );
#2150 =( LENGTH_UNIT ( ) NAMED_UNIT ( * ) SI_UNIT ( .MILLI., .METRE. ) );
#2151 = CARTESIAN_POINT ( 'NONE',  ( -3.500000000000012879, 1.800655561573372143, 3.000000000000000000 ) ) ;
#2152 =( NAMED_UNIT ( * ) SI_UNIT ( $, .STERADIAN. ) SOLID_ANGLE_UNIT ( ) );
#2153 = ORIENTED_EDGE ( 'NONE', *, *, #2865, .T. ) ;
#2154 = EDGE_CURVE ( 'NONE', #4319, #7198, #4974, .T. ) ;
#2155 = ADVANCED_FACE ( 'NONE', ( #6758 ), #3762, .F. ) ;
#2156 = ORIENTED_EDGE ( 'NONE', *, *, #2682, .T. ) ;
#2157 = DIRECTION ( 'NONE',  ( -0.000000000000000000, 1.000000000000000000, -0.000000000000000000 ) ) ;
#2158 = SURFACE_STYLE_FILL_AREA ( #3403 ) ;
#2159 = CARTESIAN_POINT ( 'NONE',  ( -4.500000000000025757, -0.02000000000000000042, 1.210000000000000409 ) ) ;
#2160 = CARTESIAN_POINT ( 'NONE',  ( 4.500000000000025757, -0.02000000000000000042, 1.100000000000000311 ) ) ;
#2161 = FILL_AREA_STYLE_COLOUR ( '', #6808 ) ;
#2162 = LINE ( 'NONE', #917, #980 ) ;
#2163 = MECHANICAL_DESIGN_GEOMETRIC_PRESENTATION_REPRESENTATION (  '', ( #7325 ), #605 ) ;
#2164 = ORIENTED_EDGE ( 'NONE', *, *, #3045, .F. ) ;
#2165 = EDGE_CURVE ( 'NONE', #3849, #3161, #3257, .T. ) ;
#2166 = EDGE_CURVE ( 'NONE', #5700, #6645, #4471, .T. ) ;
#2167 = CARTESIAN_POINT ( 'NONE',  ( 0.9300000000000007150, 0.5900000000000000799, 5.749999999999999112 ) ) ;
#2168 = DIRECTION ( 'NONE',  ( 1.000000000000000000, 0.000000000000000000, 8.673617379884031528E-16 ) ) ;
#2169 = LINE ( 'NONE', #5127, #2172 ) ;
#2170 = LINE ( 'NONE', #1749, #5638 ) ;
#2171 = LINE ( 'NONE', #5474, #1019 ) ;
#2172 = VECTOR ( 'NONE', #6869, 1000.000000000000000 ) ;
#2173 = AXIS2_PLACEMENT_3D ( 'NONE', #1644, #7364, #1603 ) ;
#2174 = SURFACE_STYLE_USAGE ( .BOTH. , #2918 ) ;
#2175 = VECTOR ( 'NONE', #7433, 1000.000000000000000 ) ;
#2176 = ADVANCED_FACE ( 'NONE', ( #883 ), #3881, .F. ) ;
#2177 = DIRECTION ( 'NONE',  ( 0.000000000000000000, 1.000000000000000000, -0.000000000000000000 ) ) ;
#2178 = ORIENTED_EDGE ( 'NONE', *, *, #186, .T. ) ;
#2179 = DIRECTION ( 'NONE',  ( -0.000000000000000000, 1.000000000000000000, -0.000000000000000000 ) ) ;
#2180 = SURFACE_STYLE_USAGE ( .BOTH. , #6113 ) ;
#2181 = SURFACE_SIDE_STYLE ('',( #1002 ) ) ;
#2182 = DIRECTION ( 'NONE',  ( 0.000000000000000000, 1.000000000000000000, -0.000000000000000000 ) ) ;
#2183 = SURFACE_STYLE_USAGE ( .BOTH. , #4946 ) ;
#2184 = EDGE_CURVE ( 'NONE', #479, #5660, #546, .T. ) ;
#2185 = VERTEX_POINT ( 'NONE', #6871 ) ;
#2186 = COLOUR_RGB ( '',0.9686274509803921573, 0.8784313725490195957, 0.5999999999999999778 ) ;
#2187 = ORIENTED_EDGE ( 'NONE', *, *, #3840, .T. ) ;
#2188 = CARTESIAN_POINT ( 'NONE',  ( 0.000000000000000000, -0.02000000000000000042, -0.09999999999999982514 ) ) ;
#2189 =( NAMED_UNIT ( * ) PLANE_ANGLE_UNIT ( ) SI_UNIT ( $, .RADIAN. ) );
#2190 =( NAMED_UNIT ( * ) SI_UNIT ( $, .STERADIAN. ) SOLID_ANGLE_UNIT ( ) );
#2191 = FILL_AREA_STYLE ('',( #5072 ) ) ;
#2192 = STYLED_ITEM ( 'NONE', ( #6544 ), #6988 ) ;
#2193 = VERTEX_POINT ( 'NONE', #3525 ) ;
#2194 = ORIENTED_EDGE ( 'NONE', *, *, #6589, .F. ) ;
#2195 =( NAMED_UNIT ( * ) PLANE_ANGLE_UNIT ( ) SI_UNIT ( $, .RADIAN. ) );
#2196 = DIRECTION ( 'NONE',  ( 0.000000000000000000, 0.000000000000000000, -1.000000000000000000 ) ) ;
#2197 = DIRECTION ( 'NONE',  ( 1.000000000000000000, 0.000000000000000000, -6.505213034913028576E-16 ) ) ;
#2198 = CARTESIAN_POINT ( 'NONE',  ( -4.500000000000025757, -0.02000000000000000042, 1.799999999999999156 ) ) ;
#2199 = AXIS2_PLACEMENT_3D ( 'NONE', #5791, #4570, #6862 ) ;
#2200 = FACE_OUTER_BOUND ( 'NONE', #5379, .T. ) ;
#2201 = STYLED_ITEM ( 'NONE', ( #5412 ), #3471 ) ;
#2202 = ORIENTED_EDGE ( 'NONE', *, *, #2996, .T. ) ;
#2203 = DIRECTION ( 'NONE',  ( 1.000000000000000000, 0.000000000000000000, 0.000000000000000000 ) ) ;
#2204 = PRESENTATION_STYLE_ASSIGNMENT (( #7358 ) ) ;
#2205 = CARTESIAN_POINT ( 'NONE',  ( -5.204170427930392687E-16, 0.000000000000000000, -0.5999999999999967581 ) ) ;
#2206 = DIRECTION ( 'NONE',  ( 0.000000000000000000, 0.000000000000000000, 1.000000000000000000 ) ) ;
#2207 = CARTESIAN_POINT ( 'NONE',  ( -4.500000000000050626, -0.02000000000000000042, -1.189999999999999503 ) ) ;
#2208 = COLOUR_RGB ( '',0.9686274509803921573, 0.8784313725490195957, 0.5999999999999999778 ) ;
#2209 = EDGE_CURVE ( 'NONE', #2662, #6243, #6802, .T. ) ;
#2210 = EDGE_CURVE ( 'NONE', #5892, #1869, #2239, .T. ) ;
#2211 = COLOUR_RGB ( '',0.9686274509803921573, 0.8784313725490195957, 0.5999999999999999778 ) ;
#2212 = UNCERTAINTY_MEASURE_WITH_UNIT (LENGTH_MEASURE( 1.000000000000000082E-05 ), #5397, 'distance_accuracy_value', 'NONE');
#2213 = ORIENTED_EDGE ( 'NONE', *, *, #3972, .F. ) ;
#2214 = VECTOR ( 'NONE', #1045, 1000.000000000000000 ) ;
#2215 = CARTESIAN_POINT ( 'NONE',  ( 2.030000000000000693, -0.02000000000000000042, 5.749999999999999112 ) ) ;
#2216 = DIRECTION ( 'NONE',  ( -1.000000000000000000, 0.000000000000000000, -0.000000000000000000 ) ) ;
#2217 = COLOUR_RGB ( '',0.9686274509803921573, 0.8784313725490195957, 0.5999999999999999778 ) ;
#2218 = ORIENTED_EDGE ( 'NONE', *, *, #2624, .T. ) ;
#2219 = UNCERTAINTY_MEASURE_WITH_UNIT (LENGTH_MEASURE( 1.000000000000000082E-05 ), #4184, 'distance_accuracy_value', 'NONE');
#2220 = VERTEX_POINT ( 'NONE', #5646 ) ;
#2221 = DIRECTION ( 'NONE',  ( -0.000000000000000000, 0.000000000000000000, -1.000000000000000000 ) ) ;
#2222 = LINE ( 'NONE', #3429, #533 ) ;
#2223 = DIRECTION ( 'NONE',  ( 0.000000000000000000, 0.000000000000000000, 1.000000000000000000 ) ) ;
#2224 =( NAMED_UNIT ( * ) PLANE_ANGLE_UNIT ( ) SI_UNIT ( $, .RADIAN. ) );
#2225 = EDGE_CURVE ( 'NONE', #3399, #2275, #6908, .T. ) ;
#2226 =( GEOMETRIC_REPRESENTATION_CONTEXT ( 3 ) GLOBAL_UNCERTAINTY_ASSIGNED_CONTEXT ( ( #5651 ) ) GLOBAL_UNIT_ASSIGNED_CONTEXT ( ( #3347, #2754, #1001 ) ) REPRESENTATION_CONTEXT ( 'NONE', 'WORKASPACE' ) );
#2227 = ORIENTED_EDGE ( 'NONE', *, *, #5686, .F. ) ;
#2228 = VERTEX_POINT ( 'NONE', #3990 ) ;
#2229 = PRESENTATION_STYLE_ASSIGNMENT (( #7380 ) ) ;
#2230 =( NAMED_UNIT ( * ) PLANE_ANGLE_UNIT ( ) SI_UNIT ( $, .RADIAN. ) );
#2231 = FILL_AREA_STYLE ('',( #5081 ) ) ;
#2232 = FACE_OUTER_BOUND ( 'NONE', #1620, .T. ) ;
#2233 = SURFACE_STYLE_FILL_AREA ( #6206 ) ;
#2234 = AXIS2_PLACEMENT_3D ( 'NONE', #7169, #2462, #4234 ) ;
#2235 = STYLED_ITEM ( 'NONE', ( #5433 ), #1976 ) ;
#2236 = CARTESIAN_POINT ( 'NONE',  ( 4.500000000000039968, 0.5900000000000000799, 0.2500000000000002220 ) ) ;
#2237 = VERTEX_POINT ( 'NONE', #5245 ) ;
#2238 = STYLED_ITEM ( 'NONE', ( #6042 ), #4515 ) ;
#2239 = CIRCLE ( 'NONE', #1516, 0.2399999999999999911 ) ;
#2240 = VECTOR ( 'NONE', #911, 1000.000000000000000 ) ;
#2241 = ORIENTED_EDGE ( 'NONE', *, *, #6005, .F. ) ;
#2242 = PLANE ( 'NONE',  #5482 ) ;
#2243 =( NAMED_UNIT ( * ) PLANE_ANGLE_UNIT ( ) SI_UNIT ( $, .RADIAN. ) );
#2244 = CARTESIAN_POINT ( 'NONE',  ( 3.350000000000000533, -0.02000000000000000042, 5.749999999999999112 ) ) ;
#2245 = SURFACE_SIDE_STYLE ('',( #408 ) ) ;
#2246 = FACE_OUTER_BOUND ( 'NONE', #4168, .T. ) ;
#2247 =( GEOMETRIC_REPRESENTATION_CONTEXT ( 3 ) GLOBAL_UNCERTAINTY_ASSIGNED_CONTEXT ( ( #7397 ) ) GLOBAL_UNIT_ASSIGNED_CONTEXT ( ( #930, #889, #4320 ) ) REPRESENTATION_CONTEXT ( 'NONE', 'WORKASPACE' ) );
#2248 = UNCERTAINTY_MEASURE_WITH_UNIT (LENGTH_MEASURE( 1.000000000000000082E-05 ), #5936, 'distance_accuracy_value', 'NONE');
#2249 = STYLED_ITEM ( 'NONE', ( #3371 ), #4618 ) ;
#2250 = CIRCLE ( 'NONE', #1521, 0.3299999999999995715 ) ;
#2251 = COLOUR_RGB ( '',0.9686274509803921573, 0.8784313725490195957, 0.5999999999999999778 ) ;
#2252 = SURFACE_STYLE_FILL_AREA ( #4074 ) ;
#2253 = AXIS2_PLACEMENT_3D ( 'NONE', #1545, #3286, #5576 ) ;
#2254 = LINE ( 'NONE', #5171, #4558 ) ;
#2255 = ADVANCED_FACE ( 'NONE', ( #3484 ), #1711, .T. ) ;
#2256 = EDGE_CURVE ( 'NONE', #6025, #3294, #1102, .T. ) ;
#2257 = EDGE_LOOP ( 'NONE', ( #4910, #90, #2031, #4333 ) ) ;
#2258 = CARTESIAN_POINT ( 'NONE',  ( -4.499999999999999112, 0.5799999999999999600, -5.750000000000000888 ) ) ;
#2259 = CARTESIAN_POINT ( 'NONE',  ( 4.500000000000038192, -0.02000000000000000042, 0.01000000000000002623 ) ) ;
#2260 = CARTESIAN_POINT ( 'NONE',  ( -4.500000000000012434, 1.800655561573372143, 2.999999999999999112 ) ) ;
#2261 = STYLED_ITEM ( 'NONE', ( #5827 ), #5184 ) ;
#2262 = ORIENTED_EDGE ( 'NONE', *, *, #3840, .F. ) ;
#2263 =( NAMED_UNIT ( * ) PLANE_ANGLE_UNIT ( ) SI_UNIT ( $, .RADIAN. ) );
#2264 = EDGE_CURVE ( 'NONE', #2237, #5660, #4031, .T. ) ;
#2265 = ORIENTED_EDGE ( 'NONE', *, *, #5368, .F. ) ;
#2266 = FILL_AREA_STYLE ('',( #6223 ) ) ;
#2267 = STYLED_ITEM ( 'NONE', ( #4857 ), #5357 ) ;
#2268 = DIRECTION ( 'NONE',  ( 0.000000000000000000, 0.000000000000000000, -1.000000000000000000 ) ) ;
#2269 = DIRECTION ( 'NONE',  ( 0.000000000000000000, -1.000000000000000000, 0.000000000000000000 ) ) ;
#2270 = PRESENTATION_STYLE_ASSIGNMENT (( #5031 ) ) ;
#2271 = DIRECTION ( 'NONE',  ( 1.000000000000000000, -0.000000000000000000, 0.000000000000000000 ) ) ;
#2272 = FILL_AREA_STYLE ('',( #7419 ) ) ;
#2273 = VERTEX_POINT ( 'NONE', #2854 ) ;
#2274 = EDGE_CURVE ( 'NONE', #1972, #5942, #7434, .T. ) ;
#2275 = VERTEX_POINT ( 'NONE', #173 ) ;
#2276 = CARTESIAN_POINT ( 'NONE',  ( -4.000000000000000000, 2.080000000000000071, -1.430000000000000604 ) ) ;
#2277 = CARTESIAN_POINT ( 'NONE',  ( 3.500000000000000444, -0.02000000000000000042, 4.200000000000000178 ) ) ;
#2278 =( NAMED_UNIT ( * ) PLANE_ANGLE_UNIT ( ) SI_UNIT ( $, .RADIAN. ) );
#2279 =( NAMED_UNIT ( * ) SI_UNIT ( $, .STERADIAN. ) SOLID_ANGLE_UNIT ( ) );
#2280 =( NAMED_UNIT ( * ) PLANE_ANGLE_UNIT ( ) SI_UNIT ( $, .RADIAN. ) );
#2281 = VERTEX_POINT ( 'NONE', #3673 ) ;
#2282 = VERTEX_POINT ( 'NONE', #3561 ) ;
#2283 = SURFACE_STYLE_USAGE ( .BOTH. , #7430 ) ;
#2284 = SURFACE_STYLE_USAGE ( .BOTH. , #6324 ) ;
#2285 = PLANE ( 'NONE',  #3368 ) ;
#2286 =( NAMED_UNIT ( * ) PLANE_ANGLE_UNIT ( ) SI_UNIT ( $, .RADIAN. ) );
#2287 =( NAMED_UNIT ( * ) SI_UNIT ( $, .STERADIAN. ) SOLID_ANGLE_UNIT ( ) );
#2288 = COLOUR_RGB ( '',0.9686274509803921573, 0.8784313725490195957, 0.5999999999999999778 ) ;
#2289 = COLOUR_RGB ( '',0.9686274509803921573, 0.8784313725490195957, 0.5999999999999999778 ) ;
#2290 = VECTOR ( 'NONE', #2547, 1000.000000000000000 ) ;
#2291 = SURFACE_STYLE_USAGE ( .BOTH. , #626 ) ;
#2292 = ORIENTED_EDGE ( 'NONE', *, *, #663, .T. ) ;
#2293 = DIRECTION ( 'NONE',  ( 0.000000000000000000, -1.000000000000000000, 0.000000000000000000 ) ) ;
#2294 = LINE ( 'NONE', #4588, #2818 ) ;
#2295 = VECTOR ( 'NONE', #2179, 1000.000000000000000 ) ;
#2296 = EDGE_CURVE ( 'NONE', #3906, #123, #2426, .T. ) ;
#2297 = ORIENTED_EDGE ( 'NONE', *, *, #6872, .F. ) ;
#2298 = SURFACE_SIDE_STYLE ('',( #1113 ) ) ;
#2299 = UNCERTAINTY_MEASURE_WITH_UNIT (LENGTH_MEASURE( 1.000000000000000082E-05 ), #7147, 'distance_accuracy_value', 'NONE');
#2300 = ORIENTED_EDGE ( 'NONE', *, *, #4609, .F. ) ;
#2301 = AXIS2_PLACEMENT_3D ( 'NONE', #3880, #2132, #992 ) ;
#2302 =( NAMED_UNIT ( * ) PLANE_ANGLE_UNIT ( ) SI_UNIT ( $, .RADIAN. ) );
#2303 = SURFACE_STYLE_FILL_AREA ( #1727 ) ;
#2304 =( LENGTH_UNIT ( ) NAMED_UNIT ( * ) SI_UNIT ( .MILLI., .METRE. ) );
#2305 = LINE ( 'NONE', #3469, #7366 ) ;
#2306 = CARTESIAN_POINT ( 'NONE',  ( 4.500000000000000888, 0.5900000000000000799, 0.000000000000000000 ) ) ;
#2307 = CIRCLE ( 'NONE', #6485, 0.3299999999999995715 ) ;
#2308 = EDGE_CURVE ( 'NONE', #1380, #3399, #2848, .T. ) ;
#2309 = EDGE_CURVE ( 'NONE', #2060, #5153, #1939, .T. ) ;
#2310 =( GEOMETRIC_REPRESENTATION_CONTEXT ( 3 ) GLOBAL_UNCERTAINTY_ASSIGNED_CONTEXT ( ( #856 ) ) GLOBAL_UNIT_ASSIGNED_CONTEXT ( ( #172, #5801, #136 ) ) REPRESENTATION_CONTEXT ( 'NONE', 'WORKASPACE' ) );
#2311 = APPLICATION_CONTEXT ( 'automotive_design' ) ;
#2312 = ORIENTED_EDGE ( 'NONE', *, *, #5047, .T. ) ;
#2313 = ORIENTED_EDGE ( 'NONE', *, *, #4727, .F. ) ;
#2314 = CARTESIAN_POINT ( 'NONE',  ( 4.500000000000006217, 0.5900000000000000799, 2.650000000000000355 ) ) ;
#2315 = SURFACE_STYLE_USAGE ( .BOTH. , #3365 ) ;
#2316 = SURFACE_SIDE_STYLE ('',( #1090 ) ) ;
#2317 = CIRCLE ( 'NONE', #3757, 0.3500000000000000333 ) ;
#2318 = SURFACE_STYLE_FILL_AREA ( #3443 ) ;
#2319 = COLOUR_RGB ( '',0.9686274509803921573, 0.8784313725490195957, 0.5999999999999999778 ) ;
#2320 = ORIENTED_EDGE ( 'NONE', *, *, #6418, .F. ) ;
#2321 = ORIENTED_EDGE ( 'NONE', *, *, #1954, .T. ) ;
#2322 = DIRECTION ( 'NONE',  ( 1.000000000000000000, 0.000000000000000000, -0.000000000000000000 ) ) ;
#2323 = CIRCLE ( 'NONE', #6509, 0.2300000000000001765 ) ;
#2324 = FILL_AREA_STYLE ('',( #1666 ) ) ;
#2325 = CARTESIAN_POINT ( 'NONE',  ( -4.500000000000002665, 0.5900000000000000799, 4.089999999999999858 ) ) ;
#2326 = FILL_AREA_STYLE ('',( #5723 ) ) ;
#2327 = UNCERTAINTY_MEASURE_WITH_UNIT (LENGTH_MEASURE( 1.000000000000000082E-05 ), #1466, 'distance_accuracy_value', 'NONE');
#2328 = EDGE_CURVE ( 'NONE', #2401, #3480, #3597, .T. ) ;
#2329 = ORIENTED_EDGE ( 'NONE', *, *, #6232, .T. ) ;
#2330 =( LENGTH_UNIT ( ) NAMED_UNIT ( * ) SI_UNIT ( .MILLI., .METRE. ) );
#2331 = DIRECTION ( 'NONE',  ( 0.000000000000000000, 0.000000000000000000, 1.000000000000000000 ) ) ;
#2332 = AXIS2_PLACEMENT_3D ( 'NONE', #6964, #3970, #3538 ) ;
#2333 = ORIENTED_EDGE ( 'NONE', *, *, #4386, .F. ) ;
#2334 =( LENGTH_UNIT ( ) NAMED_UNIT ( * ) SI_UNIT ( .MILLI., .METRE. ) );
#2335 = ORIENTED_EDGE ( 'NONE', *, *, #928, .F. ) ;
#2336 = CARTESIAN_POINT ( 'NONE',  ( -1.469999999999999307, 0.5799999999999999600, 5.749999999999999112 ) ) ;
#2337 =( NAMED_UNIT ( * ) SI_UNIT ( $, .STERADIAN. ) SOLID_ANGLE_UNIT ( ) );
#2338 = MECHANICAL_DESIGN_GEOMETRIC_PRESENTATION_REPRESENTATION (  '', ( #3071 ), #2095 ) ;
#2339 = ORIENTED_EDGE ( 'NONE', *, *, #6143, .T. ) ;
#2340 = ORIENTED_EDGE ( 'NONE', *, *, #7368, .F. ) ;
#2341 = FILL_AREA_STYLE ('',( #2945 ) ) ;
#2342 =( LENGTH_UNIT ( ) NAMED_UNIT ( * ) SI_UNIT ( .MILLI., .METRE. ) );
#2343 = CARTESIAN_POINT ( 'NONE',  ( 0.000000000000000000, 0.000000000000000000, -0.09999999999999982514 ) ) ;
#2344 = ADVANCED_FACE ( 'NONE', ( #1253 ), #6517, .F. ) ;
#2345 = ADVANCED_FACE ( 'NONE', ( #3114 ), #2393, .F. ) ;
#2346 = CARTESIAN_POINT ( 'NONE',  ( -4.500000000000025757, -0.02000000000000000042, 1.690000000000000169 ) ) ;
#2347 = ORIENTED_EDGE ( 'NONE', *, *, #3542, .T. ) ;
#2348 = VERTEX_POINT ( 'NONE', #137 ) ;
#2349 =( GEOMETRIC_REPRESENTATION_CONTEXT ( 3 ) GLOBAL_UNCERTAINTY_ASSIGNED_CONTEXT ( ( #5169 ) ) GLOBAL_UNIT_ASSIGNED_CONTEXT ( ( #4426, #6713, #3786 ) ) REPRESENTATION_CONTEXT ( 'NONE', 'WORKASPACE' ) );
#2350 = CARTESIAN_POINT ( 'NONE',  ( -4.500000000000011546, 0.5900000000000000799, -0.08999999999999937217 ) ) ;
#2351 = MECHANICAL_DESIGN_GEOMETRIC_PRESENTATION_REPRESENTATION (  '', ( #2235 ), #76 ) ;
#2352 = LINE ( 'NONE', #4650, #3349 ) ;
#2353 = LINE ( 'NONE', #5914, #3261 ) ;
#2354 = DIRECTION ( 'NONE',  ( 0.000000000000000000, 0.000000000000000000, -1.000000000000000000 ) ) ;
#2355 = AXIS2_PLACEMENT_3D ( 'NONE', #5291, #2545, #710 ) ;
#2356 =( NAMED_UNIT ( * ) SI_UNIT ( $, .STERADIAN. ) SOLID_ANGLE_UNIT ( ) );
#2357 = CIRCLE ( 'NONE', #5946, 0.2300000000000001765 ) ;
#2358 = STYLED_ITEM ( 'NONE', ( #2460 ), #2344 ) ;
#2359 = VECTOR ( 'NONE', #3063, 1000.000000000000000 ) ;
#2360 = DIRECTION ( 'NONE',  ( 0.000000000000000000, 1.000000000000000000, -0.000000000000000000 ) ) ;
#2361 = SURFACE_STYLE_FILL_AREA ( #2861 ) ;
#2362 = ORIENTED_EDGE ( 'NONE', *, *, #5686, .T. ) ;
#2363 = ADVANCED_FACE ( 'NONE', ( #1293 ), #736, .F. ) ;
#2364 = LINE ( 'NONE', #37, #1680 ) ;
#2365 = DIRECTION ( 'NONE',  ( 0.000000000000000000, 0.000000000000000000, -1.000000000000000000 ) ) ;
#2366 = STYLED_ITEM ( 'NONE', ( #4028 ), #4770 ) ;
#2367 = MECHANICAL_DESIGN_GEOMETRIC_PRESENTATION_REPRESENTATION (  '', ( #6559 ), #6929 ) ;
#2368 = MECHANICAL_DESIGN_GEOMETRIC_PRESENTATION_REPRESENTATION (  '', ( #4071 ), #1761 ) ;
#2369 =( GEOMETRIC_REPRESENTATION_CONTEXT ( 3 ) GLOBAL_UNCERTAINTY_ASSIGNED_CONTEXT ( ( #7101 ) ) GLOBAL_UNIT_ASSIGNED_CONTEXT ( ( #2150, #5498, #2110 ) ) REPRESENTATION_CONTEXT ( 'NONE', 'WORKASPACE' ) );
#2370 = ORIENTED_EDGE ( 'NONE', *, *, #1905, .T. ) ;
#2371 = DIRECTION ( 'NONE',  ( 0.000000000000000000, -0.000000000000000000, -1.000000000000000000 ) ) ;
#2372 = UNCERTAINTY_MEASURE_WITH_UNIT (LENGTH_MEASURE( 1.000000000000000082E-05 ), #3589, 'distance_accuracy_value', 'NONE');
#2373 = ORIENTED_EDGE ( 'NONE', *, *, #5888, .T. ) ;
#2374 =( NAMED_UNIT ( * ) SI_UNIT ( $, .STERADIAN. ) SOLID_ANGLE_UNIT ( ) );
#2375 = CARTESIAN_POINT ( 'NONE',  ( -3.329999999999998295, 0.5900000000000000799, 5.749999999999999112 ) ) ;
#2376 = STYLED_ITEM ( 'NONE', ( #6382 ), #5161 ) ;
#2377 = DIRECTION ( 'NONE',  ( 0.000000000000000000, 0.000000000000000000, -1.000000000000000000 ) ) ;
#2378 = ORIENTED_EDGE ( 'NONE', *, *, #4804, .T. ) ;
#2379 = ORIENTED_EDGE ( 'NONE', *, *, #1128, .F. ) ;
#2380 = CIRCLE ( 'NONE', #6828, 0.3400000000000000244 ) ;
#2381 = SURFACE_SIDE_STYLE ('',( #5188 ) ) ;
#2382 = LINE ( 'NONE', #3663, #209 ) ;
#2383 = DIRECTION ( 'NONE',  ( -1.000000000000000000, 0.000000000000000000, -0.000000000000000000 ) ) ;
#2384 = FILL_AREA_STYLE ('',( #4640 ) ) ;
#2385 = CIRCLE ( 'NONE', #5976, 0.3299999999999995715 ) ;
#2386 = EDGE_CURVE ( 'NONE', #4178, #374, #1590, .T. ) ;
#2387 = VERTEX_POINT ( 'NONE', #3180 ) ;
#2388 = ORIENTED_EDGE ( 'NONE', *, *, #959, .T. ) ;
#2389 = PRESENTATION_LAYER_ASSIGNMENT (  '', '', ( #1301 ) ) ;
#2390 = PRESENTATION_STYLE_ASSIGNMENT (( #1290 ) ) ;
#2391 = DIRECTION ( 'NONE',  ( 0.000000000000000000, 1.000000000000000000, 0.000000000000000000 ) ) ;
#2392 = CARTESIAN_POINT ( 'NONE',  ( 4.000000000000000000, 2.080000000000000071, -1.430000000000000604 ) ) ;
#2393 = PLANE ( 'NONE',  #6686 ) ;
#2394 = LINE ( 'NONE', #4032, #5180 ) ;
#2395 = VECTOR ( 'NONE', #4167, 1000.000000000000000 ) ;
#2396 = EDGE_CURVE ( 'NONE', #3353, #5519, #987, .T. ) ;
#2397 = EDGE_CURVE ( 'NONE', #1483, #6392, #2593, .T. ) ;
#2398 = PLANE ( 'NONE',  #1678 ) ;
#2399 = DIRECTION ( 'NONE',  ( -0.000000000000000000, 1.000000000000000000, -0.000000000000000000 ) ) ;
#2400 = SURFACE_STYLE_FILL_AREA ( #2266 ) ;
#2401 = VERTEX_POINT ( 'NONE', #5424 ) ;
#2402 = CYLINDRICAL_SURFACE ( 'NONE', #138, 0.3299999999999995715 ) ;
#2403 = CARTESIAN_POINT ( 'NONE',  ( 4.500000000000012434, -0.02000000000000000042, 2.890000000000000568 ) ) ;
#2404 =( GEOMETRIC_REPRESENTATION_CONTEXT ( 3 ) GLOBAL_UNCERTAINTY_ASSIGNED_CONTEXT ( ( #6497 ) ) GLOBAL_UNIT_ASSIGNED_CONTEXT ( ( #421, #2148, #2190 ) ) REPRESENTATION_CONTEXT ( 'NONE', 'WORKASPACE' ) );
#2405 = SURFACE_STYLE_FILL_AREA ( #2973 ) ;
#2406 = MECHANICAL_DESIGN_GEOMETRIC_PRESENTATION_REPRESENTATION (  '', ( #3736 ), #5033 ) ;
#2407 = VERTEX_POINT ( 'NONE', #916 ) ;
#2408 = FACE_OUTER_BOUND ( 'NONE', #2466, .T. ) ;
#2409 = ORIENTED_EDGE ( 'NONE', *, *, #1791, .F. ) ;
#2410 = LINE ( 'NONE', #5260, #2588 ) ;
#2411 = FACE_OUTER_BOUND ( 'NONE', #5854, .T. ) ;
#2412 = EDGE_CURVE ( 'NONE', #4744, #970, #6921, .T. ) ;
#2413 = ORIENTED_EDGE ( 'NONE', *, *, #6269, .T. ) ;
#2414 = AXIS2_PLACEMENT_3D ( 'NONE', #3955, #5617, #3374 ) ;
#2415 = ORIENTED_EDGE ( 'NONE', *, *, #4555, .F. ) ;
#2416 = CARTESIAN_POINT ( 'NONE',  ( 2.030000000000000693, 0.5900000000000000799, 5.749999999999999112 ) ) ;
#2417 = DIRECTION ( 'NONE',  ( 1.000000000000000000, 0.000000000000000000, 0.000000000000000000 ) ) ;
#2418 = CARTESIAN_POINT ( 'NONE',  ( -4.499999999999999112, 0.000000000000000000, -0.000000000000000000 ) ) ;
#2419 = ORIENTED_EDGE ( 'NONE', *, *, #5283, .F. ) ;
#2420 = VERTEX_POINT ( 'NONE', #2689 ) ;
#2421 = AXIS2_PLACEMENT_3D ( 'NONE', #5598, #2269, #5566 ) ;
#2422 = CARTESIAN_POINT ( 'NONE',  ( 3.000000000000000444, 0.5799999999999999600, 5.749999999999999112 ) ) ;
#2423 = DIRECTION ( 'NONE',  ( 0.000000000000000000, -1.000000000000000000, 0.000000000000000000 ) ) ;
#2424 = DIRECTION ( 'NONE',  ( -1.000000000000000000, 0.000000000000000000, 0.000000000000000000 ) ) ;
#2425 = SURFACE_SIDE_STYLE ('',( #4200 ) ) ;
#2426 = LINE ( 'NONE', #3079, #3813 ) ;
#2427 = MECHANICAL_DESIGN_GEOMETRIC_PRESENTATION_REPRESENTATION (  '', ( #5056 ), #6752 ) ;
#2428 = DIRECTION ( 'NONE',  ( 0.000000000000000000, -0.000000000000000000, -1.000000000000000000 ) ) ;
#2429 =( GEOMETRIC_REPRESENTATION_CONTEXT ( 3 ) GLOBAL_UNCERTAINTY_ASSIGNED_CONTEXT ( ( #3506 ) ) GLOBAL_UNIT_ASSIGNED_CONTEXT ( ( #2489, #864, #723 ) ) REPRESENTATION_CONTEXT ( 'NONE', 'WORKASPACE' ) );
#2430 = SURFACE_STYLE_FILL_AREA ( #3678 ) ;
#2431 = CARTESIAN_POINT ( 'NONE',  ( 0.9500000000000011768, 0.000000000000000000, 4.749999999999999112 ) ) ;
#2432 = EDGE_LOOP ( 'NONE', ( #2862, #2025, #7233, #6886 ) ) ;
#2433 = SURFACE_STYLE_FILL_AREA ( #4170 ) ;
#2434 = EDGE_CURVE ( 'NONE', #207, #5892, #949, .T. ) ;
#2435 = EDGE_CURVE ( 'NONE', #2407, #7179, #5461, .T. ) ;
#2436 = CARTESIAN_POINT ( 'NONE',  ( -2.999999999999998668, 0.5900000000000000799, 5.419999999999999041 ) ) ;
#2437 = ORIENTED_EDGE ( 'NONE', *, *, #417, .F. ) ;
#2438 = CARTESIAN_POINT ( 'NONE',  ( -4.500000000000002665, 0.5900000000000000799, 3.850000000000000089 ) ) ;
#2439 = UNCERTAINTY_MEASURE_WITH_UNIT (LENGTH_MEASURE( 1.000000000000000082E-05 ), #1542, 'distance_accuracy_value', 'NONE');
#2440 = ORIENTED_EDGE ( 'NONE', *, *, #2154, .T. ) ;
#2441 = DIRECTION ( 'NONE',  ( 0.000000000000000000, 0.000000000000000000, 1.000000000000000000 ) ) ;
#2442 = CARTESIAN_POINT ( 'NONE',  ( -3.500000000000025757, -0.02000000000000000042, 1.800000000000000044 ) ) ;
#2443 = PLANE ( 'NONE',  #5342 ) ;
#2444 = PLANE ( 'NONE',  #4376 ) ;
#2445 =( NAMED_UNIT ( * ) SI_UNIT ( $, .STERADIAN. ) SOLID_ANGLE_UNIT ( ) );
#2446 = COLOUR_RGB ( '',0.9686274509803921573, 0.8784313725490195957, 0.5999999999999999778 ) ;
#2447 = ORIENTED_EDGE ( 'NONE', *, *, #5556, .F. ) ;
#2448 = PRESENTATION_LAYER_ASSIGNMENT (  '', '', ( #6399 ) ) ;
#2449 = ORIENTED_EDGE ( 'NONE', *, *, #1049, .T. ) ;
#2450 = LINE ( 'NONE', #4736, #3397 ) ;
#2451 = ADVANCED_FACE ( 'NONE', ( #289 ), #5542, .F. ) ;
#2452 =( GEOMETRIC_REPRESENTATION_CONTEXT ( 3 ) GLOBAL_UNCERTAINTY_ASSIGNED_CONTEXT ( ( #5058 ) ) GLOBAL_UNIT_ASSIGNED_CONTEXT ( ( #7413, #2302, #4522 ) ) REPRESENTATION_CONTEXT ( 'NONE', 'WORKASPACE' ) );
#2453 = CARTESIAN_POINT ( 'NONE',  ( -3.500000000000037748, -0.02000000000000000042, -0.09999999999999982514 ) ) ;
#2454 = SURFACE_STYLE_USAGE ( .BOTH. , #2991 ) ;
#2455 = DIRECTION ( 'NONE',  ( 0.000000000000000000, 0.000000000000000000, -1.000000000000000000 ) ) ;
#2456 = DIRECTION ( 'NONE',  ( 1.000000000000000000, 0.000000000000000000, -2.168404344971008079E-15 ) ) ;
#2457 = ORIENTED_EDGE ( 'NONE', *, *, #1223, .T. ) ;
#2458 = VERTEX_POINT ( 'NONE', #1018 ) ;
#2459 = FILL_AREA_STYLE ('',( #170 ) ) ;
#2460 = PRESENTATION_STYLE_ASSIGNMENT (( #7059 ) ) ;
#2461 = VECTOR ( 'NONE', #6986, 1000.000000000000000 ) ;
#2462 = DIRECTION ( 'NONE',  ( -0.000000000000000000, -1.000000000000000000, -0.000000000000000000 ) ) ;
#2463 = PRESENTATION_STYLE_ASSIGNMENT (( #5249 ) ) ;
#2464 = CARTESIAN_POINT ( 'NONE',  ( -2.999999999999998668, 0.5900000000000000799, 5.749999999999999112 ) ) ;
#2465 = PRESENTATION_LAYER_ASSIGNMENT (  '', '', ( #5694 ) ) ;
#2466 = EDGE_LOOP ( 'NONE', ( #279, #4144, #7010, #955 ) ) ;
#2467 =( LENGTH_UNIT ( ) NAMED_UNIT ( * ) SI_UNIT ( .MILLI., .METRE. ) );
#2468 = LINE ( 'NONE', #2575, #1873 ) ;
#2469 = DIRECTION ( 'NONE',  ( 0.000000000000000000, 0.000000000000000000, -1.000000000000000000 ) ) ;
#2470 = MECHANICAL_DESIGN_GEOMETRIC_PRESENTATION_REPRESENTATION (  '', ( #5102 ), #5941 ) ;
#2471 = EDGE_CURVE ( 'NONE', #6184, #272, #792, .T. ) ;
#2472 = ADVANCED_FACE ( 'NONE', ( #3216 ), #7314, .T. ) ;
#2473 = ORIENTED_EDGE ( 'NONE', *, *, #6796, .F. ) ;
#2474 = SURFACE_STYLE_FILL_AREA ( #6449 ) ;
#2475 = VECTOR ( 'NONE', #5684, 1000.000000000000000 ) ;
#2476 = MECHANICAL_DESIGN_GEOMETRIC_PRESENTATION_REPRESENTATION (  '', ( #7048 ), #4410 ) ;
#2477 = EDGE_LOOP ( 'NONE', ( #4701, #7030, #3941, #384 ) ) ;
#2478 = CARTESIAN_POINT ( 'NONE',  ( 0.000000000000000000, 0.5900000000000000799, 5.749999999999999112 ) ) ;
#2479 = DIRECTION ( 'NONE',  ( 0.000000000000000000, 1.000000000000000000, -0.000000000000000000 ) ) ;
#2480 = SURFACE_SIDE_STYLE ('',( #3128 ) ) ;
#2481 = COLOUR_RGB ( '',0.9686274509803921573, 0.8784313725490195957, 0.5999999999999999778 ) ;
#2482 = STYLED_ITEM ( 'NONE', ( #6021 ), #2472 ) ;
#2483 = ADVANCED_FACE ( 'NONE', ( #578 ), #5714, .F. ) ;
#2484 = EDGE_CURVE ( 'NONE', #6111, #198, #5673, .T. ) ;
#2485 = ORIENTED_EDGE ( 'NONE', *, *, #6798, .F. ) ;
#2486 = ORIENTED_EDGE ( 'NONE', *, *, #4688, .T. ) ;
#2487 = CARTESIAN_POINT ( 'NONE',  ( 4.500000000000000888, 0.000000000000000000, 2.299999999999999822 ) ) ;
#2488 = PRESENTATION_LAYER_ASSIGNMENT (  '', '', ( #2860 ) ) ;
#2489 =( LENGTH_UNIT ( ) NAMED_UNIT ( * ) SI_UNIT ( .MILLI., .METRE. ) );
#2490 = DIRECTION ( 'NONE',  ( 0.000000000000000000, 0.000000000000000000, 1.000000000000000000 ) ) ;
#2491 =( LENGTH_UNIT ( ) NAMED_UNIT ( * ) SI_UNIT ( .MILLI., .METRE. ) );
#2492 = CARTESIAN_POINT ( 'NONE',  ( 4.500000000000050626, -0.02000000000000000042, -1.189999999999999725 ) ) ;
#2493 = VECTOR ( 'NONE', #6542, 1000.000000000000000 ) ;
#2494 = ADVANCED_FACE ( 'NONE', ( #6826 ), #5043, .T. ) ;
#2495 = ORIENTED_EDGE ( 'NONE', *, *, #996, .T. ) ;
#2496 = ORIENTED_EDGE ( 'NONE', *, *, #1700, .F. ) ;
#2497 = SURFACE_SIDE_STYLE ('',( #4227 ) ) ;
#2498 = DIRECTION ( 'NONE',  ( 0.000000000000000000, 1.000000000000000000, 0.000000000000000000 ) ) ;
#2499 = LINE ( 'NONE', #5874, #4396 ) ;
#2500 = DIRECTION ( 'NONE',  ( -0.000000000000000000, 1.000000000000000000, -0.000000000000000000 ) ) ;
#2501 = MECHANICAL_DESIGN_GEOMETRIC_PRESENTATION_REPRESENTATION (  '', ( #1536 ), #3467 ) ;
#2502 =( LENGTH_UNIT ( ) NAMED_UNIT ( * ) SI_UNIT ( .MILLI., .METRE. ) );
#2503 = EDGE_CURVE ( 'NONE', #1649, #7412, #2250, .T. ) ;
#2504 = DIRECTION ( 'NONE',  ( -0.000000000000000000, 0.000000000000000000, -1.000000000000000000 ) ) ;
#2505 =( NAMED_UNIT ( * ) PLANE_ANGLE_UNIT ( ) SI_UNIT ( $, .RADIAN. ) );
#2506 = LINE ( 'NONE', #4273, #3250 ) ;
#2507 = DIRECTION ( 'NONE',  ( 0.000000000000000000, 0.000000000000000000, -1.000000000000000000 ) ) ;
#2508 = FACE_OUTER_BOUND ( 'NONE', #4398, .T. ) ;
#2509 = ORIENTED_EDGE ( 'NONE', *, *, #6942, .F. ) ;
#2510 = DIRECTION ( 'NONE',  ( 0.000000000000000000, 0.000000000000000000, -1.000000000000000000 ) ) ;
#2511 = ORIENTED_EDGE ( 'NONE', *, *, #3308, .T. ) ;
#2512 = DIRECTION ( 'NONE',  ( 0.000000000000000000, -0.000000000000000000, -1.000000000000000000 ) ) ;
#2513 = UNCERTAINTY_MEASURE_WITH_UNIT (LENGTH_MEASURE( 1.000000000000000082E-05 ), #3523, 'distance_accuracy_value', 'NONE');
#2514 =( LENGTH_UNIT ( ) NAMED_UNIT ( * ) SI_UNIT ( .MILLI., .METRE. ) );
#2515 = SURFACE_STYLE_FILL_AREA ( #229 ) ;
#2516 =( NAMED_UNIT ( * ) PLANE_ANGLE_UNIT ( ) SI_UNIT ( $, .RADIAN. ) );
#2517 = PRESENTATION_STYLE_ASSIGNMENT (( #3695 ) ) ;
#2518 = VECTOR ( 'NONE', #55, 1000.000000000000000 ) ;
#2519 = EDGE_LOOP ( 'NONE', ( #3985, #7207, #461, #4369 ) ) ;
#2520 = VERTEX_POINT ( 'NONE', #1698 ) ;
#2521 = DIRECTION ( 'NONE',  ( -0.000000000000000000, -1.000000000000000000, -0.000000000000000000 ) ) ;
#2522 = VECTOR ( 'NONE', #7273, 1000.000000000000000 ) ;
#2523 = LINE ( 'NONE', #5979, #2063 ) ;
#2524 = EDGE_CURVE ( 'NONE', #7363, #7067, #5375, .T. ) ;
#2525 = EDGE_CURVE ( 'NONE', #5983, #2275, #919, .T. ) ;
#2526 = EDGE_LOOP ( 'NONE', ( #1853, #1277, #5193, #2127 ) ) ;
#2527 =( GEOMETRIC_REPRESENTATION_CONTEXT ( 3 ) GLOBAL_UNCERTAINTY_ASSIGNED_CONTEXT ( ( #2820 ) ) GLOBAL_UNIT_ASSIGNED_CONTEXT ( ( #2334, #2263, #1157 ) ) REPRESENTATION_CONTEXT ( 'NONE', 'WORKASPACE' ) );
#2528 = ORIENTED_EDGE ( 'NONE', *, *, #47, .T. ) ;
#2529 = CARTESIAN_POINT ( 'NONE',  ( -4.500000000000007105, 0.5900000000000000799, 1.110000000000000542 ) ) ;
#2530 =( LENGTH_UNIT ( ) NAMED_UNIT ( * ) SI_UNIT ( .MILLI., .METRE. ) );
#2531 = CARTESIAN_POINT ( 'NONE',  ( -4.500000000000018652, 0.5900000000000000799, -0.9499999999999995115 ) ) ;
#2532 = FILL_AREA_STYLE_COLOUR ( '', #5258 ) ;
#2533 =( NAMED_UNIT ( * ) PLANE_ANGLE_UNIT ( ) SI_UNIT ( $, .RADIAN. ) );
#2534 = COLOUR_RGB ( '',0.9686274509803921573, 0.8784313725490195957, 0.5999999999999999778 ) ;
#2535 = VECTOR ( 'NONE', #2046, 1000.000000000000000 ) ;
#2536 = FILL_AREA_STYLE ('',( #1369 ) ) ;
#2537 = AXIS2_PLACEMENT_3D ( 'NONE', #7119, #1969, #278 ) ;
#2538 = LINE ( 'NONE', #924, #1774 ) ;
#2539 = ORIENTED_EDGE ( 'NONE', *, *, #508, .F. ) ;
#2540 = FACE_OUTER_BOUND ( 'NONE', #7309, .T. ) ;
#2541 = EDGE_CURVE ( 'NONE', #696, #665, #2382, .T. ) ;
#2542 = DIRECTION ( 'NONE',  ( 0.000000000000000000, 0.000000000000000000, -1.000000000000000000 ) ) ;
#2543 = VECTOR ( 'NONE', #586, 1000.000000000000000 ) ;
#2544 = ORIENTED_EDGE ( 'NONE', *, *, #3723, .F. ) ;
#2545 = DIRECTION ( 'NONE',  ( -1.000000000000000000, 0.000000000000000000, 0.000000000000000000 ) ) ;
#2546 = EDGE_LOOP ( 'NONE', ( #5418, #1512, #6234, #5933, #1207, #1453 ) ) ;
#2547 = DIRECTION ( 'NONE',  ( -1.000000000000000000, 0.000000000000000000, 8.673617379884035472E-16 ) ) ;
#2548 = CARTESIAN_POINT ( 'NONE',  ( 4.500000000000000888, 0.5799999999999999600, 0.5900000000000003020 ) ) ;
#2549 = MECHANICAL_DESIGN_GEOMETRIC_PRESENTATION_REPRESENTATION (  '', ( #1591 ), #4485 ) ;
#2550 = SURFACE_STYLE_FILL_AREA ( #7218 ) ;
#2551 = PLANE ( 'NONE',  #5110 ) ;
#2552 = STYLED_ITEM ( 'NONE', ( #457 ), #3519 ) ;
#2553 = ORIENTED_EDGE ( 'NONE', *, *, #250, .T. ) ;
#2554 = VERTEX_POINT ( 'NONE', #4254 ) ;
#2555 = LINE ( 'NONE', #6455, #2739 ) ;
#2556 = DIRECTION ( 'NONE',  ( -0.000000000000000000, 1.000000000000000000, -0.000000000000000000 ) ) ;
#2557 = CARTESIAN_POINT ( 'NONE',  ( -4.499999999999999112, 0.5799999999999999600, 0.000000000000000000 ) ) ;
#2558 =( NAMED_UNIT ( * ) SI_UNIT ( $, .STERADIAN. ) SOLID_ANGLE_UNIT ( ) );
#2559 = MECHANICAL_DESIGN_GEOMETRIC_PRESENTATION_REPRESENTATION (  '', ( #1721 ), #2817 ) ;
#2560 = FACE_OUTER_BOUND ( 'NONE', #3361, .T. ) ;
#2561 = MECHANICAL_DESIGN_GEOMETRIC_PRESENTATION_REPRESENTATION (  '', ( #2094 ), #7017 ) ;
#2562 = ORIENTED_EDGE ( 'NONE', *, *, #5144, .T. ) ;
#2563 = EDGE_CURVE ( 'NONE', #2273, #1793, #5712, .T. ) ;
#2564 = ADVANCED_FACE ( 'NONE', ( #1891 ), #725, .T. ) ;
#2565 = ORIENTED_EDGE ( 'NONE', *, *, #6683, .T. ) ;
#2566 = CARTESIAN_POINT ( 'NONE',  ( 0.000000000000000000, 2.080000000000000071, 0.000000000000000000 ) ) ;
#2567 = DIRECTION ( 'NONE',  ( -0.000000000000000000, 0.000000000000000000, 1.000000000000000000 ) ) ;
#2568 = FACE_OUTER_BOUND ( 'NONE', #3535, .T. ) ;
#2569 = SURFACE_STYLE_FILL_AREA ( #6171 ) ;
#2570 = PLANE ( 'NONE',  #4709 ) ;
#2571 =( NAMED_UNIT ( * ) PLANE_ANGLE_UNIT ( ) SI_UNIT ( $, .RADIAN. ) );
#2572 = DIRECTION ( 'NONE',  ( -1.000000000000000000, 0.000000000000000000, -0.000000000000000000 ) ) ;
#2573 = CYLINDRICAL_SURFACE ( 'NONE', #4658, 0.3399999999999998024 ) ;
#2574 = ORIENTED_EDGE ( 'NONE', *, *, #958, .T. ) ;
#2575 = CARTESIAN_POINT ( 'NONE',  ( -4.499999999999999112, 0.000000000000000000, -0.000000000000000000 ) ) ;
#2576 = SURFACE_STYLE_USAGE ( .BOTH. , #6066 ) ;
#2577 = AXIS2_PLACEMENT_3D ( 'NONE', #4005, #6841, #79 ) ;
#2578 = EDGE_CURVE ( 'NONE', #1869, #5563, #1203, .T. ) ;
#2579 = EDGE_LOOP ( 'NONE', ( #1567, #4148, #3389, #7123, #822 ) ) ;
#2580 = CARTESIAN_POINT ( 'NONE',  ( 4.500000000000000888, 0.5900000000000000799, 0.01000000000000002623 ) ) ;
#2581 = UNCERTAINTY_MEASURE_WITH_UNIT (LENGTH_MEASURE( 1.000000000000000082E-05 ), #4812, 'distance_accuracy_value', 'NONE');
#2582 = ORIENTED_EDGE ( 'NONE', *, *, #1127, .T. ) ;
#2583 = CARTESIAN_POINT ( 'NONE',  ( 4.500000000000025757, 1.800655561573372143, 1.799999999999999156 ) ) ;
#2584 = CARTESIAN_POINT ( 'NONE',  ( 0.2500000000000011102, 1.800655561573372143, 0.000000000000000000 ) ) ;
#2585 = COLOUR_RGB ( '',0.9686274509803921573, 0.8784313725490195957, 0.5999999999999999778 ) ;
#2586 = PRESENTATION_LAYER_ASSIGNMENT (  '', '', ( #2235 ) ) ;
#2587 = UNCERTAINTY_MEASURE_WITH_UNIT (LENGTH_MEASURE( 1.000000000000000082E-05 ), #2149, 'distance_accuracy_value', 'NONE');
#2588 = VECTOR ( 'NONE', #5817, 1000.000000000000000 ) ;
#2589 = SURFACE_STYLE_USAGE ( .BOTH. , #7185 ) ;
#2590 = LINE ( 'NONE', #4984, #6272 ) ;
#2591 = AXIS2_PLACEMENT_3D ( 'NONE', #5324, #5962, #297 ) ;
#2592 = VECTOR ( 'NONE', #6677, 1000.000000000000000 ) ;
#2593 = CIRCLE ( 'NONE', #7288, 0.3400000000000000244 ) ;
#2594 = COLOUR_RGB ( '',0.9686274509803921573, 0.8784313725490195957, 0.5999999999999999778 ) ;
#2595 = VERTEX_POINT ( 'NONE', #1281 ) ;
#2596 = ORIENTED_EDGE ( 'NONE', *, *, #867, .T. ) ;
#2597 = PRESENTATION_STYLE_ASSIGNMENT (( #6658 ) ) ;
#2598 = DIRECTION ( 'NONE',  ( 0.000000000000000000, 0.000000000000000000, 1.000000000000000000 ) ) ;
#2599 = FILL_AREA_STYLE ('',( #237 ) ) ;
#2600 =( LENGTH_UNIT ( ) NAMED_UNIT ( * ) SI_UNIT ( .MILLI., .METRE. ) );
#2601 = DIRECTION ( 'NONE',  ( -0.000000000000000000, -1.000000000000000000, -0.000000000000000000 ) ) ;
#2602 = PLANE ( 'NONE',  #873 ) ;
#2603 = AXIS2_PLACEMENT_3D ( 'NONE', #203, #6425, #764 ) ;
#2604 = FILL_AREA_STYLE_COLOUR ( '', #3391 ) ;
#2605 = AXIS2_PLACEMENT_3D ( 'NONE', #4832, #1987, #4289 ) ;
#2606 = ORIENTED_EDGE ( 'NONE', *, *, #6055, .T. ) ;
#2607 = PRESENTATION_LAYER_ASSIGNMENT (  '', '', ( #4071 ) ) ;
#2608 = PRESENTATION_LAYER_ASSIGNMENT (  '', '', ( #2740 ) ) ;
#2609 = ORIENTED_EDGE ( 'NONE', *, *, #2709, .T. ) ;
#2610 = DIRECTION ( 'NONE',  ( -0.000000000000000000, -1.000000000000000000, -0.000000000000000000 ) ) ;
#2611 = DIRECTION ( 'NONE',  ( 0.000000000000000000, 0.000000000000000000, 1.000000000000000000 ) ) ;
#2612 = PRESENTATION_STYLE_ASSIGNMENT (( #319 ) ) ;
#2613 = SURFACE_STYLE_USAGE ( .BOTH. , #3039 ) ;
#2614 = FACE_BOUND ( 'NONE', #3609, .T. ) ;
#2615 = LINE ( 'NONE', #3913, #1345 ) ;
#2616 =( GEOMETRIC_REPRESENTATION_CONTEXT ( 3 ) GLOBAL_UNCERTAINTY_ASSIGNED_CONTEXT ( ( #2327 ) ) GLOBAL_UNIT_ASSIGNED_CONTEXT ( ( #1466, #5026, #4951 ) ) REPRESENTATION_CONTEXT ( 'NONE', 'WORKASPACE' ) );
#2617 = ADVANCED_FACE ( 'NONE', ( #127 ), #7044, .T. ) ;
#2618 = ORIENTED_EDGE ( 'NONE', *, *, #921, .T. ) ;
#2619 = DIRECTION ( 'NONE',  ( 0.000000000000000000, -1.000000000000000000, 0.000000000000000000 ) ) ;
#2620 = DIRECTION ( 'NONE',  ( -1.000000000000000000, 0.000000000000000000, 2.710505431213762071E-16 ) ) ;
#2621 = DIRECTION ( 'NONE',  ( -0.000000000000000000, 1.000000000000000000, -0.000000000000000000 ) ) ;
#2622 = PRESENTATION_STYLE_ASSIGNMENT (( #5618 ) ) ;
#2623 = AXIS2_PLACEMENT_3D ( 'NONE', #5583, #364, #7283 ) ;
#2624 = EDGE_CURVE ( 'NONE', #4341, #2273, #1927, .T. ) ;
#2625 = ADVANCED_FACE ( 'NONE', ( #3167 ), #3281, .F. ) ;
#2626 = VERTEX_POINT ( 'NONE', #866 ) ;
#2627 = FILL_AREA_STYLE ('',( #7180 ) ) ;
#2628 = EDGE_LOOP ( 'NONE', ( #7370, #4742, #122, #6102 ) ) ;
#2629 = PRESENTATION_STYLE_ASSIGNMENT (( #3158 ) ) ;
#2630 = CARTESIAN_POINT ( 'NONE',  ( 4.000000000000000000, 2.080000000000000071, -1.430000000000000604 ) ) ;
#2631 = DIRECTION ( 'NONE',  ( -1.000000000000000000, 0.000000000000000000, 0.000000000000000000 ) ) ;
#2632 = VECTOR ( 'NONE', #5313, 1000.000000000000000 ) ;
#2633 = ORIENTED_EDGE ( 'NONE', *, *, #7327, .T. ) ;
#2634 = ORIENTED_EDGE ( 'NONE', *, *, #5695, .T. ) ;
#2635 = CARTESIAN_POINT ( 'NONE',  ( -4.500000000000027534, -0.02000000000000000042, 1.450000000000000400 ) ) ;
#2636 = CARTESIAN_POINT ( 'NONE',  ( -4.500000000000009770, 0.5900000000000000799, 1.450000000000000400 ) ) ;
#2637 = DIRECTION ( 'NONE',  ( 0.000000000000000000, -1.000000000000000000, 0.000000000000000000 ) ) ;
#2638 = CARTESIAN_POINT ( 'NONE',  ( -4.500000000000012434, -0.02000000000000000042, 2.299999999999999822 ) ) ;
#2639 = DIRECTION ( 'NONE',  ( 0.000000000000000000, 0.000000000000000000, 1.000000000000000000 ) ) ;
#2640 = AXIS2_PLACEMENT_3D ( 'NONE', #6302, #4595, #4665 ) ;
#2641 = ADVANCED_FACE ( 'NONE', ( #3140 ), #6703, .T. ) ;
#2642 = AXIS2_PLACEMENT_3D ( 'NONE', #4488, #6772, #2798 ) ;
#2643 = PRESENTATION_LAYER_ASSIGNMENT (  '', '', ( #4103 ) ) ;
#2644 = ORIENTED_EDGE ( 'NONE', *, *, #4769, .F. ) ;
#2645 = ORIENTED_EDGE ( 'NONE', *, *, #2563, .F. ) ;
#2646 = CARTESIAN_POINT ( 'NONE',  ( 0.2500000000000011102, -0.02000000000000000042, 5.749999999999999112 ) ) ;
#2647 = DIRECTION ( 'NONE',  ( -0.000000000000000000, 1.000000000000000000, 0.000000000000000000 ) ) ;
#2648 = SURFACE_SIDE_STYLE ('',( #6095 ) ) ;
#2649 = DIRECTION ( 'NONE',  ( 0.000000000000000000, 0.000000000000000000, 1.000000000000000000 ) ) ;
#2650 = DIRECTION ( 'NONE',  ( -0.000000000000000000, 1.000000000000000000, -0.000000000000000000 ) ) ;
#2651 = CARTESIAN_POINT ( 'NONE',  ( 2.130000000000000338, 0.5900000000000000799, 5.749999999999999112 ) ) ;
#2652 = ORIENTED_EDGE ( 'NONE', *, *, #6143, .F. ) ;
#2653 = PRESENTATION_STYLE_ASSIGNMENT (( #363 ) ) ;
#2654 = AXIS2_PLACEMENT_3D ( 'NONE', #660, #1901, #5244 ) ;
#2655 = CARTESIAN_POINT ( 'NONE',  ( -1.919999999999998597, 1.779999999999999805, -3.790000000000002256 ) ) ;
#2656 = LINE ( 'NONE', #7319, #2143 ) ;
#2657 = CARTESIAN_POINT ( 'NONE',  ( -4.500000000000002665, 0.5799999999999999600, 3.850000000000000089 ) ) ;
#2658 = LINE ( 'NONE', #3187, #3501 ) ;
#2659 = SURFACE_SIDE_STYLE ('',( #5585 ) ) ;
#2660 = SURFACE_STYLE_FILL_AREA ( #1529 ) ;
#2661 = VECTOR ( 'NONE', #6750, 1000.000000000000000 ) ;
#2662 = VERTEX_POINT ( 'NONE', #5411 ) ;
#2663 = PLANE ( 'NONE',  #4408 ) ;
#2664 = ADVANCED_FACE ( 'NONE', ( #3208 ), #3705, .T. ) ;
#2665 = UNCERTAINTY_MEASURE_WITH_UNIT (LENGTH_MEASURE( 1.000000000000000082E-05 ), #4091, 'distance_accuracy_value', 'NONE');
#2666 = EDGE_CURVE ( 'NONE', #7335, #5597, #6303, .T. ) ;
#2667 = ORIENTED_EDGE ( 'NONE', *, *, #509, .T. ) ;
#2668 = LINE ( 'NONE', #7328, #2295 ) ;
#2669 = UNCERTAINTY_MEASURE_WITH_UNIT (LENGTH_MEASURE( 1.000000000000000082E-05 ), #7088, 'distance_accuracy_value', 'NONE');
#2670 = CARTESIAN_POINT ( 'NONE',  ( -0.5999999999999989786, 0.5900000000000000799, 5.419999999999999041 ) ) ;
#2671 = PLANE ( 'NONE',  #5078 ) ;
#2672 = CIRCLE ( 'NONE', #2537, 0.2300000000000001765 ) ;
#2673 = ORIENTED_EDGE ( 'NONE', *, *, #5534, .F. ) ;
#2674 = ORIENTED_EDGE ( 'NONE', *, *, #5152, .F. ) ;
#2675 = CARTESIAN_POINT ( 'NONE',  ( 2.150000000000000799, 0.000000000000000000, 5.749999999999999112 ) ) ;
#2676 = LINE ( 'NONE', #6740, #6498 ) ;
#2677 = CARTESIAN_POINT ( 'NONE',  ( -4.500000000000014211, 0.5900000000000000799, 0.5900000000000000799 ) ) ;
#2678 = CARTESIAN_POINT ( 'NONE',  ( -4.499999999999999112, 0.000000000000000000, 4.200000000000000178 ) ) ;
#2679 =( LENGTH_UNIT ( ) NAMED_UNIT ( * ) SI_UNIT ( .MILLI., .METRE. ) );
#2680 =( GEOMETRIC_REPRESENTATION_CONTEXT ( 3 ) GLOBAL_UNCERTAINTY_ASSIGNED_CONTEXT ( ( #5737 ) ) GLOBAL_UNIT_ASSIGNED_CONTEXT ( ( #6277, #2280, #1091 ) ) REPRESENTATION_CONTEXT ( 'NONE', 'WORKASPACE' ) );
#2681 = ORIENTED_EDGE ( 'NONE', *, *, #3258, .T. ) ;
#2682 = EDGE_CURVE ( 'NONE', #6995, #7326, #4524, .T. ) ;
#2683 = ORIENTED_EDGE ( 'NONE', *, *, #1809, .T. ) ;
#2684 = DIRECTION ( 'NONE',  ( 1.000000000000000000, 0.000000000000000000, 0.000000000000000000 ) ) ;
#2685 = VECTOR ( 'NONE', #1581, 1000.000000000000000 ) ;
#2686 = DIRECTION ( 'NONE',  ( 1.000000000000000000, 0.000000000000000000, 0.000000000000000000 ) ) ;
#2687 = LINE ( 'NONE', #2159, #2843 ) ;
#2688 = CARTESIAN_POINT ( 'NONE',  ( 3.500000000000025757, 1.800655561573372143, 1.800000000000000044 ) ) ;
#2689 = CARTESIAN_POINT ( 'NONE',  ( 4.500000000000000888, -6.776263578034402713E-18, 4.199999999999999289 ) ) ;
#2690 = CARTESIAN_POINT ( 'NONE',  ( -4.500000000000002665, 0.5799999999999999600, 4.190000000000000391 ) ) ;
#2691 = CIRCLE ( 'NONE', #6032, 0.3400000000000000244 ) ;
#2692 = EDGE_LOOP ( 'NONE', ( #24, #768, #3974, #4026 ) ) ;
#2693 = PLANE ( 'NONE',  #683 ) ;
#2694 = SURFACE_SIDE_STYLE ('',( #6678 ) ) ;
#2695 = CARTESIAN_POINT ( 'NONE',  ( -4.500000000000039968, -0.02000000000000000042, 0.2500000000000002220 ) ) ;
#2696 = DIRECTION ( 'NONE',  ( 0.000000000000000000, 0.000000000000000000, -1.000000000000000000 ) ) ;
#2697 = PLANE ( 'NONE',  #2301 ) ;
#2698 = VECTOR ( 'NONE', #4789, 1000.000000000000000 ) ;
#2699 = AXIS2_PLACEMENT_3D ( 'NONE', #1467, #1504, #2715 ) ;
#2700 = CARTESIAN_POINT ( 'NONE',  ( 0.6000000000000010880, -0.02000000000000000042, 5.749999999999999112 ) ) ;
#2701 = FILL_AREA_STYLE_COLOUR ( '', #4281 ) ;
#2702 = VERTEX_POINT ( 'NONE', #6159 ) ;
#2703 =( LENGTH_UNIT ( ) NAMED_UNIT ( * ) SI_UNIT ( .MILLI., .METRE. ) );
#2704 = FILL_AREA_STYLE_COLOUR ( '', #3189 ) ;
#2705 = CARTESIAN_POINT ( 'NONE',  ( -2.769999999999999130, -0.02000000000000000042, 5.749999999999999112 ) ) ;
#2706 = LINE ( 'NONE', #3305, #7369 ) ;
#2707 = FACE_OUTER_BOUND ( 'NONE', #4113, .T. ) ;
#2708 = EDGE_CURVE ( 'NONE', #3816, #1538, #2872, .T. ) ;
#2709 = EDGE_CURVE ( 'NONE', #5025, #1493, #5704, .T. ) ;
#2710 = ORIENTED_EDGE ( 'NONE', *, *, #6488, .T. ) ;
#2711 = COLOUR_RGB ( '',0.9686274509803921573, 0.8784313725490195957, 0.5999999999999999778 ) ;
#2712 =( GEOMETRIC_REPRESENTATION_CONTEXT ( 3 ) GLOBAL_UNCERTAINTY_ASSIGNED_CONTEXT ( ( #7181 ) ) GLOBAL_UNIT_ASSIGNED_CONTEXT ( ( #2093, #3227, #7208 ) ) REPRESENTATION_CONTEXT ( 'NONE', 'WORKASPACE' ) );
#2713 = ORIENTED_EDGE ( 'NONE', *, *, #2899, .T. ) ;
#2714 = FILL_AREA_STYLE ('',( #420 ) ) ;
#2715 = DIRECTION ( 'NONE',  ( 0.000000000000000000, 0.000000000000000000, 1.000000000000000000 ) ) ;
#2716 = SURFACE_STYLE_FILL_AREA ( #2074 ) ;
#2717 = CARTESIAN_POINT ( 'NONE',  ( -4.500000000000009770, 0.5900000000000000799, 1.450000000000000400 ) ) ;
#2718 = SURFACE_STYLE_USAGE ( .BOTH. , #388 ) ;
#2719 = FILL_AREA_STYLE ('',( #4918 ) ) ;
#2720 = VECTOR ( 'NONE', #2138, 1000.000000000000000 ) ;
#2721 = DIRECTION ( 'NONE',  ( -1.000000000000000000, 0.000000000000000000, 0.000000000000000000 ) ) ;
#2722 = STYLED_ITEM ( 'NONE', ( #6115 ), #4539 ) ;
#2723 =( GEOMETRIC_REPRESENTATION_CONTEXT ( 3 ) GLOBAL_UNCERTAINTY_ASSIGNED_CONTEXT ( ( #1532 ) ) GLOBAL_UNIT_ASSIGNED_CONTEXT ( ( #248, #6470, #4816 ) ) REPRESENTATION_CONTEXT ( 'NONE', 'WORKASPACE' ) );
#2724 = ADVANCED_FACE ( 'NONE', ( #2906 ), #4563, .T. ) ;
#2725 = AXIS2_PLACEMENT_3D ( 'NONE', #266, #824, #3770 ) ;
#2726 = EDGE_CURVE ( 'NONE', #2027, #7011, #4011, .T. ) ;
#2727 = CIRCLE ( 'NONE', #6069, 0.2399999999999997691 ) ;
#2728 = ORIENTED_EDGE ( 'NONE', *, *, #3132, .T. ) ;
#2729 = ORIENTED_EDGE ( 'NONE', *, *, #7215, .T. ) ;
#2730 = LINE ( 'NONE', #5001, #6695 ) ;
#2731 = DIRECTION ( 'NONE',  ( 1.000000000000000000, 0.000000000000000000, 0.000000000000000000 ) ) ;
#2732 = MECHANICAL_DESIGN_GEOMETRIC_PRESENTATION_REPRESENTATION (  '', ( #3088 ), #4643 ) ;
#2733 = SURFACE_STYLE_USAGE ( .BOTH. , #6096 ) ;
#2734 = AXIS2_PLACEMENT_3D ( 'NONE', #3555, #6356, #169 ) ;
#2735 = LINE ( 'NONE', #2808, #1691 ) ;
#2736 = CARTESIAN_POINT ( 'NONE',  ( -1.799999999999998934, 0.5900000000000000799, 5.749999999999999112 ) ) ;
#2737 = LINE ( 'NONE', #7241, #861 ) ;
#2738 = EDGE_CURVE ( 'NONE', #6781, #2387, #7376, .T. ) ;
#2739 = VECTOR ( 'NONE', #4839, 1000.000000000000000 ) ;
#2740 = STYLED_ITEM ( 'NONE', ( #308 ), #2664 ) ;
#2741 = ORIENTED_EDGE ( 'NONE', *, *, #6331, .T. ) ;
#2742 = DIRECTION ( 'NONE',  ( 0.000000000000000000, 0.000000000000000000, 1.000000000000000000 ) ) ;
#2743 = DIRECTION ( 'NONE',  ( 1.000000000000000000, 0.000000000000000000, 0.000000000000000000 ) ) ;
#2744 = DIRECTION ( 'NONE',  ( 1.000000000000000000, 0.000000000000000000, 0.000000000000000000 ) ) ;
#2745 = SURFACE_SIDE_STYLE ('',( #515 ) ) ;
#2746 = DIRECTION ( 'NONE',  ( 1.000000000000000000, 0.000000000000000000, 0.000000000000000000 ) ) ;
#2747 =( GEOMETRIC_REPRESENTATION_CONTEXT ( 3 ) GLOBAL_UNCERTAINTY_ASSIGNED_CONTEXT ( ( #1712 ) ) GLOBAL_UNIT_ASSIGNED_CONTEXT ( ( #5847, #1043, #1115 ) ) REPRESENTATION_CONTEXT ( 'NONE', 'WORKASPACE' ) );
#2748 = FACE_OUTER_BOUND ( 'NONE', #3966, .T. ) ;
#2749 = ADVANCED_FACE ( 'NONE', ( #1010 ), #3316, .T. ) ;
#2750 = MECHANICAL_DESIGN_GEOMETRIC_PRESENTATION_REPRESENTATION (  '', ( #344 ), #103 ) ;
#2751 = UNCERTAINTY_MEASURE_WITH_UNIT (LENGTH_MEASURE( 1.000000000000000082E-05 ), #7014, 'distance_accuracy_value', 'NONE');
#2752 = ORIENTED_EDGE ( 'NONE', *, *, #1700, .T. ) ;
#2753 = FACE_OUTER_BOUND ( 'NONE', #655, .T. ) ;
#2754 =( NAMED_UNIT ( * ) PLANE_ANGLE_UNIT ( ) SI_UNIT ( $, .RADIAN. ) );
#2755 = DIRECTION ( 'NONE',  ( 0.000000000000000000, 1.000000000000000000, 0.000000000000000000 ) ) ;
#2756 = DIRECTION ( 'NONE',  ( -0.000000000000000000, 1.000000000000000000, -0.000000000000000000 ) ) ;
#2757 = VECTOR ( 'NONE', #658, 1000.000000000000000 ) ;
#2758 = FILL_AREA_STYLE ('',( #5591 ) ) ;
#2759 = EDGE_LOOP ( 'NONE', ( #3069, #4454, #795, #7137 ) ) ;
#2760 = VERTEX_POINT ( 'NONE', #6493 ) ;
#2761 =( NAMED_UNIT ( * ) SI_UNIT ( $, .STERADIAN. ) SOLID_ANGLE_UNIT ( ) );
#2762 = SURFACE_STYLE_USAGE ( .BOTH. , #3278 ) ;
#2763 = DIRECTION ( 'NONE',  ( 0.000000000000000000, 0.000000000000000000, 1.000000000000000000 ) ) ;
#2764 = FILL_AREA_STYLE_COLOUR ( '', #671 ) ;
#2765 = VERTEX_POINT ( 'NONE', #3021 ) ;
#2766 = EDGE_LOOP ( 'NONE', ( #7262, #5235, #510, #7142, #2440, #6193 ) ) ;
#2767 = DIRECTION ( 'NONE',  ( -4.081702296416018994E-14, 0.000000000000000000, 1.000000000000000000 ) ) ;
#2768 = MECHANICAL_DESIGN_GEOMETRIC_PRESENTATION_REPRESENTATION (  '', ( #1 ), #2404 ) ;
#2769 = LINE ( 'NONE', #5040, #3014 ) ;
#2770 = CARTESIAN_POINT ( 'NONE',  ( -2.149999999999999023, 1.800655561573372143, 5.749999999999999112 ) ) ;
#2771 = EDGE_CURVE ( 'NONE', #3500, #6967, #6451, .T. ) ;
#2772 = PLANE ( 'NONE',  #4740 ) ;
#2773 = EDGE_CURVE ( 'NONE', #2014, #419, #2410, .T. ) ;
#2774 = SURFACE_STYLE_USAGE ( .BOTH. , #466 ) ;
#2775 =( GEOMETRIC_REPRESENTATION_CONTEXT ( 3 ) GLOBAL_UNCERTAINTY_ASSIGNED_CONTEXT ( ( #6647 ) ) GLOBAL_UNIT_ASSIGNED_CONTEXT ( ( #1803, #4145, #3094 ) ) REPRESENTATION_CONTEXT ( 'NONE', 'WORKASPACE' ) );
#2776 =( GEOMETRIC_REPRESENTATION_CONTEXT ( 3 ) GLOBAL_UNCERTAINTY_ASSIGNED_CONTEXT ( ( #4069 ) ) GLOBAL_UNIT_ASSIGNED_CONTEXT ( ( #2530, #3670, #3751 ) ) REPRESENTATION_CONTEXT ( 'NONE', 'WORKASPACE' ) );
#2777 = VERTEX_POINT ( 'NONE', #4766 ) ;
#2778 = COLOUR_RGB ( '',0.9686274509803921573, 0.8784313725490195957, 0.5999999999999999778 ) ;
#2779 = DIRECTION ( 'NONE',  ( -0.000000000000000000, 1.000000000000000000, -0.000000000000000000 ) ) ;
#2780 = DIRECTION ( 'NONE',  ( -1.000000000000000000, 0.000000000000000000, 0.000000000000000000 ) ) ;
#2781 = SURFACE_STYLE_FILL_AREA ( #1027 ) ;
#2782 = CARTESIAN_POINT ( 'NONE',  ( 4.500000000000000888, 0.5900000000000000799, 2.990000000000000657 ) ) ;
#2783 = LINE ( 'NONE', #6720, #3556 ) ;
#2784 = DIRECTION ( 'NONE',  ( 0.000000000000000000, 0.000000000000000000, -1.000000000000000000 ) ) ;
#2785 = STYLED_ITEM ( 'NONE', ( #6994 ), #606 ) ;
#2786 = STYLED_ITEM ( 'NONE', ( #3450 ), #6479 ) ;
#2787 = LINE ( 'NONE', #5587, #1143 ) ;
#2788 = VERTEX_POINT ( 'NONE', #5929 ) ;
#2789 = EDGE_CURVE ( 'NONE', #1310, #2282, #7072, .T. ) ;
#2790 =( NAMED_UNIT ( * ) PLANE_ANGLE_UNIT ( ) SI_UNIT ( $, .RADIAN. ) );
#2791 = CARTESIAN_POINT ( 'NONE',  ( 0.000000000000000000, 0.000000000000000000, 4.749999999999999112 ) ) ;
#2792 = FILL_AREA_STYLE ('',( #345 ) ) ;
#2793 = ORIENTED_EDGE ( 'NONE', *, *, #6468, .T. ) ;
#2794 = PRESENTATION_LAYER_ASSIGNMENT (  '', '', ( #3387 ) ) ;
#2795 = ORIENTED_EDGE ( 'NONE', *, *, #4321, .T. ) ;
#2796 = DIRECTION ( 'NONE',  ( -1.000000000000000000, 0.000000000000000000, 0.000000000000000000 ) ) ;
#2797 = VECTOR ( 'NONE', #7000, 1000.000000000000000 ) ;
#2798 = DIRECTION ( 'NONE',  ( 0.000000000000000000, 0.000000000000000000, -1.000000000000000000 ) ) ;
#2799 = DIRECTION ( 'NONE',  ( 0.000000000000000000, 0.000000000000000000, -1.000000000000000000 ) ) ;
#2800 = CARTESIAN_POINT ( 'NONE',  ( -2.669999999999999041, 0.5900000000000000799, 5.749999999999999112 ) ) ;
#2801 = VECTOR ( 'NONE', #161, 1000.000000000000000 ) ;
#2802 = AXIS2_PLACEMENT_3D ( 'NONE', #7331, #1181, #6766 ) ;
#2803 = ORIENTED_EDGE ( 'NONE', *, *, #7074, .F. ) ;
#2804 = EDGE_LOOP ( 'NONE', ( #2795, #1397, #5358, #1081 ) ) ;
#2805 = DIRECTION ( 'NONE',  ( 0.000000000000000000, 1.000000000000000000, -0.000000000000000000 ) ) ;
#2806 = DIRECTION ( 'NONE',  ( 0.000000000000000000, 0.000000000000000000, -1.000000000000000000 ) ) ;
#2807 = LINE ( 'NONE', #4924, #6179 ) ;
#2808 = CARTESIAN_POINT ( 'NONE',  ( -4.500000000000025757, -0.02000000000000000042, 1.100000000000000311 ) ) ;
#2809 =( NAMED_UNIT ( * ) SI_UNIT ( $, .STERADIAN. ) SOLID_ANGLE_UNIT ( ) );
#2810 = LINE ( 'NONE', #6317, #7242 ) ;
#2811 = EDGE_CURVE ( 'NONE', #2458, #2193, #4146, .T. ) ;
#2812 = EDGE_CURVE ( 'NONE', #5574, #7143, #119, .T. ) ;
#2813 = EDGE_LOOP ( 'NONE', ( #1574, #2104, #4802, #4135 ) ) ;
#2814 = ORIENTED_EDGE ( 'NONE', *, *, #5014, .T. ) ;
#2815 = SURFACE_STYLE_USAGE ( .BOTH. , #407 ) ;
#2816 = DIRECTION ( 'NONE',  ( -0.000000000000000000, 0.000000000000000000, -1.000000000000000000 ) ) ;
#2817 =( GEOMETRIC_REPRESENTATION_CONTEXT ( 3 ) GLOBAL_UNCERTAINTY_ASSIGNED_CONTEXT ( ( #115 ) ) GLOBAL_UNIT_ASSIGNED_CONTEXT ( ( #3771, #301, #5490 ) ) REPRESENTATION_CONTEXT ( 'NONE', 'WORKASPACE' ) );
#2818 = VECTOR ( 'NONE', #6293, 1000.000000000000000 ) ;
#2819 = LINE ( 'NONE', #1716, #6336 ) ;
#2820 = UNCERTAINTY_MEASURE_WITH_UNIT (LENGTH_MEASURE( 1.000000000000000082E-05 ), #2334, 'distance_accuracy_value', 'NONE');
#2821 = ORIENTED_EDGE ( 'NONE', *, *, #4483, .T. ) ;
#2822 =( NAMED_UNIT ( * ) PLANE_ANGLE_UNIT ( ) SI_UNIT ( $, .RADIAN. ) );
#2823 = DIRECTION ( 'NONE',  ( -0.000000000000000000, 1.000000000000000000, -0.000000000000000000 ) ) ;
#2824 = STYLED_ITEM ( 'NONE', ( #5269 ), #4086 ) ;
#2825 = EDGE_CURVE ( 'NONE', #2777, #1391, #5858, .T. ) ;
#2826 = ORIENTED_EDGE ( 'NONE', *, *, #1861, .T. ) ;
#2827 = UNCERTAINTY_MEASURE_WITH_UNIT (LENGTH_MEASURE( 1.000000000000000082E-05 ), #7258, 'distance_accuracy_value', 'NONE');
#2828 = ORIENTED_EDGE ( 'NONE', *, *, #416, .T. ) ;
#2829 = CARTESIAN_POINT ( 'NONE',  ( 4.500000000000039968, -0.02000000000000000042, 0.2500000000000002220 ) ) ;
#2830 = SURFACE_STYLE_USAGE ( .BOTH. , #3430 ) ;
#2831 = FACE_OUTER_BOUND ( 'NONE', #2628, .T. ) ;
#2832 = CARTESIAN_POINT ( 'NONE',  ( 4.500000000000000888, -0.02000000000000000042, 0.000000000000000000 ) ) ;
#2833 = SURFACE_STYLE_FILL_AREA ( #3433 ) ;
#2834 = CARTESIAN_POINT ( 'NONE',  ( -4.499999999999999112, 0.000000000000000000, -0.000000000000000000 ) ) ;
#2835 = CIRCLE ( 'NONE', #5485, 0.2300000000000001765 ) ;
#2836 = ORIENTED_EDGE ( 'NONE', *, *, #1461, .F. ) ;
#2837 = VERTEX_POINT ( 'NONE', #6414 ) ;
#2838 = CARTESIAN_POINT ( 'NONE',  ( 4.500000000000000888, -0.02000000000000000042, 3.500000000000000000 ) ) ;
#2839 = SURFACE_STYLE_FILL_AREA ( #501 ) ;
#2840 = SURFACE_STYLE_USAGE ( .BOTH. , #537 ) ;
#2841 = CARTESIAN_POINT ( 'NONE',  ( 0.2500000000000011102, 0.000000000000000000, -0.000000000000000000 ) ) ;
#2842 =( NAMED_UNIT ( * ) PLANE_ANGLE_UNIT ( ) SI_UNIT ( $, .RADIAN. ) );
#2843 = VECTOR ( 'NONE', #3910, 1000.000000000000000 ) ;
#2844 = COLOUR_RGB ( '',0.000000000000000000, 0.5647058823529411686, 0.09803921568627450844 ) ;
#2845 = DIRECTION ( 'NONE',  ( 0.000000000000000000, 0.000000000000000000, 1.000000000000000000 ) ) ;
#2846 = ORIENTED_EDGE ( 'NONE', *, *, #4301, .F. ) ;
#2847 = PRESENTATION_LAYER_ASSIGNMENT (  '', '', ( #6067 ) ) ;
#2848 = CIRCLE ( 'NONE', #1149, 0.2399999999999999911 ) ;
#2849 = ORIENTED_EDGE ( 'NONE', *, *, #346, .F. ) ;
#2850 = FILL_AREA_STYLE_COLOUR ( '', #3446 ) ;
#2851 =( NAMED_UNIT ( * ) SI_UNIT ( $, .STERADIAN. ) SOLID_ANGLE_UNIT ( ) );
#2852 = SURFACE_SIDE_STYLE ('',( #6286 ) ) ;
#2853 = FILL_AREA_STYLE_COLOUR ( '', #2050 ) ;
#2854 = CARTESIAN_POINT ( 'NONE',  ( -4.500000000000014211, 0.5799999999999999600, 0.5900000000000000799 ) ) ;
#2855 = UNCERTAINTY_MEASURE_WITH_UNIT (LENGTH_MEASURE( 1.000000000000000082E-05 ), #5003, 'distance_accuracy_value', 'NONE');
#2856 = EDGE_CURVE ( 'NONE', #5909, #7412, #6998, .T. ) ;
#2857 = STYLED_ITEM ( 'NONE', ( #1249 ), #4721 ) ;
#2858 = MECHANICAL_DESIGN_GEOMETRIC_PRESENTATION_REPRESENTATION (  '', ( #5484 ), #4644 ) ;
#2859 = VECTOR ( 'NONE', #6535, 1000.000000000000000 ) ;
#2860 = STYLED_ITEM ( 'NONE', ( #5223 ), #5063 ) ;
#2861 = FILL_AREA_STYLE ('',( #6910 ) ) ;
#2862 = ORIENTED_EDGE ( 'NONE', *, *, #2184, .F. ) ;
#2863 = CARTESIAN_POINT ( 'NONE',  ( 0.000000000000000000, -0.02000000000000000042, 3.500000000000000000 ) ) ;
#2864 = ADVANCED_FACE ( 'NONE', ( #4115 ), #2443, .T. ) ;
#2865 = EDGE_CURVE ( 'NONE', #6217, #1310, #1917, .T. ) ;
#2866 = CARTESIAN_POINT ( 'NONE',  ( -3.500000000000037748, -0.02000000000000000042, -0.09999999999999982514 ) ) ;
#2867 =( GEOMETRIC_REPRESENTATION_CONTEXT ( 3 ) GLOBAL_UNCERTAINTY_ASSIGNED_CONTEXT ( ( #935 ) ) GLOBAL_UNIT_ASSIGNED_CONTEXT ( ( #7372, #5104, #6843 ) ) REPRESENTATION_CONTEXT ( 'NONE', 'WORKASPACE' ) );
#2868 = EDGE_LOOP ( 'NONE', ( #7065, #2881, #3897, #2606 ) ) ;
#2869 = ORIENTED_EDGE ( 'NONE', *, *, #2726, .F. ) ;
#2870 = FACE_OUTER_BOUND ( 'NONE', #5529, .T. ) ;
#2871 = SURFACE_SIDE_STYLE ('',( #2303 ) ) ;
#2872 = LINE ( 'NONE', #5599, #1263 ) ;
#2873 = EDGE_LOOP ( 'NONE', ( #6405, #5151, #2921, #4006 ) ) ;
#2874 = ORIENTED_EDGE ( 'NONE', *, *, #3509, .F. ) ;
#2875 = SURFACE_SIDE_STYLE ('',( #6934 ) ) ;
#2876 = FACE_OUTER_BOUND ( 'NONE', #4517, .T. ) ;
#2877 = EDGE_CURVE ( 'NONE', #1915, #123, #3086, .T. ) ;
#2878 = SURFACE_STYLE_USAGE ( .BOTH. , #2316 ) ;
#2879 = CYLINDRICAL_SURFACE ( 'NONE', #2199, 0.2400000000000001854 ) ;
#2880 = ORIENTED_EDGE ( 'NONE', *, *, #1322, .F. ) ;
#2881 = ORIENTED_EDGE ( 'NONE', *, *, #6723, .T. ) ;
#2882 = CARTESIAN_POINT ( 'NONE',  ( -4.499999999999999112, 0.000000000000000000, -0.000000000000000000 ) ) ;
#2883 =( NAMED_UNIT ( * ) PLANE_ANGLE_UNIT ( ) SI_UNIT ( $, .RADIAN. ) );
#2884 =( NAMED_UNIT ( * ) PLANE_ANGLE_UNIT ( ) SI_UNIT ( $, .RADIAN. ) );
#2885 = CARTESIAN_POINT ( 'NONE',  ( 4.500000000000000888, 0.5900000000000000799, 0.000000000000000000 ) ) ;
#2886 =( NAMED_UNIT ( * ) SI_UNIT ( $, .STERADIAN. ) SOLID_ANGLE_UNIT ( ) );
#2887 =( LENGTH_UNIT ( ) NAMED_UNIT ( * ) SI_UNIT ( .MILLI., .METRE. ) );
#2888 = STYLED_ITEM ( 'NONE', ( #6739 ), #7312 ) ;
#2889 =( LENGTH_UNIT ( ) NAMED_UNIT ( * ) SI_UNIT ( .MILLI., .METRE. ) );
#2890 = MECHANICAL_DESIGN_GEOMETRIC_PRESENTATION_REPRESENTATION (  '', ( #1797 ), #7330 ) ;
#2891 = STYLED_ITEM ( 'NONE', ( #4963 ), #6004 ) ;
#2892 =( LENGTH_UNIT ( ) NAMED_UNIT ( * ) SI_UNIT ( .MILLI., .METRE. ) );
#2893 = ORIENTED_EDGE ( 'NONE', *, *, #4368, .F. ) ;
#2894 = DIRECTION ( 'NONE',  ( -1.338521200599388434E-16, 0.000000000000000000, -1.000000000000000000 ) ) ;
#2895 = CARTESIAN_POINT ( 'NONE',  ( -4.500000000000006217, 0.5900000000000000799, 2.650000000000000355 ) ) ;
#2896 = AXIS2_PLACEMENT_3D ( 'NONE', #2657, #4934, #7246 ) ;
#2897 = COLOUR_RGB ( '',0.000000000000000000, 0.5647058823529411686, 0.09803921568627450844 ) ;
#2898 = ADVANCED_FACE ( 'NONE', ( #3232 ), #4872, .T. ) ;
#2899 = EDGE_CURVE ( 'NONE', #2185, #5708, #4906, .T. ) ;
#2900 = EDGE_LOOP ( 'NONE', ( #2683, #2409, #654, #704 ) ) ;
#2901 = CARTESIAN_POINT ( 'NONE',  ( 1.450000000000000844, -0.02000000000000000042, 5.749999999999999112 ) ) ;
#2902 = UNCERTAINTY_MEASURE_WITH_UNIT (LENGTH_MEASURE( 1.000000000000000082E-05 ), #7228, 'distance_accuracy_value', 'NONE');
#2903 = ORIENTED_EDGE ( 'NONE', *, *, #589, .T. ) ;
#2904 = CIRCLE ( 'NONE', #4801, 0.3399999999999998024 ) ;
#2905 = DIRECTION ( 'NONE',  ( 0.000000000000000000, -1.000000000000000000, 0.000000000000000000 ) ) ;
#2906 = FACE_OUTER_BOUND ( 'NONE', #2579, .T. ) ;
#2907 = SURFACE_STYLE_USAGE ( .BOTH. , #5705 ) ;
#2908 = CARTESIAN_POINT ( 'NONE',  ( -4.500000000000002665, 0.5900000000000000799, 4.190000000000000391 ) ) ;
#2909 = ORIENTED_EDGE ( 'NONE', *, *, #211, .T. ) ;
#2910 = AXIS2_PLACEMENT_3D ( 'NONE', #4598, #570, #5781 ) ;
#2911 = ORIENTED_EDGE ( 'NONE', *, *, #1339, .F. ) ;
#2912 = PLANE ( 'NONE',  #4175 ) ;
#2913 = DIRECTION ( 'NONE',  ( 1.000000000000000000, 0.000000000000000000, 0.000000000000000000 ) ) ;
#2914 = DIRECTION ( 'NONE',  ( 0.000000000000000000, 0.000000000000000000, -1.000000000000000000 ) ) ;
#2915 = DIRECTION ( 'NONE',  ( -1.000000000000000000, 0.000000000000000000, 8.673617379884035472E-16 ) ) ;
#2916 = PRESENTATION_LAYER_ASSIGNMENT (  '', '', ( #3147 ) ) ;
#2917 = CARTESIAN_POINT ( 'NONE',  ( -4.500000000000012434, -0.02000000000000000042, 2.890000000000000124 ) ) ;
#2918 = SURFACE_SIDE_STYLE ('',( #7323 ) ) ;
#2919 = ADVANCED_FACE ( 'NONE', ( #857 ), #5489, .T. ) ;
#2920 = VERTEX_POINT ( 'NONE', #6078 ) ;
#2921 = ORIENTED_EDGE ( 'NONE', *, *, #6897, .T. ) ;
#2922 = CARTESIAN_POINT ( 'NONE',  ( -4.500000000000014211, -0.02000000000000000042, 2.650000000000000355 ) ) ;
#2923 = COLOUR_RGB ( '',0.000000000000000000, 0.000000000000000000, 0.5019607843137254832 ) ;
#2924 = CARTESIAN_POINT ( 'NONE',  ( -4.500000000000038192, -0.02000000000000000042, -0.09999999999999982514 ) ) ;
#2925 = CARTESIAN_POINT ( 'NONE',  ( 3.500000000000037748, -0.02000000000000000042, 0.000000000000000000 ) ) ;
#2926 = PRESENTATION_STYLE_ASSIGNMENT (( #4479 ) ) ;
#2927 = STYLED_ITEM ( 'NONE', ( #5742 ), #3603 ) ;
#2928 = FACE_OUTER_BOUND ( 'NONE', #2873, .T. ) ;
#2929 = EDGE_LOOP ( 'NONE', ( #6944, #1269, #1681, #2241 ) ) ;
#2930 = PLANE ( 'NONE',  #6611 ) ;
#2931 = LINE ( 'NONE', #1147, #7167 ) ;
#2932 = VECTOR ( 'NONE', #5523, 1000.000000000000000 ) ;
#2933 = LINE ( 'NONE', #2791, #6655 ) ;
#2934 = ORIENTED_EDGE ( 'NONE', *, *, #5924, .F. ) ;
#2935 = CARTESIAN_POINT ( 'NONE',  ( -0.9499999999999990674, 0.000000000000000000, -0.000000000000000000 ) ) ;
#2936 = ORIENTED_EDGE ( 'NONE', *, *, #3923, .T. ) ;
#2937 =( NAMED_UNIT ( * ) PLANE_ANGLE_UNIT ( ) SI_UNIT ( $, .RADIAN. ) );
#2938 =( NAMED_UNIT ( * ) PLANE_ANGLE_UNIT ( ) SI_UNIT ( $, .RADIAN. ) );
#2939 = CIRCLE ( 'NONE', #774, 0.3399999999999998024 ) ;
#2940 = EDGE_CURVE ( 'NONE', #3816, #2626, #1497, .T. ) ;
#2941 = DIRECTION ( 'NONE',  ( -0.000000000000000000, 1.000000000000000000, -0.000000000000000000 ) ) ;
#2942 = ADVANCED_FACE ( 'NONE', ( #936 ), #5522, .T. ) ;
#2943 = ORIENTED_EDGE ( 'NONE', *, *, #5048, .T. ) ;
#2944 = ORIENTED_EDGE ( 'NONE', *, *, #827, .T. ) ;
#2945 = FILL_AREA_STYLE_COLOUR ( '', #3098 ) ;
#2946 = CARTESIAN_POINT ( 'NONE',  ( 0.000000000000000000, -0.02000000000000000042, 0.000000000000000000 ) ) ;
#2947 = SURFACE_SIDE_STYLE ('',( #2989 ) ) ;
#2948 = DIRECTION ( 'NONE',  ( -0.000000000000000000, -1.000000000000000000, 0.000000000000000000 ) ) ;
#2949 =( NAMED_UNIT ( * ) SI_UNIT ( $, .STERADIAN. ) SOLID_ANGLE_UNIT ( ) );
#2950 = ADVANCED_FACE ( 'NONE', ( #6949 ), #5764, .F. ) ;
#2951 =( LENGTH_UNIT ( ) NAMED_UNIT ( * ) SI_UNIT ( .MILLI., .METRE. ) );
#2952 = EDGE_CURVE ( 'NONE', #1877, #6484, #5552, .T. ) ;
#2953 = ORIENTED_EDGE ( 'NONE', *, *, #2068, .T. ) ;
#2954 = ORIENTED_EDGE ( 'NONE', *, *, #7081, .F. ) ;
#2955 =( LENGTH_UNIT ( ) NAMED_UNIT ( * ) SI_UNIT ( .MILLI., .METRE. ) );
#2956 = PRESENTATION_LAYER_ASSIGNMENT (  '', '', ( #4630 ) ) ;
#2957 = DIRECTION ( 'NONE',  ( 0.000000000000000000, 0.000000000000000000, 1.000000000000000000 ) ) ;
#2958 = SURFACE_SIDE_STYLE ('',( #6978 ) ) ;
#2959 = AXIS2_PLACEMENT_3D ( 'NONE', #5441, #2065, #4365 ) ;
#2960 = PLANE ( 'NONE',  #6245 ) ;
#2961 = DIRECTION ( 'NONE',  ( 0.000000000000000000, 0.000000000000000000, 1.000000000000000000 ) ) ;
#2962 = EDGE_CURVE ( 'NONE', #6969, #1348, #1789, .T. ) ;
#2963 =( GEOMETRIC_REPRESENTATION_CONTEXT ( 3 ) GLOBAL_UNCERTAINTY_ASSIGNED_CONTEXT ( ( #4551 ) ) GLOBAL_UNIT_ASSIGNED_CONTEXT ( ( #6109, #4438, #3301 ) ) REPRESENTATION_CONTEXT ( 'NONE', 'WORKASPACE' ) );
#2964 =( GEOMETRIC_REPRESENTATION_CONTEXT ( 3 ) GLOBAL_UNCERTAINTY_ASSIGNED_CONTEXT ( ( #7411 ) ) GLOBAL_UNIT_ASSIGNED_CONTEXT ( ( #4366, #6152, #969 ) ) REPRESENTATION_CONTEXT ( 'NONE', 'WORKASPACE' ) );
#2965 = MECHANICAL_DESIGN_GEOMETRIC_PRESENTATION_REPRESENTATION (  '', ( #5828 ), #2247 ) ;
#2966 = DIRECTION ( 'NONE',  ( 1.000000000000000000, 0.000000000000000000, -0.000000000000000000 ) ) ;
#2967 = CARTESIAN_POINT ( 'NONE',  ( -4.500000000000012434, 0.5900000000000000799, 0.01000000000000045991 ) ) ;
#2968 = ORIENTED_EDGE ( 'NONE', *, *, #1647, .F. ) ;
#2969 = CARTESIAN_POINT ( 'NONE',  ( -1.469999999999999307, 0.5900000000000000799, 5.749999999999999112 ) ) ;
#2970 = VECTOR ( 'NONE', #5195, 1000.000000000000000 ) ;
#2971 = VECTOR ( 'NONE', #629, 1000.000000000000000 ) ;
#2972 = EDGE_CURVE ( 'NONE', #2407, #507, #2394, .T. ) ;
#2973 = FILL_AREA_STYLE ('',( #816 ) ) ;
#2974 = AXIS2_PLACEMENT_3D ( 'NONE', #909, #3212, #394 ) ;
#2975 = COLOUR_RGB ( '',0.9686274509803921573, 0.8784313725490195957, 0.5999999999999999778 ) ;
#2976 = ORIENTED_EDGE ( 'NONE', *, *, #6734, .F. ) ;
#2977 = FILL_AREA_STYLE ('',( #7410 ) ) ;
#2978 = UNCERTAINTY_MEASURE_WITH_UNIT (LENGTH_MEASURE( 1.000000000000000082E-05 ), #120, 'distance_accuracy_value', 'NONE');
#2979 = ORIENTED_EDGE ( 'NONE', *, *, #5092, .T. ) ;
#2980 = APPLICATION_CONTEXT ( 'automotive_design' ) ;
#2981 = APPLICATION_PROTOCOL_DEFINITION ( 'draft international standard', 'automotive_design', 1998, #2311 ) ;
#2982 =( NAMED_UNIT ( * ) SI_UNIT ( $, .STERADIAN. ) SOLID_ANGLE_UNIT ( ) );
#2983 =( GEOMETRIC_REPRESENTATION_CONTEXT ( 3 ) GLOBAL_UNCERTAINTY_ASSIGNED_CONTEXT ( ( #2064 ) ) GLOBAL_UNIT_ASSIGNED_CONTEXT ( ( #1854, #273, #1237 ) ) REPRESENTATION_CONTEXT ( 'NONE', 'WORKASPACE' ) );
#2984 = CARTESIAN_POINT ( 'NONE',  ( 4.500000000000012434, -0.02000000000000000042, 2.890000000000000568 ) ) ;
#2985 = ORIENTED_EDGE ( 'NONE', *, *, #5367, .F. ) ;
#2986 = AXIS2_PLACEMENT_3D ( 'NONE', #6357, #2423, #1211 ) ;
#2987 = ORIENTED_EDGE ( 'NONE', *, *, #3269, .F. ) ;
#2988 = DIRECTION ( 'NONE',  ( -0.000000000000000000, 1.000000000000000000, -0.000000000000000000 ) ) ;
#2989 = SURFACE_STYLE_FILL_AREA ( #891 ) ;
#2990 = FACE_OUTER_BOUND ( 'NONE', #6222, .T. ) ;
#2991 = SURFACE_SIDE_STYLE ('',( #693 ) ) ;
#2992 = FILL_AREA_STYLE_COLOUR ( '', #2923 ) ;
#2993 = FILL_AREA_STYLE ('',( #695 ) ) ;
#2994 = VECTOR ( 'NONE', #7159, 1000.000000000000000 ) ;
#2995 = ORIENTED_EDGE ( 'NONE', *, *, #3903, .F. ) ;
#2996 = EDGE_CURVE ( 'NONE', #1174, #2554, #4617, .T. ) ;
#2997 = EDGE_CURVE ( 'NONE', #5136, #1278, #4102, .T. ) ;
#2998 = VERTEX_POINT ( 'NONE', #5803 ) ;
#2999 = CARTESIAN_POINT ( 'NONE',  ( 4.500000000000000888, 0.5799999999999999600, 3.510000000000000231 ) ) ;
#3000 =( GEOMETRIC_REPRESENTATION_CONTEXT ( 3 ) GLOBAL_UNCERTAINTY_ASSIGNED_CONTEXT ( ( #6797 ) ) GLOBAL_UNIT_ASSIGNED_CONTEXT ( ( #2892, #3488, #1217 ) ) REPRESENTATION_CONTEXT ( 'NONE', 'WORKASPACE' ) );
#3001 = LINE ( 'NONE', #215, #1034 ) ;
#3002 = CARTESIAN_POINT ( 'NONE',  ( 4.500000000000000888, 0.5900000000000000799, -3.750000000000000888 ) ) ;
#3003 = CARTESIAN_POINT ( 'NONE',  ( -4.500000000000027534, -0.02000000000000000042, 1.450000000000000400 ) ) ;
#3004 = CARTESIAN_POINT ( 'NONE',  ( 4.500000000000038192, -0.02000000000000000042, 0.4900000000000002132 ) ) ;
#3005 = CARTESIAN_POINT ( 'NONE',  ( -3.349999999999998757, 0.000000000000000000, 0.000000000000000000 ) ) ;
#3006 = CARTESIAN_POINT ( 'NONE',  ( -3.642919299551297265E-15, -0.02000000000000000042, 4.200000000000002842 ) ) ;
#3007 = ORIENTED_EDGE ( 'NONE', *, *, #1994, .F. ) ;
#3008 = PRESENTATION_STYLE_ASSIGNMENT (( #5920 ) ) ;
#3009 = SURFACE_STYLE_USAGE ( .BOTH. , #7023 ) ;
#3010 = PRESENTATION_LAYER_ASSIGNMENT (  '', '', ( #1552 ) ) ;
#3011 =( NAMED_UNIT ( * ) PLANE_ANGLE_UNIT ( ) SI_UNIT ( $, .RADIAN. ) );
#3012 = PRESENTATION_LAYER_ASSIGNMENT (  '', '', ( #5754 ) ) ;
#3013 = VECTOR ( 'NONE', #5842, 1000.000000000000000 ) ;
#3014 = VECTOR ( 'NONE', #428, 1000.000000000000000 ) ;
#3015 = EDGE_CURVE ( 'NONE', #298, #4821, #4685, .T. ) ;
#3016 = ORIENTED_EDGE ( 'NONE', *, *, #3542, .F. ) ;
#3017 = CARTESIAN_POINT ( 'NONE',  ( 0.000000000000000000, 0.5900000000000000799, 5.749999999999999112 ) ) ;
#3018 = STYLED_ITEM ( 'NONE', ( #69 ), #571 ) ;
#3019 = ORIENTED_EDGE ( 'NONE', *, *, #549, .F. ) ;
#3020 = LINE ( 'NONE', #154, #1311 ) ;
#3021 = CARTESIAN_POINT ( 'NONE',  ( -4.500000000000000000, 0.5900000000000000799, 3.510000000000000231 ) ) ;
#3022 =( LENGTH_UNIT ( ) NAMED_UNIT ( * ) SI_UNIT ( .MILLI., .METRE. ) );
#3023 = STYLED_ITEM ( 'NONE', ( #2629 ), #6192 ) ;
#3024 = ORIENTED_EDGE ( 'NONE', *, *, #3795, .F. ) ;
#3025 = MECHANICAL_DESIGN_GEOMETRIC_PRESENTATION_REPRESENTATION (  '', ( #4460 ), #1811 ) ;
#3026 = VERTEX_POINT ( 'NONE', #6400 ) ;
#3027 = CYLINDRICAL_SURFACE ( 'NONE', #3701, 0.3399999999999998024 ) ;
#3028 = DIRECTION ( 'NONE',  ( -0.000000000000000000, -1.000000000000000000, -0.000000000000000000 ) ) ;
#3029 = FILL_AREA_STYLE ('',( #1857 ) ) ;
#3030 =( NAMED_UNIT ( * ) SI_UNIT ( $, .STERADIAN. ) SOLID_ANGLE_UNIT ( ) );
#3031 = DIRECTION ( 'NONE',  ( -0.000000000000000000, -1.000000000000000000, -0.000000000000000000 ) ) ;
#3032 = COLOUR_RGB ( '',0.000000000000000000, 0.5647058823529411686, 0.09803921568627450844 ) ;
#3033 =( NAMED_UNIT ( * ) PLANE_ANGLE_UNIT ( ) SI_UNIT ( $, .RADIAN. ) );
#3034 = DIRECTION ( 'NONE',  ( -0.000000000000000000, 1.000000000000000000, -0.000000000000000000 ) ) ;
#3035 =( GEOMETRIC_REPRESENTATION_CONTEXT ( 3 ) GLOBAL_UNCERTAINTY_ASSIGNED_CONTEXT ( ( #2669 ) ) GLOBAL_UNIT_ASSIGNED_CONTEXT ( ( #7088, #6516, #5343 ) ) REPRESENTATION_CONTEXT ( 'NONE', 'WORKASPACE' ) );
#3036 = ORIENTED_EDGE ( 'NONE', *, *, #2825, .T. ) ;
#3037 = EDGE_LOOP ( 'NONE', ( #4494, #3077, #6541, #7102 ) ) ;
#3038 = CIRCLE ( 'NONE', #2421, 0.2399999999999999911 ) ;
#3039 = SURFACE_SIDE_STYLE ('',( #5459 ) ) ;
#3040 = SURFACE_STYLE_USAGE ( .BOTH. , #4066 ) ;
#3041 = CARTESIAN_POINT ( 'NONE',  ( 0.000000000000000000, 0.5900000000000000799, 5.749999999999999112 ) ) ;
#3042 = DIRECTION ( 'NONE',  ( -0.000000000000000000, 1.000000000000000000, -0.000000000000000000 ) ) ;
#3043 = COLOUR_RGB ( '',0.000000000000000000, 0.5647058823529411686, 0.09803921568627450844 ) ;
#3044 = LINE ( 'NONE', #3005, #3637 ) ;
#3045 = EDGE_CURVE ( 'NONE', #1051, #3302, #1254, .T. ) ;
#3046 = ADVANCED_FACE ( 'NONE', ( #7295 ), #2141, .T. ) ;
#3047 =( GEOMETRIC_REPRESENTATION_CONTEXT ( 3 ) GLOBAL_UNCERTAINTY_ASSIGNED_CONTEXT ( ( #3993 ) ) GLOBAL_UNIT_ASSIGNED_CONTEXT ( ( #3861, #975, #3280 ) ) REPRESENTATION_CONTEXT ( 'NONE', 'WORKASPACE' ) );
#3048 =( GEOMETRIC_REPRESENTATION_CONTEXT ( 3 ) GLOBAL_UNCERTAINTY_ASSIGNED_CONTEXT ( ( #785 ) ) GLOBAL_UNIT_ASSIGNED_CONTEXT ( ( #7163, #773, #5426 ) ) REPRESENTATION_CONTEXT ( 'NONE', 'WORKASPACE' ) );
#3049 =( NAMED_UNIT ( * ) SI_UNIT ( $, .STERADIAN. ) SOLID_ANGLE_UNIT ( ) );
#3050 = DIRECTION ( 'NONE',  ( -0.000000000000000000, 1.000000000000000000, -0.000000000000000000 ) ) ;
#3051 = DIRECTION ( 'NONE',  ( 0.000000000000000000, 0.000000000000000000, 1.000000000000000000 ) ) ;
#3052 = ORIENTED_EDGE ( 'NONE', *, *, #1376, .F. ) ;
#3053 = SURFACE_STYLE_FILL_AREA ( #256 ) ;
#3054 = CARTESIAN_POINT ( 'NONE',  ( -4.500000000000012434, 0.5900000000000000799, 0.01000000000000045991 ) ) ;
#3055 = CARTESIAN_POINT ( 'NONE',  ( -3.500000000000025757, -0.02000000000000000042, 1.800000000000000044 ) ) ;
#3056 = VECTOR ( 'NONE', #6350, 1000.000000000000000 ) ;
#3057 = EDGE_CURVE ( 'NONE', #7139, #5486, #4817, .T. ) ;
#3058 = ORIENTED_EDGE ( 'NONE', *, *, #1702, .T. ) ;
#3059 = VECTOR ( 'NONE', #389, 1000.000000000000000 ) ;
#3060 = UNCERTAINTY_MEASURE_WITH_UNIT (LENGTH_MEASURE( 1.000000000000000082E-05 ), #6188, 'distance_accuracy_value', 'NONE');
#3061 = VERTEX_POINT ( 'NONE', #1904 ) ;
#3062 =( NAMED_UNIT ( * ) PLANE_ANGLE_UNIT ( ) SI_UNIT ( $, .RADIAN. ) );
#3063 = DIRECTION ( 'NONE',  ( 1.000000000000000000, -0.000000000000000000, 0.000000000000000000 ) ) ;
#3064 = SURFACE_STYLE_FILL_AREA ( #6002 ) ;
#3065 = FILL_AREA_STYLE_COLOUR ( '', #6297 ) ;
#3066 = EDGE_CURVE ( 'NONE', #7027, #3427, #3674, .T. ) ;
#3067 = AXIS2_PLACEMENT_3D ( 'NONE', #1570, #3272, #2029 ) ;
#3068 = EDGE_LOOP ( 'NONE', ( #888, #2903, #6680, #3409, #613, #6857 ) ) ;
#3069 = ORIENTED_EDGE ( 'NONE', *, *, #6717, .F. ) ;
#3070 = FACE_OUTER_BOUND ( 'NONE', #7197, .T. ) ;
#3071 = STYLED_ITEM ( 'NONE', ( #5722 ), #287 ) ;
#3072 = DIRECTION ( 'NONE',  ( 0.000000000000000000, -1.000000000000000000, 0.000000000000000000 ) ) ;
#3073 = DIRECTION ( 'NONE',  ( 0.000000000000000000, 1.000000000000000000, 0.000000000000000000 ) ) ;
#3074 =( NAMED_UNIT ( * ) SI_UNIT ( $, .STERADIAN. ) SOLID_ANGLE_UNIT ( ) );
#3075 = EDGE_CURVE ( 'NONE', #145, #4003, #3044, .T. ) ;
#3076 = ORIENTED_EDGE ( 'NONE', *, *, #7025, .F. ) ;
#3077 = ORIENTED_EDGE ( 'NONE', *, *, #5227, .T. ) ;
#3078 = CARTESIAN_POINT ( 'NONE',  ( 4.500000000000000888, 0.000000000000000000, 0.000000000000000000 ) ) ;
#3079 = CARTESIAN_POINT ( 'NONE',  ( 4.500000000000012434, -0.02000000000000000042, 2.299999999999999822 ) ) ;
#3080 = DIRECTION ( 'NONE',  ( -0.000000000000000000, -1.000000000000000000, -0.000000000000000000 ) ) ;
#3081 = SURFACE_STYLE_FILL_AREA ( #5881 ) ;
#3082 = SURFACE_STYLE_FILL_AREA ( #777 ) ;
#3083 = VERTEX_POINT ( 'NONE', #6558 ) ;
#3084 = MECHANICAL_DESIGN_GEOMETRIC_PRESENTATION_REPRESENTATION (  '', ( #4862 ), #7156 ) ;
#3085 = AXIS2_PLACEMENT_3D ( 'NONE', #38, #4554, #2331 ) ;
#3086 = CIRCLE ( 'NONE', #7038, 0.2400000000000001854 ) ;
#3087 = ORIENTED_EDGE ( 'NONE', *, *, #5134, .F. ) ;
#3088 = STYLED_ITEM ( 'NONE', ( #4745 ), #4803 ) ;
#3089 = EDGE_CURVE ( 'NONE', #3876, #7326, #5345, .T. ) ;
#3090 = PRESENTATION_LAYER_ASSIGNMENT (  '', '', ( #2123 ) ) ;
#3091 = EDGE_CURVE ( 'NONE', #4977, #4294, #290, .T. ) ;
#3092 = ORIENTED_EDGE ( 'NONE', *, *, #818, .F. ) ;
#3093 = CARTESIAN_POINT ( 'NONE',  ( -3.500000000000012879, 1.800655561573372143, 2.299999999999999822 ) ) ;
#3094 =( NAMED_UNIT ( * ) SI_UNIT ( $, .STERADIAN. ) SOLID_ANGLE_UNIT ( ) );
#3095 = FILL_AREA_STYLE ('',( #5970 ) ) ;
#3096 = DIRECTION ( 'NONE',  ( 0.000000000000000000, -1.000000000000000000, 0.000000000000000000 ) ) ;
#3097 = SURFACE_STYLE_USAGE ( .BOTH. , #2480 ) ;
#3098 = COLOUR_RGB ( '',0.9686274509803921573, 0.8784313725490195957, 0.5999999999999999778 ) ;
#3099 = PRESENTATION_LAYER_ASSIGNMENT (  '', '', ( #4758 ) ) ;
#3100 = ORIENTED_EDGE ( 'NONE', *, *, #5633, .F. ) ;
#3101 = EDGE_LOOP ( 'NONE', ( #6104, #6623, #2340, #6259, #4631, #5264, #5665, #2092, #4990, #5492, #3370, #2379, #7054, #2574, #1584, #445, #1042, #5639, #2976, #1093, #4878, #3058, #303, #6657, #2911, #3007, #6642, #3750, #6203, #989, #5075, #961, #4590, #5212, #3668, #5327, #6583, #4252, #1602, #2153, #4456, #116, #939, #3728, #2005, #3016, #3019, #5239, #4205, #3135, #1683, #2995, #4909, #1156, #2419, #1419, #2329, #4217, #6052, #3656, #3543, #5085, #3155, #4027, #7190, #2511, #562, #2821, #4679, #3322 ) ) ;
#3102 = CARTESIAN_POINT ( 'NONE',  ( -4.500000000000050626, -0.02000000000000000042, -1.299999999999999600 ) ) ;
#3103 = DIRECTION ( 'NONE',  ( 0.000000000000000000, 0.000000000000000000, 1.000000000000000000 ) ) ;
#3104 = CARTESIAN_POINT ( 'NONE',  ( -4.500000000000025757, -0.02000000000000000042, 1.799999999999999156 ) ) ;
#3105 =( LENGTH_UNIT ( ) NAMED_UNIT ( * ) SI_UNIT ( .MILLI., .METRE. ) );
#3106 = CARTESIAN_POINT ( 'NONE',  ( -4.500000000000050626, -0.02000000000000000042, -1.189999999999999503 ) ) ;
#3107 = EDGE_LOOP ( 'NONE', ( #71, #4324, #3437, #52 ) ) ;
#3108 = EDGE_CURVE ( 'NONE', #6645, #2662, #401, .T. ) ;
#3109 = ORIENTED_EDGE ( 'NONE', *, *, #2708, .F. ) ;
#3110 =( NAMED_UNIT ( * ) SI_UNIT ( $, .STERADIAN. ) SOLID_ANGLE_UNIT ( ) );
#3111 = DIRECTION ( 'NONE',  ( 0.000000000000000000, 0.000000000000000000, 1.000000000000000000 ) ) ;
#3112 = CARTESIAN_POINT ( 'NONE',  ( -3.919999999999998153, 1.779999999999999805, -3.790000000000000924 ) ) ;
#3113 =( NAMED_UNIT ( * ) SI_UNIT ( $, .STERADIAN. ) SOLID_ANGLE_UNIT ( ) );
#3114 = FACE_OUTER_BOUND ( 'NONE', #6450, .T. ) ;
#3115 =( GEOMETRIC_REPRESENTATION_CONTEXT ( 3 ) GLOBAL_UNCERTAINTY_ASSIGNED_CONTEXT ( ( #5362 ) ) GLOBAL_UNIT_ASSIGNED_CONTEXT ( ( #771, #1291, #2009 ) ) REPRESENTATION_CONTEXT ( 'NONE', 'WORKASPACE' ) );
#3116 = CARTESIAN_POINT ( 'NONE',  ( -2.999999999999998668, 0.5900000000000000799, 5.749999999999999112 ) ) ;
#3117 = DIRECTION ( 'NONE',  ( -0.000000000000000000, -1.000000000000000000, -0.000000000000000000 ) ) ;
#3118 = DIRECTION ( 'NONE',  ( 1.000000000000000000, -0.000000000000000000, 0.000000000000000000 ) ) ;
#3119 = DIRECTION ( 'NONE',  ( 0.000000000000000000, 0.000000000000000000, 1.000000000000000000 ) ) ;
#3120 = ORIENTED_EDGE ( 'NONE', *, *, #4899, .F. ) ;
#3121 = CARTESIAN_POINT ( 'NONE',  ( 4.500000000000000888, 0.5799999999999999600, 0.000000000000000000 ) ) ;
#3122 = SURFACE_SIDE_STYLE ('',( #2405 ) ) ;
#3123 = ORIENTED_EDGE ( 'NONE', *, *, #1598, .T. ) ;
#3124 = MECHANICAL_DESIGN_GEOMETRIC_PRESENTATION_REPRESENTATION (  '', ( #2888 ), #6722 ) ;
#3125 = UNCERTAINTY_MEASURE_WITH_UNIT (LENGTH_MEASURE( 1.000000000000000082E-05 ), #1031, 'distance_accuracy_value', 'NONE');
#3126 = ORIENTED_EDGE ( 'NONE', *, *, #3057, .F. ) ;
#3127 = PRESENTATION_STYLE_ASSIGNMENT (( #6617 ) ) ;
#3128 = SURFACE_STYLE_FILL_AREA ( #4835 ) ;
#3129 = LINE ( 'NONE', #4290, #2113 ) ;
#3130 = MECHANICAL_DESIGN_GEOMETRIC_PRESENTATION_REPRESENTATION (  '', ( #1065 ), #4572 ) ;
#3131 = ADVANCED_FACE ( 'NONE', ( #5878 ), #2570, .T. ) ;
#3132 = EDGE_CURVE ( 'NONE', #4864, #1483, #4718, .T. ) ;
#3133 =( GEOMETRIC_REPRESENTATION_CONTEXT ( 3 ) GLOBAL_UNCERTAINTY_ASSIGNED_CONTEXT ( ( #3265 ) ) GLOBAL_UNIT_ASSIGNED_CONTEXT ( ( #105, #518, #1105 ) ) REPRESENTATION_CONTEXT ( 'NONE', 'WORKASPACE' ) );
#3134 = VERTEX_POINT ( 'NONE', #433 ) ;
#3135 = ORIENTED_EDGE ( 'NONE', *, *, #4968, .F. ) ;
#3136 = CARTESIAN_POINT ( 'NONE',  ( -4.500000000000025757, -0.02000000000000000042, 1.799999999999999156 ) ) ;
#3137 = STYLED_ITEM ( 'NONE', ( #4169 ), #6345 ) ;
#3138 = LINE ( 'NONE', #1279, #5061 ) ;
#3139 = SURFACE_SIDE_STYLE ('',( #1468 ) ) ;
#3140 = FACE_OUTER_BOUND ( 'NONE', #972, .T. ) ;
#3141 = EDGE_LOOP ( 'NONE', ( #2486, #7420, #3592, #1356, #1184 ) ) ;
#3142 = ORIENTED_EDGE ( 'NONE', *, *, #906, .T. ) ;
#3143 = SURFACE_STYLE_USAGE ( .BOTH. , #4305 ) ;
#3144 = CYLINDRICAL_SURFACE ( 'NONE', #6803, 0.3500000000000000333 ) ;
#3145 = FILL_AREA_STYLE ('',( #6438 ) ) ;
#3146 = EDGE_CURVE ( 'NONE', #1058, #5574, #2162, .T. ) ;
#3147 = STYLED_ITEM ( 'NONE', ( #3820 ), #6987 ) ;
#3148 = CARTESIAN_POINT ( 'NONE',  ( 0.9500000000000011768, -0.02000000000000000042, 4.749999999999999112 ) ) ;
#3149 = STYLED_ITEM ( 'NONE', ( #802 ), #4194 ) ;
#3150 = SURFACE_STYLE_FILL_AREA ( #5547 ) ;
#3151 = SURFACE_STYLE_FILL_AREA ( #5956 ) ;
#3152 = LINE ( 'NONE', #293, #5167 ) ;
#3153 = CARTESIAN_POINT ( 'NONE',  ( 4.500000000000000888, 0.5900000000000000799, -0.08999999999999937217 ) ) ;
#3154 = FACE_OUTER_BOUND ( 'NONE', #4642, .T. ) ;
#3155 = ORIENTED_EDGE ( 'NONE', *, *, #4020, .T. ) ;
#3156 = LINE ( 'NONE', #821, #547 ) ;
#3157 = ORIENTED_EDGE ( 'NONE', *, *, #2386, .F. ) ;
#3158 = SURFACE_STYLE_USAGE ( .BOTH. , #376 ) ;
#3159 = CARTESIAN_POINT ( 'NONE',  ( -3.349999999999998757, -0.02000000000000000042, 4.749999999999999112 ) ) ;
#3160 = LINE ( 'NONE', #3735, #4402 ) ;
#3161 = VERTEX_POINT ( 'NONE', #3217 ) ;
#3162 = ORIENTED_EDGE ( 'NONE', *, *, #1300, .T. ) ;
#3163 = CARTESIAN_POINT ( 'NONE',  ( 4.500000000000027534, 1.800655561573372143, 1.450000000000000400 ) ) ;
#3164 = EDGE_CURVE ( 'NONE', #4149, #6201, #2615, .T. ) ;
#3165 = DIRECTION ( 'NONE',  ( 0.000000000000000000, 0.000000000000000000, -1.000000000000000000 ) ) ;
#3166 = CARTESIAN_POINT ( 'NONE',  ( 3.230000000000000426, 0.5900000000000000799, 5.749999999999999112 ) ) ;
#3167 = FACE_OUTER_BOUND ( 'NONE', #4154, .T. ) ;
#3168 = DIRECTION ( 'NONE',  ( -1.000000000000000000, 0.000000000000000000, -0.000000000000000000 ) ) ;
#3169 = AXIS2_PLACEMENT_3D ( 'NONE', #6999, #6415, #1848 ) ;
#3170 =( NAMED_UNIT ( * ) SI_UNIT ( $, .STERADIAN. ) SOLID_ANGLE_UNIT ( ) );
#3171 = COLOUR_RGB ( '',0.9686274509803921573, 0.8784313725490195957, 0.5999999999999999778 ) ;
#3172 = EDGE_LOOP ( 'NONE', ( #5652, #6819, #1656, #6346 ) ) ;
#3173 = VERTEX_POINT ( 'NONE', #3873 ) ;
#3174 = CIRCLE ( 'NONE', #3300, 0.3299999999999995715 ) ;
#3175 = DIRECTION ( 'NONE',  ( 0.000000000000000000, 0.000000000000000000, 1.000000000000000000 ) ) ;
#3176 = LINE ( 'NONE', #5002, #4863 ) ;
#3177 = EDGE_CURVE ( 'NONE', #4361, #3203, #2737, .T. ) ;
#3178 = EDGE_CURVE ( 'NONE', #3302, #3173, #2323, .T. ) ;
#3179 = DIRECTION ( 'NONE',  ( 0.000000000000000000, 0.000000000000000000, -1.000000000000000000 ) ) ;
#3180 = CARTESIAN_POINT ( 'NONE',  ( 4.500000000000000888, -6.776263578034402713E-18, 3.500000000000000000 ) ) ;
#3181 = VECTOR ( 'NONE', #2003, 1000.000000000000000 ) ;
#3182 = ORIENTED_EDGE ( 'NONE', *, *, #3178, .F. ) ;
#3183 = CARTESIAN_POINT ( 'NONE',  ( -4.500000000000018652, 0.5900000000000000799, -0.6099999999999996536 ) ) ;
#3184 = CARTESIAN_POINT ( 'NONE',  ( -1.799999999999998934, -0.02000000000000000042, 5.519999999999998685 ) ) ;
#3185 = PLANE ( 'NONE',  #6580 ) ;
#3186 = ORIENTED_EDGE ( 'NONE', *, *, #4183, .T. ) ;
#3187 = CARTESIAN_POINT ( 'NONE',  ( 4.500000000000000888, 0.5900000000000000799, 0.000000000000000000 ) ) ;
#3188 = SURFACE_SIDE_STYLE ('',( #1030 ) ) ;
#3189 = COLOUR_RGB ( '',0.9686274509803921573, 0.8784313725490195957, 0.5999999999999999778 ) ;
#3190 = ORIENTED_EDGE ( 'NONE', *, *, #6456, .T. ) ;
#3191 = CARTESIAN_POINT ( 'NONE',  ( -2.649999999999998579, 1.800655561573372143, 5.749999999999999112 ) ) ;
#3192 = UNCERTAINTY_MEASURE_WITH_UNIT (LENGTH_MEASURE( 1.000000000000000082E-05 ), #1719, 'distance_accuracy_value', 'NONE');
#3193 = ORIENTED_EDGE ( 'NONE', *, *, #5573, .F. ) ;
#3194 = EDGE_CURVE ( 'NONE', #5025, #4036, #1951, .T. ) ;
#3195 = DIRECTION ( 'NONE',  ( 0.000000000000000000, 0.000000000000000000, 1.000000000000000000 ) ) ;
#3196 = UNCERTAINTY_MEASURE_WITH_UNIT (LENGTH_MEASURE( 1.000000000000000082E-05 ), #6082, 'distance_accuracy_value', 'NONE');
#3197 = VECTOR ( 'NONE', #6741, 1000.000000000000000 ) ;
#3198 = DIRECTION ( 'NONE',  ( 0.000000000000000000, -1.000000000000000000, 0.000000000000000000 ) ) ;
#3199 = PLANE ( 'NONE',  #1995 ) ;
#3200 = PRESENTATION_LAYER_ASSIGNMENT (  '', '', ( #3812 ) ) ;
#3201 = AXIS2_PLACEMENT_3D ( 'NONE', #1179, #1137, #3375 ) ;
#3202 = VECTOR ( 'NONE', #6597, 1000.000000000000000 ) ;
#3203 = VERTEX_POINT ( 'NONE', #5505 ) ;
#3204 = VERTEX_POINT ( 'NONE', #2690 ) ;
#3205 = VECTOR ( 'NONE', #5125, 1000.000000000000000 ) ;
#3206 = CARTESIAN_POINT ( 'NONE',  ( 3.000000000000000444, 0.5900000000000000799, 5.419999999999999041 ) ) ;
#3207 = CARTESIAN_POINT ( 'NONE',  ( 0.000000000000000000, -0.02000000000000000042, 4.749999999999999112 ) ) ;
#3208 = FACE_OUTER_BOUND ( 'NONE', #6409, .T. ) ;
#3209 = AXIS2_PLACEMENT_3D ( 'NONE', #4545, #6393, #6831 ) ;
#3210 = VERTEX_POINT ( 'NONE', #6715 ) ;
#3211 = ORIENTED_EDGE ( 'NONE', *, *, #1573, .F. ) ;
#3212 = DIRECTION ( 'NONE',  ( 0.000000000000000000, 1.000000000000000000, -0.000000000000000000 ) ) ;
#3213 =( NAMED_UNIT ( * ) SI_UNIT ( $, .STERADIAN. ) SOLID_ANGLE_UNIT ( ) );
#3214 = CARTESIAN_POINT ( 'NONE',  ( 1.570000000000001172, 0.5900000000000000799, 5.749999999999999112 ) ) ;
#3215 = FILL_AREA_STYLE ('',( #2124 ) ) ;
#3216 = FACE_OUTER_BOUND ( 'NONE', #717, .T. ) ;
#3217 = CARTESIAN_POINT ( 'NONE',  ( -4.500000000000000888, 0.5900000000000000799, 3.610000000000000320 ) ) ;
#3218 = PRESENTATION_LAYER_ASSIGNMENT (  '', '', ( #336 ) ) ;
#3219 = ADVANCED_FACE ( 'NONE', ( #1551 ), #402, .T. ) ;
#3220 = ADVANCED_FACE ( 'NONE', ( #2200 ), #3293, .F. ) ;
#3221 = ORIENTED_EDGE ( 'NONE', *, *, #3839, .F. ) ;
#3222 = DIRECTION ( 'NONE',  ( -1.000000000000000000, 0.000000000000000000, -0.000000000000000000 ) ) ;
#3223 = AXIS2_PLACEMENT_3D ( 'NONE', #2464, #1908, #1979 ) ;
#3224 = DIRECTION ( 'NONE',  ( -0.000000000000000000, 0.000000000000000000, 1.000000000000000000 ) ) ;
#3225 = DIRECTION ( 'NONE',  ( -0.000000000000000000, 1.000000000000000000, -0.000000000000000000 ) ) ;
#3226 = DIRECTION ( 'NONE',  ( 0.000000000000000000, -1.000000000000000000, 0.000000000000000000 ) ) ;
#3227 =( NAMED_UNIT ( * ) PLANE_ANGLE_UNIT ( ) SI_UNIT ( $, .RADIAN. ) );
#3228 = ORIENTED_EDGE ( 'NONE', *, *, #49, .T. ) ;
#3229 = ORIENTED_EDGE ( 'NONE', *, *, #7195, .F. ) ;
#3230 = CARTESIAN_POINT ( 'NONE',  ( -1.449999999999998845, 1.800655561573372143, 4.749999999999999112 ) ) ;
#3231 =( NAMED_UNIT ( * ) SI_UNIT ( $, .STERADIAN. ) SOLID_ANGLE_UNIT ( ) );
#3232 = FACE_OUTER_BOUND ( 'NONE', #6074, .T. ) ;
#3233 = CARTESIAN_POINT ( 'NONE',  ( -4.500000000000038192, -0.02000000000000000042, 0.5999999999999989786 ) ) ;
#3234 = EDGE_CURVE ( 'NONE', #4575, #1051, #7426, .T. ) ;
#3235 = ORIENTED_EDGE ( 'NONE', *, *, #3795, .T. ) ;
#3236 = EDGE_LOOP ( 'NONE', ( #3052, #4733, #3162, #6769 ) ) ;
#3237 = DIRECTION ( 'NONE',  ( 0.000000000000000000, 0.000000000000000000, 1.000000000000000000 ) ) ;
#3238 = PLANE ( 'NONE',  #5444 ) ;
#3239 = CARTESIAN_POINT ( 'NONE',  ( -3.500000000000000444, 0.000000000000000000, 4.200000000000000178 ) ) ;
#3240 = MECHANICAL_DESIGN_GEOMETRIC_PRESENTATION_REPRESENTATION (  '', ( #5516 ), #5023 ) ;
#3241 = PRESENTATION_STYLE_ASSIGNMENT (( #6200 ) ) ;
#3242 = VECTOR ( 'NONE', #1061, 1000.000000000000000 ) ;
#3243 = ORIENTED_EDGE ( 'NONE', *, *, #6798, .T. ) ;
#3244 = ORIENTED_EDGE ( 'NONE', *, *, #5152, .T. ) ;
#3245 = CARTESIAN_POINT ( 'NONE',  ( -1.919999999999999041, 1.779999999999999805, -5.390000000000001457 ) ) ;
#3246 = LINE ( 'NONE', #5382, #3984 ) ;
#3247 = MECHANICAL_DESIGN_GEOMETRIC_PRESENTATION_REPRESENTATION (  '', ( #5880 ), #2527 ) ;
#3248 = SURFACE_STYLE_USAGE ( .BOTH. , #6636 ) ;
#3249 =( NAMED_UNIT ( * ) PLANE_ANGLE_UNIT ( ) SI_UNIT ( $, .RADIAN. ) );
#3250 = VECTOR ( 'NONE', #7095, 1000.000000000000000 ) ;
#3251 = COLOUR_RGB ( '',0.9686274509803921573, 0.8784313725490195957, 0.5999999999999999778 ) ;
#3252 = EDGE_LOOP ( 'NONE', ( #6478, #2077, #226, #3574 ) ) ;
#3253 = AXIS2_PLACEMENT_3D ( 'NONE', #4615, #5053, #3919 ) ;
#3254 = LINE ( 'NONE', #3296, #6041 ) ;
#3255 = DIRECTION ( 'NONE',  ( 1.000000000000000000, 0.000000000000000000, -0.000000000000000000 ) ) ;
#3256 =( NAMED_UNIT ( * ) SI_UNIT ( $, .STERADIAN. ) SOLID_ANGLE_UNIT ( ) );
#3257 = LINE ( 'NONE', #4436, #4403 ) ;
#3258 = EDGE_CURVE ( 'NONE', #6155, #1224, #7384, .T. ) ;
#3259 = EDGE_CURVE ( 'NONE', #5153, #719, #1714, .T. ) ;
#3260 = PRESENTATION_STYLE_ASSIGNMENT (( #2576 ) ) ;
#3261 = VECTOR ( 'NONE', #1252, 1000.000000000000000 ) ;
#3262 = COLOUR_RGB ( '',0.9686274509803921573, 0.8784313725490195957, 0.5999999999999999778 ) ;
#3263 = ORIENTED_EDGE ( 'NONE', *, *, #4815, .T. ) ;
#3264 = SURFACE_SIDE_STYLE ('',( #1566 ) ) ;
#3265 = UNCERTAINTY_MEASURE_WITH_UNIT (LENGTH_MEASURE( 1.000000000000000082E-05 ), #105, 'distance_accuracy_value', 'NONE');
#3266 = EDGE_LOOP ( 'NONE', ( #890, #6310, #2934, #7344 ) ) ;
#3267 = DIRECTION ( 'NONE',  ( 1.000000000000000000, 0.000000000000000000, 0.000000000000000000 ) ) ;
#3268 = CIRCLE ( 'NONE', #979, 0.3299999999999995715 ) ;
#3269 = EDGE_CURVE ( 'NONE', #1190, #5153, #19, .T. ) ;
#3270 = ADVANCED_FACE ( 'NONE', ( #505 ), #2879, .F. ) ;
#3271 = FILL_AREA_STYLE_COLOUR ( '', #3929 ) ;
#3272 = DIRECTION ( 'NONE',  ( 0.000000000000000000, 1.000000000000000000, -0.000000000000000000 ) ) ;
#3273 = AXIS2_PLACEMENT_3D ( 'NONE', #5938, #6012, #310 ) ;
#3274 = VERTEX_POINT ( 'NONE', #5158 ) ;
#3275 = COLOUR_RGB ( '',0.9686274509803921573, 0.8784313725490195957, 0.5999999999999999778 ) ;
#3276 = ORIENTED_EDGE ( 'NONE', *, *, #1462, .F. ) ;
#3277 = DIRECTION ( 'NONE',  ( 0.000000000000000000, 1.000000000000000000, 0.000000000000000000 ) ) ;
#3278 = SURFACE_SIDE_STYLE ('',( #454 ) ) ;
#3279 = EDGE_CURVE ( 'NONE', #113, #4094, #5232, .T. ) ;
#3280 =( NAMED_UNIT ( * ) SI_UNIT ( $, .STERADIAN. ) SOLID_ANGLE_UNIT ( ) );
#3281 = PLANE ( 'NONE',  #6199 ) ;
#3282 = FILL_AREA_STYLE ('',( #6160 ) ) ;
#3283 = AXIS2_PLACEMENT_3D ( 'NONE', #5610, #988, #6751 ) ;
#3284 = ORIENTED_EDGE ( 'NONE', *, *, #5635, .T. ) ;
#3285 = VERTEX_POINT ( 'NONE', #6240 ) ;
#3286 = DIRECTION ( 'NONE',  ( -0.000000000000000000, 1.000000000000000000, -0.000000000000000000 ) ) ;
#3287 =( GEOMETRIC_REPRESENTATION_CONTEXT ( 3 ) GLOBAL_UNCERTAINTY_ASSIGNED_CONTEXT ( ( #4764 ) ) GLOBAL_UNIT_ASSIGNED_CONTEXT ( ( #277, #5865, #1430 ) ) REPRESENTATION_CONTEXT ( 'NONE', 'WORKASPACE' ) );
#3288 = DIRECTION ( 'NONE',  ( 1.000000000000000000, 0.000000000000000000, 0.000000000000000000 ) ) ;
#3289 = DIRECTION ( 'NONE',  ( -1.000000000000000000, 0.000000000000000000, -8.673617379884036458E-16 ) ) ;
#3290 = EDGE_CURVE ( 'NONE', #6217, #1312, #2810, .T. ) ;
#3291 = LINE ( 'NONE', #6275, #850 ) ;
#3292 =( NAMED_UNIT ( * ) PLANE_ANGLE_UNIT ( ) SI_UNIT ( $, .RADIAN. ) );
#3293 = CYLINDRICAL_SURFACE ( 'NONE', #42, 0.2400000000000001854 ) ;
#3294 = VERTEX_POINT ( 'NONE', #58 ) ;
#3295 = SURFACE_STYLE_FILL_AREA ( #1484 ) ;
#3296 = CARTESIAN_POINT ( 'NONE',  ( -1.569999999999999174, -0.02000000000000000042, 5.749999999999999112 ) ) ;
#3297 = LINE ( 'NONE', #5584, #1940 ) ;
#3298 = FILL_AREA_STYLE_COLOUR ( '', #4519 ) ;
#3299 = VECTOR ( 'NONE', #1949, 1000.000000000000000 ) ;
#3300 = AXIS2_PLACEMENT_3D ( 'NONE', #3898, #5448, #306 ) ;
#3301 =( NAMED_UNIT ( * ) SI_UNIT ( $, .STERADIAN. ) SOLID_ANGLE_UNIT ( ) );
#3302 = VERTEX_POINT ( 'NONE', #93 ) ;
#3303 = FILL_AREA_STYLE ('',( #5999 ) ) ;
#3304 = FILL_AREA_STYLE_COLOUR ( '', #7032 ) ;
#3305 = CARTESIAN_POINT ( 'NONE',  ( -4.500000000000050626, -0.02000000000000000042, -1.299999999999999600 ) ) ;
#3306 = PLANE ( 'NONE',  #4164 ) ;
#3307 = EDGE_CURVE ( 'NONE', #6025, #4117, #5674, .T. ) ;
#3308 = EDGE_CURVE ( 'NONE', #6967, #2401, #1740, .T. ) ;
#3309 = ORIENTED_EDGE ( 'NONE', *, *, #2111, .F. ) ;
#3310 = CIRCLE ( 'NONE', #3676, 0.2300000000000001765 ) ;
#3311 = EDGE_LOOP ( 'NONE', ( #2312, #1531, #6687, #4809, #3466, #5024 ) ) ;
#3312 = CARTESIAN_POINT ( 'NONE',  ( -1.799999999999998934, 1.800655561573372143, 5.519999999999998685 ) ) ;
#3313 = LINE ( 'NONE', #3860, #1094 ) ;
#3314 = MECHANICAL_DESIGN_GEOMETRIC_PRESENTATION_REPRESENTATION (  '', ( #1733 ), #3321 ) ;
#3315 = DIRECTION ( 'NONE',  ( -0.000000000000000000, 0.000000000000000000, 1.000000000000000000 ) ) ;
#3316 = PLANE ( 'NONE',  #4056 ) ;
#3317 = CYLINDRICAL_SURFACE ( 'NONE', #766, 0.2300000000000001765 ) ;
#3318 = FILL_AREA_STYLE ('',( #6665 ) ) ;
#3319 = VECTOR ( 'NONE', #4668, 1000.000000000000000 ) ;
#3320 = STYLED_ITEM ( 'NONE', ( #2270 ), #2724 ) ;
#3321 =( GEOMETRIC_REPRESENTATION_CONTEXT ( 3 ) GLOBAL_UNCERTAINTY_ASSIGNED_CONTEXT ( ( #6183 ) ) GLOBAL_UNIT_ASSIGNED_CONTEXT ( ( #5164, #2243, #1098 ) ) REPRESENTATION_CONTEXT ( 'NONE', 'WORKASPACE' ) );
#3322 = ORIENTED_EDGE ( 'NONE', *, *, #3962, .F. ) ;
#3323 = AXIS2_PLACEMENT_3D ( 'NONE', #5554, #6762, #477 ) ;
#3324 = ORIENTED_EDGE ( 'NONE', *, *, #2069, .T. ) ;
#3325 = SURFACE_STYLE_USAGE ( .BOTH. , #7310 ) ;
#3326 = VECTOR ( 'NONE', #4931, 1000.000000000000000 ) ;
#3327 = DIRECTION ( 'NONE',  ( 1.000000000000000000, 0.000000000000000000, 0.000000000000000000 ) ) ;
#3328 = CIRCLE ( 'NONE', #2734, 0.2300000000000001765 ) ;
#3329 =( NAMED_UNIT ( * ) SI_UNIT ( $, .STERADIAN. ) SOLID_ANGLE_UNIT ( ) );
#3330 = PRESENTATION_STYLE_ASSIGNMENT (( #2774 ) ) ;
#3331 = CIRCLE ( 'NONE', #2253, 0.2399999999999997691 ) ;
#3332 = ADVANCED_FACE ( 'NONE', ( #1628 ), #1701, .T. ) ;
#3333 = ORIENTED_EDGE ( 'NONE', *, *, #885, .T. ) ;
#3334 = CARTESIAN_POINT ( 'NONE',  ( 3.500000000000012879, 1.800655561573372143, 2.299999999999999822 ) ) ;
#3335 = CARTESIAN_POINT ( 'NONE',  ( 0.000000000000000000, 0.000000000000000000, 3.500000000000000000 ) ) ;
#3336 = CARTESIAN_POINT ( 'NONE',  ( -5.204170427930446921E-16, 0.000000000000000000, 0.6000000000000028644 ) ) ;
#3337 = DIRECTION ( 'NONE',  ( 0.000000000000000000, 0.000000000000000000, -1.000000000000000000 ) ) ;
#3338 = DIRECTION ( 'NONE',  ( -0.000000000000000000, -1.000000000000000000, -0.000000000000000000 ) ) ;
#3339 = CARTESIAN_POINT ( 'NONE',  ( -4.500000000000000888, -0.02000000000000000042, 4.089999999999999858 ) ) ;
#3340 = VECTOR ( 'NONE', #3428, 1000.000000000000000 ) ;
#3341 = PRESENTATION_STYLE_ASSIGNMENT (( #2174 ) ) ;
#3342 = PRESENTATION_LAYER_ASSIGNMENT (  '', '', ( #6582 ) ) ;
#3343 = LINE ( 'NONE', #3191, #1264 ) ;
#3344 = UNCERTAINTY_MEASURE_WITH_UNIT (LENGTH_MEASURE( 1.000000000000000082E-05 ), #576, 'distance_accuracy_value', 'NONE');
#3345 = ORIENTED_EDGE ( 'NONE', *, *, #96, .T. ) ;
#3346 = DIRECTION ( 'NONE',  ( -1.000000000000000000, 0.000000000000000000, 0.000000000000000000 ) ) ;
#3347 =( LENGTH_UNIT ( ) NAMED_UNIT ( * ) SI_UNIT ( .MILLI., .METRE. ) );
#3348 = FILL_AREA_STYLE_COLOUR ( '', #6768 ) ;
#3349 = VECTOR ( 'NONE', #1785, 1000.000000000000000 ) ;
#3350 = SURFACE_STYLE_FILL_AREA ( #3810 ) ;
#3351 = ORIENTED_EDGE ( 'NONE', *, *, #3194, .F. ) ;
#3352 =( GEOMETRIC_REPRESENTATION_CONTEXT ( 3 ) GLOBAL_UNCERTAINTY_ASSIGNED_CONTEXT ( ( #4475 ) ) GLOBAL_UNIT_ASSIGNED_CONTEXT ( ( #5650, #1106, #5688 ) ) REPRESENTATION_CONTEXT ( 'NONE', 'WORKASPACE' ) );
#3353 = VERTEX_POINT ( 'NONE', #5268 ) ;
#3354 = DIRECTION ( 'NONE',  ( -0.000000000000000000, 1.000000000000000000, -0.000000000000000000 ) ) ;
#3355 = SURFACE_STYLE_FILL_AREA ( #1078 ) ;
#3356 = ADVANCED_FACE ( 'NONE', ( #694 ), #4708, .F. ) ;
#3357 = PRESENTATION_STYLE_ASSIGNMENT (( #351 ) ) ;
#3358 = EDGE_CURVE ( 'NONE', #5123, #2070, #6461, .T. ) ;
#3359 = VECTOR ( 'NONE', #3118, 1000.000000000000000 ) ;
#3360 = VERTEX_POINT ( 'NONE', #6507 ) ;
#3361 = EDGE_LOOP ( 'NONE', ( #1129, #4838, #3126, #6744, #1985, #4081, #314, #5557 ) ) ;
#3362 =( GEOMETRIC_REPRESENTATION_CONTEXT ( 3 ) GLOBAL_UNCERTAINTY_ASSIGNED_CONTEXT ( ( #716 ) ) GLOBAL_UNIT_ASSIGNED_CONTEXT ( ( #7071, #3693, #1916 ) ) REPRESENTATION_CONTEXT ( 'NONE', 'WORKASPACE' ) );
#3363 = PRESENTATION_STYLE_ASSIGNMENT (( #6168 ) ) ;
#3364 = FILL_AREA_STYLE_COLOUR ( '', #5940 ) ;
#3365 = SURFACE_SIDE_STYLE ('',( #1055 ) ) ;
#3366 = DIRECTION ( 'NONE',  ( 0.000000000000000000, 1.000000000000000000, 0.000000000000000000 ) ) ;
#3367 = MECHANICAL_DESIGN_GEOMETRIC_PRESENTATION_REPRESENTATION (  '', ( #5754 ), #1670 ) ;
#3368 = AXIS2_PLACEMENT_3D ( 'NONE', #2925, #2424, #700 ) ;
#3369 = COLOUR_RGB ( '',0.9686274509803921573, 0.8784313725490195957, 0.5999999999999999778 ) ;
#3370 = ORIENTED_EDGE ( 'NONE', *, *, #4916, .F. ) ;
#3371 = PRESENTATION_STYLE_ASSIGNMENT (( #1059 ) ) ;
#3372 = FACE_OUTER_BOUND ( 'NONE', #6864, .T. ) ;
#3373 = CARTESIAN_POINT ( 'NONE',  ( 4.500000000000000888, -0.02000000000000000042, 3.500000000000000000 ) ) ;
#3374 = DIRECTION ( 'NONE',  ( 0.000000000000000000, 0.000000000000000000, 1.000000000000000000 ) ) ;
#3375 = DIRECTION ( 'NONE',  ( 0.000000000000000000, 0.000000000000000000, -1.000000000000000000 ) ) ;
#3376 =( GEOMETRIC_REPRESENTATION_CONTEXT ( 3 ) GLOBAL_UNCERTAINTY_ASSIGNED_CONTEXT ( ( #2059 ) ) GLOBAL_UNIT_ASSIGNED_CONTEXT ( ( #6833, #4469, #1100 ) ) REPRESENTATION_CONTEXT ( 'NONE', 'WORKASPACE' ) );
#3377 = PRESENTATION_LAYER_ASSIGNMENT (  '', '', ( #5762 ) ) ;
#3378 = UNCERTAINTY_MEASURE_WITH_UNIT (LENGTH_MEASURE( 1.000000000000000082E-05 ), #251, 'distance_accuracy_value', 'NONE');
#3379 = EDGE_CURVE ( 'NONE', #1860, #4754, #801, .T. ) ;
#3380 = MECHANICAL_DESIGN_GEOMETRIC_PRESENTATION_REPRESENTATION (  '', ( #6619 ), #4919 ) ;
#3381 = CARTESIAN_POINT ( 'NONE',  ( 0.000000000000000000, 0.5900000000000000799, 0.000000000000000000 ) ) ;
#3382 = ORIENTED_EDGE ( 'NONE', *, *, #780, .T. ) ;
#3383 = PLANE ( 'NONE',  #3085 ) ;
#3384 = CARTESIAN_POINT ( 'NONE',  ( 4.500000000000000888, -0.02000000000000000042, 0.5999999999999994227 ) ) ;
#3385 =( NAMED_UNIT ( * ) SI_UNIT ( $, .STERADIAN. ) SOLID_ANGLE_UNIT ( ) );
#3386 = VERTEX_POINT ( 'NONE', #6427 ) ;
#3387 = STYLED_ITEM ( 'NONE', ( #6459 ), #6853 ) ;
#3388 = CARTESIAN_POINT ( 'NONE',  ( -4.500000000000052403, -0.02000000000000000042, -0.9499999999999995115 ) ) ;
#3389 = ORIENTED_EDGE ( 'NONE', *, *, #4301, .T. ) ;
#3390 = DIRECTION ( 'NONE',  ( 1.000000000000000000, 0.000000000000000000, 0.000000000000000000 ) ) ;
#3391 = COLOUR_RGB ( '',0.000000000000000000, 0.000000000000000000, 0.5019607843137254832 ) ;
#3392 = SURFACE_STYLE_FILL_AREA ( #1075 ) ;
#3393 = LINE ( 'NONE', #6774, #3764 ) ;
#3394 = DIRECTION ( 'NONE',  ( 0.000000000000000000, 1.000000000000000000, 0.000000000000000000 ) ) ;
#3395 = FACE_OUTER_BOUND ( 'NONE', #2519, .T. ) ;
#3396 = DIRECTION ( 'NONE',  ( 0.000000000000000000, 0.000000000000000000, -1.000000000000000000 ) ) ;
#3397 = VECTOR ( 'NONE', #7042, 1000.000000000000000 ) ;
#3398 = PRESENTATION_LAYER_ASSIGNMENT (  '', '', ( #5824 ) ) ;
#3399 = VERTEX_POINT ( 'NONE', #3106 ) ;
#3400 = EDGE_CURVE ( 'NONE', #1347, #5114, #1839, .T. ) ;
#3401 = ORIENTED_EDGE ( 'NONE', *, *, #2856, .F. ) ;
#3402 = FILL_AREA_STYLE ('',( #5077 ) ) ;
#3403 = FILL_AREA_STYLE ('',( #7311 ) ) ;
#3404 = SURFACE_SIDE_STYLE ('',( #6237 ) ) ;
#3405 = FILL_AREA_STYLE ('',( #6205 ) ) ;
#3406 = PRESENTATION_STYLE_ASSIGNMENT (( #2878 ) ) ;
#3407 = PRESENTATION_LAYER_ASSIGNMENT (  '', '', ( #4023 ) ) ;
#3408 =( GEOMETRIC_REPRESENTATION_CONTEXT ( 3 ) GLOBAL_UNCERTAINTY_ASSIGNED_CONTEXT ( ( #3575 ) ) GLOBAL_UNIT_ASSIGNED_CONTEXT ( ( #1121, #2938, #5215 ) ) REPRESENTATION_CONTEXT ( 'NONE', 'WORKASPACE' ) );
#3409 = ORIENTED_EDGE ( 'NONE', *, *, #6148, .T. ) ;
#3410 = ADVANCED_FACE ( 'NONE', ( #1284 ), #4776, .T. ) ;
#3411 = EDGE_CURVE ( 'NONE', #1257, #1793, #3746, .T. ) ;
#3412 = VERTEX_POINT ( 'NONE', #7078 ) ;
#3413 = LINE ( 'NONE', #1176, #7165 ) ;
#3414 = LINE ( 'NONE', #6867, #3205 ) ;
#3415 = DIRECTION ( 'NONE',  ( 2.168404344971008079E-15, 0.000000000000000000, 1.000000000000000000 ) ) ;
#3416 = STYLED_ITEM ( 'NONE', ( #5930 ), #3636 ) ;
#3417 = FILL_AREA_STYLE ('',( #6252 ) ) ;
#3418 =( GEOMETRIC_REPRESENTATION_CONTEXT ( 3 ) GLOBAL_UNCERTAINTY_ASSIGNED_CONTEXT ( ( #4828 ) ) GLOBAL_UNIT_ASSIGNED_CONTEXT ( ( #5622, #5768, #6804 ) ) REPRESENTATION_CONTEXT ( 'NONE', 'WORKASPACE' ) );
#3419 = UNCERTAINTY_MEASURE_WITH_UNIT (LENGTH_MEASURE( 1.000000000000000082E-05 ), #5659, 'distance_accuracy_value', 'NONE');
#3420 = ORIENTED_EDGE ( 'NONE', *, *, #4057, .F. ) ;
#3421 = VECTOR ( 'NONE', #6084, 1000.000000000000000 ) ;
#3422 = FACE_OUTER_BOUND ( 'NONE', #2692, .T. ) ;
#3423 = LINE ( 'NONE', #592, #4538 ) ;
#3424 = EDGE_CURVE ( 'NONE', #5486, #4003, #4255, .T. ) ;
#3425 = ORIENTED_EDGE ( 'NONE', *, *, #379, .F. ) ;
#3426 = UNCERTAINTY_MEASURE_WITH_UNIT (LENGTH_MEASURE( 1.000000000000000082E-05 ), #405, 'distance_accuracy_value', 'NONE');
#3427 = VERTEX_POINT ( 'NONE', #4805 ) ;
#3428 = DIRECTION ( 'NONE',  ( 0.000000000000000000, 0.000000000000000000, 1.000000000000000000 ) ) ;
#3429 = CARTESIAN_POINT ( 'NONE',  ( 4.500000000000000888, 1.800655561573372143, 2.299999999999999822 ) ) ;
#3430 = SURFACE_SIDE_STYLE ('',( #5070 ) ) ;
#3431 = DIRECTION ( 'NONE',  ( 1.000000000000000000, 0.000000000000000000, 0.000000000000000000 ) ) ;
#3432 = DIRECTION ( 'NONE',  ( -0.000000000000000000, 1.000000000000000000, -0.000000000000000000 ) ) ;
#3433 = FILL_AREA_STYLE ('',( #4525 ) ) ;
#3434 = DIRECTION ( 'NONE',  ( -0.000000000000000000, -1.000000000000000000, -0.000000000000000000 ) ) ;
#3435 =( GEOMETRIC_REPRESENTATION_CONTEXT ( 3 ) GLOBAL_UNCERTAINTY_ASSIGNED_CONTEXT ( ( #2855 ) ) GLOBAL_UNIT_ASSIGNED_CONTEXT ( ( #5003, #913, #2082 ) ) REPRESENTATION_CONTEXT ( 'NONE', 'WORKASPACE' ) );
#3436 = VECTOR ( 'NONE', #5810, 1000.000000000000000 ) ;
#3437 = ORIENTED_EDGE ( 'NONE', *, *, #5413, .F. ) ;
#3438 = ORIENTED_EDGE ( 'NONE', *, *, #4645, .T. ) ;
#3439 =( LENGTH_UNIT ( ) NAMED_UNIT ( * ) SI_UNIT ( .MILLI., .METRE. ) );
#3440 = LINE ( 'NONE', #5224, #4686 ) ;
#3441 = LINE ( 'NONE', #2841, #142 ) ;
#3442 = MECHANICAL_DESIGN_GEOMETRIC_PRESENTATION_REPRESENTATION (  '', ( #6067 ), #6920 ) ;
#3443 = FILL_AREA_STYLE ('',( #3516 ) ) ;
#3444 =( GEOMETRIC_REPRESENTATION_CONTEXT ( 3 ) GLOBAL_UNCERTAINTY_ASSIGNED_CONTEXT ( ( #5143 ) ) GLOBAL_UNIT_ASSIGNED_CONTEXT ( ( #1615, #2937, #1879 ) ) REPRESENTATION_CONTEXT ( 'NONE', 'WORKASPACE' ) );
#3445 = ORIENTED_EDGE ( 'NONE', *, *, #2484, .T. ) ;
#3446 = COLOUR_RGB ( '',0.9686274509803921573, 0.8784313725490195957, 0.5999999999999999778 ) ;
#3447 = ORIENTED_EDGE ( 'NONE', *, *, #5356, .T. ) ;
#3448 = DIRECTION ( 'NONE',  ( 1.000000000000000000, 0.000000000000000000, 0.000000000000000000 ) ) ;
#3449 = SURFACE_STYLE_FILL_AREA ( #2324 ) ;
#3450 = PRESENTATION_STYLE_ASSIGNMENT (( #1136 ) ) ;
#3451 = SURFACE_STYLE_USAGE ( .BOTH. , #5166 ) ;
#3452 = UNCERTAINTY_MEASURE_WITH_UNIT (LENGTH_MEASURE( 1.000000000000000082E-05 ), #2467, 'distance_accuracy_value', 'NONE');
#3453 =( NAMED_UNIT ( * ) PLANE_ANGLE_UNIT ( ) SI_UNIT ( $, .RADIAN. ) );
#3454 = ADVANCED_FACE ( 'NONE', ( #7117 ), #2602, .F. ) ;
#3455 = VECTOR ( 'NONE', #4364, 1000.000000000000000 ) ;
#3456 = EDGE_CURVE ( 'NONE', #2060, #3876, #4738, .T. ) ;
#3457 = CARTESIAN_POINT ( 'NONE',  ( 3.350000000000000533, 1.800655561573372143, 0.000000000000000000 ) ) ;
#3458 =( GEOMETRIC_REPRESENTATION_CONTEXT ( 3 ) GLOBAL_UNCERTAINTY_ASSIGNED_CONTEXT ( ( #1990 ) ) GLOBAL_UNIT_ASSIGNED_CONTEXT ( ( #1168, #5786, #646 ) ) REPRESENTATION_CONTEXT ( 'NONE', 'WORKASPACE' ) );
#3459 = PRESENTATION_STYLE_ASSIGNMENT (( #2291 ) ) ;
#3460 = ORIENTED_EDGE ( 'NONE', *, *, #4599, .T. ) ;
#3461 = FACE_OUTER_BOUND ( 'NONE', #574, .T. ) ;
#3462 = LINE ( 'NONE', #110, #5837 ) ;
#3463 = FACE_OUTER_BOUND ( 'NONE', #2432, .T. ) ;
#3464 = PRODUCT_DEFINITION ( 'UNKNOWN', '', #1431, #3811 ) ;
#3465 = ORIENTED_EDGE ( 'NONE', *, *, #2166, .F. ) ;
#3466 = ORIENTED_EDGE ( 'NONE', *, *, #5270, .F. ) ;
#3467 =( GEOMETRIC_REPRESENTATION_CONTEXT ( 3 ) GLOBAL_UNCERTAINTY_ASSIGNED_CONTEXT ( ( #4327 ) ) GLOBAL_UNIT_ASSIGNED_CONTEXT ( ( #7389, #4159, #2851 ) ) REPRESENTATION_CONTEXT ( 'NONE', 'WORKASPACE' ) );
#3468 = SURFACE_STYLE_USAGE ( .BOTH. , #2871 ) ;
#3469 = CARTESIAN_POINT ( 'NONE',  ( 0.000000000000000000, 0.000000000000000000, 4.749999999999999112 ) ) ;
#3470 = DIRECTION ( 'NONE',  ( 0.000000000000000000, 0.000000000000000000, 1.000000000000000000 ) ) ;
#3471 = ADVANCED_FACE ( 'NONE', ( #3706 ), #1282, .T. ) ;
#3472 = ORIENTED_EDGE ( 'NONE', *, *, #57, .T. ) ;
#3473 = ORIENTED_EDGE ( 'NONE', *, *, #2225, .T. ) ;
#3474 =( NAMED_UNIT ( * ) PLANE_ANGLE_UNIT ( ) SI_UNIT ( $, .RADIAN. ) );
#3475 = DIRECTION ( 'NONE',  ( -0.000000000000000000, -1.000000000000000000, 0.000000000000000000 ) ) ;
#3476 = LINE ( 'NONE', #610, #3891 ) ;
#3477 = CARTESIAN_POINT ( 'NONE',  ( 4.500000000000002665, -0.02000000000000000042, 3.850000000000000089 ) ) ;
#3478 = ORIENTED_EDGE ( 'NONE', *, *, #2525, .T. ) ;
#3479 = PRESENTATION_LAYER_ASSIGNMENT (  '', '', ( #3977 ) ) ;
#3480 = VERTEX_POINT ( 'NONE', #7045 ) ;
#3481 = CARTESIAN_POINT ( 'NONE',  ( -1.799999999999998934, 0.5799999999999999600, 5.749999999999999112 ) ) ;
#3482 = CARTESIAN_POINT ( 'NONE',  ( 1.450000000000000844, -0.02000000000000000042, 4.749999999999999112 ) ) ;
#3483 = DIRECTION ( 'NONE',  ( 1.000000000000000000, -0.000000000000000000, 0.000000000000000000 ) ) ;
#3484 = FACE_OUTER_BOUND ( 'NONE', #2526, .T. ) ;
#3485 = VECTOR ( 'NONE', #2913, 1000.000000000000000 ) ;
#3486 = SURFACE_SIDE_STYLE ('',( #6952 ) ) ;
#3487 = AXIS2_PLACEMENT_3D ( 'NONE', #1335, #4787, #1836 ) ;
#3488 =( NAMED_UNIT ( * ) PLANE_ANGLE_UNIT ( ) SI_UNIT ( $, .RADIAN. ) );
#3489 = ADVANCED_FACE ( 'NONE', ( #1892 ), #4191, .T. ) ;
#3490 = EDGE_CURVE ( 'NONE', #6261, #1919, #2076, .T. ) ;
#3491 = ORIENTED_EDGE ( 'NONE', *, *, #3683, .T. ) ;
#3492 = CARTESIAN_POINT ( 'NONE',  ( -2.149999999999999023, 0.000000000000000000, 0.000000000000000000 ) ) ;
#3493 = LINE ( 'NONE', #2259, #5467 ) ;
#3494 = DIRECTION ( 'NONE',  ( 0.000000000000000000, 0.000000000000000000, 1.000000000000000000 ) ) ;
#3495 = VECTOR ( 'NONE', #676, 1000.000000000000000 ) ;
#3496 = VERTEX_POINT ( 'NONE', #2678 ) ;
#3497 = EDGE_CURVE ( 'NONE', #3699, #5961, #6742, .T. ) ;
#3498 = UNCERTAINTY_MEASURE_WITH_UNIT (LENGTH_MEASURE( 1.000000000000000082E-05 ), #3614, 'distance_accuracy_value', 'NONE');
#3499 = EDGE_CURVE ( 'NONE', #7021, #4196, #6663, .T. ) ;
#3500 = VERTEX_POINT ( 'NONE', #3239 ) ;
#3501 = VECTOR ( 'NONE', #6065, 1000.000000000000000 ) ;
#3502 = CYLINDRICAL_SURFACE ( 'NONE', #954, 0.3400000000000000244 ) ;
#3503 = PLANE ( 'NONE',  #2640 ) ;
#3504 = CARTESIAN_POINT ( 'NONE',  ( 0.000000000000000000, 0.5900000000000000799, 0.000000000000000000 ) ) ;
#3505 = CARTESIAN_POINT ( 'NONE',  ( -4.500000000000025757, -0.02000000000000000042, 1.690000000000000391 ) ) ;
#3506 = UNCERTAINTY_MEASURE_WITH_UNIT (LENGTH_MEASURE( 1.000000000000000082E-05 ), #2489, 'distance_accuracy_value', 'NONE');
#3507 = MECHANICAL_DESIGN_GEOMETRIC_PRESENTATION_REPRESENTATION (  '', ( #1332 ), #2310 ) ;
#3508 = ORIENTED_EDGE ( 'NONE', *, *, #826, .T. ) ;
#3509 = EDGE_CURVE ( 'NONE', #2760, #1650, #3822, .T. ) ;
#3510 = ORIENTED_EDGE ( 'NONE', *, *, #4597, .F. ) ;
#3511 = PLANE ( 'NONE',  #6312 ) ;
#3512 = FILL_AREA_STYLE_COLOUR ( '', #6724 ) ;
#3513 = DIRECTION ( 'NONE',  ( -0.000000000000000000, 0.000000000000000000, 1.000000000000000000 ) ) ;
#3514 = CARTESIAN_POINT ( 'NONE',  ( 0.6000000000000010880, 0.5799999999999999600, 5.749999999999999112 ) ) ;
#3515 = CARTESIAN_POINT ( 'NONE',  ( 0.8300000000000008482, -0.02000000000000000042, 5.749999999999999112 ) ) ;
#3516 = FILL_AREA_STYLE_COLOUR ( '', #6761 ) ;
#3517 = DIRECTION ( 'NONE',  ( 0.000000000000000000, 0.000000000000000000, -1.000000000000000000 ) ) ;
#3518 = ORIENTED_EDGE ( 'NONE', *, *, #2708, .T. ) ;
#3519 = ADVANCED_FACE ( 'NONE', ( #4491 ), #3317, .F. ) ;
#3520 = ORIENTED_EDGE ( 'NONE', *, *, #7039, .F. ) ;
#3521 = LINE ( 'NONE', #2882, #1148 ) ;
#3522 = LINE ( 'NONE', #1935, #6560 ) ;
#3523 =( LENGTH_UNIT ( ) NAMED_UNIT ( * ) SI_UNIT ( .MILLI., .METRE. ) );
#3524 = CARTESIAN_POINT ( 'NONE',  ( 4.500000000000000888, 0.5900000000000000799, 1.210000000000000187 ) ) ;
#3525 = CARTESIAN_POINT ( 'NONE',  ( 0.2700000000000015721, 0.5799999999999999600, 5.749999999999999112 ) ) ;
#3526 = DIRECTION ( 'NONE',  ( -0.000000000000000000, -1.000000000000000000, -0.000000000000000000 ) ) ;
#3527 = AXIS2_PLACEMENT_3D ( 'NONE', #765, #3031, #2455 ) ;
#3528 = CARTESIAN_POINT ( 'NONE',  ( -0.2499999999999989175, -0.02000000000000000042, 5.749999999999999112 ) ) ;
#3529 = DIRECTION ( 'NONE',  ( 0.000000000000000000, 0.000000000000000000, 1.000000000000000000 ) ) ;
#3530 = EDGE_LOOP ( 'NONE', ( #5297, #2485, #2752, #1611, #895, #2098, #6125, #5408, #4155, #6540, #2178, #731 ) ) ;
#3531 = SURFACE_STYLE_USAGE ( .BOTH. , #6364 ) ;
#3532 = DIRECTION ( 'NONE',  ( -0.000000000000000000, -1.000000000000000000, 0.000000000000000000 ) ) ;
#3533 = CARTESIAN_POINT ( 'NONE',  ( 0.6000000000000010880, 0.5799999999999999600, 5.749999999999999112 ) ) ;
#3534 = MECHANICAL_DESIGN_GEOMETRIC_PRESENTATION_REPRESENTATION (  '', ( #5322 ), #3418 ) ;
#3535 = EDGE_LOOP ( 'NONE', ( #485, #3309, #1436, #999 ) ) ;
#3536 = ORIENTED_EDGE ( 'NONE', *, *, #1418, .F. ) ;
#3537 = LINE ( 'NONE', #5816, #1546 ) ;
#3538 = DIRECTION ( 'NONE',  ( 0.000000000000000000, 0.000000000000000000, -1.000000000000000000 ) ) ;
#3539 = AXIS2_PLACEMENT_3D ( 'NONE', #3477, #3034, #1818 ) ;
#3540 = LINE ( 'NONE', #1849, #6991 ) ;
#3541 = ADVANCED_FACE ( 'NONE', ( #3779 ), #3901, .F. ) ;
#3542 = EDGE_CURVE ( 'NONE', #1971, #6961, #6849, .T. ) ;
#3543 = ORIENTED_EDGE ( 'NONE', *, *, #3075, .T. ) ;
#3544 = ORIENTED_EDGE ( 'NONE', *, *, #2328, .F. ) ;
#3545 = SURFACE_STYLE_USAGE ( .BOTH. , #160 ) ;
#3546 = DIRECTION ( 'NONE',  ( 0.000000000000000000, 0.000000000000000000, 1.000000000000000000 ) ) ;
#3547 =( LENGTH_UNIT ( ) NAMED_UNIT ( * ) SI_UNIT ( .MILLI., .METRE. ) );
#3548 =( NAMED_UNIT ( * ) SI_UNIT ( $, .STERADIAN. ) SOLID_ANGLE_UNIT ( ) );
#3549 = CARTESIAN_POINT ( 'NONE',  ( -3.920000000000001705, 0.5799999999999999600, -5.390000000000001457 ) ) ;
#3550 =( GEOMETRIC_REPRESENTATION_CONTEXT ( 3 ) GLOBAL_UNCERTAINTY_ASSIGNED_CONTEXT ( ( #3959 ) ) GLOBAL_UNIT_ASSIGNED_CONTEXT ( ( #5256, #114, #43 ) ) REPRESENTATION_CONTEXT ( 'NONE', 'WORKASPACE' ) );
#3551 = ORIENTED_EDGE ( 'NONE', *, *, #2087, .T. ) ;
#3552 = ORIENTED_EDGE ( 'NONE', *, *, #3015, .F. ) ;
#3553 = DIRECTION ( 'NONE',  ( 0.000000000000000000, -1.000000000000000000, 0.000000000000000000 ) ) ;
#3554 = AXIS2_PLACEMENT_3D ( 'NONE', #3834, #985, #3289 ) ;
#3555 = CARTESIAN_POINT ( 'NONE',  ( -1.799999999999998934, -0.02000000000000000042, 5.749999999999999112 ) ) ;
#3556 = VECTOR ( 'NONE', #4358, 1000.000000000000000 ) ;
#3557 = DIRECTION ( 'NONE',  ( 1.000000000000000000, 0.000000000000000000, 8.673617379884039416E-16 ) ) ;
#3558 = SURFACE_STYLE_USAGE ( .BOTH. , #2958 ) ;
#3559 = VECTOR ( 'NONE', #6925, 1000.000000000000000 ) ;
#3560 = PRESENTATION_STYLE_ASSIGNMENT (( #101 ) ) ;
#3561 = CARTESIAN_POINT ( 'NONE',  ( 2.650000000000000355, 0.000000000000000000, 5.749999999999999112 ) ) ;
#3562 = FILL_AREA_STYLE_COLOUR ( '', #7357 ) ;
#3563 = EDGE_CURVE ( 'NONE', #2595, #4845, #1194, .T. ) ;
#3564 = VECTOR ( 'NONE', #3434, 1000.000000000000000 ) ;
#3565 = VECTOR ( 'NONE', #2011, 1000.000000000000000 ) ;
#3566 = VECTOR ( 'NONE', #4747, 1000.000000000000000 ) ;
#3567 = AXIS2_PLACEMENT_3D ( 'NONE', #5642, #4029, #3988 ) ;
#3568 = CARTESIAN_POINT ( 'NONE',  ( -0.9299999999999984945, 0.5799999999999999600, 5.749999999999999112 ) ) ;
#3569 = ORIENTED_EDGE ( 'NONE', *, *, #6169, .T. ) ;
#3570 = DIRECTION ( 'NONE',  ( 0.000000000000000000, 0.000000000000000000, -1.000000000000000000 ) ) ;
#3571 = PRESENTATION_LAYER_ASSIGNMENT (  '', '', ( #2857 ) ) ;
#3572 = SURFACE_SIDE_STYLE ('',( #1337 ) ) ;
#3573 = STYLED_ITEM ( 'NONE', ( #6669 ), #4852 ) ;
#3574 = ORIENTED_EDGE ( 'NONE', *, *, #6760, .F. ) ;
#3575 = UNCERTAINTY_MEASURE_WITH_UNIT (LENGTH_MEASURE( 1.000000000000000082E-05 ), #1121, 'distance_accuracy_value', 'NONE');
#3576 = VERTEX_POINT ( 'NONE', #1729 ) ;
#3577 = FILL_AREA_STYLE_COLOUR ( '', #6968 ) ;
#3578 = DIRECTION ( 'NONE',  ( -0.000000000000000000, 1.000000000000000000, -0.000000000000000000 ) ) ;
#3579 = COLOUR_RGB ( '',0.9686274509803921573, 0.8784313725490195957, 0.5999999999999999778 ) ;
#3580 = FILL_AREA_STYLE_COLOUR ( '', #6554 ) ;
#3581 = VERTEX_POINT ( 'NONE', #5662 ) ;
#3582 = ORIENTED_EDGE ( 'NONE', *, *, #6796, .T. ) ;
#3583 = CARTESIAN_POINT ( 'NONE',  ( -2.769999999999999130, 0.5900000000000000799, 5.749999999999999112 ) ) ;
#3584 = EDGE_CURVE ( 'NONE', #7021, #145, #2305, .T. ) ;
#3585 = DIRECTION ( 'NONE',  ( 0.000000000000000000, 0.000000000000000000, -1.000000000000000000 ) ) ;
#3586 = EDGE_CURVE ( 'NONE', #1493, #6165, #639, .T. ) ;
#3587 = CARTESIAN_POINT ( 'NONE',  ( 3.500000000000050182, 0.000000000000000000, -1.299999999999999600 ) ) ;
#3588 = SURFACE_STYLE_FILL_AREA ( #5981 ) ;
#3589 =( LENGTH_UNIT ( ) NAMED_UNIT ( * ) SI_UNIT ( .MILLI., .METRE. ) );
#3590 = SURFACE_SIDE_STYLE ('',( #5753 ) ) ;
#3591 = ORIENTED_EDGE ( 'NONE', *, *, #3456, .F. ) ;
#3592 = ORIENTED_EDGE ( 'NONE', *, *, #3782, .T. ) ;
#3593 = LINE ( 'NONE', #732, #6935 ) ;
#3594 = CIRCLE ( 'NONE', #5619, 0.3299999999999995715 ) ;
#3595 = LINE ( 'NONE', #4231, #4664 ) ;
#3596 = PLANE ( 'NONE',  #4038 ) ;
#3597 = LINE ( 'NONE', #5344, #7046 ) ;
#3598 = SURFACE_SIDE_STYLE ('',( #6150 ) ) ;
#3599 = FILL_AREA_STYLE_COLOUR ( '', #2711 ) ;
#3600 = DIRECTION ( 'NONE',  ( 0.000000000000000000, 0.000000000000000000, -1.000000000000000000 ) ) ;
#3601 = CARTESIAN_POINT ( 'NONE',  ( -1.449999999999998845, 0.000000000000000000, 0.000000000000000000 ) ) ;
#3602 = ORIENTED_EDGE ( 'NONE', *, *, #3269, .T. ) ;
#3603 = ADVANCED_FACE ( 'NONE', ( #6343 ), #6816, .F. ) ;
#3604 = DIRECTION ( 'NONE',  ( 0.000000000000000000, -1.000000000000000000, 0.000000000000000000 ) ) ;
#3605 = CARTESIAN_POINT ( 'NONE',  ( 4.500000000000000888, -0.02000000000000000042, -1.299999999999999600 ) ) ;
#3606 = VECTOR ( 'NONE', #2905, 1000.000000000000000 ) ;
#3607 = CARTESIAN_POINT ( 'NONE',  ( -0.2699999999999994071, 0.5900000000000000799, 5.749999999999999112 ) ) ;
#3608 = VECTOR ( 'NONE', #6596, 1000.000000000000000 ) ;
#3609 = EDGE_LOOP ( 'NONE', ( #5271, #3520, #853, #3087 ) ) ;
#3610 =( NAMED_UNIT ( * ) PLANE_ANGLE_UNIT ( ) SI_UNIT ( $, .RADIAN. ) );
#3611 = ORIENTED_EDGE ( 'NONE', *, *, #7404, .F. ) ;
#3612 =( LENGTH_UNIT ( ) NAMED_UNIT ( * ) SI_UNIT ( .MILLI., .METRE. ) );
#3613 =( NAMED_UNIT ( * ) SI_UNIT ( $, .STERADIAN. ) SOLID_ANGLE_UNIT ( ) );
#3614 =( LENGTH_UNIT ( ) NAMED_UNIT ( * ) SI_UNIT ( .MILLI., .METRE. ) );
#3615 = VECTOR ( 'NONE', #6606, 1000.000000000000000 ) ;
#3616 = PRESENTATION_LAYER_ASSIGNMENT (  '', '', ( #3023 ) ) ;
#3617 = ORIENTED_EDGE ( 'NONE', *, *, #2209, .F. ) ;
#3618 = ORIENTED_EDGE ( 'NONE', *, *, #4947, .F. ) ;
#3619 =( LENGTH_UNIT ( ) NAMED_UNIT ( * ) SI_UNIT ( .MILLI., .METRE. ) );
#3620 =( NAMED_UNIT ( * ) PLANE_ANGLE_UNIT ( ) SI_UNIT ( $, .RADIAN. ) );
#3621 = FILL_AREA_STYLE ('',( #2992 ) ) ;
#3622 = FACE_OUTER_BOUND ( 'NONE', #6919, .T. ) ;
#3623 = VECTOR ( 'NONE', #2650, 1000.000000000000000 ) ;
#3624 = EDGE_CURVE ( 'NONE', #507, #3360, #5917, .T. ) ;
#3625 = ORIENTED_EDGE ( 'NONE', *, *, #6539, .T. ) ;
#3626 = ORIENTED_EDGE ( 'NONE', *, *, #6622, .T. ) ;
#3627 = FILL_AREA_STYLE ('',( #1325 ) ) ;
#3628 = STYLED_ITEM ( 'NONE', ( #6815 ), #7121 ) ;
#3629 = SURFACE_SIDE_STYLE ('',( #4781 ) ) ;
#3630 = SURFACE_STYLE_FILL_AREA ( #2459 ) ;
#3631 = CARTESIAN_POINT ( 'NONE',  ( 4.500000000000000888, -0.02000000000000000042, 3.500000000000000000 ) ) ;
#3632 = PRESENTATION_LAYER_ASSIGNMENT (  '', '', ( #268 ) ) ;
#3633 = SURFACE_STYLE_FILL_AREA ( #5278 ) ;
#3634 =( GEOMETRIC_REPRESENTATION_CONTEXT ( 3 ) GLOBAL_UNCERTAINTY_ASSIGNED_CONTEXT ( ( #1103 ) ) GLOBAL_UNIT_ASSIGNED_CONTEXT ( ( #8, #1295, #3702 ) ) REPRESENTATION_CONTEXT ( 'NONE', 'WORKASPACE' ) );
#3635 = ADVANCED_FACE ( 'NONE', ( #3395 ), #1687, .T. ) ;
#3636 = ADVANCED_FACE ( 'NONE', ( #6579 ), #2444, .T. ) ;
#3637 = VECTOR ( 'NONE', #5311, 1000.000000000000000 ) ;
#3638 = CARTESIAN_POINT ( 'NONE',  ( 4.500000000000000888, -0.02000000000000000042, 0.000000000000000000 ) ) ;
#3639 = DIRECTION ( 'NONE',  ( -0.000000000000000000, -1.000000000000000000, -0.000000000000000000 ) ) ;
#3640 = ORIENTED_EDGE ( 'NONE', *, *, #5601, .F. ) ;
#3641 = SURFACE_SIDE_STYLE ('',( #3053 ) ) ;
#3642 =( LENGTH_UNIT ( ) NAMED_UNIT ( * ) SI_UNIT ( .MILLI., .METRE. ) );
#3643 =( GEOMETRIC_REPRESENTATION_CONTEXT ( 3 ) GLOBAL_UNCERTAINTY_ASSIGNED_CONTEXT ( ( #1682 ) ) GLOBAL_UNIT_ASSIGNED_CONTEXT ( ( #5044, #1440, #325 ) ) REPRESENTATION_CONTEXT ( 'NONE', 'WORKASPACE' ) );
#3644 = ORIENTED_EDGE ( 'NONE', *, *, #921, .F. ) ;
#3645 = COLOUR_RGB ( '',0.9686274509803921573, 0.8784313725490195957, 0.5999999999999999778 ) ;
#3646 =( NAMED_UNIT ( * ) PLANE_ANGLE_UNIT ( ) SI_UNIT ( $, .RADIAN. ) );
#3647 = UNCERTAINTY_MEASURE_WITH_UNIT (LENGTH_MEASURE( 1.000000000000000082E-05 ), #4276, 'distance_accuracy_value', 'NONE');
#3648 = ORIENTED_EDGE ( 'NONE', *, *, #1844, .T. ) ;
#3649 = LINE ( 'NONE', #5400, #3485 ) ;
#3650 = LINE ( 'NONE', #2478, #4571 ) ;
#3651 = UNCERTAINTY_MEASURE_WITH_UNIT (LENGTH_MEASURE( 1.000000000000000082E-05 ), #109, 'distance_accuracy_value', 'NONE');
#3652 = DIRECTION ( 'NONE',  ( -0.000000000000000000, -1.000000000000000000, -0.000000000000000000 ) ) ;
#3653 =( NAMED_UNIT ( * ) SI_UNIT ( $, .STERADIAN. ) SOLID_ANGLE_UNIT ( ) );
#3654 = COLOUR_RGB ( '',0.9686274509803921573, 0.8784313725490195957, 0.5999999999999999778 ) ;
#3655 = ADVANCED_FACE ( 'NONE', ( #193 ), #5972, .F. ) ;
#3656 = ORIENTED_EDGE ( 'NONE', *, *, #3584, .T. ) ;
#3657 = ORIENTED_EDGE ( 'NONE', *, *, #6101, .T. ) ;
#3658 =( NAMED_UNIT ( * ) SI_UNIT ( $, .STERADIAN. ) SOLID_ANGLE_UNIT ( ) );
#3659 = STYLED_ITEM ( 'NONE', ( #3260 ), #4073 ) ;
#3660 = CARTESIAN_POINT ( 'NONE',  ( 4.500000000000000888, 0.5900000000000000799, 2.409999999999999698 ) ) ;
#3661 = VECTOR ( 'NONE', #349, 1000.000000000000000 ) ;
#3662 = SURFACE_STYLE_USAGE ( .BOTH. , #275 ) ;
#3663 = CARTESIAN_POINT ( 'NONE',  ( 0.000000000000000000, 0.5799999999999999600, 5.749999999999999112 ) ) ;
#3664 = SURFACE_STYLE_FILL_AREA ( #6506 ) ;
#3665 = SURFACE_SIDE_STYLE ('',( #4806 ) ) ;
#3666 = LINE ( 'NONE', #3781, #1092 ) ;
#3667 = ORIENTED_EDGE ( 'NONE', *, *, #1417, .T. ) ;
#3668 = ORIENTED_EDGE ( 'NONE', *, *, #299, .T. ) ;
#3669 = DIRECTION ( 'NONE',  ( 0.000000000000000000, 0.000000000000000000, -1.000000000000000000 ) ) ;
#3670 =( NAMED_UNIT ( * ) PLANE_ANGLE_UNIT ( ) SI_UNIT ( $, .RADIAN. ) );
#3671 = LINE ( 'NONE', #245, #5348 ) ;
#3672 = SURFACE_STYLE_FILL_AREA ( #3215 ) ;
#3673 = CARTESIAN_POINT ( 'NONE',  ( 4.500000000000000888, 0.000000000000000000, -3.250000000000000444 ) ) ;
#3674 = LINE ( 'NONE', #2012, #7240 ) ;
#3675 = COLOUR_RGB ( '',0.9686274509803921573, 0.8784313725490195957, 0.5999999999999999778 ) ;
#3676 = AXIS2_PLACEMENT_3D ( 'NONE', #4897, #5013, #1527 ) ;
#3677 = SURFACE_STYLE_FILL_AREA ( #2536 ) ;
#3678 = FILL_AREA_STYLE ('',( #4271 ) ) ;
#3679 = CARTESIAN_POINT ( 'NONE',  ( -4.499999999999999112, 0.5799999999999999600, 0.000000000000000000 ) ) ;
#3680 = CARTESIAN_POINT ( 'NONE',  ( 0.000000000000000000, -0.02000000000000000042, 4.749999999999999112 ) ) ;
#3681 = SURFACE_SIDE_STYLE ('',( #6406 ) ) ;
#3682 =( LENGTH_UNIT ( ) NAMED_UNIT ( * ) SI_UNIT ( .MILLI., .METRE. ) );
#3683 = EDGE_CURVE ( 'NONE', #1812, #1860, #4147, .T. ) ;
#3684 = EDGE_CURVE ( 'NONE', #6955, #6453, #4181, .T. ) ;
#3685 = PLANE ( 'NONE',  #5083 ) ;
#3686 = AXIS2_PLACEMENT_3D ( 'NONE', #523, #2216, #4516 ) ;
#3687 = COLOUR_RGB ( '',0.9686274509803921573, 0.8784313725490195957, 0.5999999999999999778 ) ;
#3688 = PRESENTATION_LAYER_ASSIGNMENT (  '', '', ( #3320 ) ) ;
#3689 = VERTEX_POINT ( 'NONE', #7257 ) ;
#3690 = COLOUR_RGB ( '',0.9686274509803921573, 0.8784313725490195957, 0.5999999999999999778 ) ;
#3691 = ORIENTED_EDGE ( 'NONE', *, *, #2541, .F. ) ;
#3692 = PLANE ( 'NONE',  #4759 ) ;
#3693 =( NAMED_UNIT ( * ) PLANE_ANGLE_UNIT ( ) SI_UNIT ( $, .RADIAN. ) );
#3694 = DIRECTION ( 'NONE',  ( 0.000000000000000000, 0.000000000000000000, -1.000000000000000000 ) ) ;
#3695 = SURFACE_STYLE_USAGE ( .BOTH. , #4799 ) ;
#3696 = VECTOR ( 'NONE', #7085, 1000.000000000000000 ) ;
#3697 = AXIS2_PLACEMENT_3D ( 'NONE', #1161, #3394, #5741 ) ;
#3698 = ORIENTED_EDGE ( 'NONE', *, *, #5602, .T. ) ;
#3699 = VERTEX_POINT ( 'NONE', #4480 ) ;
#3700 = LINE ( 'NONE', #3583, #5958 ) ;
#3701 = AXIS2_PLACEMENT_3D ( 'NONE', #1349, #2521, #5978 ) ;
#3702 =( NAMED_UNIT ( * ) SI_UNIT ( $, .STERADIAN. ) SOLID_ANGLE_UNIT ( ) );
#3703 = EDGE_CURVE ( 'NONE', #5222, #2998, #5560, .T. ) ;
#3704 = LINE ( 'NONE', #3104, #6367 ) ;
#3705 = PLANE ( 'NONE',  #3697 ) ;
#3706 = FACE_OUTER_BOUND ( 'NONE', #4669, .T. ) ;
#3707 = PLANE ( 'NONE',  #3273 ) ;
#3708 = VECTOR ( 'NONE', #4434, 1000.000000000000000 ) ;
#3709 = EDGE_LOOP ( 'NONE', ( #597, #2633, #794, #1755 ) ) ;
#3710 = VERTEX_POINT ( 'NONE', #1607 ) ;
#3711 = CARTESIAN_POINT ( 'NONE',  ( -1.799999999999998934, 1.800655561573372143, 5.749999999999999112 ) ) ;
#3712 = FACE_OUTER_BOUND ( 'NONE', #1962, .T. ) ;
#3713 = DIRECTION ( 'NONE',  ( -1.000000000000000000, 0.000000000000000000, 8.673617379884036458E-16 ) ) ;
#3714 = CARTESIAN_POINT ( 'NONE',  ( -3.349999999999998757, -0.02000000000000000042, 5.749999999999999112 ) ) ;
#3715 = FILL_AREA_STYLE_COLOUR ( '', #3884 ) ;
#3716 = MECHANICAL_DESIGN_GEOMETRIC_PRESENTATION_REPRESENTATION (  '', ( #2024 ), #3115 ) ;
#3717 = CARTESIAN_POINT ( 'NONE',  ( 3.500000000000037748, -0.02000000000000000042, 0.000000000000000000 ) ) ;
#3718 = CARTESIAN_POINT ( 'NONE',  ( 0.000000000000000000, 0.000000000000000000, 5.749999999999999112 ) ) ;
#3719 = LINE ( 'NONE', #5993, #4215 ) ;
#3720 = FACE_OUTER_BOUND ( 'NONE', #1400, .T. ) ;
#3721 = FILL_AREA_STYLE ('',( #4206 ) ) ;
#3722 = LINE ( 'NONE', #5995, #4503 ) ;
#3723 = EDGE_CURVE ( 'NONE', #5160, #3399, #2706, .T. ) ;
#3724 = ORIENTED_EDGE ( 'NONE', *, *, #47, .F. ) ;
#3725 =( GEOMETRIC_REPRESENTATION_CONTEXT ( 3 ) GLOBAL_UNCERTAINTY_ASSIGNED_CONTEXT ( ( #1460 ) ) GLOBAL_UNIT_ASSIGNED_CONTEXT ( ( #6924, #680, #2374 ) ) REPRESENTATION_CONTEXT ( 'NONE', 'WORKASPACE' ) );
#3726 = DIRECTION ( 'NONE',  ( 0.000000000000000000, -1.000000000000000000, 0.000000000000000000 ) ) ;
#3727 = UNCERTAINTY_MEASURE_WITH_UNIT (LENGTH_MEASURE( 1.000000000000000082E-05 ), #984, 'distance_accuracy_value', 'NONE');
#3728 = ORIENTED_EDGE ( 'NONE', *, *, #4573, .T. ) ;
#3729 = LINE ( 'NONE', #3230, #482 ) ;
#3730 = CARTESIAN_POINT ( 'NONE',  ( 4.500000000000000888, 0.5799999999999999600, -0.08999999999999958034 ) ) ;
#3731 = UNCERTAINTY_MEASURE_WITH_UNIT (LENGTH_MEASURE( 1.000000000000000082E-05 ), #1053, 'distance_accuracy_value', 'NONE');
#3732 = APPLICATION_PROTOCOL_DEFINITION ( 'draft international standard', 'automotive_design', 1998, #2980 ) ;
#3733 =( NAMED_UNIT ( * ) PLANE_ANGLE_UNIT ( ) SI_UNIT ( $, .RADIAN. ) );
#3734 = COLOUR_RGB ( '',0.9686274509803921573, 0.8784313725490195957, 0.5999999999999999778 ) ;
#3735 = CARTESIAN_POINT ( 'NONE',  ( -2.602085213965214980E-15, 0.000000000000000000, 3.000000000000003109 ) ) ;
#3736 = STYLED_ITEM ( 'NONE', ( #4672 ), #6142 ) ;
#3737 = EDGE_CURVE ( 'NONE', #4362, #4691, #7128, .T. ) ;
#3738 = EDGE_CURVE ( 'NONE', #354, #7251, #2590, .T. ) ;
#3739 = ORIENTED_EDGE ( 'NONE', *, *, #691, .T. ) ;
#3740 = ORIENTED_EDGE ( 'NONE', *, *, #1720, .F. ) ;
#3741 = FILL_AREA_STYLE ('',( #2105 ) ) ;
#3742 = AXIS2_PLACEMENT_3D ( 'NONE', #2946, #227, #2512 ) ;
#3743 = CARTESIAN_POINT ( 'NONE',  ( 2.670000000000000817, 0.5900000000000000799, 5.749999999999999112 ) ) ;
#3744 = SURFACE_STYLE_FILL_AREA ( #2599 ) ;
#3745 = SURFACE_STYLE_USAGE ( .BOTH. , #1429 ) ;
#3746 = LINE ( 'NONE', #5301, #994 ) ;
#3747 = PRESENTATION_LAYER_ASSIGNMENT (  '', '', ( #2785 ) ) ;
#3748 = STYLED_ITEM ( 'NONE', ( #5809 ), #6372 ) ;
#3749 = ORIENTED_EDGE ( 'NONE', *, *, #1923, .T. ) ;
#3750 = ORIENTED_EDGE ( 'NONE', *, *, #4898, .T. ) ;
#3751 =( NAMED_UNIT ( * ) SI_UNIT ( $, .STERADIAN. ) SOLID_ANGLE_UNIT ( ) );
#3752 = DIRECTION ( 'NONE',  ( -0.000000000000000000, 1.000000000000000000, -0.000000000000000000 ) ) ;
#3753 = FILL_AREA_STYLE ('',( #7239 ) ) ;
#3754 = FILL_AREA_STYLE ('',( #1592 ) ) ;
#3755 = ADVANCED_FACE ( 'NONE', ( #4406 ), #2671, .F. ) ;
#3756 = ORIENTED_EDGE ( 'NONE', *, *, #7259, .F. ) ;
#3757 = AXIS2_PLACEMENT_3D ( 'NONE', #162, #724, #2490 ) ;
#3758 = VECTOR ( 'NONE', #4629, 1000.000000000000000 ) ;
#3759 = DIRECTION ( 'NONE',  ( 0.000000000000000000, 1.000000000000000000, -0.000000000000000000 ) ) ;
#3760 = CARTESIAN_POINT ( 'NONE',  ( 3.350000000000000533, -0.02000000000000000042, 0.000000000000000000 ) ) ;
#3761 = FILL_AREA_STYLE_COLOUR ( '', #5045 ) ;
#3762 = CYLINDRICAL_SURFACE ( 'NONE', #312, 0.2399999999999999911 ) ;
#3763 = CARTESIAN_POINT ( 'NONE',  ( 4.500000000000000888, 0.5799999999999999600, 0.000000000000000000 ) ) ;
#3764 = VECTOR ( 'NONE', #530, 1000.000000000000000 ) ;
#3765 = PRESENTATION_LAYER_ASSIGNMENT (  '', '', ( #4014 ) ) ;
#3766 = VERTEX_POINT ( 'NONE', #4907 ) ;
#3767 = PRESENTATION_STYLE_ASSIGNMENT (( #4976 ) ) ;
#3768 = ORIENTED_EDGE ( 'NONE', *, *, #5653, .F. ) ;
#3769 = MECHANICAL_DESIGN_GEOMETRIC_PRESENTATION_REPRESENTATION (  '', ( #1221 ), #3643 ) ;
#3770 = DIRECTION ( 'NONE',  ( -1.000000000000000000, 0.000000000000000000, -0.000000000000000000 ) ) ;
#3771 =( LENGTH_UNIT ( ) NAMED_UNIT ( * ) SI_UNIT ( .MILLI., .METRE. ) );
#3772 =( NAMED_UNIT ( * ) SI_UNIT ( $, .STERADIAN. ) SOLID_ANGLE_UNIT ( ) );
#3773 = ORIENTED_EDGE ( 'NONE', *, *, #1367, .F. ) ;
#3774 = ORIENTED_EDGE ( 'NONE', *, *, #4688, .F. ) ;
#3775 =( NAMED_UNIT ( * ) SI_UNIT ( $, .STERADIAN. ) SOLID_ANGLE_UNIT ( ) );
#3776 = CARTESIAN_POINT ( 'NONE',  ( -0.5999999999999989786, 0.5900000000000000799, 5.749999999999999112 ) ) ;
#3777 = CARTESIAN_POINT ( 'NONE',  ( 0.000000000000000000, 0.5900000000000000799, 0.000000000000000000 ) ) ;
#3778 = DIRECTION ( 'NONE',  ( 1.000000000000000000, 0.000000000000000000, 0.000000000000000000 ) ) ;
#3779 = FACE_OUTER_BOUND ( 'NONE', #189, .T. ) ;
#3780 = EDGE_CURVE ( 'NONE', #298, #354, #1482, .T. ) ;
#3781 = CARTESIAN_POINT ( 'NONE',  ( -3.500000000000012879, -0.02000000000000000042, 0.000000000000000000 ) ) ;
#3782 = EDGE_CURVE ( 'NONE', #2185, #4920, #7252, .T. ) ;
#3783 = ORIENTED_EDGE ( 'NONE', *, *, #7268, .F. ) ;
#3784 = ORIENTED_EDGE ( 'NONE', *, *, #4106, .T. ) ;
#3785 =( GEOMETRIC_REPRESENTATION_CONTEXT ( 3 ) GLOBAL_UNCERTAINTY_ASSIGNED_CONTEXT ( ( #2139 ) ) GLOBAL_UNIT_ASSIGNED_CONTEXT ( ( #6156, #2189, #1007 ) ) REPRESENTATION_CONTEXT ( 'NONE', 'WORKASPACE' ) );
#3786 =( NAMED_UNIT ( * ) SI_UNIT ( $, .STERADIAN. ) SOLID_ANGLE_UNIT ( ) );
#3787 = LINE ( 'NONE', #323, #2535 ) ;
#3788 = DIRECTION ( 'NONE',  ( 0.000000000000000000, 0.000000000000000000, 1.000000000000000000 ) ) ;
#3789 = VECTOR ( 'NONE', #1741, 1000.000000000000000 ) ;
#3790 = VERTEX_POINT ( 'NONE', #6151 ) ;
#3791 = CARTESIAN_POINT ( 'NONE',  ( 0.000000000000000000, -0.02000000000000000042, 5.749999999999999112 ) ) ;
#3792 = FILL_AREA_STYLE_COLOUR ( '', #6329 ) ;
#3793 = SURFACE_STYLE_USAGE ( .BOTH. , #7094 ) ;
#3794 = VERTEX_POINT ( 'NONE', #858 ) ;
#3795 = EDGE_CURVE ( 'NONE', #374, #5465, #5590, .T. ) ;
#3796 =( NAMED_UNIT ( * ) SI_UNIT ( $, .STERADIAN. ) SOLID_ANGLE_UNIT ( ) );
#3797 = VECTOR ( 'NONE', #340, 1000.000000000000000 ) ;
#3798 = VERTEX_POINT ( 'NONE', #3159 ) ;
#3799 = FILL_AREA_STYLE_COLOUR ( '', #6551 ) ;
#3800 = UNCERTAINTY_MEASURE_WITH_UNIT (LENGTH_MEASURE( 1.000000000000000082E-05 ), #5225, 'distance_accuracy_value', 'NONE');
#3801 = ORIENTED_EDGE ( 'NONE', *, *, #7080, .F. ) ;
#3802 = FACE_OUTER_BOUND ( 'NONE', #5038, .T. ) ;
#3803 = CARTESIAN_POINT ( 'NONE',  ( -3.349999999999998757, 1.800655561573372143, 5.749999999999999112 ) ) ;
#3804 = COLOUR_RGB ( '',0.9686274509803921573, 0.8784313725490195957, 0.5999999999999999778 ) ;
#3805 = STYLED_ITEM ( 'NONE', ( #993 ), #2155 ) ;
#3806 = UNCERTAINTY_MEASURE_WITH_UNIT (LENGTH_MEASURE( 1.000000000000000082E-05 ), #133, 'distance_accuracy_value', 'NONE');
#3807 = COLOUR_RGB ( '',0.000000000000000000, 0.5647058823529411686, 0.09803921568627450844 ) ;
#3808 = DIRECTION ( 'NONE',  ( -0.000000000000000000, 1.000000000000000000, -0.000000000000000000 ) ) ;
#3809 = DIRECTION ( 'NONE',  ( 0.000000000000000000, 0.000000000000000000, 1.000000000000000000 ) ) ;
#3810 = FILL_AREA_STYLE ('',( #7297 ) ) ;
#3811 = PRODUCT_DEFINITION_CONTEXT ( 'detailed design', #2311, 'design' ) ;
#3812 = STYLED_ITEM ( 'NONE', ( #4012 ), #4440 ) ;
#3813 = VECTOR ( 'NONE', #4782, 1000.000000000000000 ) ;
#3814 = VECTOR ( 'NONE', #5540, 1000.000000000000000 ) ;
#3815 = ORIENTED_EDGE ( 'NONE', *, *, #729, .T. ) ;
#3816 = VERTEX_POINT ( 'NONE', #3233 ) ;
#3817 = SURFACE_SIDE_STYLE ('',( #6625 ) ) ;
#3818 = SURFACE_STYLE_FILL_AREA ( #4952 ) ;
#3819 = CARTESIAN_POINT ( 'NONE',  ( 4.500000000000000888, 0.000000000000000000, 1.100000000000000311 ) ) ;
#3820 = PRESENTATION_STYLE_ASSIGNMENT (( #3662 ) ) ;
#3821 = FILL_AREA_STYLE_COLOUR ( '', #1033 ) ;
#3822 = LINE ( 'NONE', #2151, #4025 ) ;
#3823 = VECTOR ( 'NONE', #6553, 1000.000000000000000 ) ;
#3824 = DIRECTION ( 'NONE',  ( 0.000000000000000000, 0.000000000000000000, 1.000000000000000000 ) ) ;
#3825 = MECHANICAL_DESIGN_GEOMETRIC_PRESENTATION_REPRESENTATION (  '', ( #1868 ), #561 ) ;
#3826 = ORIENTED_EDGE ( 'NONE', *, *, #3973, .T. ) ;
#3827 = MECHANICAL_DESIGN_GEOMETRIC_PRESENTATION_REPRESENTATION (  '', ( #3573 ), #4761 ) ;
#3828 = EDGE_CURVE ( 'NONE', #7270, #5943, #5442, .T. ) ;
#3829 = EDGE_CURVE ( 'NONE', #3412, #526, #6653, .T. ) ;
#3830 = ORIENTED_EDGE ( 'NONE', *, *, #6912, .T. ) ;
#3831 = LINE ( 'NONE', #4344, #927 ) ;
#3832 = DIRECTION ( 'NONE',  ( -0.000000000000000000, 1.000000000000000000, -0.000000000000000000 ) ) ;
#3833 = DIRECTION ( 'NONE',  ( 0.000000000000000000, -1.000000000000000000, 0.000000000000000000 ) ) ;
#3834 = CARTESIAN_POINT ( 'NONE',  ( -3.642919299551297265E-15, 1.800655561573372143, 4.200000000000002842 ) ) ;
#3835 = CARTESIAN_POINT ( 'NONE',  ( 2.770000000000000906, 0.5900000000000000799, 5.749999999999999112 ) ) ;
#3836 = DIRECTION ( 'NONE',  ( 0.000000000000000000, 0.000000000000000000, -1.000000000000000000 ) ) ;
#3837 =( LENGTH_UNIT ( ) NAMED_UNIT ( * ) SI_UNIT ( .MILLI., .METRE. ) );
#3838 = ORIENTED_EDGE ( 'NONE', *, *, #4607, .T. ) ;
#3839 = EDGE_CURVE ( 'NONE', #2220, #4088, #1498, .T. ) ;
#3840 = EDGE_CURVE ( 'NONE', #4094, #3699, #2691, .T. ) ;
#3841 = FILL_AREA_STYLE_COLOUR ( '', #7287 ) ;
#3842 = VECTOR ( 'NONE', #7284, 1000.000000000000000 ) ;
#3843 = FACE_OUTER_BOUND ( 'NONE', #982, .T. ) ;
#3844 = ORIENTED_EDGE ( 'NONE', *, *, #6468, .F. ) ;
#3845 = FILL_AREA_STYLE ('',( #6643 ) ) ;
#3846 = DIRECTION ( 'NONE',  ( 1.000000000000000000, 0.000000000000000000, 0.000000000000000000 ) ) ;
#3847 =( NAMED_UNIT ( * ) PLANE_ANGLE_UNIT ( ) SI_UNIT ( $, .RADIAN. ) );
#3848 = ORIENTED_EDGE ( 'NONE', *, *, #4224, .F. ) ;
#3849 = VERTEX_POINT ( 'NONE', #1760 ) ;
#3850 =( NAMED_UNIT ( * ) PLANE_ANGLE_UNIT ( ) SI_UNIT ( $, .RADIAN. ) );
#3851 = CARTESIAN_POINT ( 'NONE',  ( 0.000000000000000000, 0.5900000000000000799, 5.749999999999999112 ) ) ;
#3852 =( NAMED_UNIT ( * ) SI_UNIT ( $, .STERADIAN. ) SOLID_ANGLE_UNIT ( ) );
#3853 = DIRECTION ( 'NONE',  ( -0.000000000000000000, -1.000000000000000000, 0.000000000000000000 ) ) ;
#3854 = CARTESIAN_POINT ( 'NONE',  ( 4.500000000000000888, 0.5799999999999999600, 0.000000000000000000 ) ) ;
#3855 = ADVANCED_FACE ( 'NONE', ( #3463 ), #1189, .F. ) ;
#3856 = ORIENTED_EDGE ( 'NONE', *, *, #6169, .F. ) ;
#3857 = VERTEX_POINT ( 'NONE', #4001 ) ;
#3858 = DIRECTION ( 'NONE',  ( 0.000000000000000000, 0.000000000000000000, 1.000000000000000000 ) ) ;
#3859 = LINE ( 'NONE', #6659, #415 ) ;
#3860 = CARTESIAN_POINT ( 'NONE',  ( -0.9499999999999990674, -0.02000000000000000042, 5.749999999999999112 ) ) ;
#3861 =( LENGTH_UNIT ( ) NAMED_UNIT ( * ) SI_UNIT ( .MILLI., .METRE. ) );
#3862 = PRESENTATION_STYLE_ASSIGNMENT (( #6627 ) ) ;
#3863 =( GEOMETRIC_REPRESENTATION_CONTEXT ( 3 ) GLOBAL_UNCERTAINTY_ASSIGNED_CONTEXT ( ( #6581 ) ) GLOBAL_UNIT_ASSIGNED_CONTEXT ( ( #638, #1804, #2337 ) ) REPRESENTATION_CONTEXT ( 'NONE', 'WORKASPACE' ) );
#3864 = DIRECTION ( 'NONE',  ( 0.000000000000000000, 0.000000000000000000, -1.000000000000000000 ) ) ;
#3865 = PRESENTATION_LAYER_ASSIGNMENT (  '', '', ( #7090 ) ) ;
#3866 = VERTEX_POINT ( 'NONE', #2866 ) ;
#3867 =( GEOMETRIC_REPRESENTATION_CONTEXT ( 3 ) GLOBAL_UNCERTAINTY_ASSIGNED_CONTEXT ( ( #3731 ) ) GLOBAL_UNIT_ASSIGNED_CONTEXT ( ( #1053, #2230, #1016 ) ) REPRESENTATION_CONTEXT ( 'NONE', 'WORKASPACE' ) );
#3868 = ORIENTED_EDGE ( 'NONE', *, *, #3108, .F. ) ;
#3869 = CARTESIAN_POINT ( 'NONE',  ( -0.8299999999999987388, -0.02000000000000000042, 5.749999999999999112 ) ) ;
#3870 = CARTESIAN_POINT ( 'NONE',  ( 0.000000000000000000, 0.000000000000000000, 1.100000000000000311 ) ) ;
#3871 = DIRECTION ( 'NONE',  ( 0.000000000000000000, 0.000000000000000000, 1.000000000000000000 ) ) ;
#3872 = DIRECTION ( 'NONE',  ( -1.000000000000000000, 0.000000000000000000, -0.000000000000000000 ) ) ;
#3873 = CARTESIAN_POINT ( 'NONE',  ( -3.229999999999998650, 0.5900000000000000799, 5.749999999999999112 ) ) ;
#3874 = CLOSED_SHELL ( 'NONE', ( #1606, #4072, #4278, #5835, #6075, #2472, #4803, #3655, #6708, #781, #1976, #3541, #2345, #5750, #738, #4440, #1222, #5109, #4058, #4514, #3603, #2344, #2898, #4852, #6158, #498, #6987, #6230, #4225, #398, #2625, #4510, #6281, #2363, #3454, #6821, #5931, #3356, #3755, #1048, #6479, #4192, #7424, #1013, #843, #1152, #1744, #5202, #3636, #1688, #3855, #4073, #178, #3332, #5555, #3270, #7312, #4021, #6779, #571, #4625, #5514, #5677, #6330, #6570, #4770, #4086, #3410, #606, #2950, #2451, #2942, #188, #6142, #5282, #2483, #2641, #5793, #6192, #4721, #5063, #5226, #5916, #5318, #4194, #5480, #5915, #7121, #1481, #2864, #5725, #595, #4618, #3489, #4556, #4107, #7353, #7049, #4280, #6988, #3519, #6149, #6441, #1140, #4539, #6209, #3131, #643, #6621, #5771, #834, #2176, #328, #6004, #6853, #3220, #2564, #5357, #2057, #2494, #2155, #5184, #3046, #2664, #6666, #1938, #2255, #7290, #3635, #950, #7232, #4515, #6345, #2724, #3471, #287, #3882, #274, #459, #2919, #3219, #1366, #1605, #7313, #5388, #7136, #5161, #1762, #6372, #6458, #558, #6569, #2617, #5093, #1553, #2749 ) ) ;
#3875 = STYLED_ITEM ( 'NONE', ( #6255 ), #6230 ) ;
#3876 = VERTEX_POINT ( 'NONE', #3384 ) ;
#3877 = AXIS2_PLACEMENT_3D ( 'NONE', #1447, #4274, #4935 ) ;
#3878 = DIRECTION ( 'NONE',  ( 2.710505431213762071E-16, 0.000000000000000000, 1.000000000000000000 ) ) ;
#3879 = DIRECTION ( 'NONE',  ( 1.000000000000000000, 0.000000000000000000, 8.673617379884036458E-16 ) ) ;
#3880 = CARTESIAN_POINT ( 'NONE',  ( 0.000000000000000000, 1.800655561573372143, 4.749999999999999112 ) ) ;
#3881 = CYLINDRICAL_SURFACE ( 'NONE', #677, 0.2399999999999997691 ) ;
#3882 = ADVANCED_FACE ( 'NONE', ( #4079 ), #480, .T. ) ;
#3883 = EDGE_CURVE ( 'NONE', #6309, #1224, #6219, .T. ) ;
#3884 = COLOUR_RGB ( '',0.000000000000000000, 0.5647058823529411686, 0.09803921568627450844 ) ;
#3885 = VECTOR ( 'NONE', #4193, 1000.000000000000000 ) ;
#3886 = SURFACE_STYLE_USAGE ( .BOTH. , #3264 ) ;
#3887 = UNCERTAINTY_MEASURE_WITH_UNIT (LENGTH_MEASURE( 1.000000000000000082E-05 ), #1486, 'distance_accuracy_value', 'NONE');
#3888 = ORIENTED_EDGE ( 'NONE', *, *, #2471, .F. ) ;
#3889 = DIRECTION ( 'NONE',  ( 1.000000000000000000, 0.000000000000000000, -8.673617379884036458E-16 ) ) ;
#3890 = CARTESIAN_POINT ( 'NONE',  ( 4.500000000000052403, -0.02000000000000000042, -0.9499999999999995115 ) ) ;
#3891 = VECTOR ( 'NONE', #2915, 1000.000000000000000 ) ;
#3892 = CARTESIAN_POINT ( 'NONE',  ( 1.800000000000000711, 0.5900000000000000799, 5.419999999999999041 ) ) ;
#3893 = CARTESIAN_POINT ( 'NONE',  ( -0.5999999999999989786, 0.5900000000000000799, 5.749999999999999112 ) ) ;
#3894 = SURFACE_STYLE_USAGE ( .BOTH. , #1572 ) ;
#3895 = ORIENTED_EDGE ( 'NONE', *, *, #140, .F. ) ;
#3896 = VECTOR ( 'NONE', #4151, 1000.000000000000000 ) ;
#3897 = ORIENTED_EDGE ( 'NONE', *, *, #5413, .T. ) ;
#3898 = CARTESIAN_POINT ( 'NONE',  ( 1.800000000000000711, 0.5799999999999999600, 5.749999999999999112 ) ) ;
#3899 = FILL_AREA_STYLE ('',( #422 ) ) ;
#3900 = DIRECTION ( 'NONE',  ( 0.000000000000000000, 0.000000000000000000, 1.000000000000000000 ) ) ;
#3901 = PLANE ( 'NONE',  #4493 ) ;
#3902 = DIRECTION ( 'NONE',  ( -1.000000000000000000, 0.000000000000000000, -8.673617379884036458E-16 ) ) ;
#3903 = EDGE_CURVE ( 'NONE', #5868, #5465, #2933, .T. ) ;
#3904 = COLOUR_RGB ( '',0.9686274509803921573, 0.8784313725490195957, 0.5999999999999999778 ) ;
#3905 = ORIENTED_EDGE ( 'NONE', *, *, #3424, .T. ) ;
#3906 = VERTEX_POINT ( 'NONE', #1679 ) ;
#3907 = DIRECTION ( 'NONE',  ( 0.000000000000000000, 0.000000000000000000, -1.000000000000000000 ) ) ;
#3908 = FILL_AREA_STYLE_COLOUR ( '', #3369 ) ;
#3909 = DIRECTION ( 'NONE',  ( -0.000000000000000000, -1.000000000000000000, -0.000000000000000000 ) ) ;
#3910 = DIRECTION ( 'NONE',  ( -0.000000000000000000, 1.000000000000000000, -0.000000000000000000 ) ) ;
#3911 = CARTESIAN_POINT ( 'NONE',  ( 0.000000000000000000, 0.5799999999999999600, 0.000000000000000000 ) ) ;
#3912 = DIRECTION ( 'NONE',  ( 0.000000000000000000, 1.000000000000000000, 0.000000000000000000 ) ) ;
#3913 = CARTESIAN_POINT ( 'NONE',  ( 4.500000000000038192, -0.02000000000000000042, -0.09999999999999982514 ) ) ;
#3914 = VECTOR ( 'NONE', #5289, 1000.000000000000000 ) ;
#3915 = CARTESIAN_POINT ( 'NONE',  ( -4.500000000000050626, -0.02000000000000000042, -1.299999999999999600 ) ) ;
#3916 = FILL_AREA_STYLE ('',( #3792 ) ) ;
#3917 = DIRECTION ( 'NONE',  ( -0.000000000000000000, 1.000000000000000000, -0.000000000000000000 ) ) ;
#3918 = FILL_AREA_STYLE_COLOUR ( '', #367 ) ;
#3919 = DIRECTION ( 'NONE',  ( 1.000000000000000000, 0.000000000000000000, -0.000000000000000000 ) ) ;
#3920 = CARTESIAN_POINT ( 'NONE',  ( -4.500000000000027534, -0.02000000000000000042, 1.450000000000000400 ) ) ;
#3921 = COLOUR_RGB ( '',0.000000000000000000, 0.5647058823529411686, 0.09803921568627450844 ) ;
#3922 = CARTESIAN_POINT ( 'NONE',  ( 4.500000000000000888, 0.5799999999999999600, 2.990000000000000657 ) ) ;
#3923 = EDGE_CURVE ( 'NONE', #3939, #7355, #2939, .T. ) ;
#3924 = EDGE_CURVE ( 'NONE', #6155, #234, #2294, .T. ) ;
#3925 = EDGE_LOOP ( 'NONE', ( #3333, #5838, #778, #4532 ) ) ;
#3926 = SURFACE_STYLE_FILL_AREA ( #553 ) ;
#3927 = EDGE_LOOP ( 'NONE', ( #3905, #4379, #158, #1819, #552, #131, #2673, #296 ) ) ;
#3928 = CIRCLE ( 'NONE', #7276, 0.2300000000000001765 ) ;
#3929 = COLOUR_RGB ( '',0.9686274509803921573, 0.8784313725490195957, 0.5999999999999999778 ) ;
#3930 = EDGE_CURVE ( 'NONE', #4754, #6392, #1151, .T. ) ;
#3931 = EDGE_LOOP ( 'NONE', ( #5315, #36, #535, #180 ) ) ;
#3932 = FILL_AREA_STYLE ('',( #4487 ) ) ;
#3933 =( LENGTH_UNIT ( ) NAMED_UNIT ( * ) SI_UNIT ( .MILLI., .METRE. ) );
#3934 = PRESENTATION_STYLE_ASSIGNMENT (( #4010 ) ) ;
#3935 = DIRECTION ( 'NONE',  ( 0.000000000000000000, -1.000000000000000000, 0.000000000000000000 ) ) ;
#3936 = SURFACE_SIDE_STYLE ('',( #4996 ) ) ;
#3937 = PRESENTATION_LAYER_ASSIGNMENT (  '', '', ( #2238 ) ) ;
#3938 =( GEOMETRIC_REPRESENTATION_CONTEXT ( 3 ) GLOBAL_UNCERTAINTY_ASSIGNED_CONTEXT ( ( #3344 ) ) GLOBAL_UNIT_ASSIGNED_CONTEXT ( ( #576, #2195, #1659 ) ) REPRESENTATION_CONTEXT ( 'NONE', 'WORKASPACE' ) );
#3939 = VERTEX_POINT ( 'NONE', #7099 ) ;
#3940 = EDGE_CURVE ( 'NONE', #5898, #2458, #183, .T. ) ;
#3941 = ORIENTED_EDGE ( 'NONE', *, *, #5295, .F. ) ;
#3942 = LINE ( 'NONE', #1084, #7092 ) ;
#3943 = PRESENTATION_LAYER_ASSIGNMENT (  '', '', ( #5711 ) ) ;
#3944 =( NAMED_UNIT ( * ) PLANE_ANGLE_UNIT ( ) SI_UNIT ( $, .RADIAN. ) );
#3945 = STYLED_ITEM ( 'NONE', ( #3862 ), #2625 ) ;
#3946 = CARTESIAN_POINT ( 'NONE',  ( -4.500000000000052403, -0.02000000000000000042, -0.9499999999999995115 ) ) ;
#3947 = COLOUR_RGB ( '',0.9686274509803921573, 0.8784313725490195957, 0.5999999999999999778 ) ;
#3948 = LINE ( 'NONE', #2160, #971 ) ;
#3949 = SURFACE_STYLE_USAGE ( .BOTH. , #1171 ) ;
#3950 = VERTEX_POINT ( 'NONE', #1872 ) ;
#3951 = CARTESIAN_POINT ( 'NONE',  ( 0.000000000000000000, 0.000000000000000000, 4.749999999999999112 ) ) ;
#3952 = AXIS2_PLACEMENT_3D ( 'NONE', #4474, #6182, #6033 ) ;
#3953 = CARTESIAN_POINT ( 'NONE',  ( -4.499999999999999112, 0.000000000000000000, 5.749999999999999112 ) ) ;
#3954 = CARTESIAN_POINT ( 'NONE',  ( 4.500000000000012434, -0.02000000000000000042, 2.409999999999999698 ) ) ;
#3955 = CARTESIAN_POINT ( 'NONE',  ( -4.500000000000018652, 0.5900000000000000799, -0.9499999999999995115 ) ) ;
#3956 = COLOUR_RGB ( '',0.9686274509803921573, 0.8784313725490195957, 0.5999999999999999778 ) ;
#3957 = DIRECTION ( 'NONE',  ( 0.000000000000000000, 0.000000000000000000, 1.000000000000000000 ) ) ;
#3958 = COLOUR_RGB ( '',0.9686274509803921573, 0.8784313725490195957, 0.5999999999999999778 ) ;
#3959 = UNCERTAINTY_MEASURE_WITH_UNIT (LENGTH_MEASURE( 1.000000000000000082E-05 ), #5256, 'distance_accuracy_value', 'NONE');
#3960 = VERTEX_POINT ( 'NONE', #6483 ) ;
#3961 = DIRECTION ( 'NONE',  ( 1.000000000000000000, 0.000000000000000000, 0.000000000000000000 ) ) ;
#3962 = EDGE_CURVE ( 'NONE', #2348, #534, #5851, .T. ) ;
#3963 = ORIENTED_EDGE ( 'NONE', *, *, #3259, .F. ) ;
#3964 = PRESENTATION_STYLE_ASSIGNMENT (( #5813 ) ) ;
#3965 = UNCERTAINTY_MEASURE_WITH_UNIT (LENGTH_MEASURE( 1.000000000000000082E-05 ), #4250, 'distance_accuracy_value', 'NONE');
#3966 = EDGE_LOOP ( 'NONE', ( #4241, #5263, #149, #905 ) ) ;
#3967 = CARTESIAN_POINT ( 'NONE',  ( 1.470000000000001306, 0.5900000000000000799, 5.749999999999999112 ) ) ;
#3968 = CARTESIAN_POINT ( 'NONE',  ( -4.500000000000002665, 0.5900000000000000799, 3.850000000000000089 ) ) ;
#3969 = LINE ( 'NONE', #6846, #5272 ) ;
#3970 = DIRECTION ( 'NONE',  ( -0.000000000000000000, -1.000000000000000000, -0.000000000000000000 ) ) ;
#3971 = LINE ( 'NONE', #7267, #623 ) ;
#3972 = EDGE_CURVE ( 'NONE', #2096, #2193, #1974, .T. ) ;
#3973 = EDGE_CURVE ( 'NONE', #4989, #2765, #6163, .T. ) ;
#3974 = ORIENTED_EDGE ( 'NONE', *, *, #6047, .F. ) ;
#3975 = ORIENTED_EDGE ( 'NONE', *, *, #3497, .F. ) ;
#3976 = SURFACE_STYLE_USAGE ( .BOTH. , #1657 ) ;
#3977 = STYLED_ITEM ( 'NONE', ( #5778 ), #7353 ) ;
#3978 = DIRECTION ( 'NONE',  ( 0.000000000000000000, 0.000000000000000000, 1.000000000000000000 ) ) ;
#3979 = SURFACE_SIDE_STYLE ('',( #5670 ) ) ;
#3980 = SURFACE_STYLE_USAGE ( .BOTH. , #3404 ) ;
#3981 = CARTESIAN_POINT ( 'NONE',  ( 2.650000000000000355, 1.800655561573372143, 0.000000000000000000 ) ) ;
#3982 = CARTESIAN_POINT ( 'NONE',  ( 0.000000000000000000, -0.02000000000000000042, 5.749999999999999112 ) ) ;
#3983 =( GEOMETRIC_REPRESENTATION_CONTEXT ( 3 ) GLOBAL_UNCERTAINTY_ASSIGNED_CONTEXT ( ( #997 ) ) GLOBAL_UNIT_ASSIGNED_CONTEXT ( ( #5213, #566, #6341 ) ) REPRESENTATION_CONTEXT ( 'NONE', 'WORKASPACE' ) );
#3984 = VECTOR ( 'NONE', #6054, 1000.000000000000000 ) ;
#3985 = ORIENTED_EDGE ( 'NONE', *, *, #2996, .F. ) ;
#3986 = VERTEX_POINT ( 'NONE', #147 ) ;
#3987 = CARTESIAN_POINT ( 'NONE',  ( -3.500000000000025757, -0.02000000000000000042, 1.100000000000000311 ) ) ;
#3988 = DIRECTION ( 'NONE',  ( 0.000000000000000000, -0.000000000000000000, -1.000000000000000000 ) ) ;
#3989 = CYLINDRICAL_SURFACE ( 'NONE', #5728, 0.2399999999999999911 ) ;
#3990 = CARTESIAN_POINT ( 'NONE',  ( 4.500000000000000888, 0.000000000000000000, 5.749999999999999112 ) ) ;
#3991 = VECTOR ( 'NONE', #813, 1000.000000000000000 ) ;
#3992 = COLOUR_RGB ( '',0.9686274509803921573, 0.8784313725490195957, 0.5999999999999999778 ) ;
#3993 = UNCERTAINTY_MEASURE_WITH_UNIT (LENGTH_MEASURE( 1.000000000000000082E-05 ), #3861, 'distance_accuracy_value', 'NONE');
#3994 = EDGE_CURVE ( 'NONE', #1434, #6645, #782, .T. ) ;
#3995 = FILL_AREA_STYLE_COLOUR ( '', #2289 ) ;
#3996 =( GEOMETRIC_REPRESENTATION_CONTEXT ( 3 ) GLOBAL_UNCERTAINTY_ASSIGNED_CONTEXT ( ( #5969 ) ) GLOBAL_UNIT_ASSIGNED_CONTEXT ( ( #1029, #545, #7391 ) ) REPRESENTATION_CONTEXT ( 'NONE', 'WORKASPACE' ) );
#3997 = ORIENTED_EDGE ( 'NONE', *, *, #6232, .F. ) ;
#3998 =( NAMED_UNIT ( * ) SI_UNIT ( $, .STERADIAN. ) SOLID_ANGLE_UNIT ( ) );
#3999 = LINE ( 'NONE', #5138, #3436 ) ;
#4000 = MECHANICAL_DESIGN_GEOMETRIC_PRESENTATION_REPRESENTATION (  '', ( #382 ), #4587 ) ;
#4001 = CARTESIAN_POINT ( 'NONE',  ( 4.500000000000000888, -0.02000000000000000042, -0.6000000000000003109 ) ) ;
#4002 =( GEOMETRIC_REPRESENTATION_CONTEXT ( 3 ) GLOBAL_UNCERTAINTY_ASSIGNED_CONTEXT ( ( #5440 ) ) GLOBAL_UNIT_ASSIGNED_CONTEXT ( ( #5004, #2278, #5578 ) ) REPRESENTATION_CONTEXT ( 'NONE', 'WORKASPACE' ) );
#4003 = VERTEX_POINT ( 'NONE', #6447 ) ;
#4004 = AXIS2_PLACEMENT_3D ( 'NONE', #2717, #1580, #2763 ) ;
#4005 = CARTESIAN_POINT ( 'NONE',  ( 1.450000000000000844, 1.800655561573372143, 5.749999999999999112 ) ) ;
#4006 = ORIENTED_EDGE ( 'NONE', *, *, #68, .T. ) ;
#4007 = STYLED_ITEM ( 'NONE', ( #3241 ), #4225 ) ;
#4008 = SURFACE_STYLE_FILL_AREA ( #6195 ) ;
#4009 = CARTESIAN_POINT ( 'NONE',  ( 4.500000000000000888, 0.5799999999999999600, -1.289999999999999369 ) ) ;
#4010 = SURFACE_STYLE_USAGE ( .BOTH. , #4414 ) ;
#4011 = LINE ( 'NONE', #2832, #1511 ) ;
#4012 = PRESENTATION_STYLE_ASSIGNMENT (( #1689 ) ) ;
#4013 = AXIS2_PLACEMENT_3D ( 'NONE', #6226, #455, #1077 ) ;
#4014 = STYLED_ITEM ( 'NONE', ( #4163 ), #3046 ) ;
#4015 = ORIENTED_EDGE ( 'NONE', *, *, #1142, .T. ) ;
#4016 = ORIENTED_EDGE ( 'NONE', *, *, #6148, .F. ) ;
#4017 = LINE ( 'NONE', #2838, #6440 ) ;
#4018 =( LENGTH_UNIT ( ) NAMED_UNIT ( * ) SI_UNIT ( .MILLI., .METRE. ) );
#4019 = DIRECTION ( 'NONE',  ( 0.000000000000000000, 0.000000000000000000, 1.000000000000000000 ) ) ;
#4020 = EDGE_CURVE ( 'NONE', #5486, #3496, #5394, .T. ) ;
#4021 = ADVANCED_FACE ( 'NONE', ( #2508 ), #3685, .T. ) ;
#4022 = LINE ( 'NONE', #465, #4114 ) ;
#4023 = STYLED_ITEM ( 'NONE', ( #1204 ), #3332 ) ;
#4024 = DIRECTION ( 'NONE',  ( 0.000000000000000000, 0.000000000000000000, 1.000000000000000000 ) ) ;
#4025 = VECTOR ( 'NONE', #3935, 1000.000000000000000 ) ;
#4026 = ORIENTED_EDGE ( 'NONE', *, *, #1663, .T. ) ;
#4027 = ORIENTED_EDGE ( 'NONE', *, *, #4240, .F. ) ;
#4028 = PRESENTATION_STYLE_ASSIGNMENT (( #2283 ) ) ;
#4029 = DIRECTION ( 'NONE',  ( 0.000000000000000000, -1.000000000000000000, 0.000000000000000000 ) ) ;
#4030 = CARTESIAN_POINT ( 'NONE',  ( -4.500000000000006217, 0.5900000000000000799, 2.990000000000000657 ) ) ;
#4031 = LINE ( 'NONE', #661, #2475 ) ;
#4032 = CARTESIAN_POINT ( 'NONE',  ( -4.500000000000009770, 0.5900000000000000799, 1.790000000000000036 ) ) ;
#4033 =( GEOMETRIC_REPRESENTATION_CONTEXT ( 3 ) GLOBAL_UNCERTAINTY_ASSIGNED_CONTEXT ( ( #1073 ) ) GLOBAL_UNIT_ASSIGNED_CONTEXT ( ( #5182, #6494, #5404 ) ) REPRESENTATION_CONTEXT ( 'NONE', 'WORKASPACE' ) );
#4034 = DIRECTION ( 'NONE',  ( 0.000000000000000000, 0.000000000000000000, -1.000000000000000000 ) ) ;
#4035 = AXIS2_PLACEMENT_3D ( 'NONE', #3763, #5512, #5476 ) ;
#4036 = VERTEX_POINT ( 'NONE', #2436 ) ;
#4037 = EDGE_CURVE ( 'NONE', #5500, #6184, #4137, .T. ) ;
#4038 = AXIS2_PLACEMENT_3D ( 'NONE', #1135, #1865, #4683 ) ;
#4039 = CARTESIAN_POINT ( 'NONE',  ( -4.500000000000014211, 0.5900000000000000799, 0.5900000000000003020 ) ) ;
#4040 = FILL_AREA_STYLE ('',( #6335 ) ) ;
#4041 = SURFACE_STYLE_FILL_AREA ( #593 ) ;
#4042 = VERTEX_POINT ( 'NONE', #668 ) ;
#4043 = UNCERTAINTY_MEASURE_WITH_UNIT (LENGTH_MEASURE( 1.000000000000000082E-05 ), #2951, 'distance_accuracy_value', 'NONE');
#4044 = ORIENTED_EDGE ( 'NONE', *, *, #885, .F. ) ;
#4045 = FACE_OUTER_BOUND ( 'NONE', #1465, .T. ) ;
#4046 = STYLED_ITEM ( 'NONE', ( #5671 ), #5793 ) ;
#4047 = PRESENTATION_LAYER_ASSIGNMENT (  '', '', ( #3805 ) ) ;
#4048 = ORIENTED_EDGE ( 'NONE', *, *, #6118, .F. ) ;
#4049 = ORIENTED_EDGE ( 'NONE', *, *, #378, .F. ) ;
#4050 = FACE_OUTER_BOUND ( 'NONE', #1218, .T. ) ;
#4051 =( LENGTH_UNIT ( ) NAMED_UNIT ( * ) SI_UNIT ( .MILLI., .METRE. ) );
#4052 = CYLINDRICAL_SURFACE ( 'NONE', #210, 0.3399999999999998024 ) ;
#4053 = DIRECTION ( 'NONE',  ( -0.000000000000000000, 1.000000000000000000, -0.000000000000000000 ) ) ;
#4054 =( GEOMETRIC_REPRESENTATION_CONTEXT ( 3 ) GLOBAL_UNCERTAINTY_ASSIGNED_CONTEXT ( ( #6034 ) ) GLOBAL_UNIT_ASSIGNED_CONTEXT ( ( #3682, #1871, #7066 ) ) REPRESENTATION_CONTEXT ( 'NONE', 'WORKASPACE' ) );
#4055 = FILL_AREA_STYLE ('',( #4639 ) ) ;
#4056 = AXIS2_PLACEMENT_3D ( 'NONE', #3504, #2479, #790 ) ;
#4057 = EDGE_CURVE ( 'NONE', #7428, #4697, #746, .T. ) ;
#4058 = ADVANCED_FACE ( 'NONE', ( #6529 ), #5960, .F. ) ;
#4059 = ORIENTED_EDGE ( 'NONE', *, *, #1323, .F. ) ;
#4060 =( GEOMETRIC_REPRESENTATION_CONTEXT ( 3 ) GLOBAL_UNCERTAINTY_ASSIGNED_CONTEXT ( ( #6260 ) ) GLOBAL_UNIT_ASSIGNED_CONTEXT ( ( #7282, #7317, #2089 ) ) REPRESENTATION_CONTEXT ( 'NONE', 'WORKASPACE' ) );
#4061 = VECTOR ( 'NONE', #2044, 1000.000000000000000 ) ;
#4062 = ORIENTED_EDGE ( 'NONE', *, *, #4207, .F. ) ;
#4063 = CARTESIAN_POINT ( 'NONE',  ( 4.500000000000000888, 0.5900000000000000799, 0.000000000000000000 ) ) ;
#4064 =( NAMED_UNIT ( * ) SI_UNIT ( $, .STERADIAN. ) SOLID_ANGLE_UNIT ( ) );
#4065 = CARTESIAN_POINT ( 'NONE',  ( -3.500000000000050182, 0.000000000000000000, -0.5999999999999998668 ) ) ;
#4066 = SURFACE_SIDE_STYLE ('',( #5243 ) ) ;
#4067 = CARTESIAN_POINT ( 'NONE',  ( 2.650000000000000355, -0.02000000000000000042, 0.000000000000000000 ) ) ;
#4068 = CARTESIAN_POINT ( 'NONE',  ( 4.500000000000052403, 0.5900000000000000799, -0.9499999999999995115 ) ) ;
#4069 = UNCERTAINTY_MEASURE_WITH_UNIT (LENGTH_MEASURE( 1.000000000000000082E-05 ), #2530, 'distance_accuracy_value', 'NONE');
#4070 = CARTESIAN_POINT ( 'NONE',  ( 1.800000000000000711, -0.02000000000000000042, 5.749999999999999112 ) ) ;
#4071 = STYLED_ITEM ( 'NONE', ( #2229 ), #5093 ) ;
#4072 = ADVANCED_FACE ( 'NONE', ( #2748 ), #4437, .T. ) ;
#4073 = ADVANCED_FACE ( 'NONE', ( #4394 ), #2023, .T. ) ;
#4074 = FILL_AREA_STYLE ('',( #1669 ) ) ;
#4075 = DIRECTION ( 'NONE',  ( 0.000000000000000000, 1.000000000000000000, -0.000000000000000000 ) ) ;
#4076 = ORIENTED_EDGE ( 'NONE', *, *, #1462, .T. ) ;
#4077 = CARTESIAN_POINT ( 'NONE',  ( 3.350000000000000533, 0.000000000000000000, 4.749999999999999112 ) ) ;
#4078 = CARTESIAN_POINT ( 'NONE',  ( -0.2499999999999989175, 0.000000000000000000, -0.000000000000000000 ) ) ;
#4079 = FACE_OUTER_BOUND ( 'NONE', #1523, .T. ) ;
#4080 = EDGE_CURVE ( 'NONE', #6525, #5221, #3722, .T. ) ;
#4081 = ORIENTED_EDGE ( 'NONE', *, *, #4342, .T. ) ;
#4082 = VERTEX_POINT ( 'NONE', #4152 ) ;
#4083 = CARTESIAN_POINT ( 'NONE',  ( 4.500000000000014211, -0.02000000000000000042, 2.650000000000000355 ) ) ;
#4084 = CARTESIAN_POINT ( 'NONE',  ( 0.000000000000000000, 0.5799999999999999600, 5.749999999999999112 ) ) ;
#4085 = CARTESIAN_POINT ( 'NONE',  ( 4.500000000000025757, -0.02000000000000000042, 1.210000000000000187 ) ) ;
#4086 = ADVANCED_FACE ( 'NONE', ( #1285 ), #5867, .F. ) ;
#4087 = ORIENTED_EDGE ( 'NONE', *, *, #4368, .T. ) ;
#4088 = VERTEX_POINT ( 'NONE', #129 ) ;
#4089 = SURFACE_STYLE_FILL_AREA ( #6311 ) ;
#4090 = CARTESIAN_POINT ( 'NONE',  ( -2.129999999999998117, 0.5900000000000000799, 5.749999999999999112 ) ) ;
#4091 =( LENGTH_UNIT ( ) NAMED_UNIT ( * ) SI_UNIT ( .MILLI., .METRE. ) );
#4092 = PRESENTATION_STYLE_ASSIGNMENT (( #651 ) ) ;
#4093 =( NAMED_UNIT ( * ) SI_UNIT ( $, .STERADIAN. ) SOLID_ANGLE_UNIT ( ) );
#4094 = VERTEX_POINT ( 'NONE', #3922 ) ;
#4095 = AXIS2_PLACEMENT_3D ( 'NONE', #5402, #1991, #5895 ) ;
#4096 = EDGE_LOOP ( 'NONE', ( #7222, #4584, #3420, #1012 ) ) ;
#4097 =( NAMED_UNIT ( * ) PLANE_ANGLE_UNIT ( ) SI_UNIT ( $, .RADIAN. ) );
#4098 =( NAMED_UNIT ( * ) PLANE_ANGLE_UNIT ( ) SI_UNIT ( $, .RADIAN. ) );
#4099 = CARTESIAN_POINT ( 'NONE',  ( -2.602085213965214586E-15, -0.02000000000000000042, 3.000000000000003109 ) ) ;
#4100 = LINE ( 'NONE', #1748, #1368 ) ;
#4101 = CARTESIAN_POINT ( 'NONE',  ( -3.920000000000001705, 1.779999999999999805, -5.390000000000001457 ) ) ;
#4102 = LINE ( 'NONE', #104, #6996 ) ;
#4103 = STYLED_ITEM ( 'NONE', ( #5616 ), #178 ) ;
#4104 = EDGE_LOOP ( 'NONE', ( #5209, #339, #4282, #5757 ) ) ;
#4105 = SURFACE_STYLE_FILL_AREA ( #1794 ) ;
#4106 = EDGE_CURVE ( 'NONE', #6959, #2027, #612, .T. ) ;
#4107 = ADVANCED_FACE ( 'NONE', ( #727 ), #6351, .F. ) ;
#4108 =( NAMED_UNIT ( * ) SI_UNIT ( $, .STERADIAN. ) SOLID_ANGLE_UNIT ( ) );
#4109 = MECHANICAL_DESIGN_GEOMETRIC_PRESENTATION_REPRESENTATION (  '', ( #258 ), #1206 ) ;
#4110 = VERTEX_POINT ( 'NONE', #1244 ) ;
#4111 = SURFACE_STYLE_FILL_AREA ( #1800 ) ;
#4112 = UNCERTAINTY_MEASURE_WITH_UNIT (LENGTH_MEASURE( 1.000000000000000082E-05 ), #6704, 'distance_accuracy_value', 'NONE');
#4113 = EDGE_LOOP ( 'NONE', ( #4773, #1324, #3382, #4677 ) ) ;
#4114 = VECTOR ( 'NONE', #1624, 1000.000000000000000 ) ;
#4115 = FACE_OUTER_BOUND ( 'NONE', #6639, .T. ) ;
#4116 = LINE ( 'NONE', #1771, #3564 ) ;
#4117 = VERTEX_POINT ( 'NONE', #3549 ) ;
#4118 = STYLED_ITEM ( 'NONE', ( #3357 ), #4280 ) ;
#4119 = ORIENTED_EDGE ( 'NONE', *, *, #1844, .F. ) ;
#4120 = DIRECTION ( 'NONE',  ( 0.000000000000000000, -1.000000000000000000, 0.000000000000000000 ) ) ;
#4121 = DIRECTION ( 'NONE',  ( 8.673617379884051249E-15, 0.000000000000000000, -1.000000000000000000 ) ) ;
#4122 = EDGE_CURVE ( 'NONE', #5114, #6243, #5055, .T. ) ;
#4123 = CARTESIAN_POINT ( 'NONE',  ( 4.500000000000014211, 0.5900000000000000799, 2.650000000000000355 ) ) ;
#4124 = FILL_AREA_STYLE_COLOUR ( '', #6073 ) ;
#4125 = MECHANICAL_DESIGN_GEOMETRIC_PRESENTATION_REPRESENTATION (  '', ( #4232 ), #511 ) ;
#4126 = EDGE_LOOP ( 'NONE', ( #4886, #1112, #3228, #2378 ) ) ;
#4127 = ORIENTED_EDGE ( 'NONE', *, *, #2135, .T. ) ;
#4128 = CARTESIAN_POINT ( 'NONE',  ( -4.500000000000003553, 0.5900000000000000799, 2.310000000000000497 ) ) ;
#4129 = DIRECTION ( 'NONE',  ( -0.000000000000000000, 1.000000000000000000, -0.000000000000000000 ) ) ;
#4130 = DIRECTION ( 'NONE',  ( 0.000000000000000000, -1.000000000000000000, 0.000000000000000000 ) ) ;
#4131 = DIRECTION ( 'NONE',  ( 0.000000000000000000, 0.000000000000000000, -1.000000000000000000 ) ) ;
#4132 = CARTESIAN_POINT ( 'NONE',  ( -4.500000000000052403, -0.02000000000000000042, -0.9499999999999995115 ) ) ;
#4133 = DIRECTION ( 'NONE',  ( -0.000000000000000000, -1.000000000000000000, -0.000000000000000000 ) ) ;
#4134 = PLANE ( 'NONE',  #5321 ) ;
#4135 = ORIENTED_EDGE ( 'NONE', *, *, #3307, .T. ) ;
#4136 = LINE ( 'NONE', #4692, #191 ) ;
#4137 = LINE ( 'NONE', #1220, #2698 ) ;
#4138 = AXIS2_PLACEMENT_3D ( 'NONE', #3533, #1374, #5811 ) ;
#4139 = EDGE_CURVE ( 'NONE', #2348, #5305, #5833, .T. ) ;
#4140 = EDGE_CURVE ( 'NONE', #591, #374, #6900, .T. ) ;
#4141 =( GEOMETRIC_REPRESENTATION_CONTEXT ( 3 ) GLOBAL_UNCERTAINTY_ASSIGNED_CONTEXT ( ( #2751 ) ) GLOBAL_UNIT_ASSIGNED_CONTEXT ( ( #7014, #171, #5875 ) ) REPRESENTATION_CONTEXT ( 'NONE', 'WORKASPACE' ) );
#4142 = ORIENTED_EDGE ( 'NONE', *, *, #3279, .F. ) ;
#4143 = FACE_OUTER_BOUND ( 'NONE', #7308, .T. ) ;
#4144 = ORIENTED_EDGE ( 'NONE', *, *, #590, .T. ) ;
#4145 =( NAMED_UNIT ( * ) PLANE_ANGLE_UNIT ( ) SI_UNIT ( $, .RADIAN. ) );
#4146 = LINE ( 'NONE', #84, #2359 ) ;
#4147 = LINE ( 'NONE', #1272, #2086 ) ;
#4148 = ORIENTED_EDGE ( 'NONE', *, *, #4995, .T. ) ;
#4149 = VERTEX_POINT ( 'NONE', #652 ) ;
#4150 = DIRECTION ( 'NONE',  ( -0.000000000000000000, 1.000000000000000000, -0.000000000000000000 ) ) ;
#4151 = DIRECTION ( 'NONE',  ( 8.673617379884013384E-15, 0.000000000000000000, -1.000000000000000000 ) ) ;
#4152 = CARTESIAN_POINT ( 'NONE',  ( -4.500000000000014211, 0.5900000000000000799, 0.4899999999999999911 ) ) ;
#4153 = EDGE_CURVE ( 'NONE', #1450, #4319, #1471, .T. ) ;
#4154 = EDGE_LOOP ( 'NONE', ( #3092, #7082, #3123, #4421, #6799, #4900, #6811, #7379, #5860, #167, #2164, #5657 ) ) ;
#4155 = ORIENTED_EDGE ( 'NONE', *, *, #6249, .T. ) ;
#4156 = FACE_OUTER_BOUND ( 'NONE', #3236, .T. ) ;
#4157 = FACE_OUTER_BOUND ( 'NONE', #5360, .T. ) ;
#4158 = VECTOR ( 'NONE', #6446, 1000.000000000000000 ) ;
#4159 =( NAMED_UNIT ( * ) PLANE_ANGLE_UNIT ( ) SI_UNIT ( $, .RADIAN. ) );
#4160 = DIRECTION ( 'NONE',  ( 0.000000000000000000, 0.000000000000000000, -1.000000000000000000 ) ) ;
#4161 = VECTOR ( 'NONE', #1654, 1000.000000000000000 ) ;
#4162 = LINE ( 'NONE', #3041, #4589 ) ;
#4163 = PRESENTATION_STYLE_ASSIGNMENT (( #1364 ) ) ;
#4164 = AXIS2_PLACEMENT_3D ( 'NONE', #6767, #5525, #5561 ) ;
#4165 = STYLED_ITEM ( 'NONE', ( #5579 ), #2451 ) ;
#4166 = FACE_OUTER_BOUND ( 'NONE', #4251, .T. ) ;
#4167 = DIRECTION ( 'NONE',  ( -0.000000000000000000, -1.000000000000000000, -0.000000000000000000 ) ) ;
#4168 = EDGE_LOOP ( 'NONE', ( #580, #2553, #3830, #7263 ) ) ;
#4169 = PRESENTATION_STYLE_ASSIGNMENT (( #5316 ) ) ;
#4170 = FILL_AREA_STYLE ('',( #4756 ) ) ;
#4171 = MECHANICAL_DESIGN_GEOMETRIC_PRESENTATION_REPRESENTATION (  '', ( #2366 ), #1881 ) ;
#4172 = AXIS2_PLACEMENT_3D ( 'NONE', #18, #4606, #7383 ) ;
#4173 =( GEOMETRIC_REPRESENTATION_CONTEXT ( 3 ) GLOBAL_UNCERTAINTY_ASSIGNED_CONTEXT ( ( #3800 ) ) GLOBAL_UNIT_ASSIGNED_CONTEXT ( ( #5225, #1455, #6037 ) ) REPRESENTATION_CONTEXT ( 'NONE', 'WORKASPACE' ) );
#4174 = DIRECTION ( 'NONE',  ( 0.000000000000000000, 0.000000000000000000, 1.000000000000000000 ) ) ;
#4175 = AXIS2_PLACEMENT_3D ( 'NONE', #2000, #5934, #5900 ) ;
#4176 = ORIENTED_EDGE ( 'NONE', *, *, #4106, .F. ) ;
#4177 = FACE_OUTER_BOUND ( 'NONE', #3101, .T. ) ;
#4178 = VERTEX_POINT ( 'NONE', #1355 ) ;
#4179 = SURFACE_SIDE_STYLE ('',( #5361 ) ) ;
#4180 = CARTESIAN_POINT ( 'NONE',  ( -4.500000000000050626, -0.02000000000000000042, -0.6000000000000007550 ) ) ;
#4181 = LINE ( 'NONE', #755, #524 ) ;
#4182 = VECTOR ( 'NONE', #3051, 1000.000000000000000 ) ;
#4183 = EDGE_CURVE ( 'NONE', #2788, #1650, #3666, .T. ) ;
#4184 =( LENGTH_UNIT ( ) NAMED_UNIT ( * ) SI_UNIT ( .MILLI., .METRE. ) );
#4185 = ORIENTED_EDGE ( 'NONE', *, *, #369, .F. ) ;
#4186 = VECTOR ( 'NONE', #3639, 1000.000000000000000 ) ;
#4187 = ORIENTED_EDGE ( 'NONE', *, *, #3683, .F. ) ;
#4188 = PLANE ( 'NONE',  #1405 ) ;
#4189 = CARTESIAN_POINT ( 'NONE',  ( 4.500000000000000888, 0.5900000000000000799, 2.310000000000000497 ) ) ;
#4190 = SURFACE_STYLE_USAGE ( .BOTH. , #6349 ) ;
#4191 = PLANE ( 'NONE',  #4719 ) ;
#4192 = ADVANCED_FACE ( 'NONE', ( #5336 ), #3707, .T. ) ;
#4193 = DIRECTION ( 'NONE',  ( -0.000000000000000000, 1.000000000000000000, -0.000000000000000000 ) ) ;
#4194 = ADVANCED_FACE ( 'NONE', ( #3622 ), #4843, .T. ) ;
#4195 = ORIENTED_EDGE ( 'NONE', *, *, #5965, .F. ) ;
#4196 = VERTEX_POINT ( 'NONE', #5414 ) ;
#4197 = DIRECTION ( 'NONE',  ( -0.000000000000000000, -1.000000000000000000, -0.000000000000000000 ) ) ;
#4198 = AXIS2_PLACEMENT_3D ( 'NONE', #5806, #4075, #5057 ) ;
#4199 = DIRECTION ( 'NONE',  ( 0.000000000000000000, -1.000000000000000000, 0.000000000000000000 ) ) ;
#4200 = SURFACE_STYLE_FILL_AREA ( #6359 ) ;
#4201 = SURFACE_SIDE_STYLE ('',( #1827 ) ) ;
#4202 = PRESENTATION_STYLE_ASSIGNMENT (( #6474 ) ) ;
#4203 = SURFACE_SIDE_STYLE ('',( #2430 ) ) ;
#4204 = CARTESIAN_POINT ( 'NONE',  ( 4.500000000000000888, 0.5799999999999999600, 5.749999999999999112 ) ) ;
#4205 = ORIENTED_EDGE ( 'NONE', *, *, #6717, .T. ) ;
#4206 = FILL_AREA_STYLE_COLOUR ( '', #2844 ) ;
#4207 = EDGE_CURVE ( 'NONE', #7011, #1869, #1894, .T. ) ;
#4208 = VECTOR ( 'NONE', #6906, 1000.000000000000000 ) ;
#4209 = AXIS2_PLACEMENT_3D ( 'NONE', #5632, #1658, #2731 ) ;
#4210 = ORIENTED_EDGE ( 'NONE', *, *, #1322, .T. ) ;
#4211 = DIRECTION ( 'NONE',  ( -0.000000000000000000, -1.000000000000000000, 0.000000000000000000 ) ) ;
#4212 = ORIENTED_EDGE ( 'NONE', *, *, #907, .T. ) ;
#4213 = FILL_AREA_STYLE_COLOUR ( '', #718 ) ;
#4214 = CARTESIAN_POINT ( 'NONE',  ( 0.000000000000000000, 0.000000000000000000, 4.749999999999999112 ) ) ;
#4215 = VECTOR ( 'NONE', #3226, 1000.000000000000000 ) ;
#4216 = EDGE_LOOP ( 'NONE', ( #6883, #1474, #3784, #4869 ) ) ;
#4217 = ORIENTED_EDGE ( 'NONE', *, *, #6521, .F. ) ;
#4218 = CARTESIAN_POINT ( 'NONE',  ( 4.500000000000039968, 0.5900000000000000799, 0.4900000000000002132 ) ) ;
#4219 = DIRECTION ( 'NONE',  ( 0.000000000000000000, 1.000000000000000000, -0.000000000000000000 ) ) ;
#4220 = DIRECTION ( 'NONE',  ( 1.000000000000000000, -0.000000000000000000, 0.000000000000000000 ) ) ;
#4221 = DIRECTION ( 'NONE',  ( 8.673617379884040402E-16, 0.000000000000000000, 1.000000000000000000 ) ) ;
#4222 = VECTOR ( 'NONE', #2197, 1000.000000000000000 ) ;
#4223 = ORIENTED_EDGE ( 'NONE', *, *, #2434, .T. ) ;
#4224 = EDGE_CURVE ( 'NONE', #3083, #6594, #2672, .T. ) ;
#4225 = ADVANCED_FACE ( 'NONE', ( #2560 ), #7148, .T. ) ;
#4226 = ORIENTED_EDGE ( 'NONE', *, *, #5356, .F. ) ;
#4227 = SURFACE_STYLE_FILL_AREA ( #3627 ) ;
#4228 = VECTOR ( 'NONE', #4674, 1000.000000000000000 ) ;
#4229 = SURFACE_STYLE_USAGE ( .BOTH. , #2080 ) ;
#4230 = DIRECTION ( 'NONE',  ( -0.000000000000000000, -1.000000000000000000, 0.000000000000000000 ) ) ;
#4231 = CARTESIAN_POINT ( 'NONE',  ( -3.500000000000050182, -0.02000000000000000042, -1.299999999999999600 ) ) ;
#4232 = STYLED_ITEM ( 'NONE', ( #1330 ), #3131 ) ;
#4233 = VECTOR ( 'NONE', #6471, 1000.000000000000000 ) ;
#4234 = DIRECTION ( 'NONE',  ( 0.000000000000000000, 0.000000000000000000, -1.000000000000000000 ) ) ;
#4235 = CARTESIAN_POINT ( 'NONE',  ( 4.500000000000000888, 0.000000000000000000, 0.000000000000000000 ) ) ;
#4236 = CARTESIAN_POINT ( 'NONE',  ( 4.500000000000009770, 0.5900000000000000799, 1.450000000000000400 ) ) ;
#4237 = CARTESIAN_POINT ( 'NONE',  ( 3.500000000000025757, 0.000000000000000000, 1.800000000000000044 ) ) ;
#4238 = CARTESIAN_POINT ( 'NONE',  ( 0.000000000000000000, 1.800655561573372143, 4.749999999999999112 ) ) ;
#4239 = PRESENTATION_LAYER_ASSIGNMENT (  '', '', ( #5307 ) ) ;
#4240 = EDGE_CURVE ( 'NONE', #3500, #3496, #6123, .T. ) ;
#4241 = ORIENTED_EDGE ( 'NONE', *, *, #3780, .F. ) ;
#4242 = COLOUR_RGB ( '',0.9686274509803921573, 0.8784313725490195957, 0.5999999999999999778 ) ;
#4243 = DIRECTION ( 'NONE',  ( 0.000000000000000000, 1.000000000000000000, 0.000000000000000000 ) ) ;
#4244 = UNCERTAINTY_MEASURE_WITH_UNIT (LENGTH_MEASURE( 1.000000000000000082E-05 ), #6050, 'distance_accuracy_value', 'NONE');
#4245 = ORIENTED_EDGE ( 'NONE', *, *, #6896, .F. ) ;
#4246 = DIRECTION ( 'NONE',  ( -8.673617379884036458E-16, 0.000000000000000000, -1.000000000000000000 ) ) ;
#4247 = FACE_OUTER_BOUND ( 'NONE', #2759, .T. ) ;
#4248 = UNCERTAINTY_MEASURE_WITH_UNIT (LENGTH_MEASURE( 1.000000000000000082E-05 ), #4889, 'distance_accuracy_value', 'NONE');
#4249 = SURFACE_SIDE_STYLE ('',( #4833 ) ) ;
#4250 =( LENGTH_UNIT ( ) NAMED_UNIT ( * ) SI_UNIT ( .MILLI., .METRE. ) );
#4251 = EDGE_LOOP ( 'NONE', ( #1693, #2634, #2618, #581 ) ) ;
#4252 = ORIENTED_EDGE ( 'NONE', *, *, #998, .F. ) ;
#4253 = LINE ( 'NONE', #6424, #2493 ) ;
#4254 = CARTESIAN_POINT ( 'NONE',  ( 1.800000000000000711, 0.5799999999999999600, 5.419999999999999041 ) ) ;
#4255 = LINE ( 'NONE', #309, #7125 ) ;
#4256 = ORIENTED_EDGE ( 'NONE', *, *, #6951, .F. ) ;
#4257 = ORIENTED_EDGE ( 'NONE', *, *, #1396, .T. ) ;
#4258 =( NAMED_UNIT ( * ) PLANE_ANGLE_UNIT ( ) SI_UNIT ( $, .RADIAN. ) );
#4259 = CARTESIAN_POINT ( 'NONE',  ( -4.500000000000038192, -0.02000000000000000042, 0.4900000000000002132 ) ) ;
#4260 = CARTESIAN_POINT ( 'NONE',  ( -1.569999999999998952, 1.800655561573372143, 5.749999999999999112 ) ) ;
#4261 = LINE ( 'NONE', #6598, #817 ) ;
#4262 = SURFACE_SIDE_STYLE ('',( #4925 ) ) ;
#4263 = DIRECTION ( 'NONE',  ( 0.000000000000000000, 0.000000000000000000, 1.000000000000000000 ) ) ;
#4264 =( NAMED_UNIT ( * ) SI_UNIT ( $, .STERADIAN. ) SOLID_ANGLE_UNIT ( ) );
#4265 = EDGE_CURVE ( 'NONE', #5067, #3026, #3971, .T. ) ;
#4266 = EDGE_CURVE ( 'NONE', #7179, #5455, #6874, .T. ) ;
#4267 = VECTOR ( 'NONE', #6522, 1000.000000000000000 ) ;
#4268 = MECHANICAL_DESIGN_GEOMETRIC_PRESENTATION_REPRESENTATION (  '', ( #902 ), #4054 ) ;
#4269 = PRESENTATION_LAYER_ASSIGNMENT (  '', '', ( #4982 ) ) ;
#4270 = LINE ( 'NONE', #5428, #669 ) ;
#4271 = FILL_AREA_STYLE_COLOUR ( '', #5022 ) ;
#4272 = LINE ( 'NONE', #4204, #4186 ) ;
#4273 = CARTESIAN_POINT ( 'NONE',  ( -4.499999999999999112, 1.800655561573372143, 4.199999999999999289 ) ) ;
#4274 = DIRECTION ( 'NONE',  ( -0.000000000000000000, -1.000000000000000000, -0.000000000000000000 ) ) ;
#4275 = CARTESIAN_POINT ( 'NONE',  ( -4.500000000000038192, -0.02000000000000000042, -0.09999999999999982514 ) ) ;
#4276 =( LENGTH_UNIT ( ) NAMED_UNIT ( * ) SI_UNIT ( .MILLI., .METRE. ) );
#4277 = VECTOR ( 'NONE', #7035, 1000.000000000000000 ) ;
#4278 = ADVANCED_FACE ( 'NONE', ( #1617 ), #6162, .T. ) ;
#4279 = COLOUR_RGB ( '',0.9686274509803921573, 0.8784313725490195957, 0.5999999999999999778 ) ;
#4280 = ADVANCED_FACE ( 'NONE', ( #5570 ), #4377, .T. ) ;
#4281 = COLOUR_RGB ( '',0.9686274509803921573, 0.8784313725490195957, 0.5999999999999999778 ) ;
#4282 = ORIENTED_EDGE ( 'NONE', *, *, #5831, .T. ) ;
#4283 = VECTOR ( 'NONE', #4779, 1000.000000000000000 ) ;
#4284 = CARTESIAN_POINT ( 'NONE',  ( 4.500000000000000888, 0.5799999999999999600, 5.749999999999999112 ) ) ;
#4285 = AXIS2_PLACEMENT_3D ( 'NONE', #5333, #1816, #4775 ) ;
#4286 = MECHANICAL_DESIGN_GEOMETRIC_PRESENTATION_REPRESENTATION (  '', ( #6428 ), #88 ) ;
#4287 = ORIENTED_EDGE ( 'NONE', *, *, #4425, .T. ) ;
#4288 = CARTESIAN_POINT ( 'NONE',  ( 5.204170427930445935E-16, -0.02000000000000000042, 0.6000000000000028644 ) ) ;
#4289 = DIRECTION ( 'NONE',  ( 0.000000000000000000, 0.000000000000000000, -1.000000000000000000 ) ) ;
#4290 = CARTESIAN_POINT ( 'NONE',  ( 4.500000000000000888, 0.5900000000000000799, -0.6099999999999994316 ) ) ;
#4291 = EDGE_CURVE ( 'NONE', #4821, #7251, #6134, .T. ) ;
#4292 = MECHANICAL_DESIGN_GEOMETRIC_PRESENTATION_REPRESENTATION (  '', ( #2860 ), #3458 ) ;
#4293 = PRESENTATION_LAYER_ASSIGNMENT (  '', '', ( #5600 ) ) ;
#4294 = VERTEX_POINT ( 'NONE', #5150 ) ;
#4295 = ORIENTED_EDGE ( 'NONE', *, *, #6718, .F. ) ;
#4296 = DIRECTION ( 'NONE',  ( -0.000000000000000000, 1.000000000000000000, 0.000000000000000000 ) ) ;
#4297 = PRESENTATION_LAYER_ASSIGNMENT (  '', '', ( #2261 ) ) ;
#4298 = CARTESIAN_POINT ( 'NONE',  ( 4.500000000000012434, -0.02000000000000000042, 2.299999999999999822 ) ) ;
#4299 = LINE ( 'NONE', #2638, #6369 ) ;
#4300 = DIRECTION ( 'NONE',  ( -0.000000000000000000, -1.000000000000000000, -0.000000000000000000 ) ) ;
#4301 = EDGE_CURVE ( 'NONE', #1537, #2237, #7109, .T. ) ;
#4302 =( GEOMETRIC_REPRESENTATION_CONTEXT ( 3 ) GLOBAL_UNCERTAINTY_ASSIGNED_CONTEXT ( ( #2513 ) ) GLOBAL_UNIT_ASSIGNED_CONTEXT ( ( #3523, #2884, #6436 ) ) REPRESENTATION_CONTEXT ( 'NONE', 'WORKASPACE' ) );
#4303 = ORIENTED_EDGE ( 'NONE', *, *, #1040, .T. ) ;
#4304 = VERTEX_POINT ( 'NONE', #532 ) ;
#4305 = SURFACE_SIDE_STYLE ('',( #2007 ) ) ;
#4306 = CARTESIAN_POINT ( 'NONE',  ( -4.500000000000000888, 0.5900000000000000799, 3.610000000000000320 ) ) ;
#4307 = CARTESIAN_POINT ( 'NONE',  ( -4.500000000000050626, -0.02000000000000000042, -1.299999999999999600 ) ) ;
#4308 = LINE ( 'NONE', #1520, #1941 ) ;
#4309 =( NAMED_UNIT ( * ) SI_UNIT ( $, .STERADIAN. ) SOLID_ANGLE_UNIT ( ) );
#4310 = VECTOR ( 'NONE', #4130, 1000.000000000000000 ) ;
#4311 = DIRECTION ( 'NONE',  ( -1.000000000000000000, 0.000000000000000000, 8.673617379884035472E-16 ) ) ;
#4312 = ORIENTED_EDGE ( 'NONE', *, *, #3456, .T. ) ;
#4313 = CARTESIAN_POINT ( 'NONE',  ( -0.2699999999999994071, 0.5900000000000000799, 5.749999999999999112 ) ) ;
#4314 = LINE ( 'NONE', #331, #1046 ) ;
#4315 = FILL_AREA_STYLE_COLOUR ( '', #702 ) ;
#4316 = ORIENTED_EDGE ( 'NONE', *, *, #3738, .T. ) ;
#4317 = CARTESIAN_POINT ( 'NONE',  ( 3.500000000000012879, 0.000000000000000000, 2.299999999999999822 ) ) ;
#4318 = CARTESIAN_POINT ( 'NONE',  ( -0.5999999999999989786, 0.5900000000000000799, 5.749999999999999112 ) ) ;
#4319 = VERTEX_POINT ( 'NONE', #4700 ) ;
#4320 =( NAMED_UNIT ( * ) SI_UNIT ( $, .STERADIAN. ) SOLID_ANGLE_UNIT ( ) );
#4321 = EDGE_CURVE ( 'NONE', #410, #7179, #12, .T. ) ;
#4322 = UNCERTAINTY_MEASURE_WITH_UNIT (LENGTH_MEASURE( 1.000000000000000082E-05 ), #31, 'distance_accuracy_value', 'NONE');
#4323 = EDGE_CURVE ( 'NONE', #4036, #1649, #640, .T. ) ;
#4324 = ORIENTED_EDGE ( 'NONE', *, *, #3091, .F. ) ;
#4325 = SURFACE_STYLE_FILL_AREA ( #3303 ) ;
#4326 = CARTESIAN_POINT ( 'NONE',  ( -2.999999999999998668, 0.5799999999999999600, 5.419999999999999041 ) ) ;
#4327 = UNCERTAINTY_MEASURE_WITH_UNIT (LENGTH_MEASURE( 1.000000000000000082E-05 ), #7389, 'distance_accuracy_value', 'NONE');
#4328 = FILL_AREA_STYLE ('',( #6039 ) ) ;
#4329 = CARTESIAN_POINT ( 'NONE',  ( 4.500000000000000888, -0.02000000000000000042, 4.089999999999999858 ) ) ;
#4330 = CARTESIAN_POINT ( 'NONE',  ( -4.499999999999999112, 0.5799999999999999600, 0.000000000000000000 ) ) ;
#4331 = PRESENTATION_LAYER_ASSIGNMENT (  '', '', ( #2891 ) ) ;
#4332 = ORIENTED_EDGE ( 'NONE', *, *, #3723, .T. ) ;
#4333 = ORIENTED_EDGE ( 'NONE', *, *, #3108, .T. ) ;
#4334 = LINE ( 'NONE', #743, #4182 ) ;
#4335 = DIRECTION ( 'NONE',  ( -0.000000000000000000, -1.000000000000000000, 0.000000000000000000 ) ) ;
#4336 = LINE ( 'NONE', #3207, #361 ) ;
#4337 = FACE_OUTER_BOUND ( 'NONE', #2929, .T. ) ;
#4338 = FILL_AREA_STYLE ('',( #3821 ) ) ;
#4339 = FILL_AREA_STYLE_COLOUR ( '', #4354 ) ;
#4340 = VECTOR ( 'NONE', #3483, 1000.000000000000000 ) ;
#4341 = VERTEX_POINT ( 'NONE', #6965 ) ;
#4342 = EDGE_CURVE ( 'NONE', #4989, #5572, #603, .T. ) ;
#4343 = ORIENTED_EDGE ( 'NONE', *, *, #996, .F. ) ;
#4344 = CARTESIAN_POINT ( 'NONE',  ( 0.000000000000000000, 0.000000000000000000, 5.749999999999999112 ) ) ;
#4345 = FILL_AREA_STYLE_COLOUR ( '', #6348 ) ;
#4346 = CARTESIAN_POINT ( 'NONE',  ( -2.649999999999998579, 1.800655561573372143, 4.749999999999999112 ) ) ;
#4347 = CARTESIAN_POINT ( 'NONE',  ( -3.500000000000050182, -0.02000000000000000042, -1.299999999999999600 ) ) ;
#4348 = PLANE ( 'NONE',  #26 ) ;
#4349 =( LENGTH_UNIT ( ) NAMED_UNIT ( * ) SI_UNIT ( .MILLI., .METRE. ) );
#4350 = AXIS2_PLACEMENT_3D ( 'NONE', #1480, #358, #6637 ) ;
#4351 = EDGE_LOOP ( 'NONE', ( #3460, #7253, #760, #1410 ) ) ;
#4352 = MECHANICAL_DESIGN_GEOMETRIC_PRESENTATION_REPRESENTATION (  '', ( #3147 ), #1215 ) ;
#4353 = LINE ( 'NONE', #5614, #3326 ) ;
#4354 = COLOUR_RGB ( '',0.9686274509803921573, 0.8784313725490195957, 0.5999999999999999778 ) ;
#4355 = CARTESIAN_POINT ( 'NONE',  ( -1.449999999999998845, 0.000000000000000000, 4.749999999999999112 ) ) ;
#4356 = CARTESIAN_POINT ( 'NONE',  ( 1.800000000000000711, 1.800655561573372143, 5.519999999999998685 ) ) ;
#4357 = ORIENTED_EDGE ( 'NONE', *, *, #1187, .T. ) ;
#4358 = DIRECTION ( 'NONE',  ( 0.000000000000000000, 0.000000000000000000, -1.000000000000000000 ) ) ;
#4359 = PRESENTATION_STYLE_ASSIGNMENT (( #2055 ) ) ;
#4360 = VECTOR ( 'NONE', #6660, 1000.000000000000000 ) ;
#4361 = VERTEX_POINT ( 'NONE', #6378 ) ;
#4362 = VERTEX_POINT ( 'NONE', #121 ) ;
#4363 = FILL_AREA_STYLE_COLOUR ( '', #5395 ) ;
#4364 = DIRECTION ( 'NONE',  ( -1.338521200599388434E-16, -0.000000000000000000, -1.000000000000000000 ) ) ;
#4365 = DIRECTION ( 'NONE',  ( 0.000000000000000000, -0.000000000000000000, 1.000000000000000000 ) ) ;
#4366 =( LENGTH_UNIT ( ) NAMED_UNIT ( * ) SI_UNIT ( .MILLI., .METRE. ) );
#4367 = EDGE_CURVE ( 'NONE', #6955, #1450, #3540, .T. ) ;
#4368 = EDGE_CURVE ( 'NONE', #719, #6448, #5183, .T. ) ;
#4369 = ORIENTED_EDGE ( 'NONE', *, *, #5331, .T. ) ;
#4370 = ORIENTED_EDGE ( 'NONE', *, *, #5135, .T. ) ;
#4371 = CARTESIAN_POINT ( 'NONE',  ( 0.2500000000000011102, 0.000000000000000000, 5.749999999999999112 ) ) ;
#4372 = LINE ( 'NONE', #4413, #3661 ) ;
#4373 = SURFACE_SIDE_STYLE ('',( #2716 ) ) ;
#4374 = DIRECTION ( 'NONE',  ( 0.000000000000000000, 0.000000000000000000, -1.000000000000000000 ) ) ;
#4375 = DIRECTION ( 'NONE',  ( 0.000000000000000000, 0.000000000000000000, -1.000000000000000000 ) ) ;
#4376 = AXIS2_PLACEMENT_3D ( 'NONE', #791, #4732, #7034 ) ;
#4377 = PLANE ( 'NONE',  #1943 ) ;
#4378 = EDGE_CURVE ( 'NONE', #1538, #2070, #1731, .T. ) ;
#4379 = ORIENTED_EDGE ( 'NONE', *, *, #1833, .T. ) ;
#4380 = ORIENTED_EDGE ( 'NONE', *, *, #3066, .F. ) ;
#4381 = VECTOR ( 'NONE', #7192, 1000.000000000000000 ) ;
#4382 = DIRECTION ( 'NONE',  ( 0.000000000000000000, -1.000000000000000000, 0.000000000000000000 ) ) ;
#4383 = FILL_AREA_STYLE ('',( #4345 ) ) ;
#4384 =( NAMED_UNIT ( * ) SI_UNIT ( $, .STERADIAN. ) SOLID_ANGLE_UNIT ( ) );
#4385 = PRESENTATION_STYLE_ASSIGNMENT (( #7238 ) ) ;
#4386 = EDGE_CURVE ( 'NONE', #479, #7363, #2357, .T. ) ;
#4387 = ORIENTED_EDGE ( 'NONE', *, *, #7392, .F. ) ;
#4388 = FACE_OUTER_BOUND ( 'NONE', #4495, .T. ) ;
#4389 = FILL_AREA_STYLE_COLOUR ( '', #4730 ) ;
#4390 = CARTESIAN_POINT ( 'NONE',  ( 4.500000000000000888, 0.5900000000000000799, -0.6099999999999994316 ) ) ;
#4391 = ORIENTED_EDGE ( 'NONE', *, *, #2952, .F. ) ;
#4392 = CARTESIAN_POINT ( 'NONE',  ( -4.500000000000003553, 0.5799999999999999600, 2.310000000000000497 ) ) ;
#4393 = DIRECTION ( 'NONE',  ( 0.000000000000000000, 1.000000000000000000, -0.000000000000000000 ) ) ;
#4394 = FACE_OUTER_BOUND ( 'NONE', #4648, .T. ) ;
#4395 = EDGE_CURVE ( 'NONE', #7100, #348, #48, .T. ) ;
#4396 = VECTOR ( 'NONE', #2045, 1000.000000000000000 ) ;
#4397 = VECTOR ( 'NONE', #1421, 1000.000000000000000 ) ;
#4398 = EDGE_LOOP ( 'NONE', ( #751, #5035, #6511, #5856 ) ) ;
#4399 = SURFACE_STYLE_FILL_AREA ( #995 ) ;
#4400 = VERTEX_POINT ( 'NONE', #4085 ) ;
#4401 = CARTESIAN_POINT ( 'NONE',  ( 4.500000000000000888, 0.000000000000000000, -0.6000000000000003109 ) ) ;
#4402 = VECTOR ( 'NONE', #6416, 1000.000000000000000 ) ;
#4403 = VECTOR ( 'NONE', #2133, 1000.000000000000000 ) ;
#4404 = UNCERTAINTY_MEASURE_WITH_UNIT (LENGTH_MEASURE( 1.000000000000000082E-05 ), #5384, 'distance_accuracy_value', 'NONE');
#4405 = PRESENTATION_LAYER_ASSIGNMENT (  '', '', ( #6061 ) ) ;
#4406 = FACE_OUTER_BOUND ( 'NONE', #2116, .T. ) ;
#4407 = SURFACE_STYLE_FILL_AREA ( #2792 ) ;
#4408 = AXIS2_PLACEMENT_3D ( 'NONE', #6725, #2177, #4940 ) ;
#4409 = VECTOR ( 'NONE', #4616, 1000.000000000000000 ) ;
#4410 =( GEOMETRIC_REPRESENTATION_CONTEXT ( 3 ) GLOBAL_UNCERTAINTY_ASSIGNED_CONTEXT ( ( #1066 ) ) GLOBAL_UNIT_ASSIGNED_CONTEXT ( ( #16, #3944, #6313 ) ) REPRESENTATION_CONTEXT ( 'NONE', 'WORKASPACE' ) );
#4411 = ORIENTED_EDGE ( 'NONE', *, *, #5144, .F. ) ;
#4412 = ORIENTED_EDGE ( 'NONE', *, *, #6005, .T. ) ;
#4413 = CARTESIAN_POINT ( 'NONE',  ( 4.000000000000000888, 2.080000000000000071, 5.049999999999998934 ) ) ;
#4414 = SURFACE_SIDE_STYLE ('',( #6847 ) ) ;
#4415 = PRESENTATION_STYLE_ASSIGNMENT (( #5568 ) ) ;
#4416 = COLOUR_RGB ( '',0.000000000000000000, 0.5647058823529411686, 0.09803921568627450844 ) ;
#4417 = PRESENTATION_LAYER_ASSIGNMENT (  '', '', ( #6559 ) ) ;
#4418 = VECTOR ( 'NONE', #7104, 1000.000000000000000 ) ;
#4419 = EDGE_LOOP ( 'NONE', ( #3640, #2953, #2292, #7213, #4223, #2227, #829, #2335, #6015, #2893, #5122, #152 ) ) ;
#4420 = VECTOR ( 'NONE', #6093, 1000.000000000000000 ) ;
#4421 = ORIENTED_EDGE ( 'NONE', *, *, #3839, .T. ) ;
#4422 = DIRECTION ( 'NONE',  ( 0.000000000000000000, 0.000000000000000000, 1.000000000000000000 ) ) ;
#4423 = LINE ( 'NONE', #2276, #6472 ) ;
#4424 = DIRECTION ( 'NONE',  ( 1.000000000000000000, 0.000000000000000000, 0.000000000000000000 ) ) ;
#4425 = EDGE_CURVE ( 'NONE', #3061, #6484, #4116, .T. ) ;
#4426 =( LENGTH_UNIT ( ) NAMED_UNIT ( * ) SI_UNIT ( .MILLI., .METRE. ) );
#4427 = EDGE_CURVE ( 'NONE', #1915, #1014, #5821, .T. ) ;
#4428 = PRESENTATION_STYLE_ASSIGNMENT (( #4966 ) ) ;
#4429 = DIRECTION ( 'NONE',  ( 0.000000000000000000, 0.000000000000000000, 1.000000000000000000 ) ) ;
#4430 = STYLED_ITEM ( 'NONE', ( #1577 ), #5202 ) ;
#4431 = ORIENTED_EDGE ( 'NONE', *, *, #6417, .T. ) ;
#4432 = COLOUR_RGB ( '',0.9686274509803921573, 0.8784313725490195957, 0.5999999999999999778 ) ;
#4433 = LINE ( 'NONE', #4932, #2020 ) ;
#4434 = DIRECTION ( 'NONE',  ( -0.000000000000000000, -1.000000000000000000, -0.000000000000000000 ) ) ;
#4435 = FACE_OUTER_BOUND ( 'NONE', #4104, .T. ) ;
#4436 = CARTESIAN_POINT ( 'NONE',  ( -4.500000000000000888, -0.02000000000000000042, 3.610000000000000320 ) ) ;
#4437 = CYLINDRICAL_SURFACE ( 'NONE', #6901, 0.3299999999999995715 ) ;
#4438 =( NAMED_UNIT ( * ) PLANE_ANGLE_UNIT ( ) SI_UNIT ( $, .RADIAN. ) );
#4439 = EDGE_LOOP ( 'NONE', ( #925, #5785, #4059, #5773 ) ) ;
#4440 = ADVANCED_FACE ( 'NONE', ( #2411 ), #5108, .F. ) ;
#4441 = CARTESIAN_POINT ( 'NONE',  ( -4.499999999999999112, 0.5799999999999999600, 0.000000000000000000 ) ) ;
#4442 = DIRECTION ( 'NONE',  ( -0.000000000000000000, 1.000000000000000000, -0.000000000000000000 ) ) ;
#4443 = FILL_AREA_STYLE_COLOUR ( '', #1097 ) ;
#4444 = DIRECTION ( 'NONE',  ( -6.505213034913028576E-16, 0.000000000000000000, -1.000000000000000000 ) ) ;
#4445 = PLANE ( 'NONE',  #3686 ) ;
#4446 = VECTOR ( 'NONE', #3050, 1000.000000000000000 ) ;
#4447 = CIRCLE ( 'NONE', #1186, 0.3299999999999995715 ) ;
#4448 = ORIENTED_EDGE ( 'NONE', *, *, #5870, .T. ) ;
#4449 = ORIENTED_EDGE ( 'NONE', *, *, #6612, .F. ) ;
#4450 = FACE_OUTER_BOUND ( 'NONE', #4950, .T. ) ;
#4451 = FILL_AREA_STYLE_COLOUR ( '', #5575 ) ;
#4452 = PLANE ( 'NONE',  #4013 ) ;
#4453 = FILL_AREA_STYLE ('',( #6778 ) ) ;
#4454 = ORIENTED_EDGE ( 'NONE', *, *, #6362, .T. ) ;
#4455 = PRESENTATION_LAYER_ASSIGNMENT (  '', '', ( #4913 ) ) ;
#4456 = ORIENTED_EDGE ( 'NONE', *, *, #2789, .T. ) ;
#4457 = CARTESIAN_POINT ( 'NONE',  ( 4.500000000000000888, -0.02000000000000000042, 4.089999999999999858 ) ) ;
#4458 = CARTESIAN_POINT ( 'NONE',  ( 0.000000000000000000, -0.02000000000000000042, 5.749999999999999112 ) ) ;
#4459 = DIRECTION ( 'NONE',  ( 0.000000000000000000, 0.000000000000000000, 1.000000000000000000 ) ) ;
#4460 = STYLED_ITEM ( 'NONE', ( #5432 ), #6458 ) ;
#4461 = COLOUR_RGB ( '',0.9686274509803921573, 0.8784313725490195957, 0.5999999999999999778 ) ;
#4462 = EDGE_CURVE ( 'NONE', #5396, #3939, #3129, .T. ) ;
#4463 = EDGE_CURVE ( 'NONE', #3360, #2273, #269, .T. ) ;
#4464 = EDGE_LOOP ( 'NONE', ( #1248, #837, #2265, #3691, #2473, #333, #5996, #5975 ) ) ;
#4465 = DIRECTION ( 'NONE',  ( -0.000000000000000000, 1.000000000000000000, -0.000000000000000000 ) ) ;
#4466 = VECTOR ( 'NONE', #6565, 1000.000000000000000 ) ;
#4467 = DIRECTION ( 'NONE',  ( 0.000000000000000000, 0.000000000000000000, 1.000000000000000000 ) ) ;
#4468 = LINE ( 'NONE', #3373, #6090 ) ;
#4469 =( NAMED_UNIT ( * ) PLANE_ANGLE_UNIT ( ) SI_UNIT ( $, .RADIAN. ) );
#4470 = LINE ( 'NONE', #4067, #2175 ) ;
#4471 = LINE ( 'NONE', #1560, #6917 ) ;
#4472 = STYLED_ITEM ( 'NONE', ( #1826 ), #6570 ) ;
#4473 = VECTOR ( 'NONE', #2941, 1000.000000000000000 ) ;
#4474 = CARTESIAN_POINT ( 'NONE',  ( 4.500000000000018652, 0.5900000000000000799, -0.9499999999999995115 ) ) ;
#4475 = UNCERTAINTY_MEASURE_WITH_UNIT (LENGTH_MEASURE( 1.000000000000000082E-05 ), #5650, 'distance_accuracy_value', 'NONE');
#4476 = ORIENTED_EDGE ( 'NONE', *, *, #4265, .T. ) ;
#4477 = FILL_AREA_STYLE ('',( #4363 ) ) ;
#4478 =( NAMED_UNIT ( * ) PLANE_ANGLE_UNIT ( ) SI_UNIT ( $, .RADIAN. ) );
#4479 = SURFACE_STYLE_USAGE ( .BOTH. , #2181 ) ;
#4480 = CARTESIAN_POINT ( 'NONE',  ( 4.500000000000000888, 0.5799999999999999600, 2.310000000000000497 ) ) ;
#4481 = MECHANICAL_DESIGN_GEOMETRIC_PRESENTATION_REPRESENTATION (  '', ( #6882 ), #6022 ) ;
#4482 = SURFACE_STYLE_FILL_AREA ( #2758 ) ;
#4483 = EDGE_CURVE ( 'NONE', #6309, #2760, #3160, .T. ) ;
#4484 = ORIENTED_EDGE ( 'NONE', *, *, #614, .T. ) ;
#4485 =( GEOMETRIC_REPRESENTATION_CONTEXT ( 3 ) GLOBAL_UNCERTAINTY_ASSIGNED_CONTEXT ( ( #44 ) ) GLOBAL_UNIT_ASSIGNED_CONTEXT ( ( #3105, #5451, #2558 ) ) REPRESENTATION_CONTEXT ( 'NONE', 'WORKASPACE' ) );
#4486 = EDGE_LOOP ( 'NONE', ( #7112, #5689, #2544, #4127, #3284, #5966 ) ) ;
#4487 = FILL_AREA_STYLE_COLOUR ( '', #5355 ) ;
#4488 = CARTESIAN_POINT ( 'NONE',  ( 3.000000000000000444, -0.02000000000000000042, 5.749999999999999112 ) ) ;
#4489 = CARTESIAN_POINT ( 'NONE',  ( 0.9500000000000011768, 1.800655561573372143, 5.749999999999999112 ) ) ;
#4490 = SURFACE_STYLE_FILL_AREA ( #2191 ) ;
#4491 = FACE_OUTER_BOUND ( 'NONE', #5290, .T. ) ;
#4492 = SURFACE_STYLE_FILL_AREA ( #4453 ) ;
#4493 = AXIS2_PLACEMENT_3D ( 'NONE', #6228, #6304, #1162 ) ;
#4494 = ORIENTED_EDGE ( 'NONE', *, *, #6101, .F. ) ;
#4495 = EDGE_LOOP ( 'NONE', ( #7371, #4949, #5096, #224 ) ) ;
#4496 = CARTESIAN_POINT ( 'NONE',  ( 1.561251128379129146E-15, 0.000000000000000000, 1.800000000000002931 ) ) ;
#4497 =( GEOMETRIC_REPRESENTATION_CONTEXT ( 3 ) GLOBAL_UNCERTAINTY_ASSIGNED_CONTEXT ( ( #6885 ) ) GLOBAL_UNIT_ASSIGNED_CONTEXT ( ( #3022, #3733, #2982 ) ) REPRESENTATION_CONTEXT ( 'NONE', 'WORKASPACE' ) );
#4498 = LINE ( 'NONE', #536, #2522 ) ;
#4499 = DIRECTION ( 'NONE',  ( -0.000000000000000000, 1.000000000000000000, 0.000000000000000000 ) ) ;
#4500 = DIRECTION ( 'NONE',  ( 0.000000000000000000, 0.000000000000000000, -1.000000000000000000 ) ) ;
#4501 = DIRECTION ( 'NONE',  ( 1.000000000000000000, 0.000000000000000000, 8.673617379884036458E-16 ) ) ;
#4502 = DIRECTION ( 'NONE',  ( 0.000000000000000000, 1.000000000000000000, 0.000000000000000000 ) ) ;
#4503 = VECTOR ( 'NONE', #849, 1000.000000000000000 ) ;
#4504 = ORIENTED_EDGE ( 'NONE', *, *, #6362, .F. ) ;
#4505 = LINE ( 'NONE', #3915, #4757 ) ;
#4506 =( NAMED_UNIT ( * ) PLANE_ANGLE_UNIT ( ) SI_UNIT ( $, .RADIAN. ) );
#4507 = FILL_AREA_STYLE ('',( #3918 ) ) ;
#4508 = SURFACE_STYLE_FILL_AREA ( #5089 ) ;
#4509 = VECTOR ( 'NONE', #5792, 1000.000000000000000 ) ;
#4510 = ADVANCED_FACE ( 'NONE', ( #2030 ), #2551, .F. ) ;
#4511 = ORIENTED_EDGE ( 'NONE', *, *, #2166, .T. ) ;
#4512 = PLANE ( 'NONE',  #252 ) ;
#4513 = PRESENTATION_STYLE_ASSIGNMENT (( #7365 ) ) ;
#4514 = ADVANCED_FACE ( 'NONE', ( #7110 ), #1960, .F. ) ;
#4515 = ADVANCED_FACE ( 'NONE', ( #4985 ), #3199, .T. ) ;
#4516 = DIRECTION ( 'NONE',  ( -0.000000000000000000, 0.000000000000000000, 1.000000000000000000 ) ) ;
#4517 = EDGE_LOOP ( 'NONE', ( #6444, #362, #5257, #2218 ) ) ;
#4518 = PRESENTATION_LAYER_ASSIGNMENT (  '', '', ( #190 ) ) ;
#4519 = COLOUR_RGB ( '',0.9686274509803921573, 0.8784313725490195957, 0.5999999999999999778 ) ;
#4520 = ORIENTED_EDGE ( 'NONE', *, *, #4122, .T. ) ;
#4521 = DIRECTION ( 'NONE',  ( -0.000000000000000000, 0.000000000000000000, 1.000000000000000000 ) ) ;
#4522 =( NAMED_UNIT ( * ) SI_UNIT ( $, .STERADIAN. ) SOLID_ANGLE_UNIT ( ) );
#4523 = DIRECTION ( 'NONE',  ( 0.000000000000000000, -0.000000000000000000, 1.000000000000000000 ) ) ;
#4524 = LINE ( 'NONE', #6848, #3197 ) ;
#4525 = FILL_AREA_STYLE_COLOUR ( '', #6519 ) ;
#4526 = DIRECTION ( 'NONE',  ( -0.000000000000000000, -1.000000000000000000, -0.000000000000000000 ) ) ;
#4527 =( GEOMETRIC_REPRESENTATION_CONTEXT ( 3 ) GLOBAL_UNCERTAINTY_ASSIGNED_CONTEXT ( ( #5066 ) ) GLOBAL_UNIT_ASSIGNED_CONTEXT ( ( #5706, #1308, #5974 ) ) REPRESENTATION_CONTEXT ( 'NONE', 'WORKASPACE' ) );
#4528 = VECTOR ( 'NONE', #7203, 1000.000000000000000 ) ;
#4529 = MECHANICAL_DESIGN_GEOMETRIC_PRESENTATION_REPRESENTATION (  '', ( #2123 ), #5595 ) ;
#4530 = ORIENTED_EDGE ( 'NONE', *, *, #3780, .T. ) ;
#4531 = MECHANICAL_DESIGN_GEOMETRIC_PRESENTATION_REPRESENTATION (  '', ( #6806 ), #3000 ) ;
#4532 = ORIENTED_EDGE ( 'NONE', *, *, #690, .T. ) ;
#4533 =( NAMED_UNIT ( * ) SI_UNIT ( $, .STERADIAN. ) SOLID_ANGLE_UNIT ( ) );
#4534 = FILL_AREA_STYLE ('',( #3908 ) ) ;
#4535 = COLOUR_RGB ( '',0.9686274509803921573, 0.8784313725490195957, 0.5999999999999999778 ) ;
#4536 = FILL_AREA_STYLE ('',( #5156 ) ) ;
#4537 =( LENGTH_UNIT ( ) NAMED_UNIT ( * ) SI_UNIT ( .MILLI., .METRE. ) );
#4538 = VECTOR ( 'NONE', #2365, 1000.000000000000000 ) ;
#4539 = ADVANCED_FACE ( 'NONE', ( #1499 ), #3306, .F. ) ;
#4540 = PLANE ( 'NONE',  #5893 ) ;
#4541 = SURFACE_SIDE_STYLE ('',( #2233 ) ) ;
#4542 = DIRECTION ( 'NONE',  ( -0.000000000000000000, -1.000000000000000000, -0.000000000000000000 ) ) ;
#4543 = EDGE_LOOP ( 'NONE', ( #3756, #2144, #315, #7421, #5796, #2447, #4567, #3644, #5205, #5871, #527, #862, #6789, #2213, #2041, #6892, #4185, #6552, #1543, #5603, #2880, #5596, #4610, #4778, #3142, #2187, #1041, #2729, #6829, #3739, #5172, #2936, #3551, #2509, #2828, #5140, #2415, #4391, #4226, #2645, #1494, #944, #709, #1392 ) ) ;
#4544 = ORIENTED_EDGE ( 'NONE', *, *, #596, .T. ) ;
#4545 = CARTESIAN_POINT ( 'NONE',  ( 4.500000000000002665, 0.5900000000000000799, -3.500000000000000444 ) ) ;
#4546 =( LENGTH_UNIT ( ) NAMED_UNIT ( * ) SI_UNIT ( .MILLI., .METRE. ) );
#4547 = PLANE ( 'NONE',  #2654 ) ;
#4548 =( NAMED_UNIT ( * ) SI_UNIT ( $, .STERADIAN. ) SOLID_ANGLE_UNIT ( ) );
#4549 = FACE_OUTER_BOUND ( 'NONE', #4762, .T. ) ;
#4550 = DIRECTION ( 'NONE',  ( 0.000000000000000000, 0.000000000000000000, -1.000000000000000000 ) ) ;
#4551 = UNCERTAINTY_MEASURE_WITH_UNIT (LENGTH_MEASURE( 1.000000000000000082E-05 ), #6109, 'distance_accuracy_value', 'NONE');
#4552 = EDGE_LOOP ( 'NONE', ( #426, #1998, #6837, #6855 ) ) ;
#4553 = CARTESIAN_POINT ( 'NONE',  ( -4.000000000000000000, 2.080000000000000071, -1.430000000000000604 ) ) ;
#4554 = DIRECTION ( 'NONE',  ( 0.000000000000000000, 1.000000000000000000, -0.000000000000000000 ) ) ;
#4555 = EDGE_CURVE ( 'NONE', #6484, #6261, #7367, .T. ) ;
#4556 = ADVANCED_FACE ( 'NONE', ( #2707 ), #4445, .F. ) ;
#4557 = EDGE_LOOP ( 'NONE', ( #2321, #3963, #6423, #932 ) ) ;
#4558 = VECTOR ( 'NONE', #5095, 1000.000000000000000 ) ;
#4559 = UNCERTAINTY_MEASURE_WITH_UNIT (LENGTH_MEASURE( 1.000000000000000082E-05 ), #6620, 'distance_accuracy_value', 'NONE');
#4560 = ORIENTED_EDGE ( 'NONE', *, *, #5734, .T. ) ;
#4561 = CARTESIAN_POINT ( 'NONE',  ( 3.500000000000012879, 1.800655561573372143, 3.000000000000000000 ) ) ;
#4562 = SURFACE_STYLE_USAGE ( .BOTH. , #7375 ) ;
#4563 = PLANE ( 'NONE',  #6181 ) ;
#4564 = SURFACE_STYLE_USAGE ( .BOTH. , #5780 ) ;
#4565 = SURFACE_STYLE_FILL_AREA ( #2272 ) ;
#4566 = VERTEX_POINT ( 'NONE', #6805 ) ;
#4567 = ORIENTED_EDGE ( 'NONE', *, *, #3586, .T. ) ;
#4568 = DIRECTION ( 'NONE',  ( 0.000000000000000000, -1.000000000000000000, 0.000000000000000000 ) ) ;
#4569 = DIRECTION ( 'NONE',  ( -1.000000000000000000, 0.000000000000000000, -0.000000000000000000 ) ) ;
#4570 = DIRECTION ( 'NONE',  ( -0.000000000000000000, 1.000000000000000000, -0.000000000000000000 ) ) ;
#4571 = VECTOR ( 'NONE', #1270, 1000.000000000000000 ) ;
#4572 =( GEOMETRIC_REPRESENTATION_CONTEXT ( 3 ) GLOBAL_UNCERTAINTY_ASSIGNED_CONTEXT ( ( #1180 ) ) GLOBAL_UNIT_ASSIGNED_CONTEXT ( ( #4018, #1547, #6128 ) ) REPRESENTATION_CONTEXT ( 'NONE', 'WORKASPACE' ) );
#4573 = EDGE_CURVE ( 'NONE', #6525, #6111, #1817, .T. ) ;
#4574 = ORIENTED_EDGE ( 'NONE', *, *, #3234, .T. ) ;
#4575 = VERTEX_POINT ( 'NONE', #990 ) ;
#4576 = CARTESIAN_POINT ( 'NONE',  ( -3.329999999999998295, 0.5900000000000000799, 5.749999999999999112 ) ) ;
#4577 = DIRECTION ( 'NONE',  ( -1.000000000000000000, 0.000000000000000000, 0.000000000000000000 ) ) ;
#4578 = DIRECTION ( 'NONE',  ( 1.000000000000000000, -0.000000000000000000, 0.000000000000000000 ) ) ;
#4579 = LINE ( 'NONE', #544, #1564 ) ;
#4580 = CARTESIAN_POINT ( 'NONE',  ( 4.500000000000025757, -0.02000000000000000042, 1.690000000000000169 ) ) ;
#4581 = UNCERTAINTY_MEASURE_WITH_UNIT (LENGTH_MEASURE( 1.000000000000000082E-05 ), #2061, 'distance_accuracy_value', 'NONE');
#4582 = CARTESIAN_POINT ( 'NONE',  ( 0.9500000000000011768, 0.000000000000000000, -0.000000000000000000 ) ) ;
#4583 = LINE ( 'NONE', #5729, #2145 ) ;
#4584 = ORIENTED_EDGE ( 'NONE', *, *, #7368, .T. ) ;
#4585 = DIRECTION ( 'NONE',  ( 0.000000000000000000, 0.000000000000000000, 1.000000000000000000 ) ) ;
#4586 = CARTESIAN_POINT ( 'NONE',  ( 3.500000000000037748, -0.02000000000000000042, -0.09999999999999982514 ) ) ;
#4587 =( GEOMETRIC_REPRESENTATION_CONTEXT ( 3 ) GLOBAL_UNCERTAINTY_ASSIGNED_CONTEXT ( ( #6574 ) ) GLOBAL_UNIT_ASSIGNED_CONTEXT ( ( #512, #2883, #4064 ) ) REPRESENTATION_CONTEXT ( 'NONE', 'WORKASPACE' ) );
#4588 = CARTESIAN_POINT ( 'NONE',  ( -4.500000000000012434, -0.02000000000000000042, 2.890000000000000568 ) ) ;
#4589 = VECTOR ( 'NONE', #5310, 1000.000000000000000 ) ;
#4590 = ORIENTED_EDGE ( 'NONE', *, *, #729, .F. ) ;
#4591 = AXIS2_PLACEMENT_3D ( 'NONE', #4123, #2948, #1170 ) ;
#4592 = DIRECTION ( 'NONE',  ( 0.000000000000000000, 0.000000000000000000, -1.000000000000000000 ) ) ;
#4593 = ORIENTED_EDGE ( 'NONE', *, *, #4599, .F. ) ;
#4594 = CARTESIAN_POINT ( 'NONE',  ( -2.649999999999998579, -0.02000000000000000042, 4.749999999999999112 ) ) ;
#4595 = DIRECTION ( 'NONE',  ( 0.000000000000000000, -1.000000000000000000, 0.000000000000000000 ) ) ;
#4596 =( NAMED_UNIT ( * ) PLANE_ANGLE_UNIT ( ) SI_UNIT ( $, .RADIAN. ) );
#4597 = EDGE_CURVE ( 'NONE', #5046, #3581, #4353, .T. ) ;
#4598 = CARTESIAN_POINT ( 'NONE',  ( 3.000000000000000444, 0.5799999999999999600, 5.749999999999999112 ) ) ;
#4599 = EDGE_CURVE ( 'NONE', #5160, #7100, #4505, .T. ) ;
#4600 = VECTOR ( 'NONE', #5373, 1000.000000000000000 ) ;
#4601 = ORIENTED_EDGE ( 'NONE', *, *, #4804, .F. ) ;
#4602 = EDGE_LOOP ( 'NONE', ( #1576, #4593, #4332, #3473, #4929, #4287, #920, #5932 ) ) ;
#4603 = SURFACE_STYLE_USAGE ( .BOTH. , #2875 ) ;
#4604 = LINE ( 'NONE', #2277, #5111 ) ;
#4605 = CARTESIAN_POINT ( 'NONE',  ( -4.000000000000000000, 2.080000000000000071, -1.430000000000000604 ) ) ;
#4606 = DIRECTION ( 'NONE',  ( -0.000000000000000000, 1.000000000000000000, -0.000000000000000000 ) ) ;
#4607 = EDGE_CURVE ( 'NONE', #2014, #7040, #6211, .T. ) ;
#4608 = DIRECTION ( 'NONE',  ( -0.000000000000000000, -1.000000000000000000, 0.000000000000000000 ) ) ;
#4609 = EDGE_CURVE ( 'NONE', #4566, #4661, #5640, .T. ) ;
#4610 = ORIENTED_EDGE ( 'NONE', *, *, #1108, .T. ) ;
#4611 = ORIENTED_EDGE ( 'NONE', *, *, #1791, .T. ) ;
#4612 = CARTESIAN_POINT ( 'NONE',  ( 2.650000000000000355, -0.02000000000000000042, 5.749999999999999112 ) ) ;
#4613 = LINE ( 'NONE', #6905, #5539 ) ;
#4614 = DIRECTION ( 'NONE',  ( -1.000000000000000000, -0.000000000000000000, -0.000000000000000000 ) ) ;
#4615 = CARTESIAN_POINT ( 'NONE',  ( -3.920000000000001705, 1.779999999999999805, -5.390000000000001457 ) ) ;
#4616 = DIRECTION ( 'NONE',  ( -0.000000000000000000, 1.000000000000000000, -0.000000000000000000 ) ) ;
#4617 = LINE ( 'NONE', #3892, #5303 ) ;
#4618 = ADVANCED_FACE ( 'NONE', ( #4388 ), #2693, .T. ) ;
#4619 = STYLED_ITEM ( 'NONE', ( #1992 ), #3655 ) ;
#4620 =( GEOMETRIC_REPRESENTATION_CONTEXT ( 3 ) GLOBAL_UNCERTAINTY_ASSIGNED_CONTEXT ( ( #7029 ) ) GLOBAL_UNIT_ASSIGNED_CONTEXT ( ( #1911, #3011, #4108 ) ) REPRESENTATION_CONTEXT ( 'NONE', 'WORKASPACE' ) );
#4621 = DIRECTION ( 'NONE',  ( 0.000000000000000000, 0.000000000000000000, 1.000000000000000000 ) ) ;
#4622 = ORIENTED_EDGE ( 'NONE', *, *, #1690, .T. ) ;
#4623 = CARTESIAN_POINT ( 'NONE',  ( -3.999999999999999112, 2.080000000000000071, 5.049999999999998934 ) ) ;
#4624 = LINE ( 'NONE', #2969, #5823 ) ;
#4625 = ADVANCED_FACE ( 'NONE', ( #6137 ), #6640, .F. ) ;
#4626 = ORIENTED_EDGE ( 'NONE', *, *, #387, .T. ) ;
#4627 = ORIENTED_EDGE ( 'NONE', *, *, #3684, .T. ) ;
#4628 = DIRECTION ( 'NONE',  ( 1.000000000000000000, -0.000000000000000000, 0.000000000000000000 ) ) ;
#4629 = DIRECTION ( 'NONE',  ( 0.000000000000000000, 0.000000000000000000, -1.000000000000000000 ) ) ;
#4630 = STYLED_ITEM ( 'NONE', ( #1479 ), #5750 ) ;
#4631 = ORIENTED_EDGE ( 'NONE', *, *, #1975, .T. ) ;
#4632 = VERTEX_POINT ( 'NONE', #5009 ) ;
#4633 = CIRCLE ( 'NONE', #3952, 0.3399999999999998024 ) ;
#4634 =( NAMED_UNIT ( * ) PLANE_ANGLE_UNIT ( ) SI_UNIT ( $, .RADIAN. ) );
#4635 = CARTESIAN_POINT ( 'NONE',  ( 3.000000000000000444, 0.5900000000000000799, 5.749999999999999112 ) ) ;
#4636 = DIRECTION ( 'NONE',  ( 0.000000000000000000, 0.000000000000000000, 1.000000000000000000 ) ) ;
#4637 = COLOUR_RGB ( '',0.9686274509803921573, 0.8784313725490195957, 0.5999999999999999778 ) ;
#4638 = COLOUR_RGB ( '',0.9686274509803921573, 0.8784313725490195957, 0.5999999999999999778 ) ;
#4639 = FILL_AREA_STYLE_COLOUR ( '', #5427 ) ;
#4640 = FILL_AREA_STYLE_COLOUR ( '', #2217 ) ;
#4641 = COLOUR_RGB ( '',0.9686274509803921573, 0.8784313725490195957, 0.5999999999999999778 ) ;
#4642 = EDGE_LOOP ( 'NONE', ( #730, #1228, #78, #5889, #6145, #5338, #872, #5537, #2058, #3774, #2652, #6221 ) ) ;
#4643 =( GEOMETRIC_REPRESENTATION_CONTEXT ( 3 ) GLOBAL_UNCERTAINTY_ASSIGNED_CONTEXT ( ( #3806 ) ) GLOBAL_UNIT_ASSIGNED_CONTEXT ( ( #133, #4258, #3110 ) ) REPRESENTATION_CONTEXT ( 'NONE', 'WORKASPACE' ) );
#4644 =( GEOMETRIC_REPRESENTATION_CONTEXT ( 3 ) GLOBAL_UNCERTAINTY_ASSIGNED_CONTEXT ( ( #187 ) ) GLOBAL_UNIT_ASSIGNED_CONTEXT ( ( #4706, #1858, #3030 ) ) REPRESENTATION_CONTEXT ( 'NONE', 'WORKASPACE' ) );
#4645 = EDGE_CURVE ( 'NONE', #6453, #5630, #6755, .T. ) ;
#4646 = VECTOR ( 'NONE', #657, 1000.000000000000000 ) ;
#4647 = EDGE_CURVE ( 'NONE', #5909, #3173, #4680, .T. ) ;
#4648 = EDGE_LOOP ( 'NONE', ( #6194, #5628, #4357, #7153, #5738, #2333 ) ) ;
#4649 = SURFACE_STYLE_FILL_AREA ( #5240 ) ;
#4650 = CARTESIAN_POINT ( 'NONE',  ( 4.500000000000038192, 1.800655561573372143, -0.09999999999999982514 ) ) ;
#4651 = CARTESIAN_POINT ( 'NONE',  ( -4.499999999999999112, -0.02000000000000000042, 4.199999999999999289 ) ) ;
#4652 = CIRCLE ( 'NONE', #6817, 0.3399999999999998024 ) ;
#4653 = VECTOR ( 'NONE', #6889, 1000.000000000000000 ) ;
#4654 = SURFACE_SIDE_STYLE ('',( #2361 ) ) ;
#4655 = ORIENTED_EDGE ( 'NONE', *, *, #2578, .F. ) ;
#4656 = CYLINDRICAL_SURFACE ( 'NONE', #3877, 0.3400000000000000244 ) ;
#4657 = SURFACE_STYLE_FILL_AREA ( #4040 ) ;
#4658 = AXIS2_PLACEMENT_3D ( 'NONE', #4236, #845, #5430 ) ;
#4659 =( GEOMETRIC_REPRESENTATION_CONTEXT ( 3 ) GLOBAL_UNCERTAINTY_ASSIGNED_CONTEXT ( ( #3887 ) ) GLOBAL_UNIT_ASSIGNED_CONTEXT ( ( #1486, #6756, #5011 ) ) REPRESENTATION_CONTEXT ( 'NONE', 'WORKASPACE' ) );
#4660 = EDGE_CURVE ( 'NONE', #272, #6550, #5797, .T. ) ;
#4661 = VERTEX_POINT ( 'NONE', #4612 ) ;
#4662 = PLANE ( 'NONE',  #2591 ) ;
#4663 = EDGE_LOOP ( 'NONE', ( #3611, #3445, #1874, #51 ) ) ;
#4664 = VECTOR ( 'NONE', #3752, 1000.000000000000000 ) ;
#4665 = DIRECTION ( 'NONE',  ( 0.000000000000000000, -0.000000000000000000, -1.000000000000000000 ) ) ;
#4666 = SURFACE_STYLE_FILL_AREA ( #6376 ) ;
#4667 = PRODUCT ( 'RN4871-V-RM140', 'RN4871-V-RM140', '', ( #6001 ) ) ;
#4668 = DIRECTION ( 'NONE',  ( 0.000000000000000000, 0.000000000000000000, -1.000000000000000000 ) ) ;
#4669 = EDGE_LOOP ( 'NONE', ( #353, #1005, #1095, #6501 ) ) ;
#4670 = ORIENTED_EDGE ( 'NONE', *, *, #2035, .F. ) ;
#4671 = CARTESIAN_POINT ( 'NONE',  ( 4.500000000000027534, -0.02000000000000000042, 1.450000000000000400 ) ) ;
#4672 = PRESENTATION_STYLE_ASSIGNMENT (( #5748 ) ) ;
#4673 = LINE ( 'NONE', #6972, #6432 ) ;
#4674 = DIRECTION ( 'NONE',  ( 0.000000000000000000, 0.000000000000000000, 1.000000000000000000 ) ) ;
#4675 = PRESENTATION_STYLE_ASSIGNMENT (( #6385 ) ) ;
#4676 = CARTESIAN_POINT ( 'NONE',  ( -4.500000000000004441, 0.5900000000000000799, 2.410000000000000586 ) ) ;
#4677 = ORIENTED_EDGE ( 'NONE', *, *, #5415, .T. ) ;
#4678 = AXIS2_PLACEMENT_3D ( 'NONE', #1958, #6492, #1422 ) ;
#4679 = ORIENTED_EDGE ( 'NONE', *, *, #5227, .F. ) ;
#4680 = LINE ( 'NONE', #4576, #5346 ) ;
#4681 = FILL_AREA_STYLE_COLOUR ( '', #443 ) ;
#4682 = LINE ( 'NONE', #543, #452 ) ;
#4683 = DIRECTION ( 'NONE',  ( 0.000000000000000000, -0.000000000000000000, 1.000000000000000000 ) ) ;
#4684 = CARTESIAN_POINT ( 'NONE',  ( 0.000000000000000000, 0.5799999999999999600, 5.749999999999999112 ) ) ;
#4685 = LINE ( 'NONE', #1829, #1583 ) ;
#4686 = VECTOR ( 'NONE', #5927, 1000.000000000000000 ) ;
#4687 = EDGE_CURVE ( 'NONE', #3576, #7345, #3413, .T. ) ;
#4688 = EDGE_CURVE ( 'NONE', #860, #5898, #616, .T. ) ;
#4689 = VECTOR ( 'NONE', #514, 1000.000000000000000 ) ;
#4690 = FILL_AREA_STYLE ('',( #1370 ) ) ;
#4691 = VERTEX_POINT ( 'NONE', #2999 ) ;
#4692 = CARTESIAN_POINT ( 'NONE',  ( 2.150000000000000799, 1.800655561573372143, 5.749999999999999112 ) ) ;
#4693 = DIRECTION ( 'NONE',  ( 0.000000000000000000, -1.000000000000000000, 0.000000000000000000 ) ) ;
#4694 = MECHANICAL_DESIGN_GEOMETRIC_PRESENTATION_REPRESENTATION (  '', ( #2786 ), #3996 ) ;
#4695 = ORIENTED_EDGE ( 'NONE', *, *, #3177, .T. ) ;
#4696 = UNCERTAINTY_MEASURE_WITH_UNIT (LENGTH_MEASURE( 1.000000000000000082E-05 ), #3837, 'distance_accuracy_value', 'NONE');
#4697 = VERTEX_POINT ( 'NONE', #1783 ) ;
#4698 = STYLED_ITEM ( 'NONE', ( #4428 ), #6666 ) ;
#4699 = DIRECTION ( 'NONE',  ( 0.000000000000000000, 0.000000000000000000, 1.000000000000000000 ) ) ;
#4700 = CARTESIAN_POINT ( 'NONE',  ( 4.500000000000012434, -0.02000000000000000042, 2.999999999999999112 ) ) ;
#4701 = ORIENTED_EDGE ( 'NONE', *, *, #6249, .F. ) ;
#4702 = PRESENTATION_LAYER_ASSIGNMENT (  '', '', ( #5056 ) ) ;
#4703 = ORIENTED_EDGE ( 'NONE', *, *, #2962, .T. ) ;
#4704 = FILL_AREA_STYLE_COLOUR ( '', #5724 ) ;
#4705 = SURFACE_STYLE_FILL_AREA ( #3029 ) ;
#4706 =( LENGTH_UNIT ( ) NAMED_UNIT ( * ) SI_UNIT ( .MILLI., .METRE. ) );
#4707 = COLOUR_RGB ( '',0.9686274509803921573, 0.8784313725490195957, 0.5999999999999999778 ) ;
#4708 = PLANE ( 'NONE',  #1957 ) ;
#4709 = AXIS2_PLACEMENT_3D ( 'NONE', #6518, #139, #2428 ) ;
#4710 = ORIENTED_EDGE ( 'NONE', *, *, #5513, .F. ) ;
#4711 = ORIENTED_EDGE ( 'NONE', *, *, #3737, .F. ) ;
#4712 = CYLINDRICAL_SURFACE ( 'NONE', #1032, 0.2300000000000001765 ) ;
#4713 = AXIS2_PLACEMENT_3D ( 'NONE', #2236, #4608, #6827 ) ;
#4714 = PRESENTATION_STYLE_ASSIGNMENT (( #2284 ) ) ;
#4715 = CARTESIAN_POINT ( 'NONE',  ( 3.500000000000000444, -6.776263578034402713E-18, 3.500000000000000000 ) ) ;
#4716 = FACE_OUTER_BOUND ( 'NONE', #963, .T. ) ;
#4717 = SURFACE_SIDE_STYLE ('',( #7089 ) ) ;
#4718 = LINE ( 'NONE', #7091, #1831 ) ;
#4719 = AXIS2_PLACEMENT_3D ( 'NONE', #494, #5627, #7305 ) ;
#4720 = LINE ( 'NONE', #4784, #2395 ) ;
#4721 = ADVANCED_FACE ( 'NONE', ( #5163 ), #2242, .F. ) ;
#4722 = VERTEX_POINT ( 'NONE', #5758 ) ;
#4723 = COLOUR_RGB ( '',0.000000000000000000, 0.000000000000000000, 0.5019607843137254832 ) ;
#4724 = MECHANICAL_DESIGN_GEOMETRIC_PRESENTATION_REPRESENTATION (  '', ( #6530 ), #2452 ) ;
#4725 = ORIENTED_EDGE ( 'NONE', *, *, #4743, .F. ) ;
#4726 = LINE ( 'NONE', #3017, #6549 ) ;
#4727 = EDGE_CURVE ( 'NONE', #6155, #1812, #2120, .T. ) ;
#4728 = EDGE_CURVE ( 'NONE', #7027, #7428, #6977, .T. ) ;
#4729 = ORIENTED_EDGE ( 'NONE', *, *, #1925, .T. ) ;
#4730 = COLOUR_RGB ( '',0.9686274509803921573, 0.8784313725490195957, 0.5999999999999999778 ) ;
#4731 = SURFACE_STYLE_USAGE ( .BOTH. , #4179 ) ;
#4732 = DIRECTION ( 'NONE',  ( 0.000000000000000000, 0.000000000000000000, -1.000000000000000000 ) ) ;
#4733 = ORIENTED_EDGE ( 'NONE', *, *, #379, .T. ) ;
#4734 = EDGE_LOOP ( 'NONE', ( #4710, #2979, #1775, #5679, #82, #5438 ) ) ;
#4735 =( LENGTH_UNIT ( ) NAMED_UNIT ( * ) SI_UNIT ( .MILLI., .METRE. ) );
#4736 = CARTESIAN_POINT ( 'NONE',  ( -0.9499999999999990674, -0.02000000000000000042, 4.749999999999999112 ) ) ;
#4737 = CARTESIAN_POINT ( 'NONE',  ( 3.500000000000012879, 0.000000000000000000, 3.000000000000000000 ) ) ;
#4738 = LINE ( 'NONE', #5903, #6267 ) ;
#4739 = CARTESIAN_POINT ( 'NONE',  ( -4.500000000000038192, -0.02000000000000000042, 0.5999999999999989786 ) ) ;
#4740 = AXIS2_PLACEMENT_3D ( 'NONE', #7205, #5349, #2504 ) ;
#4741 = CIRCLE ( 'NONE', #6672, 0.2500000000000002220 ) ;
#4742 = ORIENTED_EDGE ( 'NONE', *, *, #4037, .T. ) ;
#4743 = EDGE_CURVE ( 'NONE', #419, #7335, #3521, .T. ) ;
#4744 = VERTEX_POINT ( 'NONE', #1821 ) ;
#4745 = PRESENTATION_STYLE_ASSIGNMENT (( #3143 ) ) ;
#4746 = MECHANICAL_DESIGN_GEOMETRIC_PRESENTATION_REPRESENTATION (  '', ( #4630 ), #2349 ) ;
#4747 = DIRECTION ( 'NONE',  ( -0.000000000000000000, -1.000000000000000000, -0.000000000000000000 ) ) ;
#4748 = SURFACE_STYLE_USAGE ( .BOTH. , #6515 ) ;
#4749 =( LENGTH_UNIT ( ) NAMED_UNIT ( * ) SI_UNIT ( .MILLI., .METRE. ) );
#4750 = DIRECTION ( 'NONE',  ( -0.000000000000000000, -1.000000000000000000, -0.000000000000000000 ) ) ;
#4751 =( GEOMETRIC_REPRESENTATION_CONTEXT ( 3 ) GLOBAL_UNCERTAINTY_ASSIGNED_CONTEXT ( ( #4902 ) ) GLOBAL_UNIT_ASSIGNED_CONTEXT ( ( #4349, #3292, #4309 ) ) REPRESENTATION_CONTEXT ( 'NONE', 'WORKASPACE' ) );
#4752 = CARTESIAN_POINT ( 'NONE',  ( -3.329999999999998295, 0.5900000000000000799, 5.749999999999999112 ) ) ;
#4753 =( NAMED_UNIT ( * ) SI_UNIT ( $, .STERADIAN. ) SOLID_ANGLE_UNIT ( ) );
#4754 = VERTEX_POINT ( 'NONE', #4128 ) ;
#4755 = FILL_AREA_STYLE_COLOUR ( '', #2534 ) ;
#4756 = FILL_AREA_STYLE_COLOUR ( '', #5340 ) ;
#4757 = VECTOR ( 'NONE', #2779, 1000.000000000000000 ) ;
#4758 = STYLED_ITEM ( 'NONE', ( #5190 ), #2494 ) ;
#4759 = AXIS2_PLACEMENT_3D ( 'NONE', #2584, #1814, #3513 ) ;
#4760 = DIRECTION ( 'NONE',  ( -0.000000000000000000, -1.000000000000000000, -0.000000000000000000 ) ) ;
#4761 =( GEOMETRIC_REPRESENTATION_CONTEXT ( 3 ) GLOBAL_UNCERTAINTY_ASSIGNED_CONTEXT ( ( #1638 ) ) GLOBAL_UNIT_ASSIGNED_CONTEXT ( ( #6746, #7199, #7234 ) ) REPRESENTATION_CONTEXT ( 'NONE', 'WORKASPACE' ) );
#4762 = EDGE_LOOP ( 'NONE', ( #5113, #3478, #4792, #1766 ) ) ;
#4763 = CARTESIAN_POINT ( 'NONE',  ( -3.919999999999998153, 0.5799999999999999600, -3.790000000000000924 ) ) ;
#4764 = UNCERTAINTY_MEASURE_WITH_UNIT (LENGTH_MEASURE( 1.000000000000000082E-05 ), #277, 'distance_accuracy_value', 'NONE');
#4765 = EDGE_LOOP ( 'NONE', ( #1585, #835, #6630, #4826 ) ) ;
#4766 = CARTESIAN_POINT ( 'NONE',  ( -2.149999999999999023, 0.000000000000000000, 4.749999999999999112 ) ) ;
#4767 = AXIS2_PLACEMENT_3D ( 'NONE', #6983, #488, #7020 ) ;
#4768 = PRESENTATION_STYLE_ASSIGNMENT (( #5859 ) ) ;
#4769 = EDGE_CURVE ( 'NONE', #1235, #3794, #6928, .T. ) ;
#4770 = ADVANCED_FACE ( 'NONE', ( #6244 ), #1096, .T. ) ;
#4771 = ORIENTED_EDGE ( 'NONE', *, *, #5415, .F. ) ;
#4772 = PRESENTATION_LAYER_ASSIGNMENT (  '', '', ( #1536 ) ) ;
#4773 = ORIENTED_EDGE ( 'NONE', *, *, #6191, .F. ) ;
#4774 = CARTESIAN_POINT ( 'NONE',  ( 1.470000000000001306, 0.5799999999999999600, 5.749999999999999112 ) ) ;
#4775 = DIRECTION ( 'NONE',  ( 0.000000000000000000, 0.000000000000000000, -1.000000000000000000 ) ) ;
#4776 = PLANE ( 'NONE',  #7001 ) ;
#4777 = ORIENTED_EDGE ( 'NONE', *, *, #4898, .F. ) ;
#4778 = ORIENTED_EDGE ( 'NONE', *, *, #3737, .T. ) ;
#4779 = DIRECTION ( 'NONE',  ( 0.000000000000000000, 0.000000000000000000, 1.000000000000000000 ) ) ;
#4780 = CARTESIAN_POINT ( 'NONE',  ( 4.500000000000025757, -0.02000000000000000042, 1.100000000000000311 ) ) ;
#4781 = SURFACE_STYLE_FILL_AREA ( #7087 ) ;
#4782 = DIRECTION ( 'NONE',  ( 0.000000000000000000, 0.000000000000000000, 1.000000000000000000 ) ) ;
#4783 = EDGE_CURVE ( 'NONE', #5455, #3766, #1358, .T. ) ;
#4784 = CARTESIAN_POINT ( 'NONE',  ( -4.500000000000002665, 0.5900000000000000799, 4.190000000000000391 ) ) ;
#4785 =( NAMED_UNIT ( * ) PLANE_ANGLE_UNIT ( ) SI_UNIT ( $, .RADIAN. ) );
#4786 = ORIENTED_EDGE ( 'NONE', *, *, #7098, .T. ) ;
#4787 = DIRECTION ( 'NONE',  ( 0.000000000000000000, -1.000000000000000000, 0.000000000000000000 ) ) ;
#4788 = CARTESIAN_POINT ( 'NONE',  ( 0.000000000000000000, 0.5799999999999999600, 5.749999999999999112 ) ) ;
#4789 = DIRECTION ( 'NONE',  ( 0.000000000000000000, 0.000000000000000000, -1.000000000000000000 ) ) ;
#4790 = MECHANICAL_DESIGN_GEOMETRIC_PRESENTATION_REPRESENTATION (  '', ( #4103 ), #1561 ) ;
#4791 = PRESENTATION_LAYER_ASSIGNMENT (  '', '', ( #3736 ) ) ;
#4792 = ORIENTED_EDGE ( 'NONE', *, *, #2225, .F. ) ;
#4793 = PRESENTATION_STYLE_ASSIGNMENT (( #1842 ) ) ;
#4794 = VERTEX_POINT ( 'NONE', #4846 ) ;
#4795 = CARTESIAN_POINT ( 'NONE',  ( -1.569999999999998952, -0.02000000000000000042, 5.749999999999999112 ) ) ;
#4796 = LINE ( 'NONE', #5265, #2859 ) ;
#4797 = SURFACE_SIDE_STYLE ('',( #2515 ) ) ;
#4798 = VECTOR ( 'NONE', #3346, 1000.000000000000000 ) ;
#4799 = SURFACE_SIDE_STYLE ('',( #6538 ) ) ;
#4800 = ORIENTED_EDGE ( 'NONE', *, *, #250, .F. ) ;
#4801 = AXIS2_PLACEMENT_3D ( 'NONE', #745, #6526, #1219 ) ;
#4802 = ORIENTED_EDGE ( 'NONE', *, *, #2256, .F. ) ;
#4803 = ADVANCED_FACE ( 'NONE', ( #4156 ), #4712, .F. ) ;
#4804 = EDGE_CURVE ( 'NONE', #3950, #1618, #7012, .T. ) ;
#4805 = CARTESIAN_POINT ( 'NONE',  ( -3.500000000000025757, 0.000000000000000000, 1.100000000000000311 ) ) ;
#4806 = SURFACE_STYLE_FILL_AREA ( #3621 ) ;
#4807 = DIRECTION ( 'NONE',  ( 1.000000000000000000, 0.000000000000000000, 8.673617379884036458E-16 ) ) ;
#4808 = PRESENTATION_LAYER_ASSIGNMENT (  '', '', ( #4007 ) ) ;
#4809 = ORIENTED_EDGE ( 'NONE', *, *, #370, .T. ) ;
#4810 = EDGE_LOOP ( 'NONE', ( #4887, #1851, #6487, #7378 ) ) ;
#4811 = MECHANICAL_DESIGN_GEOMETRIC_PRESENTATION_REPRESENTATION (  '', ( #3387 ), #5420 ) ;
#4812 =( LENGTH_UNIT ( ) NAMED_UNIT ( * ) SI_UNIT ( .MILLI., .METRE. ) );
#4813 = EDGE_CURVE ( 'NONE', #3794, #1298, #1401, .T. ) ;
#4814 = LINE ( 'NONE', #4347, #2994 ) ;
#4815 = EDGE_CURVE ( 'NONE', #3083, #4088, #3593, .T. ) ;
#4816 =( NAMED_UNIT ( * ) SI_UNIT ( $, .STERADIAN. ) SOLID_ANGLE_UNIT ( ) );
#4817 = LINE ( 'NONE', #842, #6374 ) ;
#4818 = COLOUR_RGB ( '',0.9686274509803921573, 0.8784313725490195957, 0.5999999999999999778 ) ;
#4819 = LINE ( 'NONE', #3717, #4267 ) ;
#4820 = DIRECTION ( 'NONE',  ( 0.000000000000000000, 0.000000000000000000, 1.000000000000000000 ) ) ;
#4821 = VERTEX_POINT ( 'NONE', #5381 ) ;
#4822 = EDGE_CURVE ( 'NONE', #3766, #3360, #5910, .T. ) ;
#4823 = PLANE ( 'NONE',  #6124 ) ;
#4824 = DIRECTION ( 'NONE',  ( -0.000000000000000000, 0.000000000000000000, 1.000000000000000000 ) ) ;
#4825 = DIRECTION ( 'NONE',  ( -0.000000000000000000, -1.000000000000000000, -0.000000000000000000 ) ) ;
#4826 = ORIENTED_EDGE ( 'NONE', *, *, #7177, .T. ) ;
#4827 = CARTESIAN_POINT ( 'NONE',  ( 4.500000000000002665, -0.02000000000000000042, 3.850000000000000089 ) ) ;
#4828 = UNCERTAINTY_MEASURE_WITH_UNIT (LENGTH_MEASURE( 1.000000000000000082E-05 ), #5622, 'distance_accuracy_value', 'NONE');
#4829 = ORIENTED_EDGE ( 'NONE', *, *, #2525, .F. ) ;
#4830 = EDGE_CURVE ( 'NONE', #3849, #3480, #5306, .T. ) ;
#4831 = CARTESIAN_POINT ( 'NONE',  ( 4.500000000000000888, -0.02000000000000000042, 4.199999999999999289 ) ) ;
#4832 = CARTESIAN_POINT ( 'NONE',  ( 0.6000000000000010880, 0.5900000000000000799, 5.749999999999999112 ) ) ;
#4833 = SURFACE_STYLE_FILL_AREA ( #3095 ) ;
#4834 =( LENGTH_UNIT ( ) NAMED_UNIT ( * ) SI_UNIT ( .MILLI., .METRE. ) );
#4835 = FILL_AREA_STYLE ('',( #825 ) ) ;
#4836 = MECHANICAL_DESIGN_GEOMETRIC_PRESENTATION_REPRESENTATION (  '', ( #531 ), #5443 ) ;
#4837 = EDGE_LOOP ( 'NONE', ( #893, #1717, #1735, #851, #6337, #3109 ) ) ;
#4838 = ORIENTED_EDGE ( 'NONE', *, *, #4020, .F. ) ;
#4839 = DIRECTION ( 'NONE',  ( -2.710505431213762071E-16, -0.000000000000000000, -1.000000000000000000 ) ) ;
#4840 = CARTESIAN_POINT ( 'NONE',  ( 2.670000000000000817, 0.5799999999999999600, 5.749999999999999112 ) ) ;
#4841 = SURFACE_STYLE_FILL_AREA ( #1469 ) ;
#4842 = DIRECTION ( 'NONE',  ( -1.000000000000000000, 0.000000000000000000, 1.338521200599388434E-16 ) ) ;
#4843 = PLANE ( 'NONE',  #6251 ) ;
#4844 = ORIENTED_EDGE ( 'NONE', *, *, #2328, .T. ) ;
#4845 = VERTEX_POINT ( 'NONE', #1934 ) ;
#4846 = CARTESIAN_POINT ( 'NONE',  ( -1.799999999999998934, 0.5799999999999999600, 5.419999999999999041 ) ) ;
#4847 = LINE ( 'NONE', #1359, #5879 ) ;
#4848 = SURFACE_STYLE_FILL_AREA ( #284 ) ;
#4849 = CARTESIAN_POINT ( 'NONE',  ( 3.500000000000000444, -0.02000000000000000042, 3.500000000000000000 ) ) ;
#4850 = CARTESIAN_POINT ( 'NONE',  ( 4.500000000000002665, 0.5900000000000000799, 3.850000000000000089 ) ) ;
#4851 = SURFACE_SIDE_STYLE ('',( #2569 ) ) ;
#4852 = ADVANCED_FACE ( 'NONE', ( #1898 ), #6465, .T. ) ;
#4853 = ORIENTED_EDGE ( 'NONE', *, *, #4323, .T. ) ;
#4854 = VECTOR ( 'NONE', #7248, 1000.000000000000000 ) ;
#4855 = STYLED_ITEM ( 'NONE', ( #5403 ), #2919 ) ;
#4856 = DIRECTION ( 'NONE',  ( 0.000000000000000000, 0.000000000000000000, -1.000000000000000000 ) ) ;
#4857 = PRESENTATION_STYLE_ASSIGNMENT (( #3793 ) ) ;
#4858 = CIRCLE ( 'NONE', #5472, 0.3399999999999998024 ) ;
#4859 = LINE ( 'NONE', #4896, #1070 ) ;
#4860 = DIRECTION ( 'NONE',  ( 0.000000000000000000, 0.000000000000000000, -1.000000000000000000 ) ) ;
#4861 = CARTESIAN_POINT ( 'NONE',  ( 3.000000000000000444, 0.5900000000000000799, 5.749999999999999112 ) ) ;
#4862 = STYLED_ITEM ( 'NONE', ( #2517 ), #4510 ) ;
#4863 = VECTOR ( 'NONE', #4424, 1000.000000000000000 ) ;
#4864 = VERTEX_POINT ( 'NONE', #6166 ) ;
#4865 =( GEOMETRIC_REPRESENTATION_CONTEXT ( 3 ) GLOBAL_UNCERTAINTY_ASSIGNED_CONTEXT ( ( #3426 ) ) GLOBAL_UNIT_ASSIGNED_CONTEXT ( ( #405, #1025, #2128 ) ) REPRESENTATION_CONTEXT ( 'NONE', 'WORKASPACE' ) );
#4866 = LINE ( 'NONE', #6573, #1506 ) ;
#4867 = PRESENTATION_LAYER_ASSIGNMENT (  '', '', ( #3945 ) ) ;
#4868 = STYLED_ITEM ( 'NONE', ( #5116 ), #1606 ) ;
#4869 = ORIENTED_EDGE ( 'NONE', *, *, #59, .T. ) ;
#4870 =( NAMED_UNIT ( * ) SI_UNIT ( $, .STERADIAN. ) SOLID_ANGLE_UNIT ( ) );
#4871 = DIRECTION ( 'NONE',  ( 1.000000000000000000, 0.000000000000000000, -6.505213034913028576E-16 ) ) ;
#4872 = PLANE ( 'NONE',  #2725 ) ;
#4873 = CARTESIAN_POINT ( 'NONE',  ( 4.500000000000000888, 1.800655561573372143, 1.100000000000000311 ) ) ;
#4874 = DIRECTION ( 'NONE',  ( -0.000000000000000000, -1.000000000000000000, -0.000000000000000000 ) ) ;
#4875 = AXIS2_PLACEMENT_3D ( 'NONE', #2079, #4382, #3907 ) ;
#4876 = COLOUR_RGB ( '',0.9686274509803921573, 0.8784313725490195957, 0.5999999999999999778 ) ;
#4877 = EDGE_CURVE ( 'NONE', #3960, #2837, #1586, .T. ) ;
#4878 = ORIENTED_EDGE ( 'NONE', *, *, #2068, .F. ) ;
#4879 = EDGE_LOOP ( 'NONE', ( #5008, #4448, #5445, #2078 ) ) ;
#4880 = DIRECTION ( 'NONE',  ( 0.000000000000000000, -1.000000000000000000, 0.000000000000000000 ) ) ;
#4881 = COLOUR_RGB ( '',0.9686274509803921573, 0.8784313725490195957, 0.5999999999999999778 ) ;
#4882 = CARTESIAN_POINT ( 'NONE',  ( 3.000000000000000444, 0.5900000000000000799, 5.749999999999999112 ) ) ;
#4883 = FILL_AREA_STYLE_COLOUR ( '', #1699 ) ;
#4884 = FILL_AREA_STYLE ('',( #4339 ) ) ;
#4885 = PRESENTATION_LAYER_ASSIGNMENT (  '', '', ( #2267 ) ) ;
#4886 = ORIENTED_EDGE ( 'NONE', *, *, #6622, .F. ) ;
#4887 = ORIENTED_EDGE ( 'NONE', *, *, #49, .F. ) ;
#4888 = CARTESIAN_POINT ( 'NONE',  ( -0.9299999999999984945, 0.5900000000000000799, 5.749999999999999112 ) ) ;
#4889 =( LENGTH_UNIT ( ) NAMED_UNIT ( * ) SI_UNIT ( .MILLI., .METRE. ) );
#4890 = CARTESIAN_POINT ( 'NONE',  ( -4.500000000000006217, 0.5900000000000000799, 2.650000000000000355 ) ) ;
#4891 = SURFACE_STYLE_USAGE ( .BOTH. , #4967 ) ;
#4892 = PRESENTATION_STYLE_ASSIGNMENT (( #2048 ) ) ;
#4893 = ORIENTED_EDGE ( 'NONE', *, *, #1461, .T. ) ;
#4894 = DIRECTION ( 'NONE',  ( -0.000000000000000000, 1.000000000000000000, -0.000000000000000000 ) ) ;
#4895 = CARTESIAN_POINT ( 'NONE',  ( -4.500000000000014211, 0.5900000000000000799, 0.2500000000000002220 ) ) ;
#4896 = CARTESIAN_POINT ( 'NONE',  ( 0.000000000000000000, -0.02000000000000000042, -1.299999999999999600 ) ) ;
#4897 = CARTESIAN_POINT ( 'NONE',  ( -2.999999999999998668, -0.02000000000000000042, 5.749999999999999112 ) ) ;
#4898 = EDGE_CURVE ( 'NONE', #15, #1278, #5538, .T. ) ;
#4899 = EDGE_CURVE ( 'NONE', #1298, #2281, #1621, .T. ) ;
#4900 = ORIENTED_EDGE ( 'NONE', *, *, #57, .F. ) ;
#4901 = MECHANICAL_DESIGN_GEOMETRIC_PRESENTATION_REPRESENTATION (  '', ( #1552 ), #3725 ) ;
#4902 = UNCERTAINTY_MEASURE_WITH_UNIT (LENGTH_MEASURE( 1.000000000000000082E-05 ), #4349, 'distance_accuracy_value', 'NONE');
#4903 = ORIENTED_EDGE ( 'NONE', *, *, #4122, .F. ) ;
#4904 = DIRECTION ( 'NONE',  ( -0.000000000000000000, -1.000000000000000000, -0.000000000000000000 ) ) ;
#4905 = UNCERTAINTY_MEASURE_WITH_UNIT (LENGTH_MEASURE( 1.000000000000000082E-05 ), #2600, 'distance_accuracy_value', 'NONE');
#4906 = LINE ( 'NONE', #2670, #6922 ) ;
#4907 = CARTESIAN_POINT ( 'NONE',  ( -4.500000000000007105, 0.5900000000000000799, 1.110000000000000542 ) ) ;
#4908 = PRESENTATION_LAYER_ASSIGNMENT (  '', '', ( #721 ) ) ;
#4909 = ORIENTED_EDGE ( 'NONE', *, *, #642, .F. ) ;
#4910 = ORIENTED_EDGE ( 'NONE', *, *, #5319, .F. ) ;
#4911 = DIRECTION ( 'NONE',  ( -0.000000000000000000, 0.000000000000000000, 1.000000000000000000 ) ) ;
#4912 = VECTOR ( 'NONE', #2052, 1000.000000000000000 ) ;
#4913 = STYLED_ITEM ( 'NONE', ( #6036 ), #6209 ) ;
#4914 =( NAMED_UNIT ( * ) SI_UNIT ( $, .STERADIAN. ) SOLID_ANGLE_UNIT ( ) );
#4915 =( NAMED_UNIT ( * ) SI_UNIT ( $, .STERADIAN. ) SOLID_ANGLE_UNIT ( ) );
#4916 = EDGE_CURVE ( 'NONE', #5730, #5597, #463, .T. ) ;
#4917 = DIRECTION ( 'NONE',  ( 0.000000000000000000, 0.000000000000000000, 1.000000000000000000 ) ) ;
#4918 = FILL_AREA_STYLE_COLOUR ( '', #282 ) ;
#4919 =( GEOMETRIC_REPRESENTATION_CONTEXT ( 3 ) GLOBAL_UNCERTAINTY_ASSIGNED_CONTEXT ( ( #7435 ) ) GLOBAL_UNIT_ASSIGNED_CONTEXT ( ( #4749, #621, #5843 ) ) REPRESENTATION_CONTEXT ( 'NONE', 'WORKASPACE' ) );
#4920 = VERTEX_POINT ( 'NONE', #4888 ) ;
#4921 = EDGE_LOOP ( 'NONE', ( #1692, #2909, #2496, #6464, #7385, #5292 ) ) ;
#4922 = CARTESIAN_POINT ( 'NONE',  ( 0.6000000000000010880, 0.5900000000000000799, 5.419999999999999041 ) ) ;
#4923 = SURFACE_STYLE_USAGE ( .BOTH. , #2648 ) ;
#4924 = CARTESIAN_POINT ( 'NONE',  ( -2.149999999999999023, -0.02000000000000000042, 4.749999999999999112 ) ) ;
#4925 = SURFACE_STYLE_FILL_AREA ( #5990 ) ;
#4926 = CARTESIAN_POINT ( 'NONE',  ( 4.500000000000050626, -0.02000000000000000042, -0.7099999999999995204 ) ) ;
#4927 = VECTOR ( 'NONE', #1589, 1000.000000000000000 ) ;
#4928 = DIRECTION ( 'NONE',  ( 0.000000000000000000, 1.000000000000000000, 0.000000000000000000 ) ) ;
#4929 = ORIENTED_EDGE ( 'NONE', *, *, #1720, .T. ) ;
#4930 = CIRCLE ( 'NONE', #4591, 0.2400000000000001854 ) ;
#4931 = DIRECTION ( 'NONE',  ( -0.000000000000000000, 1.000000000000000000, -0.000000000000000000 ) ) ;
#4932 = CARTESIAN_POINT ( 'NONE',  ( 4.500000000000000888, 0.5799999999999999600, 0.000000000000000000 ) ) ;
#4933 = FILL_AREA_STYLE_COLOUR ( '', #1903 ) ;
#4934 = DIRECTION ( 'NONE',  ( 0.000000000000000000, 1.000000000000000000, 0.000000000000000000 ) ) ;
#4935 = DIRECTION ( 'NONE',  ( 0.000000000000000000, 0.000000000000000000, -1.000000000000000000 ) ) ;
#4936 = LINE ( 'NONE', #472, #4854 ) ;
#4937 = AXIS2_PLACEMENT_3D ( 'NONE', #6730, #2755, #5726 ) ;
#4938 = EDGE_CURVE ( 'NONE', #3412, #607, #316, .T. ) ;
#4939 = ORIENTED_EDGE ( 'NONE', *, *, #2210, .F. ) ;
#4940 = DIRECTION ( 'NONE',  ( 0.000000000000000000, 0.000000000000000000, 1.000000000000000000 ) ) ;
#4941 = ORIENTED_EDGE ( 'NONE', *, *, #5612, .T. ) ;
#4942 = FILL_AREA_STYLE ('',( #7183 ) ) ;
#4943 = DIRECTION ( 'NONE',  ( 0.000000000000000000, 1.000000000000000000, -0.000000000000000000 ) ) ;
#4944 =( GEOMETRIC_REPRESENTATION_CONTEXT ( 3 ) GLOBAL_UNCERTAINTY_ASSIGNED_CONTEXT ( ( #261 ) ) GLOBAL_UNIT_ASSIGNED_CONTEXT ( ( #2491, #3033, #3548 ) ) REPRESENTATION_CONTEXT ( 'NONE', 'WORKASPACE' ) );
#4945 = DIRECTION ( 'NONE',  ( -0.000000000000000000, -1.000000000000000000, 0.000000000000000000 ) ) ;
#4946 = SURFACE_SIDE_STYLE ('',( #4407 ) ) ;
#4947 = EDGE_CURVE ( 'NONE', #1537, #2096, #1015, .T. ) ;
#4948 = EDGE_CURVE ( 'NONE', #1190, #6448, #4652, .T. ) ;
#4949 = ORIENTED_EDGE ( 'NONE', *, *, #6191, .T. ) ;
#4950 = EDGE_LOOP ( 'NONE', ( #2495, #3888, #1416, #5977 ) ) ;
#4951 =( NAMED_UNIT ( * ) SI_UNIT ( $, .STERADIAN. ) SOLID_ANGLE_UNIT ( ) );
#4952 = FILL_AREA_STYLE ('',( #453 ) ) ;
#4953 =( NAMED_UNIT ( * ) PLANE_ANGLE_UNIT ( ) SI_UNIT ( $, .RADIAN. ) );
#4954 = CARTESIAN_POINT ( 'NONE',  ( 0.8300000000000008482, 0.5900000000000000799, 5.749999999999999112 ) ) ;
#4955 = PRESENTATION_STYLE_ASSIGNMENT (( #2718 ) ) ;
#4956 = CARTESIAN_POINT ( 'NONE',  ( 0.000000000000000000, 0.5799999999999999600, -5.750000000000000888 ) ) ;
#4957 = VECTOR ( 'NONE', #3198, 1000.000000000000000 ) ;
#4958 = PRESENTATION_LAYER_ASSIGNMENT (  '', '', ( #531 ) ) ;
#4959 = ORIENTED_EDGE ( 'NONE', *, *, #3089, .T. ) ;
#4960 = ORIENTED_EDGE ( 'NONE', *, *, #2021, .F. ) ;
#4961 = MECHANICAL_DESIGN_GEOMETRIC_PRESENTATION_REPRESENTATION (  '', ( #886 ), #3785 ) ;
#4962 = CARTESIAN_POINT ( 'NONE',  ( -2.669999999999999041, 0.5900000000000000799, 5.749999999999999112 ) ) ;
#4963 = PRESENTATION_STYLE_ASSIGNMENT (( #3325 ) ) ;
#4964 = FACE_OUTER_BOUND ( 'NONE', #4351, .T. ) ;
#4965 = DIRECTION ( 'NONE',  ( -1.000000000000000000, 0.000000000000000000, -0.000000000000000000 ) ) ;
#4966 = SURFACE_STYLE_USAGE ( .BOTH. , #288 ) ;
#4967 = SURFACE_SIDE_STYLE ('',( #400 ) ) ;
#4968 = EDGE_CURVE ( 'NONE', #62, #5222, #3831, .T. ) ;
#4969 = ORIENTED_EDGE ( 'NONE', *, *, #4140, .F. ) ;
#4970 = DIRECTION ( 'NONE',  ( 0.000000000000000000, 0.000000000000000000, 1.000000000000000000 ) ) ;
#4971 = CARTESIAN_POINT ( 'NONE',  ( 0.2500000000000011102, 0.000000000000000000, 4.749999999999999112 ) ) ;
#4972 = SURFACE_STYLE_USAGE ( .BOTH. , #2245 ) ;
#4973 = CARTESIAN_POINT ( 'NONE',  ( 4.500000000000012434, -0.02000000000000000042, 2.890000000000000124 ) ) ;
#4974 = LINE ( 'NONE', #6682, #1989 ) ;
#4975 = VECTOR ( 'NONE', #4894, 1000.000000000000000 ) ;
#4976 = SURFACE_STYLE_USAGE ( .BOTH. , #6614 ) ;
#4977 = VERTEX_POINT ( 'NONE', #3245 ) ;
#4978 =( NAMED_UNIT ( * ) SI_UNIT ( $, .STERADIAN. ) SOLID_ANGLE_UNIT ( ) );
#4979 = PLANE ( 'NONE',  #6809 ) ;
#4980 = AXIS2_PLACEMENT_3D ( 'NONE', #3854, #2631, #481 ) ;
#4981 = VECTOR ( 'NONE', #1062, 1000.000000000000000 ) ;
#4982 = STYLED_ITEM ( 'NONE', ( #5971 ), #2898 ) ;
#4983 = DIRECTION ( 'NONE',  ( -0.000000000000000000, 1.000000000000000000, -0.000000000000000000 ) ) ;
#4984 = CARTESIAN_POINT ( 'NONE',  ( 2.670000000000000817, 0.5900000000000000799, 5.749999999999999112 ) ) ;
#4985 = FACE_OUTER_BOUND ( 'NONE', #304, .T. ) ;
#4986 = PRESENTATION_LAYER_ASSIGNMENT (  '', '', ( #3088 ) ) ;
#4987 = AXIS2_PLACEMENT_3D ( 'NONE', #6098, #3836, #3872 ) ;
#4988 = CIRCLE ( 'NONE', #6308, 0.2300000000000001765 ) ;
#4989 = VERTEX_POINT ( 'NONE', #1475 ) ;
#4990 = ORIENTED_EDGE ( 'NONE', *, *, #4743, .T. ) ;
#4991 = CARTESIAN_POINT ( 'NONE',  ( -0.2499999999999989175, -0.02000000000000000042, 4.749999999999999112 ) ) ;
#4992 = SURFACE_STYLE_USAGE ( .BOTH. , #4373 ) ;
#4993 = STYLED_ITEM ( 'NONE', ( #6858 ), #5109 ) ;
#4994 = VECTOR ( 'NONE', #6787, 1000.000000000000000 ) ;
#4995 = EDGE_CURVE ( 'NONE', #1058, #1537, #1642, .T. ) ;
#4996 = SURFACE_STYLE_FILL_AREA ( #3318 ) ;
#4997 = EDGE_CURVE ( 'NONE', #2998, #479, #5502, .T. ) ;
#4998 = ORIENTED_EDGE ( 'NONE', *, *, #4877, .F. ) ;
#4999 = COLOUR_RGB ( '',0.9686274509803921573, 0.8784313725490195957, 0.5999999999999999778 ) ;
#5000 = ORIENTED_EDGE ( 'NONE', *, *, #6723, .F. ) ;
#5001 = CARTESIAN_POINT ( 'NONE',  ( 3.500000000000000444, -0.02000000000000000042, 3.500000000000000000 ) ) ;
#5002 = CARTESIAN_POINT ( 'NONE',  ( -0.3699999999999992184, -0.02000000000000000042, 5.749999999999999112 ) ) ;
#5003 =( LENGTH_UNIT ( ) NAMED_UNIT ( * ) SI_UNIT ( .MILLI., .METRE. ) );
#5004 =( LENGTH_UNIT ( ) NAMED_UNIT ( * ) SI_UNIT ( .MILLI., .METRE. ) );
#5005 = DIRECTION ( 'NONE',  ( -0.000000000000000000, -1.000000000000000000, 0.000000000000000000 ) ) ;
#5006 = AXIS2_PLACEMENT_3D ( 'NONE', #6641, #3759, #3119 ) ;
#5007 = CIRCLE ( 'NONE', #2623, 0.3399999999999998024 ) ;
#5008 = ORIENTED_EDGE ( 'NONE', *, *, #5047, .F. ) ;
#5009 = CARTESIAN_POINT ( 'NONE',  ( -4.500000000000050626, -0.02000000000000000042, -0.6000000000000007550 ) ) ;
#5010 = VECTOR ( 'NONE', #1900, 1000.000000000000000 ) ;
#5011 =( NAMED_UNIT ( * ) SI_UNIT ( $, .STERADIAN. ) SOLID_ANGLE_UNIT ( ) );
#5012 = DIRECTION ( 'NONE',  ( -0.000000000000000000, 1.000000000000000000, -0.000000000000000000 ) ) ;
#5013 = DIRECTION ( 'NONE',  ( 0.000000000000000000, -1.000000000000000000, 0.000000000000000000 ) ) ;
#5014 = EDGE_CURVE ( 'NONE', #5046, #6822, #1398, .T. ) ;
#5015 = PRESENTATION_STYLE_ASSIGNMENT (( #3886 ) ) ;
#5016 = ORIENTED_EDGE ( 'NONE', *, *, #7354, .T. ) ;
#5017 = PLANE ( 'NONE',  #373 ) ;
#5018 = DIRECTION ( 'NONE',  ( 0.000000000000000000, 0.000000000000000000, 1.000000000000000000 ) ) ;
#5019 = CARTESIAN_POINT ( 'NONE',  ( 3.500000000000050182, 1.800655561573372143, -1.299999999999999600 ) ) ;
#5020 = SURFACE_SIDE_STYLE ('',( #412 ) ) ;
#5021 = SURFACE_SIDE_STYLE ('',( #4482 ) ) ;
#5022 = COLOUR_RGB ( '',0.9686274509803921573, 0.8784313725490195957, 0.5999999999999999778 ) ;
#5023 =( GEOMETRIC_REPRESENTATION_CONTEXT ( 3 ) GLOBAL_UNCERTAINTY_ASSIGNED_CONTEXT ( ( #5217 ) ) GLOBAL_UNIT_ASSIGNED_CONTEXT ( ( #2514, #6536, #3613 ) ) REPRESENTATION_CONTEXT ( 'NONE', 'WORKASPACE' ) );
#5024 = ORIENTED_EDGE ( 'NONE', *, *, #705, .T. ) ;
#5025 = VERTEX_POINT ( 'NONE', #4962 ) ;
#5026 =( NAMED_UNIT ( * ) PLANE_ANGLE_UNIT ( ) SI_UNIT ( $, .RADIAN. ) );
#5027 = MECHANICAL_DESIGN_GEOMETRIC_PRESENTATION_REPRESENTATION (  '', ( #7090 ), #3983 ) ;
#5028 = DIRECTION ( 'NONE',  ( 0.000000000000000000, -0.000000000000000000, 1.000000000000000000 ) ) ;
#5029 = DIRECTION ( 'NONE',  ( 0.000000000000000000, 0.000000000000000000, 1.000000000000000000 ) ) ;
#5030 = SURFACE_STYLE_FILL_AREA ( #3899 ) ;
#5031 = SURFACE_STYLE_USAGE ( .BOTH. , #600 ) ;
#5032 = SURFACE_STYLE_FILL_AREA ( #2719 ) ;
#5033 =( GEOMETRIC_REPRESENTATION_CONTEXT ( 3 ) GLOBAL_UNCERTAINTY_ASSIGNED_CONTEXT ( ( #585 ) ) GLOBAL_UNIT_ASSIGNED_CONTEXT ( ( #2342, #4634, #7103 ) ) REPRESENTATION_CONTEXT ( 'NONE', 'WORKASPACE' ) );
#5034 = CARTESIAN_POINT ( 'NONE',  ( -4.499999999999999112, 0.5799999999999999600, 0.000000000000000000 ) ) ;
#5035 = ORIENTED_EDGE ( 'NONE', *, *, #3290, .T. ) ;
#5036 = PRESENTATION_LAYER_ASSIGNMENT (  '', '', ( #3137 ) ) ;
#5037 = EDGE_CURVE ( 'NONE', #6217, #3386, #7272, .T. ) ;
#5038 = EDGE_LOOP ( 'NONE', ( #5553, #6727, #828, #3447, #1763, #6210, #5825, #499, #6533, #4725, #1745, #3838 ) ) ;
#5039 = DIRECTION ( 'NONE',  ( -1.000000000000000000, 0.000000000000000000, 0.000000000000000000 ) ) ;
#5040 = CARTESIAN_POINT ( 'NONE',  ( -0.9499999999999990674, -0.02000000000000000042, 0.000000000000000000 ) ) ;
#5041 = PLANE ( 'NONE',  #1131 ) ;
#5042 = LINE ( 'NONE', #6825, #4222 ) ;
#5043 = PLANE ( 'NONE',  #6689 ) ;
#5044 =( LENGTH_UNIT ( ) NAMED_UNIT ( * ) SI_UNIT ( .MILLI., .METRE. ) );
#5045 = COLOUR_RGB ( '',0.9686274509803921573, 0.8784313725490195957, 0.5999999999999999778 ) ;
#5046 = VERTEX_POINT ( 'NONE', #3869 ) ;
#5047 = EDGE_CURVE ( 'NONE', #2140, #3849, #3331, .T. ) ;
#5048 = EDGE_CURVE ( 'NONE', #2595, #259, #2730, .T. ) ;
#5049 = SURFACE_STYLE_FILL_AREA ( #5582 ) ;
#5050 = STYLED_ITEM ( 'NONE', ( #1126 ), #6779 ) ;
#5051 = LINE ( 'NONE', #1596, #3842 ) ;
#5052 = LINE ( 'NONE', #4030, #6610 ) ;
#5053 = DIRECTION ( 'NONE',  ( 0.000000000000000000, 0.000000000000000000, 1.000000000000000000 ) ) ;
#5054 = CARTESIAN_POINT ( 'NONE',  ( 4.500000000000038192, -0.02000000000000000042, 0.4900000000000002132 ) ) ;
#5055 = LINE ( 'NONE', #6318, #4509 ) ;
#5056 = STYLED_ITEM ( 'NONE', ( #868 ), #4192 ) ;
#5057 = DIRECTION ( 'NONE',  ( 0.000000000000000000, 0.000000000000000000, 1.000000000000000000 ) ) ;
#5058 = UNCERTAINTY_MEASURE_WITH_UNIT (LENGTH_MEASURE( 1.000000000000000082E-05 ), #7413, 'distance_accuracy_value', 'NONE');
#5059 = EDGE_LOOP ( 'NONE', ( #4387, #2202, #952, #6 ) ) ;
#5060 = CARTESIAN_POINT ( 'NONE',  ( 0.000000000000000000, 0.5900000000000000799, 0.000000000000000000 ) ) ;
#5061 = VECTOR ( 'NONE', #3028, 1000.000000000000000 ) ;
#5062 = AXIS2_PLACEMENT_3D ( 'NONE', #6133, #4928, #5463 ) ;
#5063 = ADVANCED_FACE ( 'NONE', ( #1694 ), #3511, .T. ) ;
#5064 = EDGE_LOOP ( 'NONE', ( #3425, #3848, #3263, #5325 ) ) ;
#5065 = VECTOR ( 'NONE', #2383, 1000.000000000000000 ) ;
#5066 = UNCERTAINTY_MEASURE_WITH_UNIT (LENGTH_MEASURE( 1.000000000000000082E-05 ), #5706, 'distance_accuracy_value', 'NONE');
#5067 = VERTEX_POINT ( 'NONE', #5115 ) ;
#5068 = CARTESIAN_POINT ( 'NONE',  ( -4.500000000000038192, -0.02000000000000000042, -0.09999999999999982514 ) ) ;
#5069 = DIRECTION ( 'NONE',  ( 0.000000000000000000, 0.000000000000000000, -1.000000000000000000 ) ) ;
#5070 = SURFACE_STYLE_FILL_AREA ( #6375 ) ;
#5071 = LINE ( 'NONE', #1119, #6629 ) ;
#5072 = FILL_AREA_STYLE_COLOUR ( '', #4279 ) ;
#5073 =( LENGTH_UNIT ( ) NAMED_UNIT ( * ) SI_UNIT ( .MILLI., .METRE. ) );
#5074 = PRESENTATION_LAYER_ASSIGNMENT (  '', '', ( #633 ) ) ;
#5075 = ORIENTED_EDGE ( 'NONE', *, *, #3684, .F. ) ;
#5076 = ORIENTED_EDGE ( 'NONE', *, *, #3132, .F. ) ;
#5077 = FILL_AREA_STYLE_COLOUR ( '', #5247 ) ;
#5078 = AXIS2_PLACEMENT_3D ( 'NONE', #967, #4444, #937 ) ;
#5079 = SURFACE_STYLE_FILL_AREA ( #4534 ) ;
#5080 =( NAMED_UNIT ( * ) PLANE_ANGLE_UNIT ( ) SI_UNIT ( $, .RADIAN. ) );
#5081 = FILL_AREA_STYLE_COLOUR ( '', #1626 ) ;
#5082 = SURFACE_SIDE_STYLE ('',( #5120 ) ) ;
#5083 = AXIS2_PLACEMENT_3D ( 'NONE', #4238, #2542, #6366 ) ;
#5084 = PRESENTATION_LAYER_ASSIGNMENT (  '', '', ( #3071 ) ) ;
#5085 = ORIENTED_EDGE ( 'NONE', *, *, #3424, .F. ) ;
#5086 = ORIENTED_EDGE ( 'NONE', *, *, #6418, .T. ) ;
#5087 = FILL_AREA_STYLE_COLOUR ( '', #6116 ) ;
#5088 = DIRECTION ( 'NONE',  ( 0.000000000000000000, -1.000000000000000000, 0.000000000000000000 ) ) ;
#5089 = FILL_AREA_STYLE ('',( #5129 ) ) ;
#5090 = MECHANICAL_DESIGN_GEOMETRIC_PRESENTATION_REPRESENTATION (  '', ( #6402 ), #1609 ) ;
#5091 = UNCERTAINTY_MEASURE_WITH_UNIT (LENGTH_MEASURE( 1.000000000000000082E-05 ), #3439, 'distance_accuracy_value', 'NONE');
#5092 = EDGE_CURVE ( 'NONE', #6781, #769, #4017, .T. ) ;
#5093 = ADVANCED_FACE ( 'NONE', ( #4050 ), #608, .T. ) ;
#5094 = CARTESIAN_POINT ( 'NONE',  ( -3.500000000000000444, 1.800655561573372143, 4.200000000000000178 ) ) ;
#5095 = DIRECTION ( 'NONE',  ( 0.000000000000000000, 0.000000000000000000, -1.000000000000000000 ) ) ;
#5096 = ORIENTED_EDGE ( 'NONE', *, *, #5734, .F. ) ;
#5097 = DIRECTION ( 'NONE',  ( -0.000000000000000000, -1.000000000000000000, -0.000000000000000000 ) ) ;
#5098 = DIRECTION ( 'NONE',  ( 0.000000000000000000, 0.000000000000000000, -1.000000000000000000 ) ) ;
#5099 = VECTOR ( 'NONE', #5788, 1000.000000000000000 ) ;
#5100 = ORIENTED_EDGE ( 'NONE', *, *, #1573, .T. ) ;
#5101 = PRESENTATION_STYLE_ASSIGNMENT (( #5210 ) ) ;
#5102 = STYLED_ITEM ( 'NONE', ( #667 ), #1938 ) ;
#5103 = ORIENTED_EDGE ( 'NONE', *, *, #73, .T. ) ;
#5104 =( NAMED_UNIT ( * ) PLANE_ANGLE_UNIT ( ) SI_UNIT ( $, .RADIAN. ) );
#5105 = PLANE ( 'NONE',  #5159 ) ;
#5106 = DIRECTION ( 'NONE',  ( 0.000000000000000000, 0.000000000000000000, 1.000000000000000000 ) ) ;
#5107 = PRESENTATION_STYLE_ASSIGNMENT (( #2907 ) ) ;
#5108 = PLANE ( 'NONE',  #675 ) ;
#5109 = ADVANCED_FACE ( 'NONE', ( #6933 ), #2912, .F. ) ;
#5110 = AXIS2_PLACEMENT_3D ( 'NONE', #1274, #756, #1880 ) ;
#5111 = VECTOR ( 'NONE', #6748, 1000.000000000000000 ) ;
#5112 = VECTOR ( 'NONE', #5681, 1000.000000000000000 ) ;
#5113 = ORIENTED_EDGE ( 'NONE', *, *, #3, .T. ) ;
#5114 = VERTEX_POINT ( 'NONE', #2416 ) ;
#5115 = CARTESIAN_POINT ( 'NONE',  ( 4.500000000000000888, 0.000000000000000000, -3.750000000000000888 ) ) ;
#5116 = PRESENTATION_STYLE_ASSIGNMENT (( #2840 ) ) ;
#5117 = COLOUR_RGB ( '',0.9686274509803921573, 0.8784313725490195957, 0.5999999999999999778 ) ;
#5118 = PRESENTATION_LAYER_ASSIGNMENT (  '', '', ( #4868 ) ) ;
#5119 = FACE_OUTER_BOUND ( 'NONE', #5826, .T. ) ;
#5120 = SURFACE_STYLE_FILL_AREA ( #4055 ) ;
#5121 = AXIS2_PLACEMENT_3D ( 'NONE', #7346, #5039, #3175 ) ;
#5122 = ORIENTED_EDGE ( 'NONE', *, *, #1954, .F. ) ;
#5123 = VERTEX_POINT ( 'NONE', #796 ) ;
#5124 = SURFACE_STYLE_FILL_AREA ( #541 ) ;
#5125 = DIRECTION ( 'NONE',  ( 0.000000000000000000, 0.000000000000000000, -1.000000000000000000 ) ) ;
#5126 = DIRECTION ( 'NONE',  ( 1.000000000000000000, 0.000000000000000000, -0.000000000000000000 ) ) ;
#5127 = CARTESIAN_POINT ( 'NONE',  ( -3.999999999999999112, 2.080000000000000071, 5.049999999999998934 ) ) ;
#5128 = PRESENTATION_STYLE_ASSIGNMENT (( #1101 ) ) ;
#5129 = FILL_AREA_STYLE_COLOUR ( '', #3687 ) ;
#5130 = CIRCLE ( 'NONE', #5365, 0.2300000000000001765 ) ;
#5131 = DIRECTION ( 'NONE',  ( 0.000000000000000000, 0.000000000000000000, 1.000000000000000000 ) ) ;
#5132 = VECTOR ( 'NONE', #3879, 1000.000000000000000 ) ;
#5133 = SURFACE_STYLE_USAGE ( .BOTH. , #4654 ) ;
#5134 = EDGE_CURVE ( 'NONE', #3986, #4294, #2555, .T. ) ;
#5135 = EDGE_CURVE ( 'NONE', #3302, #5025, #3700, .T. ) ;
#5136 = VERTEX_POINT ( 'NONE', #2487 ) ;
#5137 = SURFACE_STYLE_USAGE ( .BOTH. , #7399 ) ;
#5138 = CARTESIAN_POINT ( 'NONE',  ( 0.000000000000000000, -0.02000000000000000042, 5.749999999999999112 ) ) ;
#5139 = DIRECTION ( 'NONE',  ( -5.357234264046025325E-14, 0.000000000000000000, 1.000000000000000000 ) ) ;
#5140 = ORIENTED_EDGE ( 'NONE', *, *, #3490, .F. ) ;
#5141 = CARTESIAN_POINT ( 'NONE',  ( 4.500000000000000888, -0.02000000000000000042, 4.199999999999999289 ) ) ;
#5142 = EDGE_CURVE ( 'NONE', #3274, #5305, #1964, .T. ) ;
#5143 = UNCERTAINTY_MEASURE_WITH_UNIT (LENGTH_MEASURE( 1.000000000000000082E-05 ), #1615, 'distance_accuracy_value', 'NONE');
#5144 = EDGE_CURVE ( 'NONE', #6433, #298, #6079, .T. ) ;
#5145 = ORIENTED_EDGE ( 'NONE', *, *, #4342, .F. ) ;
#5146 = CARTESIAN_POINT ( 'NONE',  ( -1.919999999999998597, 1.779999999999999805, -3.790000000000002256 ) ) ;
#5147 = DIRECTION ( 'NONE',  ( 0.000000000000000000, 1.000000000000000000, 0.000000000000000000 ) ) ;
#5148 =( NAMED_UNIT ( * ) SI_UNIT ( $, .STERADIAN. ) SOLID_ANGLE_UNIT ( ) );
#5149 = DIRECTION ( 'NONE',  ( -1.000000000000000000, 0.000000000000000000, 0.000000000000000000 ) ) ;
#5150 = CARTESIAN_POINT ( 'NONE',  ( -1.919999999999999041, 0.5799999999999999600, -5.390000000000001457 ) ) ;
#5151 = ORIENTED_EDGE ( 'NONE', *, *, #5037, .T. ) ;
#5152 = EDGE_CURVE ( 'NONE', #198, #5221, #4253, .T. ) ;
#5153 = VERTEX_POINT ( 'NONE', #4218 ) ;
#5154 = FILL_AREA_STYLE_COLOUR ( '', #5716 ) ;
#5155 = AXIS2_PLACEMENT_3D ( 'NONE', #3777, #6773, #5029 ) ;
#5156 = FILL_AREA_STYLE_COLOUR ( '', #6068 ) ;
#5157 = DIRECTION ( 'NONE',  ( -0.000000000000000000, 0.000000000000000000, 1.000000000000000000 ) ) ;
#5158 = CARTESIAN_POINT ( 'NONE',  ( -4.500000000000025757, -0.02000000000000000042, 1.799999999999999156 ) ) ;
#5159 = AXIS2_PLACEMENT_3D ( 'NONE', #6962, #1846, #4699 ) ;
#5160 = VERTEX_POINT ( 'NONE', #3102 ) ;
#5161 = ADVANCED_FACE ( 'NONE', ( #761 ), #3027, .T. ) ;
#5162 = ORIENTED_EDGE ( 'NONE', *, *, #141, .T. ) ;
#5163 = FACE_OUTER_BOUND ( 'NONE', #4810, .T. ) ;
#5164 =( LENGTH_UNIT ( ) NAMED_UNIT ( * ) SI_UNIT ( .MILLI., .METRE. ) );
#5165 = DIRECTION ( 'NONE',  ( 0.000000000000000000, 1.000000000000000000, -0.000000000000000000 ) ) ;
#5166 = SURFACE_SIDE_STYLE ('',( #4508 ) ) ;
#5167 = VECTOR ( 'NONE', #6026, 1000.000000000000000 ) ;
#5168 =( GEOMETRIC_REPRESENTATION_CONTEXT ( 3 ) GLOBAL_UNCERTAINTY_ASSIGNED_CONTEXT ( ( #6577 ) ) GLOBAL_UNIT_ASSIGNED_CONTEXT ( ( #1676, #2822, #3998 ) ) REPRESENTATION_CONTEXT ( 'NONE', 'WORKASPACE' ) );
#5169 = UNCERTAINTY_MEASURE_WITH_UNIT (LENGTH_MEASURE( 1.000000000000000082E-05 ), #4426, 'distance_accuracy_value', 'NONE');
#5170 = CYLINDRICAL_SURFACE ( 'NONE', #6233, 0.3400000000000000244 ) ;
#5171 = CARTESIAN_POINT ( 'NONE',  ( 4.500000000000000888, 0.5799999999999999600, 0.000000000000000000 ) ) ;
#5172 = ORIENTED_EDGE ( 'NONE', *, *, #928, .T. ) ;
#5173 = CARTESIAN_POINT ( 'NONE',  ( 0.000000000000000000, -0.02000000000000000042, -0.09999999999999982514 ) ) ;
#5174 =( NAMED_UNIT ( * ) SI_UNIT ( $, .STERADIAN. ) SOLID_ANGLE_UNIT ( ) );
#5175 = STYLED_ITEM ( 'NONE', ( #4385 ), #6708 ) ;
#5176 =( GEOMETRIC_REPRESENTATION_CONTEXT ( 3 ) GLOBAL_UNCERTAINTY_ASSIGNED_CONTEXT ( ( #1379 ) ) GLOBAL_UNIT_ASSIGNED_CONTEXT ( ( #5982, #164, #3074 ) ) REPRESENTATION_CONTEXT ( 'NONE', 'WORKASPACE' ) );
#5177 = ORIENTED_EDGE ( 'NONE', *, *, #231, .F. ) ;
#5178 = COLOUR_RGB ( '',0.000000000000000000, 0.5647058823529411686, 0.09803921568627450844 ) ;
#5179 = ORIENTED_EDGE ( 'NONE', *, *, #5556, .T. ) ;
#5180 = VECTOR ( 'NONE', #3526, 1000.000000000000000 ) ;
#5181 = DIRECTION ( 'NONE',  ( 0.000000000000000000, 0.000000000000000000, -1.000000000000000000 ) ) ;
#5182 =( LENGTH_UNIT ( ) NAMED_UNIT ( * ) SI_UNIT ( .MILLI., .METRE. ) );
#5183 = LINE ( 'NONE', #2306, #3758 ) ;
#5184 = ADVANCED_FACE ( 'NONE', ( #1922 ), #4188, .F. ) ;
#5185 = EDGE_CURVE ( 'NONE', #5660, #7067, #5130, .T. ) ;
#5186 = ORIENTED_EDGE ( 'NONE', *, *, #4947, .T. ) ;
#5187 = VERTEX_POINT ( 'NONE', #2033 ) ;
#5188 = SURFACE_STYLE_FILL_AREA ( #5787 ) ;
#5189 = CARTESIAN_POINT ( 'NONE',  ( -4.500000000000038192, -0.02000000000000000042, 0.4900000000000002132 ) ) ;
#5190 = PRESENTATION_STYLE_ASSIGNMENT (( #6316 ) ) ;
#5191 = MECHANICAL_DESIGN_GEOMETRIC_PRESENTATION_REPRESENTATION (  '', ( #7362 ), #5559 ) ;
#5192 = STYLED_ITEM ( 'NONE', ( #6197 ), #3541 ) ;
#5193 = ORIENTED_EDGE ( 'NONE', *, *, #1947, .T. ) ;
#5194 = ORIENTED_EDGE ( 'NONE', *, *, #6331, .F. ) ;
#5195 = DIRECTION ( 'NONE',  ( 0.000000000000000000, 0.000000000000000000, -1.000000000000000000 ) ) ;
#5196 = DIRECTION ( 'NONE',  ( 0.000000000000000000, 0.000000000000000000, 1.000000000000000000 ) ) ;
#5197 = LINE ( 'NONE', #63, #106 ) ;
#5198 = LINE ( 'NONE', #1212, #3013 ) ;
#5199 =( NAMED_UNIT ( * ) PLANE_ANGLE_UNIT ( ) SI_UNIT ( $, .RADIAN. ) );
#5200 = DIRECTION ( 'NONE',  ( 0.000000000000000000, -0.000000000000000000, -1.000000000000000000 ) ) ;
#5201 = PRESENTATION_LAYER_ASSIGNMENT (  '', '', ( #3416 ) ) ;
#5202 = ADVANCED_FACE ( 'NONE', ( #6045 ), #6586, .F. ) ;
#5203 = SURFACE_SIDE_STYLE ('',( #2252 ) ) ;
#5204 = VECTOR ( 'NONE', #4760, 1000.000000000000000 ) ;
#5205 = ORIENTED_EDGE ( 'NONE', *, *, #1246, .F. ) ;
#5206 = LINE ( 'NONE', #5173, #4798 ) ;
#5207 = FACE_OUTER_BOUND ( 'NONE', #3141, .T. ) ;
#5208 = FILL_AREA_STYLE ('',( #6881 ) ) ;
#5209 = ORIENTED_EDGE ( 'NONE', *, *, #6023, .F. ) ;
#5210 = SURFACE_STYLE_USAGE ( .BOTH. , #550 ) ;
#5211 = UNCERTAINTY_MEASURE_WITH_UNIT (LENGTH_MEASURE( 1.000000000000000082E-05 ), #3547, 'distance_accuracy_value', 'NONE');
#5212 = ORIENTED_EDGE ( 'NONE', *, *, #1273, .T. ) ;
#5213 =( LENGTH_UNIT ( ) NAMED_UNIT ( * ) SI_UNIT ( .MILLI., .METRE. ) );
#5214 = CARTESIAN_POINT ( 'NONE',  ( -4.499999999999999112, 0.000000000000000000, -0.6000000000000007550 ) ) ;
#5215 =( NAMED_UNIT ( * ) SI_UNIT ( $, .STERADIAN. ) SOLID_ANGLE_UNIT ( ) );
#5216 = CARTESIAN_POINT ( 'NONE',  ( -2.999999999999998668, 0.5900000000000000799, 5.419999999999999041 ) ) ;
#5217 = UNCERTAINTY_MEASURE_WITH_UNIT (LENGTH_MEASURE( 1.000000000000000082E-05 ), #2514, 'distance_accuracy_value', 'NONE');
#5218 = VECTOR ( 'NONE', #1444, 1000.000000000000000 ) ;
#5219 = AXIS2_PLACEMENT_3D ( 'NONE', #4318, #4393, #6608 ) ;
#5220 =( GEOMETRIC_REPRESENTATION_CONTEXT ( 3 ) GLOBAL_UNCERTAINTY_ASSIGNED_CONTEXT ( ( #1914 ) ) GLOBAL_UNIT_ASSIGNED_CONTEXT ( ( #342, #7256, #3852 ) ) REPRESENTATION_CONTEXT ( 'NONE', 'WORKASPACE' ) );
#5221 = VERTEX_POINT ( 'NONE', #385 ) ;
#5222 = VERTEX_POINT ( 'NONE', #4371 ) ;
#5223 = PRESENTATION_STYLE_ASSIGNMENT (( #1776 ) ) ;
#5224 = CARTESIAN_POINT ( 'NONE',  ( -0.3699999999999992184, -0.02000000000000000042, 5.749999999999999112 ) ) ;
#5225 =( LENGTH_UNIT ( ) NAMED_UNIT ( * ) SI_UNIT ( .MILLI., .METRE. ) );
#5226 = ADVANCED_FACE ( 'NONE', ( #4450 ), #5564, .F. ) ;
#5227 = EDGE_CURVE ( 'NONE', #534, #2760, #4334, .T. ) ;
#5228 = CARTESIAN_POINT ( 'NONE',  ( -3.500000000000000444, 0.000000000000000000, 3.500000000000000000 ) ) ;
#5229 = DIRECTION ( 'NONE',  ( 0.000000000000000000, 0.000000000000000000, 1.000000000000000000 ) ) ;
#5230 = MECHANICAL_DESIGN_GEOMETRIC_PRESENTATION_REPRESENTATION (  '', ( #6675 ), #6185 ) ;
#5231 = MECHANICAL_DESIGN_GEOMETRIC_PRESENTATION_REPRESENTATION (  '', ( #2122 ), #1875 ) ;
#5232 = LINE ( 'NONE', #1662, #1104 ) ;
#5233 = CARTESIAN_POINT ( 'NONE',  ( 4.500000000000000888, 1.800655561573372143, -1.299999999999999600 ) ) ;
#5234 = VECTOR ( 'NONE', #3713, 1000.000000000000000 ) ;
#5235 = ORIENTED_EDGE ( 'NONE', *, *, #2296, .T. ) ;
#5236 = MECHANICAL_DESIGN_GEOMETRIC_PRESENTATION_REPRESENTATION (  '', ( #5711 ), #4865 ) ;
#5237 = PRESENTATION_LAYER_ASSIGNMENT (  '', '', ( #2482 ) ) ;
#5238 = VECTOR ( 'NONE', #3288, 1000.000000000000000 ) ;
#5239 = ORIENTED_EDGE ( 'NONE', *, *, #7025, .T. ) ;
#5240 = FILL_AREA_STYLE ('',( #25 ) ) ;
#5241 = DIRECTION ( 'NONE',  ( 0.000000000000000000, 0.000000000000000000, 1.000000000000000000 ) ) ;
#5242 = LINE ( 'NONE', #1134, #2757 ) ;
#5243 = SURFACE_STYLE_FILL_AREA ( #659 ) ;
#5244 = DIRECTION ( 'NONE',  ( 0.000000000000000000, 0.000000000000000000, 1.000000000000000000 ) ) ;
#5245 = CARTESIAN_POINT ( 'NONE',  ( 0.2700000000000015721, 0.5900000000000000799, 5.749999999999999112 ) ) ;
#5246 =( LENGTH_UNIT ( ) NAMED_UNIT ( * ) SI_UNIT ( .MILLI., .METRE. ) );
#5247 = COLOUR_RGB ( '',0.000000000000000000, 0.5647058823529411686, 0.09803921568627450844 ) ;
#5248 = DIRECTION ( 'NONE',  ( -0.000000000000000000, -1.000000000000000000, -0.000000000000000000 ) ) ;
#5249 = SURFACE_STYLE_USAGE ( .BOTH. , #4203 ) ;
#5250 = CARTESIAN_POINT ( 'NONE',  ( -4.499999999999999112, 0.000000000000000000, 1.799999999999999156 ) ) ;
#5251 = EDGE_LOOP ( 'NONE', ( #1502, #5507, #1334, #2072, #6340, #2373, #4449, #604, #5298, #7409, #2449, #1072 ) ) ;
#5252 = EDGE_CURVE ( 'NONE', #2281, #5067, #2013, .T. ) ;
#5253 = DIRECTION ( 'NONE',  ( 0.000000000000000000, 0.000000000000000000, -1.000000000000000000 ) ) ;
#5254 = CARTESIAN_POINT ( 'NONE',  ( -4.500000000000002665, 0.5900000000000000799, 3.850000000000000089 ) ) ;
#5255 = VERTEX_POINT ( 'NONE', #3967 ) ;
#5256 =( LENGTH_UNIT ( ) NAMED_UNIT ( * ) SI_UNIT ( .MILLI., .METRE. ) );
#5257 = ORIENTED_EDGE ( 'NONE', *, *, #1088, .F. ) ;
#5258 = COLOUR_RGB ( '',0.9686274509803921573, 0.8784313725490195957, 0.5999999999999999778 ) ;
#5259 = SHAPE_DEFINITION_REPRESENTATION ( #6523, #6178 ) ;
#5260 = CARTESIAN_POINT ( 'NONE',  ( -4.500000000000038192, -0.02000000000000000042, -0.09999999999999982514 ) ) ;
#5261 = CARTESIAN_POINT ( 'NONE',  ( 1.800000000000000711, 0.5900000000000000799, 5.749999999999999112 ) ) ;
#5262 = DIRECTION ( 'NONE',  ( -0.000000000000000000, 1.000000000000000000, -0.000000000000000000 ) ) ;
#5263 = ORIENTED_EDGE ( 'NONE', *, *, #3015, .T. ) ;
#5264 = ORIENTED_EDGE ( 'NONE', *, *, #5453, .T. ) ;
#5265 = CARTESIAN_POINT ( 'NONE',  ( -4.500000000000025757, -0.02000000000000000042, 1.100000000000000311 ) ) ;
#5266 = CARTESIAN_POINT ( 'NONE',  ( -2.602085213965214586E-15, -0.02000000000000000042, 3.000000000000003109 ) ) ;
#5267 = SURFACE_SIDE_STYLE ('',( #7116 ) ) ;
#5268 = CARTESIAN_POINT ( 'NONE',  ( 2.130000000000000338, 0.5900000000000000799, 5.749999999999999112 ) ) ;
#5269 = PRESENTATION_STYLE_ASSIGNMENT (( #1599 ) ) ;
#5270 = EDGE_CURVE ( 'NONE', #221, #5187, #1297, .T. ) ;
#5271 = ORIENTED_EDGE ( 'NONE', *, *, #1690, .F. ) ;
#5272 = VECTOR ( 'NONE', #6225, 1000.000000000000000 ) ;
#5273 = ORIENTED_EDGE ( 'NONE', *, *, #3045, .T. ) ;
#5274 = DIRECTION ( 'NONE',  ( 1.000000000000000000, -0.000000000000000000, 0.000000000000000000 ) ) ;
#5275 = CARTESIAN_POINT ( 'NONE',  ( 3.500000000000012879, -0.02000000000000000042, 2.299999999999999822 ) ) ;
#5276 = CARTESIAN_POINT ( 'NONE',  ( -4.500000000000025757, -0.02000000000000000042, 1.100000000000000311 ) ) ;
#5277 = CARTESIAN_POINT ( 'NONE',  ( 4.500000000000000888, 0.5799999999999999600, -3.150000000000000355 ) ) ;
#5278 = FILL_AREA_STYLE ('',( #3562 ) ) ;
#5279 = CIRCLE ( 'NONE', #6229, 0.2399999999999999911 ) ;
#5280 = COLOUR_RGB ( '',0.9686274509803921573, 0.8784313725490195957, 0.5999999999999999778 ) ;
#5281 = COLOUR_RGB ( '',0.9686274509803921573, 0.8784313725490195957, 0.5999999999999999778 ) ;
#5282 = ADVANCED_FACE ( 'NONE', ( #5314 ), #6404, .T. ) ;
#5283 = EDGE_CURVE ( 'NONE', #1067, #3576, #6443, .T. ) ;
#5284 = PRESENTATION_LAYER_ASSIGNMENT (  '', '', ( #1071 ) ) ;
#5285 = FACE_OUTER_BOUND ( 'NONE', #5562, .T. ) ;
#5286 = VERTEX_POINT ( 'NONE', #2431 ) ;
#5287 =( NAMED_UNIT ( * ) PLANE_ANGLE_UNIT ( ) SI_UNIT ( $, .RADIAN. ) );
#5288 = PRESENTATION_STYLE_ASSIGNMENT (( #3009 ) ) ;
#5289 = DIRECTION ( 'NONE',  ( 1.000000000000000000, 0.000000000000000000, 0.000000000000000000 ) ) ;
#5290 = EDGE_LOOP ( 'NONE', ( #2339, #4049, #3510, #2814 ) ) ;
#5291 = CARTESIAN_POINT ( 'NONE',  ( 4.500000000000000888, 0.5799999999999999600, 0.000000000000000000 ) ) ;
#5292 = ORIENTED_EDGE ( 'NONE', *, *, #7026, .F. ) ;
#5293 = VECTOR ( 'NONE', #577, 1000.000000000000000 ) ;
#5294 =( NAMED_UNIT ( * ) SI_UNIT ( $, .STERADIAN. ) SOLID_ANGLE_UNIT ( ) );
#5295 = EDGE_CURVE ( 'NONE', #2039, #1257, #5884, .T. ) ;
#5296 = MECHANICAL_DESIGN_GEOMETRIC_PRESENTATION_REPRESENTATION (  '', ( #1822 ), #1456 ) ;
#5297 = ORIENTED_EDGE ( 'NONE', *, *, #1975, .F. ) ;
#5298 = ORIENTED_EDGE ( 'NONE', *, *, #1743, .F. ) ;
#5299 = FILL_AREA_STYLE_COLOUR ( '', #4881 ) ;
#5300 = LINE ( 'NONE', #1856, #2801 ) ;
#5301 = CARTESIAN_POINT ( 'NONE',  ( -4.500000000000011546, 0.5900000000000000799, -0.08999999999999937217 ) ) ;
#5302 = SURFACE_SIDE_STYLE ('',( #5906 ) ) ;
#5303 = VECTOR ( 'NONE', #6289, 1000.000000000000000 ) ;
#5304 = VERTEX_POINT ( 'NONE', #3568 ) ;
#5305 = VERTEX_POINT ( 'NONE', #5250 ) ;
#5306 = LINE ( 'NONE', #168, #6567 ) ;
#5307 = STYLED_ITEM ( 'NONE', ( #4092 ), #3270 ) ;
#5308 = DIRECTION ( 'NONE',  ( -0.000000000000000000, -1.000000000000000000, -0.000000000000000000 ) ) ;
#5309 = PLANE ( 'NONE',  #5586 ) ;
#5310 = DIRECTION ( 'NONE',  ( 1.000000000000000000, 0.000000000000000000, 0.000000000000000000 ) ) ;
#5311 = DIRECTION ( 'NONE',  ( 0.000000000000000000, 0.000000000000000000, 1.000000000000000000 ) ) ;
#5312 =( GEOMETRIC_REPRESENTATION_CONTEXT ( 3 ) GLOBAL_UNCERTAINTY_ASSIGNED_CONTEXT ( ( #6410 ) ) GLOBAL_UNIT_ASSIGNED_CONTEXT ( ( #5818, #4596, #85 ) ) REPRESENTATION_CONTEXT ( 'NONE', 'WORKASPACE' ) );
#5313 = DIRECTION ( 'NONE',  ( 1.000000000000000000, -0.000000000000000000, 0.000000000000000000 ) ) ;
#5314 = FACE_OUTER_BOUND ( 'NONE', #3252, .T. ) ;
#5315 = ORIENTED_EDGE ( 'NONE', *, *, #3075, .F. ) ;
#5316 = SURFACE_STYLE_USAGE ( .BOTH. , #3641 ) ;
#5317 = SURFACE_SIDE_STYLE ('',( #1948 ) ) ;
#5318 = ADVANCED_FACE ( 'NONE', ( #5285 ), #5625, .F. ) ;
#5319 = EDGE_CURVE ( 'NONE', #1347, #2662, #1487, .T. ) ;
#5320 = CARTESIAN_POINT ( 'NONE',  ( -4.499999999999999112, 0.000000000000000000, -0.000000000000000000 ) ) ;
#5321 = AXIS2_PLACEMENT_3D ( 'NONE', #7019, #4820, #2966 ) ;
#5322 = STYLED_ITEM ( 'NONE', ( #39 ), #3882 ) ;
#5323 = ORIENTED_EDGE ( 'NONE', *, *, #2524, .F. ) ;
#5324 = CARTESIAN_POINT ( 'NONE',  ( -3.500000000000000444, 1.800655561573372143, 0.000000000000000000 ) ) ;
#5325 = ORIENTED_EDGE ( 'NONE', *, *, #5850, .T. ) ;
#5326 = CARTESIAN_POINT ( 'NONE',  ( -3.500000000000000444, 0.000000000000000000, -0.000000000000000000 ) ) ;
#5327 = ORIENTED_EDGE ( 'NONE', *, *, #1534, .F. ) ;
#5328 = ORIENTED_EDGE ( 'NONE', *, *, #2396, .F. ) ;
#5329 = SURFACE_STYLE_USAGE ( .BOTH. , #1313 ) ;
#5330 = CARTESIAN_POINT ( 'NONE',  ( 4.500000000000009770, 0.5799999999999999600, 1.450000000000000400 ) ) ;
#5331 = EDGE_CURVE ( 'NONE', #5519, #2554, #6207, .T. ) ;
#5332 = DIRECTION ( 'NONE',  ( -1.000000000000000000, 0.000000000000000000, 8.673617379884031528E-16 ) ) ;
#5333 = CARTESIAN_POINT ( 'NONE',  ( 4.500000000000018652, 0.5900000000000000799, -0.9499999999999995115 ) ) ;
#5334 = FILL_AREA_STYLE_COLOUR ( '', #3645 ) ;
#5335 = SURFACE_STYLE_USAGE ( .BOTH. , #3665 ) ;
#5336 = FACE_OUTER_BOUND ( 'NONE', #2868, .T. ) ;
#5337 = COLOUR_RGB ( '',0.000000000000000000, 0.5647058823529411686, 0.09803921568627450844 ) ;
#5338 = ORIENTED_EDGE ( 'NONE', *, *, #2264, .F. ) ;
#5339 = ORIENTED_EDGE ( 'NONE', *, *, #2210, .T. ) ;
#5340 = COLOUR_RGB ( '',0.9686274509803921573, 0.8784313725490195957, 0.5999999999999999778 ) ;
#5341 = PLANE ( 'NONE',  #7307 ) ;
#5342 = AXIS2_PLACEMENT_3D ( 'NONE', #4180, #5779, #1307 ) ;
#5343 =( NAMED_UNIT ( * ) SI_UNIT ( $, .STERADIAN. ) SOLID_ANGLE_UNIT ( ) );
#5344 = CARTESIAN_POINT ( 'NONE',  ( -4.499999999999999112, 1.800655561573372143, 3.500000000000000000 ) ) ;
#5345 = LINE ( 'NONE', #216, #1706 ) ;
#5346 = VECTOR ( 'NONE', #5839, 1000.000000000000000 ) ;
#5347 = AXIS2_PLACEMENT_3D ( 'NONE', #6131, #5504, #6058 ) ;
#5348 = VECTOR ( 'NONE', #4129, 1000.000000000000000 ) ;
#5349 = DIRECTION ( 'NONE',  ( 1.000000000000000000, 0.000000000000000000, -0.000000000000000000 ) ) ;
#5350 = ORIENTED_EDGE ( 'NONE', *, *, #2812, .F. ) ;
#5351 = PLANE ( 'NONE',  #7037 ) ;
#5352 = PRESENTATION_LAYER_ASSIGNMENT (  '', '', ( #3573 ) ) ;
#5353 = VECTOR ( 'NONE', #650, 1000.000000000000000 ) ;
#5354 = FILL_AREA_STYLE_COLOUR ( '', #1730 ) ;
#5355 = COLOUR_RGB ( '',0.9686274509803921573, 0.8784313725490195957, 0.5999999999999999778 ) ;
#5356 = EDGE_CURVE ( 'NONE', #1793, #1877, #179, .T. ) ;
#5357 = ADVANCED_FACE ( 'NONE', ( #332 ), #3185, .F. ) ;
#5358 = ORIENTED_EDGE ( 'NONE', *, *, #5733, .F. ) ;
#5359 = UNCERTAINTY_MEASURE_WITH_UNIT (LENGTH_MEASURE( 1.000000000000000082E-05 ), #6684, 'distance_accuracy_value', 'NONE');
#5360 = EDGE_LOOP ( 'NONE', ( #2954, #3625, #3740, #4829 ) ) ;
#5361 = SURFACE_STYLE_FILL_AREA ( #679 ) ;
#5362 = UNCERTAINTY_MEASURE_WITH_UNIT (LENGTH_MEASURE( 1.000000000000000082E-05 ), #771, 'distance_accuracy_value', 'NONE');
#5363 = PRESENTATION_STYLE_ASSIGNMENT (( #118 ) ) ;
#5364 = FILL_AREA_STYLE_COLOUR ( '', #793 ) ;
#5365 = AXIS2_PLACEMENT_3D ( 'NONE', #7225, #1006, #3237 ) ;
#5366 = DIRECTION ( 'NONE',  ( -1.000000000000000000, 0.000000000000000000, 0.000000000000000000 ) ) ;
#5367 = EDGE_CURVE ( 'NONE', #4036, #5909, #7187, .T. ) ;
#5368 = EDGE_CURVE ( 'NONE', #665, #2228, #4272, .T. ) ;
#5369 = ORIENTED_EDGE ( 'NONE', *, *, #3584, .F. ) ;
#5370 = PRESENTATION_LAYER_ASSIGNMENT (  '', '', ( #6328 ) ) ;
#5371 = EDGE_LOOP ( 'NONE', ( #2846, #5186, #1199, #2968 ) ) ;
#5372 = SURFACE_STYLE_FILL_AREA ( #830 ) ;
#5373 = DIRECTION ( 'NONE',  ( -1.000000000000000000, 0.000000000000000000, 0.000000000000000000 ) ) ;
#5374 = CARTESIAN_POINT ( 'NONE',  ( -3.500000000000025757, -0.02000000000000000042, 1.100000000000000311 ) ) ;
#5375 = LINE ( 'NONE', #3515, #5959 ) ;
#5376 = DIRECTION ( 'NONE',  ( 1.000000000000000000, -0.000000000000000000, 0.000000000000000000 ) ) ;
#5377 = DIRECTION ( 'NONE',  ( -0.000000000000000000, -1.000000000000000000, 0.000000000000000000 ) ) ;
#5378 = EDGE_CURVE ( 'NONE', #1972, #6184, #2538, .T. ) ;
#5379 = EDGE_LOOP ( 'NONE', ( #6615, #6770, #4187, #2313 ) ) ;
#5380 = ORIENTED_EDGE ( 'NONE', *, *, #1040, .F. ) ;
#5381 = CARTESIAN_POINT ( 'NONE',  ( 3.000000000000000444, 0.5799999999999999600, 5.419999999999999041 ) ) ;
#5382 = CARTESIAN_POINT ( 'NONE',  ( 0.000000000000000000, 0.000000000000000000, -0.09999999999999982514 ) ) ;
#5383 = LINE ( 'NONE', #3078, #4646 ) ;
#5384 =( LENGTH_UNIT ( ) NAMED_UNIT ( * ) SI_UNIT ( .MILLI., .METRE. ) );
#5385 = SURFACE_STYLE_USAGE ( .BOTH. , #4201 ) ;
#5386 = SURFACE_SIDE_STYLE ('',( #3633 ) ) ;
#5387 = PRESENTATION_LAYER_ASSIGNMENT (  '', '', ( #5516 ) ) ;
#5388 = ADVANCED_FACE ( 'NONE', ( #6605 ), #2573, .T. ) ;
#5389 = CARTESIAN_POINT ( 'NONE',  ( -0.9499999999999990674, -6.776263578034402713E-18, 4.749999999999999112 ) ) ;
#5390 =( NAMED_UNIT ( * ) PLANE_ANGLE_UNIT ( ) SI_UNIT ( $, .RADIAN. ) );
#5391 = LINE ( 'NONE', #6564, #3615 ) ;
#5392 = CARTESIAN_POINT ( 'NONE',  ( 0.6000000000000010880, 0.5900000000000000799, 5.749999999999999112 ) ) ;
#5393 = PRESENTATION_LAYER_ASSIGNMENT (  '', '', ( #7325 ) ) ;
#5394 = LINE ( 'NONE', #5320, #175 ) ;
#5395 = COLOUR_RGB ( '',0.000000000000000000, 0.5647058823529411686, 0.09803921568627450844 ) ;
#5396 = VERTEX_POINT ( 'NONE', #4390 ) ;
#5397 =( LENGTH_UNIT ( ) NAMED_UNIT ( * ) SI_UNIT ( .MILLI., .METRE. ) );
#5398 = MECHANICAL_DESIGN_GEOMETRIC_PRESENTATION_REPRESENTATION (  '', ( #3018 ), #3133 ) ;
#5399 = EDGE_LOOP ( 'NONE', ( #3801, #3100, #4998, #393 ) ) ;
#5400 = CARTESIAN_POINT ( 'NONE',  ( 0.000000000000000000, 0.5900000000000000799, 5.749999999999999112 ) ) ;
#5401 = CARTESIAN_POINT ( 'NONE',  ( -3.919999999999998153, 0.5799999999999999600, -3.790000000000000924 ) ) ;
#5402 = CARTESIAN_POINT ( 'NONE',  ( -5.204170427930391701E-16, 1.800655561573372143, -0.5999999999999967581 ) ) ;
#5403 = PRESENTATION_STYLE_ASSIGNMENT (( #1423 ) ) ;
#5404 =( NAMED_UNIT ( * ) SI_UNIT ( $, .STERADIAN. ) SOLID_ANGLE_UNIT ( ) );
#5405 = CARTESIAN_POINT ( 'NONE',  ( 4.500000000000000888, 0.5799999999999999600, 0.000000000000000000 ) ) ;
#5406 = VERTEX_POINT ( 'NONE', #2244 ) ;
#5407 = AXIS2_PLACEMENT_3D ( 'NONE', #4850, #2083, #6097 ) ;
#5408 = ORIENTED_EDGE ( 'NONE', *, *, #2624, .F. ) ;
#5409 = DIRECTION ( 'NONE',  ( -0.000000000000000000, -1.000000000000000000, -0.000000000000000000 ) ) ;
#5410 = CARTESIAN_POINT ( 'NONE',  ( -0.9499999999999990674, -0.02000000000000000042, 0.000000000000000000 ) ) ;
#5411 = CARTESIAN_POINT ( 'NONE',  ( 1.800000000000000711, -0.02000000000000000042, 5.519999999999998685 ) ) ;
#5412 = PRESENTATION_STYLE_ASSIGNMENT (( #204 ) ) ;
#5413 = EDGE_CURVE ( 'NONE', #1107, #4977, #6247, .T. ) ;
#5414 = CARTESIAN_POINT ( 'NONE',  ( -2.649999999999998579, 0.000000000000000000, 5.749999999999999112 ) ) ;
#5415 = EDGE_CURVE ( 'NONE', #383, #1887, #5051, .T. ) ;
#5416 =( GEOMETRIC_REPRESENTATION_CONTEXT ( 3 ) GLOBAL_UNCERTAINTY_ASSIGNED_CONTEXT ( ( #486 ) ) GLOBAL_UNIT_ASSIGNED_CONTEXT ( ( #943, #2224, #390 ) ) REPRESENTATION_CONTEXT ( 'NONE', 'WORKASPACE' ) );
#5417 = ORIENTED_EDGE ( 'NONE', *, *, #1435, .T. ) ;
#5418 = ORIENTED_EDGE ( 'NONE', *, *, #4609, .T. ) ;
#5419 =( NAMED_UNIT ( * ) PLANE_ANGLE_UNIT ( ) SI_UNIT ( $, .RADIAN. ) );
#5420 =( GEOMETRIC_REPRESENTATION_CONTEXT ( 3 ) GLOBAL_UNCERTAINTY_ASSIGNED_CONTEXT ( ( #517 ) ) GLOBAL_UNIT_ASSIGNED_CONTEXT ( ( #3619, #5751, #5789 ) ) REPRESENTATION_CONTEXT ( 'NONE', 'WORKASPACE' ) );
#5421 = FILL_AREA_STYLE_COLOUR ( '', #1997 ) ;
#5422 = DIRECTION ( 'NONE',  ( 0.000000000000000000, 0.000000000000000000, 1.000000000000000000 ) ) ;
#5423 = FACE_BOUND ( 'NONE', #5399, .T. ) ;
#5424 = CARTESIAN_POINT ( 'NONE',  ( -4.499999999999999112, 0.000000000000000000, 3.500000000000000000 ) ) ;
#5425 = COLOUR_RGB ( '',0.9686274509803921573, 0.8784313725490195957, 0.5999999999999999778 ) ;
#5426 =( NAMED_UNIT ( * ) SI_UNIT ( $, .STERADIAN. ) SOLID_ANGLE_UNIT ( ) );
#5427 = COLOUR_RGB ( '',0.9686274509803921573, 0.8784313725490195957, 0.5999999999999999778 ) ;
#5428 = CARTESIAN_POINT ( 'NONE',  ( -0.9299999999999984945, 0.5900000000000000799, 5.749999999999999112 ) ) ;
#5429 = SURFACE_SIDE_STYLE ('',( #3150 ) ) ;
#5430 = DIRECTION ( 'NONE',  ( 0.000000000000000000, 0.000000000000000000, -1.000000000000000000 ) ) ;
#5431 = ORIENTED_EDGE ( 'NONE', *, *, #2435, .F. ) ;
#5432 = PRESENTATION_STYLE_ASSIGNMENT (( #847 ) ) ;
#5433 = PRESENTATION_STYLE_ASSIGNMENT (( #6566 ) ) ;
#5434 = EDGE_CURVE ( 'NONE', #1190, #1655, #1667, .T. ) ;
#5435 = COLOUR_RGB ( '',0.000000000000000000, 0.5647058823529411686, 0.09803921568627450844 ) ;
#5436 = EDGE_LOOP ( 'NONE', ( #6254, #6390, #3749, #95 ) ) ;
#5437 = UNCERTAINTY_MEASURE_WITH_UNIT (LENGTH_MEASURE( 1.000000000000000082E-05 ), #3642, 'distance_accuracy_value', 'NONE');
#5438 = ORIENTED_EDGE ( 'NONE', *, *, #3563, .F. ) ;
#5439 =( NAMED_UNIT ( * ) PLANE_ANGLE_UNIT ( ) SI_UNIT ( $, .RADIAN. ) );
#5440 = UNCERTAINTY_MEASURE_WITH_UNIT (LENGTH_MEASURE( 1.000000000000000082E-05 ), #5004, 'distance_accuracy_value', 'NONE');
#5441 = CARTESIAN_POINT ( 'NONE',  ( -4.500000000000002665, 0.5900000000000000799, 3.850000000000000089 ) ) ;
#5442 = LINE ( 'NONE', #4873, #5921 ) ;
#5443 =( GEOMETRIC_REPRESENTATION_CONTEXT ( 3 ) GLOBAL_UNCERTAINTY_ASSIGNED_CONTEXT ( ( #3647 ) ) GLOBAL_UNIT_ASSIGNED_CONTEXT ( ( #4276, #3847, #3796 ) ) REPRESENTATION_CONTEXT ( 'NONE', 'WORKASPACE' ) );
#5444 = AXIS2_PLACEMENT_3D ( 'NONE', #1652, #2268, #1725 ) ;
#5445 = ORIENTED_EDGE ( 'NONE', *, *, #739, .T. ) ;
#5446 = ORIENTED_EDGE ( 'NONE', *, *, #3994, .F. ) ;
#5447 = VECTOR ( 'NONE', #3517, 1000.000000000000000 ) ;
#5448 = DIRECTION ( 'NONE',  ( 0.000000000000000000, 1.000000000000000000, -0.000000000000000000 ) ) ;
#5449 = SURFACE_SIDE_STYLE ('',( #3744 ) ) ;
#5450 = CARTESIAN_POINT ( 'NONE',  ( 4.500000000000050626, -0.02000000000000000042, -1.189999999999999725 ) ) ;
#5451 =( NAMED_UNIT ( * ) PLANE_ANGLE_UNIT ( ) SI_UNIT ( $, .RADIAN. ) );
#5452 = VERTEX_POINT ( 'NONE', #4971 ) ;
#5453 = EDGE_CURVE ( 'NONE', #2626, #2070, #1558, .T. ) ;
#5454 = EDGE_CURVE ( 'NONE', #1705, #7040, #5611, .T. ) ;
#5455 = VERTEX_POINT ( 'NONE', #5615 ) ;
#5456 = CARTESIAN_POINT ( 'NONE',  ( 4.500000000000000888, 0.5799999999999999600, -3.250000000000000444 ) ) ;
#5457 = LINE ( 'NONE', #317, #722 ) ;
#5458 = CARTESIAN_POINT ( 'NONE',  ( 4.500000000000000888, 0.5900000000000000799, 1.110000000000000764 ) ) ;
#5459 = SURFACE_STYLE_FILL_AREA ( #876 ) ;
#5460 = CARTESIAN_POINT ( 'NONE',  ( 3.230000000000000426, -0.02000000000000000042, 5.749999999999999112 ) ) ;
#5461 = LINE ( 'NONE', #324, #1024 ) ;
#5462 = MECHANICAL_DESIGN_GEOMETRIC_PRESENTATION_REPRESENTATION (  '', ( #7053 ), #2226 ) ;
#5463 = DIRECTION ( 'NONE',  ( 0.000000000000000000, 0.000000000000000000, 1.000000000000000000 ) ) ;
#5464 = STYLED_ITEM ( 'NONE', ( #3964 ), #643 ) ;
#5465 = VERTEX_POINT ( 'NONE', #1099 ) ;
#5466 = PRESENTATION_LAYER_ASSIGNMENT (  '', '', ( #5822 ) ) ;
#5467 = VECTOR ( 'NONE', #6256, 1000.000000000000000 ) ;
#5468 = MECHANICAL_DESIGN_GEOMETRIC_PRESENTATION_REPRESENTATION (  '', ( #3320 ), #81 ) ;
#5469 = LINE ( 'NONE', #3638, #5218 ) ;
#5470 = SURFACE_STYLE_USAGE ( .BOTH. , #5429 ) ;
#5471 = SURFACE_STYLE_USAGE ( .BOTH. , #1409 ) ;
#5472 = AXIS2_PLACEMENT_3D ( 'NONE', #1342, #4211, #784 ) ;
#5473 = LINE ( 'NONE', #1946, #6854 ) ;
#5474 = CARTESIAN_POINT ( 'NONE',  ( -4.500000000000050626, -0.02000000000000000042, -1.299999999999999600 ) ) ;
#5475 = PRESENTATION_LAYER_ASSIGNMENT (  '', '', ( #5828 ) ) ;
#5476 = DIRECTION ( 'NONE',  ( 0.000000000000000000, 0.000000000000000000, 1.000000000000000000 ) ) ;
#5477 = COLOUR_RGB ( '',0.9686274509803921573, 0.8784313725490195957, 0.5999999999999999778 ) ;
#5478 = AXIS2_PLACEMENT_3D ( 'NONE', #2736, #7162, #6671 ) ;
#5479 = VECTOR ( 'NONE', #5308, 1000.000000000000000 ) ;
#5480 = ADVANCED_FACE ( 'NONE', ( #6679 ), #3989, .F. ) ;
#5481 = EDGE_LOOP ( 'NONE', ( #3276, #4431, #2156, #6716 ) ) ;
#5482 = AXIS2_PLACEMENT_3D ( 'NONE', #6355, #1746, #2322 ) ;
#5483 = CARTESIAN_POINT ( 'NONE',  ( 1.450000000000000844, 1.800655561573372143, 5.749999999999999112 ) ) ;
#5484 = STYLED_ITEM ( 'NONE', ( #6505 ), #2617 ) ;
#5485 = AXIS2_PLACEMENT_3D ( 'NONE', #4635, #125, #7184 ) ;
#5486 = VERTEX_POINT ( 'NONE', #3953 ) ;
#5487 = FACE_OUTER_BOUND ( 'NONE', #159, .T. ) ;
#5488 = CARTESIAN_POINT ( 'NONE',  ( 0.000000000000000000, 0.000000000000000000, 2.299999999999999822 ) ) ;
#5489 = PLANE ( 'NONE',  #2959 ) ;
#5490 =( NAMED_UNIT ( * ) SI_UNIT ( $, .STERADIAN. ) SOLID_ANGLE_UNIT ( ) );
#5491 = DIRECTION ( 'NONE',  ( 0.000000000000000000, 0.000000000000000000, 1.000000000000000000 ) ) ;
#5492 = ORIENTED_EDGE ( 'NONE', *, *, #2666, .T. ) ;
#5493 = ORIENTED_EDGE ( 'NONE', *, *, #1127, .F. ) ;
#5494 = MECHANICAL_DESIGN_GEOMETRIC_PRESENTATION_REPRESENTATION (  '', ( #2261 ), #573 ) ;
#5495 = PRESENTATION_STYLE_ASSIGNMENT (( #7338 ) ) ;
#5496 = DIRECTION ( 'NONE',  ( 0.000000000000000000, -0.000000000000000000, -1.000000000000000000 ) ) ;
#5497 =( NAMED_UNIT ( * ) PLANE_ANGLE_UNIT ( ) SI_UNIT ( $, .RADIAN. ) );
#5498 =( NAMED_UNIT ( * ) PLANE_ANGLE_UNIT ( ) SI_UNIT ( $, .RADIAN. ) );
#5499 = VECTOR ( 'NONE', #7064, 1000.000000000000000 ) ;
#5500 = VERTEX_POINT ( 'NONE', #7245 ) ;
#5501 = ORIENTED_EDGE ( 'NONE', *, *, #4240, .T. ) ;
#5502 = LINE ( 'NONE', #2646, #1888 ) ;
#5503 = CARTESIAN_POINT ( 'NONE',  ( 4.500000000000000888, 0.000000000000000000, 2.999999999999999556 ) ) ;
#5504 = DIRECTION ( 'NONE',  ( 0.000000000000000000, -1.000000000000000000, 0.000000000000000000 ) ) ;
#5505 = CARTESIAN_POINT ( 'NONE',  ( 4.500000000000000888, 0.5900000000000000799, 3.510000000000000675 ) ) ;
#5506 = EDGE_CURVE ( 'NONE', #4632, #3689, #2656, .T. ) ;
#5507 = ORIENTED_EDGE ( 'NONE', *, *, #7269, .F. ) ;
#5508 = SURFACE_SIDE_STYLE ('',( #3295 ) ) ;
#5509 = CARTESIAN_POINT ( 'NONE',  ( -2.769999999999999130, -0.02000000000000000042, 5.749999999999999112 ) ) ;
#5510 = LINE ( 'NONE', #3680, #3991 ) ;
#5511 = CARTESIAN_POINT ( 'NONE',  ( 5.204170427930446921E-16, 0.000000000000000000, 0.6000000000000028644 ) ) ;
#5512 = DIRECTION ( 'NONE',  ( -1.000000000000000000, 0.000000000000000000, 0.000000000000000000 ) ) ;
#5513 = EDGE_CURVE ( 'NONE', #6781, #2595, #4468, .T. ) ;
#5514 = ADVANCED_FACE ( 'NONE', ( #5548 ), #1060, .T. ) ;
#5515 = ORIENTED_EDGE ( 'NONE', *, *, #7176, .F. ) ;
#5516 = STYLED_ITEM ( 'NONE', ( #5363 ), #7424 ) ;
#5517 = FACE_OUTER_BOUND ( 'NONE', #6373, .T. ) ;
#5518 = UNCERTAINTY_MEASURE_WITH_UNIT (LENGTH_MEASURE( 1.000000000000000082E-05 ), #3612, 'distance_accuracy_value', 'NONE');
#5519 = VERTEX_POINT ( 'NONE', #583 ) ;
#5520 = FILL_AREA_STYLE ('',( #2704 ) ) ;
#5521 = UNCERTAINTY_MEASURE_WITH_UNIT (LENGTH_MEASURE( 1.000000000000000082E-05 ), #6105, 'distance_accuracy_value', 'NONE');
#5522 = PLANE ( 'NONE',  #153 ) ;
#5523 = DIRECTION ( 'NONE',  ( 1.000000000000000000, 0.000000000000000000, 0.000000000000000000 ) ) ;
#5524 = CIRCLE ( 'NONE', #1433, 0.2399999999999999911 ) ;
#5525 = DIRECTION ( 'NONE',  ( -1.000000000000000000, 0.000000000000000000, -0.000000000000000000 ) ) ;
#5526 = PRESENTATION_LAYER_ASSIGNMENT (  '', '', ( #601 ) ) ;
#5527 = AXIS2_PLACEMENT_3D ( 'NONE', #2314, #5710, #6576 ) ;
#5528 = ORIENTED_EDGE ( 'NONE', *, *, #5368, .T. ) ;
#5529 = EDGE_LOOP ( 'NONE', ( #540, #1724, #1145, #3221, #3667, #4560, #4771 ) ) ;
#5530 =( NAMED_UNIT ( * ) PLANE_ANGLE_UNIT ( ) SI_UNIT ( $, .RADIAN. ) );
#5531 = SURFACE_STYLE_USAGE ( .BOTH. , #6626 ) ;
#5532 =( NAMED_UNIT ( * ) SI_UNIT ( $, .STERADIAN. ) SOLID_ANGLE_UNIT ( ) );
#5533 =( NAMED_UNIT ( * ) SI_UNIT ( $, .STERADIAN. ) SOLID_ANGLE_UNIT ( ) );
#5534 = EDGE_CURVE ( 'NONE', #7139, #7412, #4682, .T. ) ;
#5535 = VECTOR ( 'NONE', #3604, 1000.000000000000000 ) ;
#5536 = ORIENTED_EDGE ( 'NONE', *, *, #6852, .F. ) ;
#5537 = ORIENTED_EDGE ( 'NONE', *, *, #2811, .F. ) ;
#5538 = LINE ( 'NONE', #4496, #7291 ) ;
#5539 = VECTOR ( 'NONE', #6174, 1000.000000000000000 ) ;
#5540 = DIRECTION ( 'NONE',  ( -0.000000000000000000, -1.000000000000000000, -0.000000000000000000 ) ) ;
#5541 = CARTESIAN_POINT ( 'NONE',  ( 0.9500000000000011768, -0.02000000000000000042, 0.000000000000000000 ) ) ;
#5542 = CYLINDRICAL_SURFACE ( 'NONE', #5347, 0.2300000000000001765 ) ;
#5543 = PRESENTATION_LAYER_ASSIGNMENT (  '', '', ( #1332 ) ) ;
#5544 =( NAMED_UNIT ( * ) PLANE_ANGLE_UNIT ( ) SI_UNIT ( $, .RADIAN. ) );
#5545 = EDGE_LOOP ( 'NONE', ( #4476, #5899, #1734, #1371, #2320, #2710 ) ) ;
#5546 = MECHANICAL_DESIGN_GEOMETRIC_PRESENTATION_REPRESENTATION (  '', ( #3628 ), #3047 ) ;
#5547 = FILL_AREA_STYLE ('',( #4389 ) ) ;
#5548 = FACE_OUTER_BOUND ( 'NONE', #2546, .T. ) ;
#5549 = LINE ( 'NONE', #1028, #4689 ) ;
#5550 = LINE ( 'NONE', #7322, #6420 ) ;
#5551 = COLOUR_RGB ( '',0.9686274509803921573, 0.8784313725490195957, 0.5999999999999999778 ) ;
#5552 = CIRCLE ( 'NONE', #4937, 0.3399999999999998024 ) ;
#5553 = ORIENTED_EDGE ( 'NONE', *, *, #5924, .T. ) ;
#5554 = CARTESIAN_POINT ( 'NONE',  ( 0.000000000000000000, -0.02000000000000000042, 0.000000000000000000 ) ) ;
#5555 = ADVANCED_FACE ( 'NONE', ( #619 ), #699, .F. ) ;
#5556 = EDGE_CURVE ( 'NONE', #1493, #1649, #2385, .T. ) ;
#5557 = ORIENTED_EDGE ( 'NONE', *, *, #705, .F. ) ;
#5558 = CYLINDRICAL_SURFACE ( 'NONE', #7388, 0.2399999999999999911 ) ;
#5559 =( GEOMETRIC_REPRESENTATION_CONTEXT ( 3 ) GLOBAL_UNCERTAINTY_ASSIGNED_CONTEXT ( ( #2372 ) ) GLOBAL_UNIT_ASSIGNED_CONTEXT ( ( #3589, #5905, #1318 ) ) REPRESENTATION_CONTEXT ( 'NONE', 'WORKASPACE' ) );
#5560 = LINE ( 'NONE', #2101, #4957 ) ;
#5561 = DIRECTION ( 'NONE',  ( -0.000000000000000000, 0.000000000000000000, 1.000000000000000000 ) ) ;
#5562 = EDGE_LOOP ( 'NONE', ( #1236, #1526, #3856, #1500 ) ) ;
#5563 = VERTEX_POINT ( 'NONE', #6285 ) ;
#5564 = CYLINDRICAL_SURFACE ( 'NONE', #7062, 0.2399999999999999911 ) ;
#5565 = PLANE ( 'NONE',  #5747 ) ;
#5566 = DIRECTION ( 'NONE',  ( 0.000000000000000000, 0.000000000000000000, -1.000000000000000000 ) ) ;
#5567 = CARTESIAN_POINT ( 'NONE',  ( 0.000000000000000000, 0.5799999999999999600, 5.749999999999999112 ) ) ;
#5568 = SURFACE_STYLE_USAGE ( .BOTH. , #5937 ) ;
#5569 =( GEOMETRIC_REPRESENTATION_CONTEXT ( 3 ) GLOBAL_UNCERTAINTY_ASSIGNED_CONTEXT ( ( #3060 ) ) GLOBAL_UNIT_ASSIGNED_CONTEXT ( ( #6188, #5735, #6257 ) ) REPRESENTATION_CONTEXT ( 'NONE', 'WORKASPACE' ) );
#5570 = FACE_OUTER_BOUND ( 'NONE', #1897, .T. ) ;
#5571 = MECHANICAL_DESIGN_GEOMETRIC_PRESENTATION_REPRESENTATION (  '', ( #3659 ), #1003 ) ;
#5572 = VERTEX_POINT ( 'NONE', #2325 ) ;
#5573 = EDGE_CURVE ( 'NONE', #3203, #4691, #5242, .T. ) ;
#5574 = VERTEX_POINT ( 'NONE', #6868 ) ;
#5575 = COLOUR_RGB ( '',0.000000000000000000, 0.5647058823529411686, 0.09803921568627450844 ) ;
#5576 = DIRECTION ( 'NONE',  ( 0.000000000000000000, 0.000000000000000000, 1.000000000000000000 ) ) ;
#5577 = CARTESIAN_POINT ( 'NONE',  ( -2.669999999999999041, 0.5799999999999999600, 5.749999999999999112 ) ) ;
#5578 =( NAMED_UNIT ( * ) SI_UNIT ( $, .STERADIAN. ) SOLID_ANGLE_UNIT ( ) );
#5579 = PRESENTATION_STYLE_ASSIGNMENT (( #4891 ) ) ;
#5580 = FILL_AREA_STYLE_COLOUR ( '', #403 ) ;
#5581 = ORIENTED_EDGE ( 'NONE', *, *, #2296, .F. ) ;
#5582 = FILL_AREA_STYLE ('',( #468 ) ) ;
#5583 = CARTESIAN_POINT ( 'NONE',  ( -4.500000000000014211, 0.5900000000000000799, 0.2500000000000002220 ) ) ;
#5584 = CARTESIAN_POINT ( 'NONE',  ( 4.500000000000025757, -0.02000000000000000042, 1.100000000000000311 ) ) ;
#5585 = SURFACE_STYLE_FILL_AREA ( #956 ) ;
#5586 = AXIS2_PLACEMENT_3D ( 'NONE', #3946, #4499, #2649 ) ;
#5587 = CARTESIAN_POINT ( 'NONE',  ( -4.499999999999999112, 0.5799999999999999600, 0.000000000000000000 ) ) ;
#5588 = ORIENTED_EDGE ( 'NONE', *, *, #4057, .T. ) ;
#5589 = MECHANICAL_DESIGN_GEOMETRIC_PRESENTATION_REPRESENTATION (  '', ( #3812 ), #4527 ) ;
#5590 = LINE ( 'NONE', #448, #1850 ) ;
#5591 = FILL_AREA_STYLE_COLOUR ( '', #5697 ) ;
#5592 = EDGE_CURVE ( 'NONE', #2014, #3866, #6395, .T. ) ;
#5593 = EDGE_CURVE ( 'NONE', #4294, #4117, #5197, .T. ) ;
#5594 = VECTOR ( 'NONE', #2601, 1000.000000000000000 ) ;
#5595 =( GEOMETRIC_REPRESENTATION_CONTEXT ( 3 ) GLOBAL_UNCERTAINTY_ASSIGNED_CONTEXT ( ( #2581 ) ) GLOBAL_UNIT_ASSIGNED_CONTEXT ( ( #4812, #4098, #5873 ) ) REPRESENTATION_CONTEXT ( 'NONE', 'WORKASPACE' ) );
#5596 = ORIENTED_EDGE ( 'NONE', *, *, #2541, .T. ) ;
#5597 = VERTEX_POINT ( 'NONE', #4065 ) ;
#5598 = CARTESIAN_POINT ( 'NONE',  ( 4.500000000000027534, -0.02000000000000000042, 1.450000000000000400 ) ) ;
#5599 = CARTESIAN_POINT ( 'NONE',  ( -4.500000000000038192, -0.02000000000000000042, 0.5999999999999989786 ) ) ;
#5600 = STYLED_ITEM ( 'NONE', ( #4955 ), #2641 ) ;
#5601 = EDGE_CURVE ( 'NONE', #1593, #4149, #2352, .T. ) ;
#5602 = EDGE_CURVE ( 'NONE', #6967, #329, #1824, .T. ) ;
#5603 = ORIENTED_EDGE ( 'NONE', *, *, #4291, .F. ) ;
#5604 = ORIENTED_EDGE ( 'NONE', *, *, #5434, .T. ) ;
#5605 = CARTESIAN_POINT ( 'NONE',  ( -4.000000000000000000, 0.5799999999999999600, -1.430000000000000604 ) ) ;
#5606 = FILL_AREA_STYLE_COLOUR ( '', #5280 ) ;
#5607 = CARTESIAN_POINT ( 'NONE',  ( 1.800000000000000711, 0.5900000000000000799, 5.749999999999999112 ) ) ;
#5608 = PLANE ( 'NONE',  #740 ) ;
#5609 =( NAMED_UNIT ( * ) PLANE_ANGLE_UNIT ( ) SI_UNIT ( $, .RADIAN. ) );
#5610 = CARTESIAN_POINT ( 'NONE',  ( -4.500000000000018652, 0.5900000000000000799, -0.9499999999999995115 ) ) ;
#5611 = CIRCLE ( 'NONE', #1044, 0.2399999999999999911 ) ;
#5612 = EDGE_CURVE ( 'NONE', #1224, #1650, #6946, .T. ) ;
#5613 = ORIENTED_EDGE ( 'NONE', *, *, #6055, .F. ) ;
#5614 = CARTESIAN_POINT ( 'NONE',  ( -0.8299999999999987388, -0.02000000000000000042, 5.749999999999999112 ) ) ;
#5615 = CARTESIAN_POINT ( 'NONE',  ( -4.500000000000007994, 0.5900000000000000799, 1.210000000000000631 ) ) ;
#5616 = PRESENTATION_STYLE_ASSIGNMENT (( #1709 ) ) ;
#5617 = DIRECTION ( 'NONE',  ( 0.000000000000000000, 1.000000000000000000, 0.000000000000000000 ) ) ;
#5618 = SURFACE_STYLE_USAGE ( .BOTH. , #3188 ) ;
#5619 = AXIS2_PLACEMENT_3D ( 'NONE', #1183, #5765, #3529 ) ;
#5620 = FACE_OUTER_BOUND ( 'NONE', #3311, .T. ) ;
#5621 = ORIENTED_EDGE ( 'NONE', *, *, #4378, .F. ) ;
#5622 =( LENGTH_UNIT ( ) NAMED_UNIT ( * ) SI_UNIT ( .MILLI., .METRE. ) );
#5623 = VERTEX_POINT ( 'NONE', #3002 ) ;
#5624 = ORIENTED_EDGE ( 'NONE', *, *, #5506, .T. ) ;
#5625 = PLANE ( 'NONE',  #7427 ) ;
#5626 = DIRECTION ( 'NONE',  ( 0.000000000000000000, -1.000000000000000000, 0.000000000000000000 ) ) ;
#5627 = DIRECTION ( 'NONE',  ( -1.000000000000000000, 0.000000000000000000, -0.000000000000000000 ) ) ;
#5628 = ORIENTED_EDGE ( 'NONE', *, *, #1165, .T. ) ;
#5629 = PRESENTATION_LAYER_ASSIGNMENT (  '', '', ( #3875 ) ) ;
#5630 = VERTEX_POINT ( 'NONE', #5275 ) ;
#5631 = SURFACE_STYLE_FILL_AREA ( #2341 ) ;
#5632 = CARTESIAN_POINT ( 'NONE',  ( 0.000000000000000000, -0.02000000000000000042, 2.299999999999999822 ) ) ;
#5633 = EDGE_CURVE ( 'NONE', #2837, #3134, #4261, .T. ) ;
#5634 = FILL_AREA_STYLE ('',( #3364 ) ) ;
#5635 = EDGE_CURVE ( 'NONE', #2702, #3689, #4814, .T. ) ;
#5636 = LINE ( 'NONE', #1697, #4927 ) ;
#5637 = DIRECTION ( 'NONE',  ( -0.000000000000000000, -1.000000000000000000, -0.000000000000000000 ) ) ;
#5638 = VECTOR ( 'NONE', #5088, 1000.000000000000000 ) ;
#5639 = ORIENTED_EDGE ( 'NONE', *, *, #1375, .F. ) ;
#5640 = LINE ( 'NONE', #3791, #6071 ) ;
#5641 = PRESENTATION_LAYER_ASSIGNMENT (  '', '', ( #4698 ) ) ;
#5642 = CARTESIAN_POINT ( 'NONE',  ( 0.000000000000000000, -0.02000000000000000042, 0.000000000000000000 ) ) ;
#5643 = SURFACE_STYLE_FILL_AREA ( #6832 ) ;
#5644 = FACE_OUTER_BOUND ( 'NONE', #1782, .T. ) ;
#5645 = LINE ( 'NONE', #30, #6360 ) ;
#5646 = CARTESIAN_POINT ( 'NONE',  ( -2.149999999999999023, -0.02000000000000000042, 5.749999999999999112 ) ) ;
#5647 = AXIS2_PLACEMENT_3D ( 'NONE', #1009, #3315, #3431 ) ;
#5648 = MECHANICAL_DESIGN_GEOMETRIC_PRESENTATION_REPRESENTATION (  '', ( #4118 ), #973 ) ;
#5649 =( NAMED_UNIT ( * ) PLANE_ANGLE_UNIT ( ) SI_UNIT ( $, .RADIAN. ) );
#5650 =( LENGTH_UNIT ( ) NAMED_UNIT ( * ) SI_UNIT ( .MILLI., .METRE. ) );
#5651 = UNCERTAINTY_MEASURE_WITH_UNIT (LENGTH_MEASURE( 1.000000000000000082E-05 ), #3347, 'distance_accuracy_value', 'NONE');
#5652 = ORIENTED_EDGE ( 'NONE', *, *, #1435, .F. ) ;
#5653 = EDGE_CURVE ( 'NONE', #4864, #4754, #1050, .T. ) ;
#5654 = DIRECTION ( 'NONE',  ( 0.000000000000000000, 0.000000000000000000, 1.000000000000000000 ) ) ;
#5655 = VECTOR ( 'NONE', #831, 1000.000000000000000 ) ;
#5656 = PRESENTATION_LAYER_ASSIGNMENT (  '', '', ( #1464 ) ) ;
#5657 = ORIENTED_EDGE ( 'NONE', *, *, #3234, .F. ) ;
#5658 = PRESENTATION_LAYER_ASSIGNMENT (  '', '', ( #1221 ) ) ;
#5659 =( LENGTH_UNIT ( ) NAMED_UNIT ( * ) SI_UNIT ( .MILLI., .METRE. ) );
#5660 = VERTEX_POINT ( 'NONE', #6019 ) ;
#5661 = CARTESIAN_POINT ( 'NONE',  ( 0.8300000000000008482, -0.02000000000000000042, 5.749999999999999112 ) ) ;
#5662 = CARTESIAN_POINT ( 'NONE',  ( -0.8299999999999987388, 0.5900000000000000799, 5.749999999999999112 ) ) ;
#5663 = CARTESIAN_POINT ( 'NONE',  ( -3.500000000000037748, -0.02000000000000000042, 0.5999999999999998668 ) ) ;
#5664 = MECHANICAL_DESIGN_GEOMETRIC_PRESENTATION_REPRESENTATION (  '', ( #2927 ), #3408 ) ;
#5665 = ORIENTED_EDGE ( 'NONE', *, *, #3358, .F. ) ;
#5666 = VERTEX_POINT ( 'NONE', #1937 ) ;
#5667 = SURFACE_SIDE_STYLE ('',( #5631 ) ) ;
#5668 = VECTOR ( 'NONE', #2066, 1000.000000000000000 ) ;
#5669 = DIRECTION ( 'NONE',  ( 0.000000000000000000, 0.000000000000000000, -1.000000000000000000 ) ) ;
#5670 = SURFACE_STYLE_FILL_AREA ( #4536 ) ;
#5671 = PRESENTATION_STYLE_ASSIGNMENT (( #3980 ) ) ;
#5672 = LINE ( 'NONE', #6786, #5293 ) ;
#5673 = LINE ( 'NONE', #6899, #4994 ) ;
#5674 = LINE ( 'NONE', #538, #3056 ) ;
#5675 = STYLED_ITEM ( 'NONE', ( #1838 ), #4021 ) ;
#5676 = EDGE_CURVE ( 'NONE', #2702, #5730, #3595, .T. ) ;
#5677 = ADVANCED_FACE ( 'NONE', ( #321 ), #5341, .T. ) ;
#5678 = ORIENTED_EDGE ( 'NONE', *, *, #1376, .T. ) ;
#5679 = ORIENTED_EDGE ( 'NONE', *, *, #4938, .T. ) ;
#5680 = SURFACE_STYLE_USAGE ( .BOTH. , #5719 ) ;
#5681 = DIRECTION ( 'NONE',  ( 1.000000000000000000, 0.000000000000000000, 0.000000000000000000 ) ) ;
#5682 = CARTESIAN_POINT ( 'NONE',  ( -2.999999999999998668, 0.5799999999999999600, 5.749999999999999112 ) ) ;
#5683 = CARTESIAN_POINT ( 'NONE',  ( 0.000000000000000000, 0.5900000000000000799, 0.000000000000000000 ) ) ;
#5684 = DIRECTION ( 'NONE',  ( 1.000000000000000000, 0.000000000000000000, 0.000000000000000000 ) ) ;
#5685 = UNCERTAINTY_MEASURE_WITH_UNIT (LENGTH_MEASURE( 1.000000000000000082E-05 ), #4537, 'distance_accuracy_value', 'NONE');
#5686 = EDGE_CURVE ( 'NONE', #5396, #5892, #7201, .T. ) ;
#5687 = SURFACE_STYLE_FILL_AREA ( #3417 ) ;
#5688 =( NAMED_UNIT ( * ) SI_UNIT ( $, .STERADIAN. ) SOLID_ANGLE_UNIT ( ) );
#5689 = ORIENTED_EDGE ( 'NONE', *, *, #2308, .T. ) ;
#5690 = DIRECTION ( 'NONE',  ( -0.000000000000000000, -1.000000000000000000, -0.000000000000000000 ) ) ;
#5691 = SURFACE_SIDE_STYLE ('',( #4041 ) ) ;
#5692 = MECHANICAL_DESIGN_GEOMETRIC_PRESENTATION_REPRESENTATION (  '', ( #190 ), #7149 ) ;
#5693 = PRESENTATION_LAYER_ASSIGNMENT (  '', '', ( #7053 ) ) ;
#5694 = STYLED_ITEM ( 'NONE', ( #4793 ), #738 ) ;
#5695 = EDGE_CURVE ( 'NONE', #4744, #4794, #2499, .T. ) ;
#5696 = ORIENTED_EDGE ( 'NONE', *, *, #5014, .F. ) ;
#5697 = COLOUR_RGB ( '',0.9686274509803921573, 0.8784313725490195957, 0.5999999999999999778 ) ;
#5698 = DIRECTION ( 'NONE',  ( -0.000000000000000000, 1.000000000000000000, -0.000000000000000000 ) ) ;
#5699 = VECTOR ( 'NONE', #779, 1000.000000000000000 ) ;
#5700 = VERTEX_POINT ( 'NONE', #5913 ) ;
#5701 = DIRECTION ( 'NONE',  ( -0.000000000000000000, -1.000000000000000000, -0.000000000000000000 ) ) ;
#5702 = CARTESIAN_POINT ( 'NONE',  ( 1.450000000000000844, 0.000000000000000000, -0.000000000000000000 ) ) ;
#5703 =( NAMED_UNIT ( * ) PLANE_ANGLE_UNIT ( ) SI_UNIT ( $, .RADIAN. ) );
#5704 = LINE ( 'NONE', #2800, #4161 ) ;
#5705 = SURFACE_SIDE_STYLE ('',( #2833 ) ) ;
#5706 =( LENGTH_UNIT ( ) NAMED_UNIT ( * ) SI_UNIT ( .MILLI., .METRE. ) );
#5707 =( GEOMETRIC_REPRESENTATION_CONTEXT ( 3 ) GLOBAL_UNCERTAINTY_ASSIGNED_CONTEXT ( ( #338 ) ) GLOBAL_UNIT_ASSIGNED_CONTEXT ( ( #6557, #1902, #1866 ) ) REPRESENTATION_CONTEXT ( 'NONE', 'WORKASPACE' ) );
#5708 = VERTEX_POINT ( 'NONE', #734 ) ;
#5709 = VERTEX_POINT ( 'NONE', #3714 ) ;
#5710 = DIRECTION ( 'NONE',  ( -0.000000000000000000, -1.000000000000000000, 0.000000000000000000 ) ) ;
#5711 = STYLED_ITEM ( 'NONE', ( #2653 ), #4625 ) ;
#5712 = CIRCLE ( 'NONE', #7292, 0.3399999999999998024 ) ;
#5713 = VECTOR ( 'NONE', #6077, 1000.000000000000000 ) ;
#5714 = CYLINDRICAL_SURFACE ( 'NONE', #4172, 0.2399999999999999911 ) ;
#5715 = DIRECTION ( 'NONE',  ( -1.000000000000000000, 0.000000000000000000, 0.000000000000000000 ) ) ;
#5716 = COLOUR_RGB ( '',0.9686274509803921573, 0.8784313725490195957, 0.5999999999999999778 ) ;
#5717 = ORIENTED_EDGE ( 'NONE', *, *, #2972, .F. ) ;
#5718 = ORIENTED_EDGE ( 'NONE', *, *, #5772, .T. ) ;
#5719 = SURFACE_SIDE_STYLE ('',( #4649 ) ) ;
#5720 = PRESENTATION_STYLE_ASSIGNMENT (( #1177 ) ) ;
#5721 = SURFACE_STYLE_FILL_AREA ( #7431 ) ;
#5722 = PRESENTATION_STYLE_ASSIGNMENT (( #3040 ) ) ;
#5723 = FILL_AREA_STYLE_COLOUR ( '', #6003 ) ;
#5724 = COLOUR_RGB ( '',0.9686274509803921573, 0.8784313725490195957, 0.5999999999999999778 ) ;
#5725 = ADVANCED_FACE ( 'NONE', ( #809 ), #5309, .F. ) ;
#5726 = DIRECTION ( 'NONE',  ( 0.000000000000000000, 0.000000000000000000, 1.000000000000000000 ) ) ;
#5727 = SURFACE_STYLE_USAGE ( .BOTH. , #5203 ) ;
#5728 = AXIS2_PLACEMENT_3D ( 'NONE', #2695, #2091, #1635 ) ;
#5729 = CARTESIAN_POINT ( 'NONE',  ( 4.500000000000002665, -0.02000000000000000042, 3.610000000000000320 ) ) ;
#5730 = VERTEX_POINT ( 'NONE', #6785 ) ;
#5731 = DIRECTION ( 'NONE',  ( 1.000000000000000000, 0.000000000000000000, -1.338521200599388434E-16 ) ) ;
#5732 = SURFACE_STYLE_USAGE ( .BOTH. , #1795 ) ;
#5733 = EDGE_CURVE ( 'NONE', #6877, #5455, #2687, .T. ) ;
#5734 = EDGE_CURVE ( 'NONE', #1391, #1887, #2807, .T. ) ;
#5735 =( NAMED_UNIT ( * ) PLANE_ANGLE_UNIT ( ) SI_UNIT ( $, .RADIAN. ) );
#5736 = ORIENTED_EDGE ( 'NONE', *, *, #4948, .T. ) ;
#5737 = UNCERTAINTY_MEASURE_WITH_UNIT (LENGTH_MEASURE( 1.000000000000000082E-05 ), #6277, 'distance_accuracy_value', 'NONE');
#5738 = ORIENTED_EDGE ( 'NONE', *, *, #7354, .F. ) ;
#5739 = PRESENTATION_STYLE_ASSIGNMENT (( #1767 ) ) ;
#5740 = PLANE ( 'NONE',  #4095 ) ;
#5741 = DIRECTION ( 'NONE',  ( 0.000000000000000000, -0.000000000000000000, 1.000000000000000000 ) ) ;
#5742 = PRESENTATION_STYLE_ASSIGNMENT (( #4564 ) ) ;
#5743 = CARTESIAN_POINT ( 'NONE',  ( 0.6000000000000010880, 0.5900000000000000799, 5.749999999999999112 ) ) ;
#5744 = MECHANICAL_DESIGN_GEOMETRIC_PRESENTATION_REPRESENTATION (  '', ( #3977 ), #3863 ) ;
#5745 = ORIENTED_EDGE ( 'NONE', *, *, #3490, .T. ) ;
#5746 = ORIENTED_EDGE ( 'NONE', *, *, #548, .T. ) ;
#5747 = AXIS2_PLACEMENT_3D ( 'NONE', #6085, #2637, #5496 ) ;
#5748 = SURFACE_STYLE_USAGE ( .BOTH. , #2381 ) ;
#5749 = CARTESIAN_POINT ( 'NONE',  ( -4.500000000000014211, 0.5900000000000000799, 0.2500000000000002220 ) ) ;
#5750 = ADVANCED_FACE ( 'NONE', ( #430 ), #5041, .F. ) ;
#5751 =( NAMED_UNIT ( * ) PLANE_ANGLE_UNIT ( ) SI_UNIT ( $, .RADIAN. ) );
#5752 = CARTESIAN_POINT ( 'NONE',  ( 4.500000000000000888, 0.5900000000000000799, 0.000000000000000000 ) ) ;
#5753 = SURFACE_STYLE_FILL_AREA ( #2993 ) ;
#5754 = STYLED_ITEM ( 'NONE', ( #228 ), #498 ) ;
#5755 = COLOUR_RGB ( '',0.9686274509803921573, 0.8784313725490195957, 0.5999999999999999778 ) ;
#5756 = ORIENTED_EDGE ( 'NONE', *, *, #2112, .T. ) ;
#5757 = ORIENTED_EDGE ( 'NONE', *, *, #2682, .F. ) ;
#5758 = CARTESIAN_POINT ( 'NONE',  ( 3.500000000000025757, 0.000000000000000000, 1.100000000000000311 ) ) ;
#5759 = DIRECTION ( 'NONE',  ( 0.000000000000000000, 1.000000000000000000, -0.000000000000000000 ) ) ;
#5760 = CARTESIAN_POINT ( 'NONE',  ( 0.000000000000000000, 1.800655561573372143, 2.299999999999999822 ) ) ;
#5761 = FILL_AREA_STYLE ('',( #1825 ) ) ;
#5762 = STYLED_ITEM ( 'NONE', ( #3008 ), #6330 ) ;
#5763 = UNCERTAINTY_MEASURE_WITH_UNIT (LENGTH_MEASURE( 1.000000000000000082E-05 ), #4051, 'distance_accuracy_value', 'NONE');
#5764 = PLANE ( 'NONE',  #2802 ) ;
#5765 = DIRECTION ( 'NONE',  ( 0.000000000000000000, 1.000000000000000000, -0.000000000000000000 ) ) ;
#5766 = ORIENTED_EDGE ( 'NONE', *, *, #4462, .F. ) ;
#5767 = CARTESIAN_POINT ( 'NONE',  ( 4.500000000000002665, 0.5900000000000000799, -3.500000000000000444 ) ) ;
#5768 =( NAMED_UNIT ( * ) PLANE_ANGLE_UNIT ( ) SI_UNIT ( $, .RADIAN. ) );
#5769 =( GEOMETRIC_REPRESENTATION_CONTEXT ( 3 ) GLOBAL_UNCERTAINTY_ASSIGNED_CONTEXT ( ( #265 ) ) GLOBAL_UNIT_ASSIGNED_CONTEXT ( ( #1438, #3249, #5951 ) ) REPRESENTATION_CONTEXT ( 'NONE', 'WORKASPACE' ) );
#5770 = AXIS2_PLACEMENT_3D ( 'NONE', #977, #7342, #6089 ) ;
#5771 = ADVANCED_FACE ( 'NONE', ( #6056 ), #1017, .F. ) ;
#5772 = EDGE_CURVE ( 'NONE', #3210, #5808, #6749, .T. ) ;
#5773 = ORIENTED_EDGE ( 'NONE', *, *, #5635, .F. ) ;
#5774 = VECTOR ( 'NONE', #649, 1000.000000000000000 ) ;
#5775 = EDGE_LOOP ( 'NONE', ( #7120, #783, #4655, #4062, #2869, #4176, #6668, #3120, #7293, #4626 ) ) ;
#5776 = MECHANICAL_DESIGN_GEOMETRIC_PRESENTATION_REPRESENTATION (  '', ( #5824 ), #271 ) ;
#5777 = DIRECTION ( 'NONE',  ( 0.000000000000000000, -1.000000000000000000, 0.000000000000000000 ) ) ;
#5778 = PRESENTATION_STYLE_ASSIGNMENT (( #2830 ) ) ;
#5779 = DIRECTION ( 'NONE',  ( -8.673617379884033500E-16, 0.000000000000000000, 1.000000000000000000 ) ) ;
#5780 = SURFACE_SIDE_STYLE ('',( #1232 ) ) ;
#5781 = DIRECTION ( 'NONE',  ( 0.000000000000000000, 0.000000000000000000, 1.000000000000000000 ) ) ;
#5782 = PRESENTATION_LAYER_ASSIGNMENT (  '', '', ( #1591 ) ) ;
#5783 = PRODUCT_RELATED_PRODUCT_CATEGORY ( 'part', '', ( #4667 ) ) ;
#5784 = ORIENTED_EDGE ( 'NONE', *, *, #2578, .T. ) ;
#5785 = ORIENTED_EDGE ( 'NONE', *, *, #4916, .T. ) ;
#5786 =( NAMED_UNIT ( * ) PLANE_ANGLE_UNIT ( ) SI_UNIT ( $, .RADIAN. ) );
#5787 = FILL_AREA_STYLE ('',( #3512 ) ) ;
#5788 = DIRECTION ( 'NONE',  ( -0.000000000000000000, -1.000000000000000000, -0.000000000000000000 ) ) ;
#5789 =( NAMED_UNIT ( * ) SI_UNIT ( $, .STERADIAN. ) SOLID_ANGLE_UNIT ( ) );
#5790 = CARTESIAN_POINT ( 'NONE',  ( 4.500000000000000888, 0.5900000000000000799, 0.000000000000000000 ) ) ;
#5791 = CARTESIAN_POINT ( 'NONE',  ( 4.500000000000014211, -0.02000000000000000042, 2.650000000000000355 ) ) ;
#5792 = DIRECTION ( 'NONE',  ( 0.000000000000000000, -1.000000000000000000, 0.000000000000000000 ) ) ;
#5793 = ADVANCED_FACE ( 'NONE', ( #1588 ), #2772, .F. ) ;
#5794 = MECHANICAL_DESIGN_GEOMETRIC_PRESENTATION_REPRESENTATION (  '', ( #4619 ), #6389 ) ;
#5795 = ORIENTED_EDGE ( 'NONE', *, *, #1339, .T. ) ;
#5796 = ORIENTED_EDGE ( 'NONE', *, *, #2503, .F. ) ;
#5797 = LINE ( 'NONE', #4063, #2970 ) ;
#5798 = DIRECTION ( 'NONE',  ( 0.000000000000000000, 1.000000000000000000, -0.000000000000000000 ) ) ;
#5799 = DIRECTION ( 'NONE',  ( 0.000000000000000000, 0.000000000000000000, 1.000000000000000000 ) ) ;
#5800 = CARTESIAN_POINT ( 'NONE',  ( 4.500000000000050626, -0.02000000000000000042, -0.7099999999999995204 ) ) ;
#5801 =( NAMED_UNIT ( * ) PLANE_ANGLE_UNIT ( ) SI_UNIT ( $, .RADIAN. ) );
#5802 = DIRECTION ( 'NONE',  ( -0.000000000000000000, -1.000000000000000000, 0.000000000000000000 ) ) ;
#5803 = CARTESIAN_POINT ( 'NONE',  ( 0.2500000000000011102, -0.02000000000000000042, 5.749999999999999112 ) ) ;
#5804 = DIRECTION ( 'NONE',  ( 0.000000000000000000, 1.000000000000000000, -0.000000000000000000 ) ) ;
#5805 =( GEOMETRIC_REPRESENTATION_CONTEXT ( 3 ) GLOBAL_UNCERTAINTY_ASSIGNED_CONTEXT ( ( #3125 ) ) GLOBAL_UNIT_ASSIGNED_CONTEXT ( ( #1031, #94, #6939 ) ) REPRESENTATION_CONTEXT ( 'NONE', 'WORKASPACE' ) );
#5806 = CARTESIAN_POINT ( 'NONE',  ( -1.799999999999998934, 0.5799999999999999600, 5.749999999999999112 ) ) ;
#5807 = PRESENTATION_STYLE_ASSIGNMENT (( #1834 ) ) ;
#5808 = VERTEX_POINT ( 'NONE', #3148 ) ;
#5809 = PRESENTATION_STYLE_ASSIGNMENT (( #3531 ) ) ;
#5810 = DIRECTION ( 'NONE',  ( -1.000000000000000000, 0.000000000000000000, -0.000000000000000000 ) ) ;
#5811 = DIRECTION ( 'NONE',  ( 0.000000000000000000, 0.000000000000000000, 1.000000000000000000 ) ) ;
#5812 = ORIENTED_EDGE ( 'NONE', *, *, #2503, .T. ) ;
#5813 = SURFACE_STYLE_USAGE ( .BOTH. , #1226 ) ;
#5814 = VERTEX_POINT ( 'NONE', #3183 ) ;
#5815 = CARTESIAN_POINT ( 'NONE',  ( -1.561251128379129146E-15, 0.000000000000000000, 1.800000000000002931 ) ) ;
#5816 = CARTESIAN_POINT ( 'NONE',  ( 0.8300000000000008482, -0.02000000000000000042, 5.749999999999999112 ) ) ;
#5817 = DIRECTION ( 'NONE',  ( -0.000000000000000000, 1.000000000000000000, -0.000000000000000000 ) ) ;
#5818 =( LENGTH_UNIT ( ) NAMED_UNIT ( * ) SI_UNIT ( .MILLI., .METRE. ) );
#5819 = EDGE_CURVE ( 'NONE', #207, #3857, #5469, .T. ) ;
#5820 = MECHANICAL_DESIGN_GEOMETRIC_PRESENTATION_REPRESENTATION (  '', ( #5464 ), #7151 ) ;
#5821 = LINE ( 'NONE', #2984, #318 ) ;
#5822 = STYLED_ITEM ( 'NONE', ( #4202 ), #5915 ) ;
#5823 = VECTOR ( 'NONE', #5097, 1000.000000000000000 ) ;
#5824 = STYLED_ITEM ( 'NONE', ( #1959 ), #2942 ) ;
#5825 = ORIENTED_EDGE ( 'NONE', *, *, #3, .F. ) ;
#5826 = EDGE_LOOP ( 'NONE', ( #1999, #1287, #7076, #6242 ) ) ;
#5827 = PRESENTATION_STYLE_ASSIGNMENT (( #3545 ) ) ;
#5828 = STYLED_ITEM ( 'NONE', ( #5015 ), #834 ) ;
#5829 = LINE ( 'NONE', #763, #855 ) ;
#5830 = DIRECTION ( 'NONE',  ( 0.000000000000000000, -0.000000000000000000, -1.000000000000000000 ) ) ;
#5831 = EDGE_CURVE ( 'NONE', #1845, #7326, #4819, .T. ) ;
#5832 = FILL_AREA_STYLE ('',( #1243 ) ) ;
#5833 = LINE ( 'NONE', #2418, #1245 ) ;
#5834 = AXIS2_PLACEMENT_3D ( 'NONE', #5607, #3475, #4019 ) ;
#5835 = ADVANCED_FACE ( 'NONE', ( #4166 ), #7129, .T. ) ;
#5836 = ORIENTED_EDGE ( 'NONE', *, *, #1883, .F. ) ;
#5837 = VECTOR ( 'NONE', #5253, 1000.000000000000000 ) ;
#5838 = ORIENTED_EDGE ( 'NONE', *, *, #6638, .F. ) ;
#5839 = DIRECTION ( 'NONE',  ( 1.000000000000000000, 0.000000000000000000, 0.000000000000000000 ) ) ;
#5840 = CARTESIAN_POINT ( 'NONE',  ( 3.350000000000000533, -0.02000000000000000042, 4.749999999999999112 ) ) ;
#5841 = FILL_AREA_STYLE_COLOUR ( '', #4432 ) ;
#5842 = DIRECTION ( 'NONE',  ( -0.000000000000000000, -1.000000000000000000, -0.000000000000000000 ) ) ;
#5843 =( NAMED_UNIT ( * ) SI_UNIT ( $, .STERADIAN. ) SOLID_ANGLE_UNIT ( ) );
#5844 = CARTESIAN_POINT ( 'NONE',  ( -1.919999999999999041, 1.779999999999999805, -5.390000000000001457 ) ) ;
#5845 = VECTOR ( 'NONE', #4422, 1000.000000000000000 ) ;
#5846 = MECHANICAL_DESIGN_GEOMETRIC_PRESENTATION_REPRESENTATION (  '', ( #2376 ), #2983 ) ;
#5847 =( LENGTH_UNIT ( ) NAMED_UNIT ( * ) SI_UNIT ( .MILLI., .METRE. ) );
#5848 = ORIENTED_EDGE ( 'NONE', *, *, #3164, .T. ) ;
#5849 = CARTESIAN_POINT ( 'NONE',  ( 0.000000000000000000, 0.5799999999999999600, 5.749999999999999112 ) ) ;
#5850 = EDGE_CURVE ( 'NONE', #4088, #1123, #3928, .T. ) ;
#5851 = LINE ( 'NONE', #5922, #3914 ) ;
#5852 = PRESENTATION_LAYER_ASSIGNMENT (  '', '', ( #1407 ) ) ;
#5853 = AXIS2_PLACEMENT_3D ( 'NONE', #4895, #6139, #4467 ) ;
#5854 = EDGE_LOOP ( 'NONE', ( #6353, #3815, #6291, #6648, #6268, #4800, #1952, #1037, #3193, #871, #4044, #1664 ) ) ;
#5855 = DIRECTION ( 'NONE',  ( 0.000000000000000000, 0.000000000000000000, -1.000000000000000000 ) ) ;
#5856 = ORIENTED_EDGE ( 'NONE', *, *, #1936, .F. ) ;
#5857 = SURFACE_SIDE_STYLE ('',( #117 ) ) ;
#5858 = LINE ( 'NONE', #1847, #7394 ) ;
#5859 = SURFACE_STYLE_USAGE ( .BOTH. , #1385 ) ;
#5860 = ORIENTED_EDGE ( 'NONE', *, *, #2709, .F. ) ;
#5861 = ORIENTED_EDGE ( 'NONE', *, *, #4378, .T. ) ;
#5862 = DIRECTION ( 'NONE',  ( -0.000000000000000000, -1.000000000000000000, 0.000000000000000000 ) ) ;
#5863 = CARTESIAN_POINT ( 'NONE',  ( -1.569999999999998952, 0.5900000000000000799, 5.749999999999999112 ) ) ;
#5864 = FILL_AREA_STYLE_COLOUR ( '', #5117 ) ;
#5865 =( NAMED_UNIT ( * ) PLANE_ANGLE_UNIT ( ) SI_UNIT ( $, .RADIAN. ) );
#5866 = SURFACE_STYLE_FILL_AREA ( #5832 ) ;
#5867 = CYLINDRICAL_SURFACE ( 'NONE', #3539, 0.2399999999999997691 ) ;
#5868 = VERTEX_POINT ( 'NONE', #5389 ) ;
#5869 = EDGE_CURVE ( 'NONE', #2282, #4661, #6561, .T. ) ;
#5870 = EDGE_CURVE ( 'NONE', #2140, #5572, #1406, .T. ) ;
#5871 = ORIENTED_EDGE ( 'NONE', *, *, #6612, .T. ) ;
#5872 =( LENGTH_UNIT ( ) NAMED_UNIT ( * ) SI_UNIT ( .MILLI., .METRE. ) );
#5873 =( NAMED_UNIT ( * ) SI_UNIT ( $, .STERADIAN. ) SOLID_ANGLE_UNIT ( ) );
#5874 = CARTESIAN_POINT ( 'NONE',  ( -1.799999999999998934, 0.5900000000000000799, 5.419999999999999041 ) ) ;
#5875 =( NAMED_UNIT ( * ) SI_UNIT ( $, .STERADIAN. ) SOLID_ANGLE_UNIT ( ) );
#5876 = FILL_AREA_STYLE_COLOUR ( '', #6489 ) ;
#5877 = DIRECTION ( 'NONE',  ( 0.000000000000000000, -1.000000000000000000, 0.000000000000000000 ) ) ;
#5878 = FACE_OUTER_BOUND ( 'NONE', #1167, .T. ) ;
#5879 = VECTOR ( 'NONE', #5945, 1000.000000000000000 ) ;
#5880 = STYLED_ITEM ( 'NONE', ( #5101 ), #595 ) ;
#5881 = FILL_AREA_STYLE ('',( #3599 ) ) ;
#5882 = MECHANICAL_DESIGN_GEOMETRIC_PRESENTATION_REPRESENTATION (  '', ( #3023 ), #1442 ) ;
#5883 = CARTESIAN_POINT ( 'NONE',  ( 4.500000000000025757, -0.02000000000000000042, 1.210000000000000187 ) ) ;
#5884 = LINE ( 'NONE', #2967, #1163 ) ;
#5885 = ORIENTED_EDGE ( 'NONE', *, *, #59, .F. ) ;
#5886 = FILL_AREA_STYLE ('',( #6985 ) ) ;
#5887 = SURFACE_STYLE_USAGE ( .BOTH. , #3572 ) ;
#5888 = EDGE_CURVE ( 'NONE', #4920, #5304, #4270, .T. ) ;
#5889 = ORIENTED_EDGE ( 'NONE', *, *, #4997, .T. ) ;
#5890 = CARTESIAN_POINT ( 'NONE',  ( 4.500000000000038192, 0.000000000000000000, 0.5999999999999989786 ) ) ;
#5891 = UNCERTAINTY_MEASURE_WITH_UNIT (LENGTH_MEASURE( 1.000000000000000082E-05 ), #5073, 'distance_accuracy_value', 'NONE');
#5892 = VERTEX_POINT ( 'NONE', #292 ) ;
#5893 = AXIS2_PLACEMENT_3D ( 'NONE', #1549, #3871, #6130 ) ;
#5894 = PRESENTATION_STYLE_ASSIGNMENT (( #6490 ) ) ;
#5895 = DIRECTION ( 'NONE',  ( 1.000000000000000000, 0.000000000000000000, -8.673617379884032514E-16 ) ) ;
#5896 = DIRECTION ( 'NONE',  ( 1.000000000000000000, -0.000000000000000000, 0.000000000000000000 ) ) ;
#5897 = PRESENTATION_LAYER_ASSIGNMENT (  '', '', ( #1822 ) ) ;
#5898 = VERTEX_POINT ( 'NONE', #4313 ) ;
#5899 = ORIENTED_EDGE ( 'NONE', *, *, #1925, .F. ) ;
#5900 = DIRECTION ( 'NONE',  ( 0.000000000000000000, 0.000000000000000000, 1.000000000000000000 ) ) ;
#5901 = CARTESIAN_POINT ( 'NONE',  ( 3.500000000000012879, -0.02000000000000000042, 3.000000000000000000 ) ) ;
#5902 = CARTESIAN_POINT ( 'NONE',  ( -5.204170427930391701E-16, -0.02000000000000000042, -0.5999999999999967581 ) ) ;
#5903 = CARTESIAN_POINT ( 'NONE',  ( 4.500000000000038192, -0.02000000000000000042, 0.4899999999999999911 ) ) ;
#5904 = VECTOR ( 'NONE', #6543, 1000.000000000000000 ) ;
#5905 =( NAMED_UNIT ( * ) PLANE_ANGLE_UNIT ( ) SI_UNIT ( $, .RADIAN. ) );
#5906 = SURFACE_STYLE_FILL_AREA ( #4884 ) ;
#5907 = AXIS2_PLACEMENT_3D ( 'NONE', #1973, #1294, #810 ) ;
#5908 = EDGE_LOOP ( 'NONE', ( #7204, #644, #2674, #6422 ) ) ;
#5909 = VERTEX_POINT ( 'NONE', #4752 ) ;
#5910 = LINE ( 'NONE', #2529, #7060 ) ;
#5911 = AXIS2_PLACEMENT_3D ( 'NONE', #1893, #4221, #1354 ) ;
#5912 = CARTESIAN_POINT ( 'NONE',  ( 3.500000000000050182, -0.02000000000000000042, -1.299999999999999600 ) ) ;
#5913 = CARTESIAN_POINT ( 'NONE',  ( 1.450000000000000844, -0.02000000000000000042, 5.749999999999999112 ) ) ;
#5914 = CARTESIAN_POINT ( 'NONE',  ( 0.000000000000000000, 0.5799999999999999600, 5.749999999999999112 ) ) ;
#5915 = ADVANCED_FACE ( 'NONE', ( #6442 ), #1402, .F. ) ;
#5916 = ADVANCED_FACE ( 'NONE', ( #3712 ), #6513, .F. ) ;
#5917 = CIRCLE ( 'NONE', #6153, 0.3399999999999998024 ) ;
#5918 = FILL_AREA_STYLE_COLOUR ( '', #223 ) ;
#5919 = EDGE_LOOP ( 'NONE', ( #3844, #6893, #2565, #6696 ) ) ;
#5920 = SURFACE_STYLE_USAGE ( .BOTH. , #3681 ) ;
#5921 = VECTOR ( 'NONE', #7186, 1000.000000000000000 ) ;
#5922 = CARTESIAN_POINT ( 'NONE',  ( 0.000000000000000000, 0.000000000000000000, 2.299999999999999822 ) ) ;
#5923 = EDGE_CURVE ( 'NONE', #1705, #4082, #7236, .T. ) ;
#5924 = EDGE_CURVE ( 'NONE', #7040, #2039, #4847, .T. ) ;
#5925 = ORIENTED_EDGE ( 'NONE', *, *, #3883, .T. ) ;
#5926 = ORIENTED_EDGE ( 'NONE', *, *, #3379, .T. ) ;
#5927 = DIRECTION ( 'NONE',  ( -0.000000000000000000, 1.000000000000000000, -0.000000000000000000 ) ) ;
#5928 = CARTESIAN_POINT ( 'NONE',  ( -0.5999999999999989786, 0.5799999999999999600, 5.749999999999999112 ) ) ;
#5929 = CARTESIAN_POINT ( 'NONE',  ( -3.500000000000012879, -0.02000000000000000042, 2.299999999999999822 ) ) ;
#5930 = PRESENTATION_STYLE_ASSIGNMENT (( #7141 ) ) ;
#5931 = ADVANCED_FACE ( 'NONE', ( #283 ), #6094, .T. ) ;
#5932 = ORIENTED_EDGE ( 'NONE', *, *, #1367, .T. ) ;
#5933 = ORIENTED_EDGE ( 'NONE', *, *, #68, .F. ) ;
#5934 = DIRECTION ( 'NONE',  ( -1.000000000000000000, 0.000000000000000000, 0.000000000000000000 ) ) ;
#5935 = CARTESIAN_POINT ( 'NONE',  ( -4.500000000000009770, 0.5900000000000000799, 1.690000000000000169 ) ) ;
#5936 =( LENGTH_UNIT ( ) NAMED_UNIT ( * ) SI_UNIT ( .MILLI., .METRE. ) );
#5937 = SURFACE_SIDE_STYLE ('',( #3664 ) ) ;
#5938 = CARTESIAN_POINT ( 'NONE',  ( 0.000000000000000000, 1.779999999999999805, 0.000000000000000000 ) ) ;
#5939 = EDGE_CURVE ( 'NONE', #419, #5123, #3246, .T. ) ;
#5940 = COLOUR_RGB ( '',0.000000000000000000, 0.5647058823529411686, 0.09803921568627450844 ) ;
#5941 =( GEOMETRIC_REPRESENTATION_CONTEXT ( 3 ) GLOBAL_UNCERTAINTY_ASSIGNED_CONTEXT ( ( #3192 ) ) GLOBAL_UNIT_ASSIGNED_CONTEXT ( ( #1719, #6838, #5174 ) ) REPRESENTATION_CONTEXT ( 'NONE', 'WORKASPACE' ) );
#5942 = VERTEX_POINT ( 'NONE', #1477 ) ;
#5943 = VERTEX_POINT ( 'NONE', #4780 ) ;
#5944 = CARTESIAN_POINT ( 'NONE',  ( 3.500000000000025757, -0.02000000000000000042, 1.100000000000000311 ) ) ;
#5945 = DIRECTION ( 'NONE',  ( -0.000000000000000000, 1.000000000000000000, -0.000000000000000000 ) ) ;
#5946 = AXIS2_PLACEMENT_3D ( 'NONE', #86, #6305, #2377 ) ;
#5947 = CARTESIAN_POINT ( 'NONE',  ( 1.800000000000000711, 0.5900000000000000799, 5.519999999999998685 ) ) ;
#5948 = PRESENTATION_LAYER_ASSIGNMENT (  '', '', ( #1632 ) ) ;
#5949 = DIRECTION ( 'NONE',  ( 0.000000000000000000, 0.000000000000000000, 1.000000000000000000 ) ) ;
#5950 =( GEOMETRIC_REPRESENTATION_CONTEXT ( 3 ) GLOBAL_UNCERTAINTY_ASSIGNED_CONTEXT ( ( #1765 ) ) GLOBAL_UNIT_ASSIGNED_CONTEXT ( ( #4834, #300, #6692 ) ) REPRESENTATION_CONTEXT ( 'NONE', 'WORKASPACE' ) );
#5951 =( NAMED_UNIT ( * ) SI_UNIT ( $, .STERADIAN. ) SOLID_ANGLE_UNIT ( ) );
#5952 = CARTESIAN_POINT ( 'NONE',  ( 4.500000000000000888, 0.5799999999999999600, 0.000000000000000000 ) ) ;
#5953 = AXIS2_PLACEMENT_3D ( 'NONE', #5986, #281, #1863 ) ;
#5954 = AXIS2_PLACEMENT_3D ( 'NONE', #7350, #5637, #6239 ) ;
#5955 = CIRCLE ( 'NONE', #6930, 0.3299999999999995715 ) ;
#5956 = FILL_AREA_STYLE ('',( #4315 ) ) ;
#5957 = VERTEX_POINT ( 'NONE', #7155 ) ;
#5958 = VECTOR ( 'NONE', #7144, 1000.000000000000000 ) ;
#5959 = VECTOR ( 'NONE', #4150, 1000.000000000000000 ) ;
#5960 = PLANE ( 'NONE',  #4035 ) ;
#5961 = VERTEX_POINT ( 'NONE', #244 ) ;
#5962 = DIRECTION ( 'NONE',  ( 1.000000000000000000, 0.000000000000000000, -0.000000000000000000 ) ) ;
#5963 = EDGE_CURVE ( 'NONE', #3161, #2765, #2008, .T. ) ;
#5964 = UNCERTAINTY_MEASURE_WITH_UNIT (LENGTH_MEASURE( 1.000000000000000082E-05 ), #2679, 'distance_accuracy_value', 'NONE');
#5965 = EDGE_CURVE ( 'NONE', #1348, #1023, #5457, .T. ) ;
#5966 = ORIENTED_EDGE ( 'NONE', *, *, #5506, .F. ) ;
#5967 = PLANE ( 'NONE',  #11 ) ;
#5968 = CARTESIAN_POINT ( 'NONE',  ( 3.500000000000025757, -0.02000000000000000042, 1.800000000000000044 ) ) ;
#5969 = UNCERTAINTY_MEASURE_WITH_UNIT (LENGTH_MEASURE( 1.000000000000000082E-05 ), #1029, 'distance_accuracy_value', 'NONE');
#5970 = FILL_AREA_STYLE_COLOUR ( '', #2288 ) ;
#5971 = PRESENTATION_STYLE_ASSIGNMENT (( #2589 ) ) ;
#5972 = CYLINDRICAL_SURFACE ( 'NONE', #3169, 0.2300000000000001765 ) ;
#5973 =( GEOMETRIC_REPRESENTATION_CONTEXT ( 3 ) GLOBAL_UNCERTAINTY_ASSIGNED_CONTEXT ( ( #1384 ) ) GLOBAL_UNIT_ASSIGNED_CONTEXT ( ( #1945, #6477, #4753 ) ) REPRESENTATION_CONTEXT ( 'NONE', 'WORKASPACE' ) );
#5974 =( NAMED_UNIT ( * ) SI_UNIT ( $, .STERADIAN. ) SOLID_ANGLE_UNIT ( ) );
#5975 = ORIENTED_EDGE ( 'NONE', *, *, #6839, .F. ) ;
#5976 = AXIS2_PLACEMENT_3D ( 'NONE', #5682, #2391, #28 ) ;
#5977 = ORIENTED_EDGE ( 'NONE', *, *, #7074, .T. ) ;
#5978 = DIRECTION ( 'NONE',  ( 0.000000000000000000, 0.000000000000000000, -1.000000000000000000 ) ) ;
#5979 = CARTESIAN_POINT ( 'NONE',  ( -3.920000000000001705, 0.5799999999999999600, -5.390000000000001457 ) ) ;
#5980 = DIRECTION ( 'NONE',  ( 0.000000000000000000, 0.000000000000000000, -1.000000000000000000 ) ) ;
#5981 = FILL_AREA_STYLE ('',( #5334 ) ) ;
#5982 =( LENGTH_UNIT ( ) NAMED_UNIT ( * ) SI_UNIT ( .MILLI., .METRE. ) );
#5983 = VERTEX_POINT ( 'NONE', #6634 ) ;
#5984 = EDGE_CURVE ( 'NONE', #2920, #4362, #910, .T. ) ;
#5985 = EDGE_LOOP ( 'NONE', ( #3997, #3036, #1703, #7429 ) ) ;
#5986 = CARTESIAN_POINT ( 'NONE',  ( 4.500000000000002665, -0.02000000000000000042, 3.850000000000000089 ) ) ;
#5987 = CARTESIAN_POINT ( 'NONE',  ( -4.500000000000039968, -0.02000000000000000042, 0.2500000000000002220 ) ) ;
#5988 = CARTESIAN_POINT ( 'NONE',  ( 0.6000000000000010880, 0.5900000000000000799, 5.419999999999999041 ) ) ;
#5989 =( LENGTH_UNIT ( ) NAMED_UNIT ( * ) SI_UNIT ( .MILLI., .METRE. ) );
#5990 = FILL_AREA_STYLE ('',( #3715 ) ) ;
#5991 = COLOUR_RGB ( '',0.9686274509803921573, 0.8784313725490195957, 0.5999999999999999778 ) ;
#5992 =( NAMED_UNIT ( * ) SI_UNIT ( $, .STERADIAN. ) SOLID_ANGLE_UNIT ( ) );
#5993 = CARTESIAN_POINT ( 'NONE',  ( 3.500000000000025757, 1.800655561573372143, 1.100000000000000311 ) ) ;
#5994 = SURFACE_SIDE_STYLE ('',( #7133 ) ) ;
#5995 = CARTESIAN_POINT ( 'NONE',  ( 2.150000000000000799, 1.800655561573372143, 4.749999999999999112 ) ) ;
#5996 = ORIENTED_EDGE ( 'NONE', *, *, #6683, .F. ) ;
#5997 = FILL_AREA_STYLE_COLOUR ( '', #5337 ) ;
#5998 = EDGE_LOOP ( 'NONE', ( #3243, #632, #4380, #1742 ) ) ;
#5999 = FILL_AREA_STYLE_COLOUR ( '', #1320 ) ;
#6000 = FILL_AREA_STYLE_COLOUR ( '', #2251 ) ;
#6001 = PRODUCT_CONTEXT ( 'NONE', #2980, 'mechanical' ) ;
#6002 = FILL_AREA_STYLE ('',( #6537 ) ) ;
#6003 = COLOUR_RGB ( '',0.000000000000000000, 0.000000000000000000, 0.5019607843137254832 ) ;
#6004 = ADVANCED_FACE ( 'NONE', ( #6273 ), #1622, .F. ) ;
#6005 = EDGE_CURVE ( 'NONE', #6903, #4178, #2769, .T. ) ;
#6006 = ORIENTED_EDGE ( 'NONE', *, *, #4727, .T. ) ;
#6007 = EDGE_LOOP ( 'NONE', ( #5145, #3826, #6631, #6043 ) ) ;
#6008 = LINE ( 'NONE', #2147, #775 ) ;
#6009 = DIRECTION ( 'NONE',  ( 2.168404344971008079E-15, 0.000000000000000000, 1.000000000000000000 ) ) ;
#6010 =( NAMED_UNIT ( * ) PLANE_ANGLE_UNIT ( ) SI_UNIT ( $, .RADIAN. ) );
#6011 = CARTESIAN_POINT ( 'NONE',  ( 1.450000000000000844, 1.800655561573372143, 4.749999999999999112 ) ) ;
#6012 = DIRECTION ( 'NONE',  ( -0.000000000000000000, 1.000000000000000000, 0.000000000000000000 ) ) ;
#6013 =( GEOMETRIC_REPRESENTATION_CONTEXT ( 3 ) GLOBAL_UNCERTAINTY_ASSIGNED_CONTEXT ( ( #5964 ) ) GLOBAL_UNIT_ASSIGNED_CONTEXT ( ( #2679, #1508, #2152 ) ) REPRESENTATION_CONTEXT ( 'NONE', 'WORKASPACE' ) );
#6014 = ORIENTED_EDGE ( 'NONE', *, *, #3307, .F. ) ;
#6015 = ORIENTED_EDGE ( 'NONE', *, *, #1223, .F. ) ;
#6016 =( NAMED_UNIT ( * ) SI_UNIT ( $, .STERADIAN. ) SOLID_ANGLE_UNIT ( ) );
#6017 = CARTESIAN_POINT ( 'NONE',  ( -3.500000000000037748, -0.02000000000000000042, -0.09999999999999982514 ) ) ;
#6018 = FACE_OUTER_BOUND ( 'NONE', #1321, .T. ) ;
#6019 = CARTESIAN_POINT ( 'NONE',  ( 0.3700000000000013833, 0.5900000000000000799, 5.749999999999999112 ) ) ;
#6020 = LINE ( 'NONE', #5460, #3623 ) ;
#6021 = PRESENTATION_STYLE_ASSIGNMENT (( #1439 ) ) ;
#6022 =( GEOMETRIC_REPRESENTATION_CONTEXT ( 3 ) GLOBAL_UNCERTAINTY_ASSIGNED_CONTEXT ( ( #6339 ) ) GLOBAL_UNIT_ASSIGNED_CONTEXT ( ( #5246, #411, #2356 ) ) REPRESENTATION_CONTEXT ( 'NONE', 'WORKASPACE' ) );
#6023 = EDGE_CURVE ( 'NONE', #3790, #6995, #3942, .T. ) ;
#6024 =( GEOMETRIC_REPRESENTATION_CONTEXT ( 3 ) GLOBAL_UNCERTAINTY_ASSIGNED_CONTEXT ( ( #4696 ) ) GLOBAL_UNIT_ASSIGNED_CONTEXT ( ( #3837, #5544, #6673 ) ) REPRESENTATION_CONTEXT ( 'NONE', 'WORKASPACE' ) );
#6025 = VERTEX_POINT ( 'NONE', #1125 ) ;
#6026 = DIRECTION ( 'NONE',  ( 1.000000000000000000, 0.000000000000000000, 0.000000000000000000 ) ) ;
#6027 = LINE ( 'NONE', #5511, #6743 ) ;
#6028 = DIRECTION ( 'NONE',  ( -0.000000000000000000, 1.000000000000000000, -0.000000000000000000 ) ) ;
#6029 = DIRECTION ( 'NONE',  ( -0.000000000000000000, -1.000000000000000000, -0.000000000000000000 ) ) ;
#6030 = MECHANICAL_DESIGN_GEOMETRIC_PRESENTATION_REPRESENTATION (  '', ( #2552 ), #6765 ) ;
#6031 = ORIENTED_EDGE ( 'NONE', *, *, #112, .F. ) ;
#6032 = AXIS2_PLACEMENT_3D ( 'NONE', #1458, #4945, #6040 ) ;
#6033 = DIRECTION ( 'NONE',  ( -5.357234264046025325E-14, 0.000000000000000000, 1.000000000000000000 ) ) ;
#6034 = UNCERTAINTY_MEASURE_WITH_UNIT (LENGTH_MEASURE( 1.000000000000000082E-05 ), #3682, 'distance_accuracy_value', 'NONE');
#6035 = ORIENTED_EDGE ( 'NONE', *, *, #2412, .T. ) ;
#6036 = PRESENTATION_STYLE_ASSIGNMENT (( #1454 ) ) ;
#6037 =( NAMED_UNIT ( * ) SI_UNIT ( $, .STERADIAN. ) SOLID_ANGLE_UNIT ( ) );
#6038 = UNCERTAINTY_MEASURE_WITH_UNIT (LENGTH_MEASURE( 1.000000000000000082E-05 ), #1736, 'distance_accuracy_value', 'NONE');
#6039 = FILL_AREA_STYLE_COLOUR ( '', #4641 ) ;
#6040 = DIRECTION ( 'NONE',  ( -1.785744754682007285E-14, 0.000000000000000000, 1.000000000000000000 ) ) ;
#6041 = VECTOR ( 'NONE', #7318, 1000.000000000000000 ) ;
#6042 = PRESENTATION_STYLE_ASSIGNMENT (( #2183 ) ) ;
#6043 = ORIENTED_EDGE ( 'NONE', *, *, #739, .F. ) ;
#6044 = ORIENTED_EDGE ( 'NONE', *, *, #2112, .F. ) ;
#6045 = FACE_OUTER_BOUND ( 'NONE', #6499, .T. ) ;
#6046 = PRESENTATION_LAYER_ASSIGNMENT (  '', '', ( #2824 ) ) ;
#6047 = EDGE_CURVE ( 'NONE', #6810, #6984, #4423, .T. ) ;
#6048 = FILL_AREA_STYLE ('',( #7339 ) ) ;
#6049 =( NAMED_UNIT ( * ) PLANE_ANGLE_UNIT ( ) SI_UNIT ( $, .RADIAN. ) );
#6050 =( LENGTH_UNIT ( ) NAMED_UNIT ( * ) SI_UNIT ( .MILLI., .METRE. ) );
#6051 = ORIENTED_EDGE ( 'NONE', *, *, #2877, .T. ) ;
#6052 = ORIENTED_EDGE ( 'NONE', *, *, #3499, .F. ) ;
#6053 = DIRECTION ( 'NONE',  ( 0.000000000000000000, 0.000000000000000000, 1.000000000000000000 ) ) ;
#6054 = DIRECTION ( 'NONE',  ( 1.000000000000000000, 0.000000000000000000, 0.000000000000000000 ) ) ;
#6055 = EDGE_CURVE ( 'NONE', #4977, #6025, #4498, .T. ) ;
#6056 = FACE_OUTER_BOUND ( 'NONE', #2088, .T. ) ;
#6057 = EDGE_CURVE ( 'NONE', #4575, #418, #1695, .T. ) ;
#6058 = DIRECTION ( 'NONE',  ( 0.000000000000000000, 0.000000000000000000, -1.000000000000000000 ) ) ;
#6059 = ORIENTED_EDGE ( 'NONE', *, *, #6942, .T. ) ;
#6060 = MECHANICAL_DESIGN_GEOMETRIC_PRESENTATION_REPRESENTATION (  '', ( #1501 ), #6916 ) ;
#6061 = STYLED_ITEM ( 'NONE', ( #1231 ), #2864 ) ;
#6062 = CARTESIAN_POINT ( 'NONE',  ( -4.500000000000038192, -0.02000000000000000042, -0.09999999999999982514 ) ) ;
#6063 = DIRECTION ( 'NONE',  ( -1.000000000000000000, 0.000000000000000000, 0.000000000000000000 ) ) ;
#6064 = CARTESIAN_POINT ( 'NONE',  ( 0.000000000000000000, -0.02000000000000000042, 2.299999999999999822 ) ) ;
#6065 = DIRECTION ( 'NONE',  ( 0.000000000000000000, 0.000000000000000000, -1.000000000000000000 ) ) ;
#6066 = SURFACE_SIDE_STYLE ('',( #6106 ) ) ;
#6067 = STYLED_ITEM ( 'NONE', ( #1608 ), #4556 ) ;
#6068 = COLOUR_RGB ( '',0.9686274509803921573, 0.8784313725490195957, 0.5999999999999999778 ) ;
#6069 = AXIS2_PLACEMENT_3D ( 'NONE', #1132, #582, #5196 ) ;
#6070 = ORIENTED_EDGE ( 'NONE', *, *, #1396, .F. ) ;
#6071 = VECTOR ( 'NONE', #922, 1000.000000000000000 ) ;
#6072 = DIRECTION ( 'NONE',  ( 0.000000000000000000, 0.000000000000000000, -1.000000000000000000 ) ) ;
#6073 = COLOUR_RGB ( '',0.9686274509803921573, 0.8784313725490195957, 0.5999999999999999778 ) ;
#6074 = EDGE_LOOP ( 'NONE', ( #6763, #3773, #5745, #4729 ) ) ;
#6075 = ADVANCED_FACE ( 'NONE', ( #983 ), #6711, .T. ) ;
#6076 = SURFACE_STYLE_FILL_AREA ( #4942 ) ;
#6077 = DIRECTION ( 'NONE',  ( 0.000000000000000000, -1.000000000000000000, 0.000000000000000000 ) ) ;
#6078 = CARTESIAN_POINT ( 'NONE',  ( 4.500000000000000888, 0.5900000000000000799, 4.190000000000000391 ) ) ;
#6079 = CIRCLE ( 'NONE', #2126, 0.3299999999999995715 ) ;
#6080 = ORIENTED_EDGE ( 'NONE', *, *, #6966, .T. ) ;
#6081 = ORIENTED_EDGE ( 'NONE', *, *, #5869, .T. ) ;
#6082 =( LENGTH_UNIT ( ) NAMED_UNIT ( * ) SI_UNIT ( .MILLI., .METRE. ) );
#6083 = STYLED_ITEM ( 'NONE', ( #2597 ), #5226 ) ;
#6084 = DIRECTION ( 'NONE',  ( 0.000000000000000000, 0.000000000000000000, 1.000000000000000000 ) ) ;
#6085 = CARTESIAN_POINT ( 'NONE',  ( 4.500000000000014211, -0.02000000000000000042, 2.650000000000000355 ) ) ;
#6086 = LINE ( 'NONE', #1507, #625 ) ;
#6087 = SURFACE_SIDE_STYLE ('',( #1541 ) ) ;
#6088 =( NAMED_UNIT ( * ) SI_UNIT ( $, .STERADIAN. ) SOLID_ANGLE_UNIT ( ) );
#6089 = DIRECTION ( 'NONE',  ( 0.000000000000000000, 0.000000000000000000, 1.000000000000000000 ) ) ;
#6090 = VECTOR ( 'NONE', #6213, 1000.000000000000000 ) ;
#6091 = EDGE_LOOP ( 'NONE', ( #594, #2849, #2006, #2413 ) ) ;
#6092 = EDGE_LOOP ( 'NONE', ( #6943, #5103, #3186, #929, #1722, #6006 ) ) ;
#6093 = DIRECTION ( 'NONE',  ( -0.000000000000000000, -1.000000000000000000, -0.000000000000000000 ) ) ;
#6094 = PLANE ( 'NONE',  #124 ) ;
#6095 = SURFACE_STYLE_FILL_AREA ( #356 ) ;
#6096 = SURFACE_SIDE_STYLE ('',( #7348 ) ) ;
#6097 = DIRECTION ( 'NONE',  ( 0.000000000000000000, 0.000000000000000000, 1.000000000000000000 ) ) ;
#6098 = CARTESIAN_POINT ( 'NONE',  ( -3.999999999999999112, 2.080000000000000071, 5.049999999999998934 ) ) ;
#6099 = DIRECTION ( 'NONE',  ( 0.000000000000000000, 0.000000000000000000, -1.000000000000000000 ) ) ;
#6100 = EDGE_CURVE ( 'NONE', #113, #375, #1798, .T. ) ;
#6101 = EDGE_CURVE ( 'NONE', #534, #2788, #1986, .T. ) ;
#6102 = ORIENTED_EDGE ( 'NONE', *, *, #4660, .T. ) ;
#6103 = DIRECTION ( 'NONE',  ( -0.000000000000000000, -1.000000000000000000, -0.000000000000000000 ) ) ;
#6104 = ORIENTED_EDGE ( 'NONE', *, *, #4139, .T. ) ;
#6105 =( LENGTH_UNIT ( ) NAMED_UNIT ( * ) SI_UNIT ( .MILLI., .METRE. ) );
#6106 = SURFACE_STYLE_FILL_AREA ( #1563 ) ;
#6107 = ORIENTED_EDGE ( 'NONE', *, *, #5434, .F. ) ;
#6108 = PRESENTATION_LAYER_ASSIGNMENT (  '', '', ( #1 ) ) ;
#6109 =( LENGTH_UNIT ( ) NAMED_UNIT ( * ) SI_UNIT ( .MILLI., .METRE. ) );
#6110 = UNCERTAINTY_MEASURE_WITH_UNIT (LENGTH_MEASURE( 1.000000000000000082E-05 ), #1907, 'distance_accuracy_value', 'NONE');
#6111 = VERTEX_POINT ( 'NONE', #1381 ) ;
#6112 = DIRECTION ( 'NONE',  ( 0.000000000000000000, -1.000000000000000000, 0.000000000000000000 ) ) ;
#6113 = SURFACE_SIDE_STYLE ('',( #6146 ) ) ;
#6114 = PRESENTATION_LAYER_ASSIGNMENT (  '', '', ( #1797 ) ) ;
#6115 = PRESENTATION_STYLE_ASSIGNMENT (( #3894 ) ) ;
#6116 = COLOUR_RGB ( '',0.9686274509803921573, 0.8784313725490195957, 0.5999999999999999778 ) ;
#6117 = PRESENTATION_LAYER_ASSIGNMENT (  '', '', ( #1065 ) ) ;
#6118 = EDGE_CURVE ( 'NONE', #607, #4845, #1737, .T. ) ;
#6119 = ORIENTED_EDGE ( 'NONE', *, *, #2069, .F. ) ;
#6120 = ORIENTED_EDGE ( 'NONE', *, *, #3923, .F. ) ;
#6121 = VECTOR ( 'NONE', #2696, 1000.000000000000000 ) ;
#6122 = VECTOR ( 'NONE', #5654, 1000.000000000000000 ) ;
#6123 = LINE ( 'NONE', #6231, #7230 ) ;
#6124 = AXIS2_PLACEMENT_3D ( 'NONE', #5683, #5165, #2206 ) ;
#6125 = ORIENTED_EDGE ( 'NONE', *, *, #4463, .T. ) ;
#6126 = ORIENTED_EDGE ( 'NONE', *, *, #387, .F. ) ;
#6127 = CARTESIAN_POINT ( 'NONE',  ( -3.500000000000050182, 0.000000000000000000, 0.000000000000000000 ) ) ;
#6128 =( NAMED_UNIT ( * ) SI_UNIT ( $, .STERADIAN. ) SOLID_ANGLE_UNIT ( ) );
#6129 = LINE ( 'NONE', #4260, #2004 ) ;
#6130 = DIRECTION ( 'NONE',  ( 1.000000000000000000, 0.000000000000000000, -0.000000000000000000 ) ) ;
#6131 = CARTESIAN_POINT ( 'NONE',  ( 1.800000000000000711, 1.800655561573372143, 5.749999999999999112 ) ) ;
#6132 = MECHANICAL_DESIGN_GEOMETRIC_PRESENTATION_REPRESENTATION (  '', ( #5050 ), #4002 ) ;
#6133 = CARTESIAN_POINT ( 'NONE',  ( -2.999999999999998668, 0.5900000000000000799, 5.749999999999999112 ) ) ;
#6134 = CIRCLE ( 'NONE', #2910, 0.3299999999999995715 ) ;
#6135 = ORIENTED_EDGE ( 'NONE', *, *, #5593, .T. ) ;
#6136 = VECTOR ( 'NONE', #4053, 1000.000000000000000 ) ;
#6137 = FACE_OUTER_BOUND ( 'NONE', #5919, .T. ) ;
#6138 = PRESENTATION_LAYER_ASSIGNMENT (  '', '', ( #4232 ) ) ;
#6139 = DIRECTION ( 'NONE',  ( 0.000000000000000000, 1.000000000000000000, 0.000000000000000000 ) ) ;
#6140 = DIRECTION ( 'NONE',  ( -2.710505431213762071E-16, -0.000000000000000000, -1.000000000000000000 ) ) ;
#6141 = SURFACE_SIDE_STYLE ('',( #882 ) ) ;
#6142 = ADVANCED_FACE ( 'NONE', ( #1813 ), #5967, .F. ) ;
#6143 = EDGE_CURVE ( 'NONE', #6822, #860, #3440, .T. ) ;
#6144 = VECTOR ( 'NONE', #5715, 1000.000000000000000 ) ;
#6145 = ORIENTED_EDGE ( 'NONE', *, *, #2184, .T. ) ;
#6146 = SURFACE_STYLE_FILL_AREA ( #5520 ) ;
#6147 = MECHANICAL_DESIGN_GEOMETRIC_PRESENTATION_REPRESENTATION (  '', ( #5192 ), #5312 ) ;
#6148 = EDGE_CURVE ( 'NONE', #5255, #1434, #3649, .T. ) ;
#6149 = ADVANCED_FACE ( 'NONE', ( #575 ), #787, .T. ) ;
#6150 = SURFACE_STYLE_FILL_AREA ( #1569 ) ;
#6151 = CARTESIAN_POINT ( 'NONE',  ( 3.500000000000037748, 0.000000000000000000, -0.09999999999999982514 ) ) ;
#6152 =( NAMED_UNIT ( * ) PLANE_ANGLE_UNIT ( ) SI_UNIT ( $, .RADIAN. ) );
#6153 = AXIS2_PLACEMENT_3D ( 'NONE', #681, #6890, #2223 ) ;
#6154 = VERTEX_POINT ( 'NONE', #4795 ) ;
#6155 = VERTEX_POINT ( 'NONE', #6534 ) ;
#6156 =( LENGTH_UNIT ( ) NAMED_UNIT ( * ) SI_UNIT ( .MILLI., .METRE. ) );
#6157 = FACE_OUTER_BOUND ( 'NONE', #2477, .T. ) ;
#6158 = ADVANCED_FACE ( 'NONE', ( #3802 ), #6649, .T. ) ;
#6159 = CARTESIAN_POINT ( 'NONE',  ( -3.500000000000050182, -0.02000000000000000042, -1.299999999999999600 ) ) ;
#6160 = FILL_AREA_STYLE_COLOUR ( '', #4242 ) ;
#6161 = MECHANICAL_DESIGN_GEOMETRIC_PRESENTATION_REPRESENTATION (  '', ( #1961 ), #4033 ) ;
#6162 = CYLINDRICAL_SURFACE ( 'NONE', #391, 0.3299999999999995715 ) ;
#6163 = CIRCLE ( 'NONE', #1365, 0.3400000000000000244 ) ;
#6164 = ORIENTED_EDGE ( 'NONE', *, *, #6896, .T. ) ;
#6165 = VERTEX_POINT ( 'NONE', #1495 ) ;
#6166 = CARTESIAN_POINT ( 'NONE',  ( -4.500000000000006217, 0.5900000000000000799, 2.990000000000000657 ) ) ;
#6167 = DIRECTION ( 'NONE',  ( 0.000000000000000000, 0.000000000000000000, -1.000000000000000000 ) ) ;
#6168 = SURFACE_STYLE_USAGE ( .BOTH. , #3979 ) ;
#6169 = EDGE_CURVE ( 'NONE', #3866, #5123, #2668, .T. ) ;
#6170 = LINE ( 'NONE', #7006, #6136 ) ;
#6171 = FILL_AREA_STYLE ('',( #2161 ) ) ;
#6172 = FILL_AREA_STYLE ('',( #5580 ) ) ;
#6173 = ORIENTED_EDGE ( 'NONE', *, *, #1923, .F. ) ;
#6174 = DIRECTION ( 'NONE',  ( -0.000000000000000000, -1.000000000000000000, -0.000000000000000000 ) ) ;
#6175 = DIRECTION ( 'NONE',  ( 0.000000000000000000, 0.000000000000000000, 1.000000000000000000 ) ) ;
#6176 =( NAMED_UNIT ( * ) SI_UNIT ( $, .STERADIAN. ) SOLID_ANGLE_UNIT ( ) );
#6177 = FILL_AREA_STYLE ('',( #3298 ) ) ;
#6178 = ADVANCED_BREP_SHAPE_REPRESENTATION ( 'RN4871-V-RM140', ( #484, #4678 ), #3362 ) ;
#6179 = VECTOR ( 'NONE', #3327, 1000.000000000000000 ) ;
#6180 = COLOUR_RGB ( '',0.9686274509803921573, 0.8784313725490195957, 0.5999999999999999778 ) ;
#6181 = AXIS2_PLACEMENT_3D ( 'NONE', #1120, #7416, #3900 ) ;
#6182 = DIRECTION ( 'NONE',  ( -0.000000000000000000, -1.000000000000000000, 0.000000000000000000 ) ) ;
#6183 = UNCERTAINTY_MEASURE_WITH_UNIT (LENGTH_MEASURE( 1.000000000000000082E-05 ), #5164, 'distance_accuracy_value', 'NONE');
#6184 = VERTEX_POINT ( 'NONE', #854 ) ;
#6185 =( GEOMETRIC_REPRESENTATION_CONTEXT ( 3 ) GLOBAL_UNCERTAINTY_ASSIGNED_CONTEXT ( ( #3965 ) ) GLOBAL_UNIT_ASSIGNED_CONTEXT ( ( #4250, #302, #2445 ) ) REPRESENTATION_CONTEXT ( 'NONE', 'WORKASPACE' ) );
#6186 = PRESENTATION_LAYER_ASSIGNMENT (  '', '', ( #4165 ) ) ;
#6187 = STYLED_ITEM ( 'NONE', ( #2612 ), #1553 ) ;
#6188 =( LENGTH_UNIT ( ) NAMED_UNIT ( * ) SI_UNIT ( .MILLI., .METRE. ) );
#6189 = VECTOR ( 'NONE', #4970, 1000.000000000000000 ) ;
#6190 =( GEOMETRIC_REPRESENTATION_CONTEXT ( 3 ) GLOBAL_UNCERTAINTY_ASSIGNED_CONTEXT ( ( #635 ) ) GLOBAL_UNIT_ASSIGNED_CONTEXT ( ( #1661, #7425, #3329 ) ) REPRESENTATION_CONTEXT ( 'NONE', 'WORKASPACE' ) );
#6191 = EDGE_CURVE ( 'NONE', #1067, #1887, #3729, .T. ) ;
#6192 = ADVANCED_FACE ( 'NONE', ( #5487 ), #5017, .T. ) ;
#6193 = ORIENTED_EDGE ( 'NONE', *, *, #907, .F. ) ;
#6194 = ORIENTED_EDGE ( 'NONE', *, *, #4997, .F. ) ;
#6195 = FILL_AREA_STYLE ('',( #4451 ) ) ;
#6196 = DIRECTION ( 'NONE',  ( 1.000000000000000000, 0.000000000000000000, 0.000000000000000000 ) ) ;
#6197 = PRESENTATION_STYLE_ASSIGNMENT (( #1616 ) ) ;
#6198 = VECTOR ( 'NONE', #6710, 1000.000000000000000 ) ;
#6199 = AXIS2_PLACEMENT_3D ( 'NONE', #5567, #5980, #423 ) ;
#6200 = SURFACE_STYLE_USAGE ( .BOTH. , #1011 ) ;
#6201 = VERTEX_POINT ( 'NONE', #1568 ) ;
#6202 = PRESENTATION_LAYER_ASSIGNMENT (  '', '', ( #2376 ) ) ;
#6203 = ORIENTED_EDGE ( 'NONE', *, *, #2997, .F. ) ;
#6204 = SURFACE_SIDE_STYLE ('',( #5079 ) ) ;
#6205 = FILL_AREA_STYLE_COLOUR ( '', #2056 ) ;
#6206 = FILL_AREA_STYLE ('',( #1739 ) ) ;
#6207 = CIRCLE ( 'NONE', #5006, 0.3299999999999995715 ) ;
#6208 = MECHANICAL_DESIGN_GEOMETRIC_PRESENTATION_REPRESENTATION (  '', ( #6582 ), #4659 ) ;
#6209 = ADVANCED_FACE ( 'NONE', ( #2753 ), #1000, .F. ) ;
#6210 = ORIENTED_EDGE ( 'NONE', *, *, #7081, .T. ) ;
#6211 = LINE ( 'NONE', #6062, #6189 ) ;
#6212 = CARTESIAN_POINT ( 'NONE',  ( 0.000000000000000000, -0.02000000000000000042, 4.749999999999999112 ) ) ;
#6213 = DIRECTION ( 'NONE',  ( -1.000000000000000000, 0.000000000000000000, 0.000000000000000000 ) ) ;
#6214 = LINE ( 'NONE', #6326, #20 ) ;
#6215 = LINE ( 'NONE', #5094, #6473 ) ;
#6216 = DIRECTION ( 'NONE',  ( 0.000000000000000000, 0.000000000000000000, 1.000000000000000000 ) ) ;
#6217 = VERTEX_POINT ( 'NONE', #4077 ) ;
#6218 = FILL_AREA_STYLE_COLOUR ( '', #2897 ) ;
#6219 = LINE ( 'NONE', #2260, #1238 ) ;
#6220 =( NAMED_UNIT ( * ) PLANE_ANGLE_UNIT ( ) SI_UNIT ( $, .RADIAN. ) );
#6221 = ORIENTED_EDGE ( 'NONE', *, *, #1418, .T. ) ;
#6222 = EDGE_LOOP ( 'NONE', ( #6706, #5925, #4941, #2874 ) ) ;
#6223 = FILL_AREA_STYLE_COLOUR ( '', #4999 ) ;
#6224 = CARTESIAN_POINT ( 'NONE',  ( 0.3700000000000013833, -0.02000000000000000042, 5.749999999999999112 ) ) ;
#6225 = DIRECTION ( 'NONE',  ( -0.000000000000000000, 1.000000000000000000, -0.000000000000000000 ) ) ;
#6226 = CARTESIAN_POINT ( 'NONE',  ( -3.500000000000050182, -0.02000000000000000042, -1.299999999999999600 ) ) ;
#6227 = SURFACE_SIDE_STYLE ('',( #4490 ) ) ;
#6228 = CARTESIAN_POINT ( 'NONE',  ( 0.000000000000000000, 0.5799999999999999600, 5.749999999999999112 ) ) ;
#6229 = AXIS2_PLACEMENT_3D ( 'NONE', #3003, #2556, #1786 ) ;
#6230 = ADVANCED_FACE ( 'NONE', ( #3461 ), #1068, .T. ) ;
#6231 = CARTESIAN_POINT ( 'NONE',  ( -3.642919299551298054E-15, 0.000000000000000000, 4.200000000000002842 ) ) ;
#6232 = EDGE_CURVE ( 'NONE', #2777, #6320, #1146, .T. ) ;
#6233 = AXIS2_PLACEMENT_3D ( 'NONE', #34, #5248, #4034 ) ;
#6234 = ORIENTED_EDGE ( 'NONE', *, *, #7278, .T. ) ;
#6235 = ORIENTED_EDGE ( 'NONE', *, *, #7005, .T. ) ;
#6236 = DIRECTION ( 'NONE',  ( 0.000000000000000000, 0.000000000000000000, 1.000000000000000000 ) ) ;
#6237 = SURFACE_STYLE_FILL_AREA ( #1087 ) ;
#6238 = DIRECTION ( 'NONE',  ( -1.000000000000000000, 0.000000000000000000, 0.000000000000000000 ) ) ;
#6239 = DIRECTION ( 'NONE',  ( 0.000000000000000000, 0.000000000000000000, -1.000000000000000000 ) ) ;
#6240 = CARTESIAN_POINT ( 'NONE',  ( -4.499999999999999112, -0.02000000000000000042, 2.299999999999999822 ) ) ;
#6241 = PRESENTATION_LAYER_ASSIGNMENT (  '', '', ( #6619 ) ) ;
#6242 = ORIENTED_EDGE ( 'NONE', *, *, #5869, .F. ) ;
#6243 = VERTEX_POINT ( 'NONE', #2215 ) ;
#6244 = FACE_OUTER_BOUND ( 'NONE', #4734, .T. ) ;
#6245 = AXIS2_PLACEMENT_3D ( 'NONE', #3631, #6397, #65 ) ;
#6246 = SURFACE_SIDE_STYLE ('',( #3449 ) ) ;
#6247 = LINE ( 'NONE', #2130, #6948 ) ;
#6248 = DIRECTION ( 'NONE',  ( -0.000000000000000000, -1.000000000000000000, -0.000000000000000000 ) ) ;
#6249 = EDGE_CURVE ( 'NONE', #4341, #4082, #628, .T. ) ;
#6250 = AXIS2_PLACEMENT_3D ( 'NONE', #5266, #1890, #692 ) ;
#6251 = AXIS2_PLACEMENT_3D ( 'NONE', #4739, #240, #4807 ) ;
#6252 = FILL_AREA_STYLE_COLOUR ( '', #2778 ) ;
#6253 = UNCERTAINTY_MEASURE_WITH_UNIT (LENGTH_MEASURE( 1.000000000000000082E-05 ), #29, 'distance_accuracy_value', 'NONE');
#6254 = ORIENTED_EDGE ( 'NONE', *, *, #4080, .F. ) ;
#6255 = PRESENTATION_STYLE_ASSIGNMENT (( #5137 ) ) ;
#6256 = DIRECTION ( 'NONE',  ( -0.000000000000000000, 1.000000000000000000, -0.000000000000000000 ) ) ;
#6257 =( NAMED_UNIT ( * ) SI_UNIT ( $, .STERADIAN. ) SOLID_ANGLE_UNIT ( ) );
#6258 = MECHANICAL_DESIGN_GEOMETRIC_PRESENTATION_REPRESENTATION (  '', ( #4014 ), #3048 ) ;
#6259 = ORIENTED_EDGE ( 'NONE', *, *, #1519, .F. ) ;
#6260 = UNCERTAINTY_MEASURE_WITH_UNIT (LENGTH_MEASURE( 1.000000000000000082E-05 ), #7282, 'distance_accuracy_value', 'NONE');
#6261 = VERTEX_POINT ( 'NONE', #2258 ) ;
#6262 = PRESENTATION_STYLE_ASSIGNMENT (( #144 ) ) ;
#6263 = CARTESIAN_POINT ( 'NONE',  ( 4.500000000000000888, 0.5799999999999999600, 0.000000000000000000 ) ) ;
#6264 = DIRECTION ( 'NONE',  ( 0.000000000000000000, 1.000000000000000000, -0.000000000000000000 ) ) ;
#6265 = PLANE ( 'NONE',  #5647 ) ;
#6266 = DIRECTION ( 'NONE',  ( -0.000000000000000000, 0.000000000000000000, 1.000000000000000000 ) ) ;
#6267 = VECTOR ( 'NONE', #6592, 1000.000000000000000 ) ;
#6268 = ORIENTED_EDGE ( 'NONE', *, *, #4427, .T. ) ;
#6269 = EDGE_CURVE ( 'NONE', #6984, #3134, #1718, .T. ) ;
#6270 = ORIENTED_EDGE ( 'NONE', *, *, #285, .T. ) ;
#6271 = SURFACE_STYLE_FILL_AREA ( #3402 ) ;
#6272 = VECTOR ( 'NONE', #343, 1000.000000000000000 ) ;
#6273 = FACE_OUTER_BOUND ( 'NONE', #6992, .T. ) ;
#6274 = LINE ( 'NONE', #2770, #1876 ) ;
#6275 = CARTESIAN_POINT ( 'NONE',  ( 3.500000000000050182, 0.000000000000000000, 0.000000000000000000 ) ) ;
#6276 = FILL_AREA_STYLE ('',( #503 ) ) ;
#6277 =( LENGTH_UNIT ( ) NAMED_UNIT ( * ) SI_UNIT ( .MILLI., .METRE. ) );
#6278 =( GEOMETRIC_REPRESENTATION_CONTEXT ( 3 ) GLOBAL_UNCERTAINTY_ASSIGNED_CONTEXT ( ( #6110 ) ) GLOBAL_UNIT_ASSIGNED_CONTEXT ( ( #1907, #2505, #776 ) ) REPRESENTATION_CONTEXT ( 'NONE', 'WORKASPACE' ) );
#6279 = PRESENTATION_LAYER_ASSIGNMENT (  '', '', ( #2094 ) ) ;
#6280 = ORIENTED_EDGE ( 'NONE', *, *, #2435, .T. ) ;
#6281 = ADVANCED_FACE ( 'NONE', ( #3422 ), #2930, .F. ) ;
#6282 = EDGE_CURVE ( 'NONE', #4149, #1845, #5206, .T. ) ;
#6283 = ORIENTED_EDGE ( 'NONE', *, *, #5819, .T. ) ;
#6284 = LINE ( 'NONE', #6212, #5112 ) ;
#6285 = CARTESIAN_POINT ( 'NONE',  ( 4.500000000000000888, 0.5900000000000000799, -1.289999999999999147 ) ) ;
#6286 = SURFACE_STYLE_FILL_AREA ( #4507 ) ;
#6287 = DIRECTION ( 'NONE',  ( 0.000000000000000000, 0.000000000000000000, 1.000000000000000000 ) ) ;
#6288 = UNCERTAINTY_MEASURE_WITH_UNIT (LENGTH_MEASURE( 1.000000000000000082E-05 ), #2017, 'distance_accuracy_value', 'NONE');
#6289 = DIRECTION ( 'NONE',  ( -0.000000000000000000, -1.000000000000000000, -0.000000000000000000 ) ) ;
#6290 = SURFACE_STYLE_FILL_AREA ( #1601 ) ;
#6291 = ORIENTED_EDGE ( 'NONE', *, *, #4153, .T. ) ;
#6292 = DIRECTION ( 'NONE',  ( 0.000000000000000000, 0.000000000000000000, 1.000000000000000000 ) ) ;
#6293 = DIRECTION ( 'NONE',  ( -0.000000000000000000, 1.000000000000000000, -0.000000000000000000 ) ) ;
#6294 = AXIS2_PLACEMENT_3D ( 'NONE', #2438, #4243, #6486 ) ;
#6295 = EDGE_CURVE ( 'NONE', #2765, #5666, #2364, .T. ) ;
#6296 = EDGE_LOOP ( 'NONE', ( #2262, #4142, #1533, #435 ) ) ;
#6297 = COLOUR_RGB ( '',0.000000000000000000, 0.5647058823529411686, 0.09803921568627450844 ) ;
#6298 = MECHANICAL_DESIGN_GEOMETRIC_PRESENTATION_REPRESENTATION (  '', ( #3805 ), #2712 ) ;
#6299 = VECTOR ( 'NONE', #1805, 1000.000000000000000 ) ;
#6300 = ORIENTED_EDGE ( 'NONE', *, *, #4830, .F. ) ;
#6301 = SURFACE_SIDE_STYLE ('',( #3392 ) ) ;
#6302 = CARTESIAN_POINT ( 'NONE',  ( -1.799999999999998934, -0.02000000000000000042, 5.749999999999999112 ) ) ;
#6303 = LINE ( 'NONE', #456, #4653 ) ;
#6304 = DIRECTION ( 'NONE',  ( 0.000000000000000000, 0.000000000000000000, -1.000000000000000000 ) ) ;
#6305 = DIRECTION ( 'NONE',  ( 0.000000000000000000, -1.000000000000000000, 0.000000000000000000 ) ) ;
#6306 = COLOUR_RGB ( '',0.9686274509803921573, 0.8784313725490195957, 0.5999999999999999778 ) ;
#6307 = VECTOR ( 'NONE', #6287, 1000.000000000000000 ) ;
#6308 = AXIS2_PLACEMENT_3D ( 'NONE', #1864, #4230, #5241 ) ;
#6309 = VERTEX_POINT ( 'NONE', #6913 ) ;
#6310 = ORIENTED_EDGE ( 'NONE', *, *, #1063, .T. ) ;
#6311 = FILL_AREA_STYLE ('',( #5154 ) ) ;
#6312 = AXIS2_PLACEMENT_3D ( 'NONE', #4671, #4120, #53 ) ;
#6313 =( NAMED_UNIT ( * ) SI_UNIT ( $, .STERADIAN. ) SOLID_ANGLE_UNIT ( ) );
#6314 = COLOUR_RGB ( '',0.9686274509803921573, 0.8784313725490195957, 0.5999999999999999778 ) ;
#6315 = CARTESIAN_POINT ( 'NONE',  ( -0.9499999999999990674, -0.02000000000000000042, 5.749999999999999112 ) ) ;
#6316 = SURFACE_STYLE_USAGE ( .BOTH. , #4541 ) ;
#6317 = CARTESIAN_POINT ( 'NONE',  ( 3.350000000000000533, 1.800655561573372143, 4.749999999999999112 ) ) ;
#6318 = CARTESIAN_POINT ( 'NONE',  ( 2.030000000000000693, 1.800655561573372143, 5.749999999999999112 ) ) ;
#6319 = PRESENTATION_LAYER_ASSIGNMENT (  '', '', ( #2134 ) ) ;
#6320 = VERTEX_POINT ( 'NONE', #6764 ) ;
#6321 = ORIENTED_EDGE ( 'NONE', *, *, #2274, .F. ) ;
#6322 = CARTESIAN_POINT ( 'NONE',  ( 0.000000000000000000, 0.5900000000000000799, 5.749999999999999112 ) ) ;
#6323 = CARTESIAN_POINT ( 'NONE',  ( 4.500000000000000888, 0.5900000000000000799, -3.850000000000000533 ) ) ;
#6324 = SURFACE_SIDE_STYLE ('',( #5721 ) ) ;
#6325 = PRESENTATION_STYLE_ASSIGNMENT (( #3558 ) ) ;
#6326 = CARTESIAN_POINT ( 'NONE',  ( 4.500000000000000888, 0.5799999999999999600, -3.750000000000000888 ) ) ;
#6327 = DIRECTION ( 'NONE',  ( 0.000000000000000000, 0.000000000000000000, 1.000000000000000000 ) ) ;
#6328 = STYLED_ITEM ( 'NONE', ( #4714 ), #5555 ) ;
#6329 = COLOUR_RGB ( '',0.9686274509803921573, 0.8784313725490195957, 0.5999999999999999778 ) ;
#6330 = ADVANCED_FACE ( 'NONE', ( #1185 ), #4512, .F. ) ;
#6331 = EDGE_CURVE ( 'NONE', #207, #7011, #130, .T. ) ;
#6332 = FACE_OUTER_BOUND ( 'NONE', #6296, .T. ) ;
#6333 = MECHANICAL_DESIGN_GEOMETRIC_PRESENTATION_REPRESENTATION (  '', ( #2267 ), #5973 ) ;
#6334 = ORIENTED_EDGE ( 'NONE', *, *, #6950, .T. ) ;
#6335 = FILL_AREA_STYLE_COLOUR ( '', #6180 ) ;
#6336 = VECTOR ( 'NONE', #6216, 1000.000000000000000 ) ;
#6337 = ORIENTED_EDGE ( 'NONE', *, *, #6951, .T. ) ;
#6338 = CARTESIAN_POINT ( 'NONE',  ( 4.500000000000000888, 0.5900000000000000799, -1.289999999999999147 ) ) ;
#6339 = UNCERTAINTY_MEASURE_WITH_UNIT (LENGTH_MEASURE( 1.000000000000000082E-05 ), #5246, 'distance_accuracy_value', 'NONE');
#6340 = ORIENTED_EDGE ( 'NONE', *, *, #6664, .F. ) ;
#6341 =( NAMED_UNIT ( * ) SI_UNIT ( $, .STERADIAN. ) SOLID_ANGLE_UNIT ( ) );
#6342 = DIRECTION ( 'NONE',  ( 0.000000000000000000, -1.000000000000000000, 0.000000000000000000 ) ) ;
#6343 = FACE_OUTER_BOUND ( 'NONE', #4, .T. ) ;
#6344 = DIRECTION ( 'NONE',  ( -0.000000000000000000, -1.000000000000000000, -0.000000000000000000 ) ) ;
#6345 = ADVANCED_FACE ( 'NONE', ( #7022 ), #2402, .T. ) ;
#6346 = ORIENTED_EDGE ( 'NONE', *, *, #6057, .T. ) ;
#6347 = ORIENTED_EDGE ( 'NONE', *, *, #757, .F. ) ;
#6348 = COLOUR_RGB ( '',0.9686274509803921573, 0.8784313725490195957, 0.5999999999999999778 ) ;
#6349 = SURFACE_SIDE_STYLE ('',( #4705 ) ) ;
#6350 = DIRECTION ( 'NONE',  ( -0.000000000000000000, -1.000000000000000000, -0.000000000000000000 ) ) ;
#6351 = CYLINDRICAL_SURFACE ( 'NONE', #6780, 0.2300000000000001765 ) ;
#6352 = COLOUR_RGB ( '',0.9686274509803921573, 0.8784313725490195957, 0.5999999999999999778 ) ;
#6353 = ORIENTED_EDGE ( 'NONE', *, *, #2738, .T. ) ;
#6354 = EDGE_LOOP ( 'NONE', ( #3491, #5926, #1130, #878, #5717, #6280, #2049, #938, #270, #945, #4257, #6235 ) ) ;
#6355 = CARTESIAN_POINT ( 'NONE',  ( 4.500000000000025757, 1.800655561573372143, 1.100000000000000311 ) ) ;
#6356 = DIRECTION ( 'NONE',  ( 0.000000000000000000, -1.000000000000000000, 0.000000000000000000 ) ) ;
#6357 = CARTESIAN_POINT ( 'NONE',  ( 0.000000000000000000, -0.02000000000000000042, 0.000000000000000000 ) ) ;
#6358 = LINE ( 'NONE', #6437, #4208 ) ;
#6359 = FILL_AREA_STYLE ('',( #5876 ) ) ;
#6360 = VECTOR ( 'NONE', #5012, 1000.000000000000000 ) ;
#6361 = DIRECTION ( 'NONE',  ( 0.000000000000000000, 0.000000000000000000, -1.000000000000000000 ) ) ;
#6362 = EDGE_CURVE ( 'NONE', #5452, #337, #6445, .T. ) ;
#6363 = ORIENTED_EDGE ( 'NONE', *, *, #6295, .T. ) ;
#6364 = SURFACE_SIDE_STYLE ('',( #4105 ) ) ;
#6365 = CARTESIAN_POINT ( 'NONE',  ( -4.500000000000018652, 0.5799999999999999600, -0.6099999999999996536 ) ) ;
#6366 = DIRECTION ( 'NONE',  ( -1.000000000000000000, 0.000000000000000000, -0.000000000000000000 ) ) ;
#6367 = VECTOR ( 'NONE', #1428, 1000.000000000000000 ) ;
#6368 = ORIENTED_EDGE ( 'NONE', *, *, #6488, .F. ) ;
#6369 = VECTOR ( 'NONE', #4917, 1000.000000000000000 ) ;
#6370 = DIRECTION ( 'NONE',  ( 0.000000000000000000, 0.000000000000000000, 1.000000000000000000 ) ) ;
#6371 = EDGE_CURVE ( 'NONE', #5500, #6550, #2904, .T. ) ;
#6372 = ADVANCED_FACE ( 'NONE', ( #181 ), #4656, .T. ) ;
#6373 = EDGE_LOOP ( 'NONE', ( #108, #1265, #4703, #685 ) ) ;
#6374 = VECTOR ( 'NONE', #6600, 1000.000000000000000 ) ;
#6375 = FILL_AREA_STYLE ('',( #1768 ) ) ;
#6376 = FILL_AREA_STYLE ('',( #5364 ) ) ;
#6377 = CARTESIAN_POINT ( 'NONE',  ( 0.000000000000000000, 0.000000000000000000, 5.749999999999999112 ) ) ;
#6378 = CARTESIAN_POINT ( 'NONE',  ( 4.500000000000000888, 0.5900000000000000799, 3.610000000000000320 ) ) ;
#6379 = MECHANICAL_DESIGN_GEOMETRIC_PRESENTATION_REPRESENTATION (  '', ( #4023 ), #4944 ) ;
#6380 = ORIENTED_EDGE ( 'NONE', *, *, #819, .F. ) ;
#6381 = ORIENTED_EDGE ( 'NONE', *, *, #5984, .F. ) ;
#6382 = PRESENTATION_STYLE_ASSIGNMENT (( #5329 ) ) ;
#6383 = LINE ( 'NONE', #3851, #1155 ) ;
#6384 = LINE ( 'NONE', #6973, #148 ) ;
#6385 = SURFACE_STYLE_USAGE ( .BOTH. , #5267 ) ;
#6386 = MECHANICAL_DESIGN_GEOMETRIC_PRESENTATION_REPRESENTATION (  '', ( #2201 ), #3287 ) ;
#6387 = CARTESIAN_POINT ( 'NONE',  ( 1.800000000000000711, 0.5900000000000000799, 5.749999999999999112 ) ) ;
#6388 = CARTESIAN_POINT ( 'NONE',  ( -1.799999999999998934, 1.800655561573372143, 5.749999999999999112 ) ) ;
#6389 =( GEOMETRIC_REPRESENTATION_CONTEXT ( 3 ) GLOBAL_UNCERTAINTY_ASSIGNED_CONTEXT ( ( #2978 ) ) GLOBAL_UNIT_ASSIGNED_CONTEXT ( ( #120, #2516, #7108 ) ) REPRESENTATION_CONTEXT ( 'NONE', 'WORKASPACE' ) );
#6390 = ORIENTED_EDGE ( 'NONE', *, *, #525, .T. ) ;
#6391 = EDGE_CURVE ( 'NONE', #1915, #4319, #2053, .T. ) ;
#6392 = VERTEX_POINT ( 'NONE', #4392 ) ;
#6393 = DIRECTION ( 'NONE',  ( 0.000000000000000000, 1.000000000000000000, -0.000000000000000000 ) ) ;
#6394 = DIRECTION ( 'NONE',  ( 0.000000000000000000, 1.000000000000000000, -0.000000000000000000 ) ) ;
#6395 = LINE ( 'NONE', #2924, #460 ) ;
#6396 = CARTESIAN_POINT ( 'NONE',  ( 3.230000000000000426, -0.02000000000000000042, 5.749999999999999112 ) ) ;
#6397 = DIRECTION ( 'NONE',  ( -0.000000000000000000, 0.000000000000000000, -1.000000000000000000 ) ) ;
#6398 = DIRECTION ( 'NONE',  ( -1.000000000000000000, 0.000000000000000000, -0.000000000000000000 ) ) ;
#6399 = STYLED_ITEM ( 'NONE', ( #1333 ), #1048 ) ;
#6400 = CARTESIAN_POINT ( 'NONE',  ( 4.500000000000000888, 0.000000000000000000, -5.750000000000000888 ) ) ;
#6401 = PRESENTATION_LAYER_ASSIGNMENT (  '', '', ( #886 ) ) ;
#6402 = STYLED_ITEM ( 'NONE', ( #3341 ), #4107 ) ;
#6403 = SURFACE_SIDE_STYLE ('',( #1832 ) ) ;
#6404 = PLANE ( 'NONE',  #1530 ) ;
#6405 = ORIENTED_EDGE ( 'NONE', *, *, #3290, .F. ) ;
#6406 = SURFACE_STYLE_FILL_AREA ( #5886 ) ;
#6407 = LINE ( 'NONE', #3121, #7280 ) ;
#6408 = PRESENTATION_STYLE_ASSIGNMENT (( #6989 ) ) ;
#6409 = EDGE_LOOP ( 'NONE', ( #4370, #1675, #615, #6709, #3182 ) ) ;
#6410 = UNCERTAINTY_MEASURE_WITH_UNIT (LENGTH_MEASURE( 1.000000000000000082E-05 ), #5818, 'distance_accuracy_value', 'NONE');
#6411 = EDGE_LOOP ( 'NONE', ( #3618, #7336, #1473, #6080 ) ) ;
#6412 = DIRECTION ( 'NONE',  ( 1.000000000000000000, 0.000000000000000000, 8.673617379884036458E-16 ) ) ;
#6413 =( GEOMETRIC_REPRESENTATION_CONTEXT ( 3 ) GLOBAL_UNCERTAINTY_ASSIGNED_CONTEXT ( ( #409 ) ) GLOBAL_UNIT_ASSIGNED_CONTEXT ( ( #1054, #5080, #6936 ) ) REPRESENTATION_CONTEXT ( 'NONE', 'WORKASPACE' ) );
#6414 = CARTESIAN_POINT ( 'NONE',  ( -4.000000000000000000, 0.5799999999999999600, -1.430000000000000604 ) ) ;
#6415 = DIRECTION ( 'NONE',  ( 0.000000000000000000, -1.000000000000000000, 0.000000000000000000 ) ) ;
#6416 = DIRECTION ( 'NONE',  ( 1.000000000000000000, 0.000000000000000000, 8.673617379884040402E-16 ) ) ;
#6417 = EDGE_CURVE ( 'NONE', #645, #6995, #6027, .T. ) ;
#6418 = EDGE_CURVE ( 'NONE', #5623, #1235, #2658, .T. ) ;
#6419 = MECHANICAL_DESIGN_GEOMETRIC_PRESENTATION_REPRESENTATION (  '', ( #5822 ), #2776 ) ;
#6420 = VECTOR ( 'NONE', #3846, 1000.000000000000000 ) ;
#6421 = VECTOR ( 'NONE', #1769, 1000.000000000000000 ) ;
#6422 = ORIENTED_EDGE ( 'NONE', *, *, #2484, .F. ) ;
#6423 = ORIENTED_EDGE ( 'NONE', *, *, #2309, .F. ) ;
#6424 = CARTESIAN_POINT ( 'NONE',  ( 1.450000000000000844, -0.02000000000000000042, 4.749999999999999112 ) ) ;
#6425 = DIRECTION ( 'NONE',  ( 0.000000000000000000, 1.000000000000000000, 0.000000000000000000 ) ) ;
#6426 = PRESENTATION_LAYER_ASSIGNMENT (  '', '', ( #2722 ) ) ;
#6427 = CARTESIAN_POINT ( 'NONE',  ( 3.350000000000000533, 0.000000000000000000, 5.749999999999999112 ) ) ;
#6428 = STYLED_ITEM ( 'NONE', ( #948 ), #1481 ) ;
#6429 = EDGE_LOOP ( 'NONE', ( #6120, #5766, #6932, #4544 ) ) ;
#6430 = VECTOR ( 'NONE', #99, 1000.000000000000000 ) ;
#6431 = MECHANICAL_DESIGN_GEOMETRIC_PRESENTATION_REPRESENTATION (  '', ( #4758 ), #6190 ) ;
#6432 = VECTOR ( 'NONE', #4121, 1000.000000000000000 ) ;
#6433 = VERTEX_POINT ( 'NONE', #6681 ) ;
#6434 = DIRECTION ( 'NONE',  ( 0.000000000000000000, -1.000000000000000000, 0.000000000000000000 ) ) ;
#6435 = CARTESIAN_POINT ( 'NONE',  ( 1.470000000000001306, 0.5900000000000000799, 5.749999999999999112 ) ) ;
#6436 =( NAMED_UNIT ( * ) SI_UNIT ( $, .STERADIAN. ) SOLID_ANGLE_UNIT ( ) );
#6437 = CARTESIAN_POINT ( 'NONE',  ( -3.229999999999998650, -0.02000000000000000042, 5.749999999999999112 ) ) ;
#6438 = FILL_AREA_STYLE_COLOUR ( '', #1752 ) ;
#6439 = DIRECTION ( 'NONE',  ( -0.000000000000000000, 1.000000000000000000, -0.000000000000000000 ) ) ;
#6440 = VECTOR ( 'NONE', #7422, 1000.000000000000000 ) ;
#6441 = ADVANCED_FACE ( 'NONE', ( #3720 ), #2697, .T. ) ;
#6442 = FACE_OUTER_BOUND ( 'NONE', #4837, .T. ) ;
#6443 = LINE ( 'NONE', #3601, #3340 ) ;
#6444 = ORIENTED_EDGE ( 'NONE', *, *, #2563, .T. ) ;
#6445 = LINE ( 'NONE', #1299, #5535 ) ;
#6446 = DIRECTION ( 'NONE',  ( 0.000000000000000000, 0.000000000000000000, -1.000000000000000000 ) ) ;
#6447 = CARTESIAN_POINT ( 'NONE',  ( -3.349999999999998757, 0.000000000000000000, 5.749999999999999112 ) ) ;
#6448 = VERTEX_POINT ( 'NONE', #3153 ) ;
#6449 = FILL_AREA_STYLE ('',( #5997 ) ) ;
#6450 = EDGE_LOOP ( 'NONE', ( #6173, #4015, #6081, #2300, #2793, #6347, #4316, #4670, #5328, #6031, #4520, #5756 ) ) ;
#6451 = LINE ( 'NONE', #5326, #437 ) ;
#6452 = CIRCLE ( 'NONE', #4198, 0.3299999999999995715 ) ;
#6453 = VERTEX_POINT ( 'NONE', #4317 ) ;
#6454 = ORIENTED_EDGE ( 'NONE', *, *, #3903, .T. ) ;
#6455 = CARTESIAN_POINT ( 'NONE',  ( -1.919999999999999041, 0.5799999999999999600, -5.390000000000001457 ) ) ;
#6456 = EDGE_CURVE ( 'NONE', #5943, #4400, #3297, .T. ) ;
#6457 = LINE ( 'NONE', #4298, #4600 ) ;
#6458 = ADVANCED_FACE ( 'NONE', ( #2540 ), #4823, .T. ) ;
#6459 = PRESENTATION_STYLE_ASSIGNMENT (( #4190 ) ) ;
#6460 = SURFACE_STYLE_USAGE ( .BOTH. , #6835 ) ;
#6461 = LINE ( 'NONE', #7008, #157 ) ;
#6462 = ORIENTED_EDGE ( 'NONE', *, *, #5888, .F. ) ;
#6463 = COLOUR_RGB ( '',0.9686274509803921573, 0.8784313725490195957, 0.5999999999999999778 ) ;
#6464 = ORIENTED_EDGE ( 'NONE', *, *, #6941, .T. ) ;
#6465 = PLANE ( 'NONE',  #5121 ) ;
#6466 = PLANE ( 'NONE',  #1268 ) ;
#6467 = EDGE_CURVE ( 'NONE', #4661, #5957, #4470, .T. ) ;
#6468 = EDGE_CURVE ( 'NONE', #4566, #6624, #5645, .T. ) ;
#6469 = SURFACE_STYLE_USAGE ( .BOTH. , #2425 ) ;
#6470 =( NAMED_UNIT ( * ) PLANE_ANGLE_UNIT ( ) SI_UNIT ( $, .RADIAN. ) );
#6471 = DIRECTION ( 'NONE',  ( -0.000000000000000000, -1.000000000000000000, -0.000000000000000000 ) ) ;
#6472 = VECTOR ( 'NONE', #396, 1000.000000000000000 ) ;
#6473 = VECTOR ( 'NONE', #1064, 1000.000000000000000 ) ;
#6474 = SURFACE_STYLE_USAGE ( .BOTH. , #1906 ) ;
#6475 = MECHANICAL_DESIGN_GEOMETRIC_PRESENTATION_REPRESENTATION (  '', ( #3875 ), #5168 ) ;
#6476 = LINE ( 'NONE', #7093, #174 ) ;
#6477 =( NAMED_UNIT ( * ) PLANE_ANGLE_UNIT ( ) SI_UNIT ( $, .RADIAN. ) );
#6478 = ORIENTED_EDGE ( 'NONE', *, *, #1702, .F. ) ;
#6479 = ADVANCED_FACE ( 'NONE', ( #1668 ), #6870, .F. ) ;
#6480 = CARTESIAN_POINT ( 'NONE',  ( 4.500000000000000888, -0.02000000000000000042, 4.199999999999999289 ) ) ;
#6481 =( NAMED_UNIT ( * ) PLANE_ANGLE_UNIT ( ) SI_UNIT ( $, .RADIAN. ) );
#6482 = AXIS2_PLACEMENT_3D ( 'NONE', #3388, #5698, #6370 ) ;
#6483 = CARTESIAN_POINT ( 'NONE',  ( 4.000000000000000000, 0.5799999999999999600, -1.430000000000000604 ) ) ;
#6484 = VERTEX_POINT ( 'NONE', #471 ) ;
#6485 = AXIS2_PLACEMENT_3D ( 'NONE', #3481, #5759, #618 ) ;
#6486 = DIRECTION ( 'NONE',  ( 0.000000000000000000, 0.000000000000000000, 1.000000000000000000 ) ) ;
#6487 = ORIENTED_EDGE ( 'NONE', *, *, #3828, .T. ) ;
#6488 = EDGE_CURVE ( 'NONE', #5623, #5067, #6214, .T. ) ;
#6489 = COLOUR_RGB ( '',0.9686274509803921573, 0.8784313725490195957, 0.5999999999999999778 ) ;
#6490 = SURFACE_STYLE_USAGE ( .BOTH. , #5857 ) ;
#6491 = UNCERTAINTY_MEASURE_WITH_UNIT (LENGTH_MEASURE( 1.000000000000000082E-05 ), #1870, 'distance_accuracy_value', 'NONE');
#6492 = DIRECTION ( 'NONE',  ( 0.000000000000000000, 0.000000000000000000, 1.000000000000000000 ) ) ;
#6493 = CARTESIAN_POINT ( 'NONE',  ( -3.500000000000012879, 0.000000000000000000, 3.000000000000000000 ) ) ;
#6494 =( NAMED_UNIT ( * ) PLANE_ANGLE_UNIT ( ) SI_UNIT ( $, .RADIAN. ) );
#6495 = PRESENTATION_LAYER_ASSIGNMENT (  '', '', ( #3149 ) ) ;
#6496 = FILL_AREA_STYLE ('',( #3065 ) ) ;
#6497 = UNCERTAINTY_MEASURE_WITH_UNIT (LENGTH_MEASURE( 1.000000000000000082E-05 ), #421, 'distance_accuracy_value', 'NONE');
#6498 = VECTOR ( 'NONE', #2799, 1000.000000000000000 ) ;
#6499 = EDGE_LOOP ( 'NONE', ( #520, #7075, #1544, #5718 ) ) ;
#6500 = MECHANICAL_DESIGN_GEOMETRIC_PRESENTATION_REPRESENTATION (  '', ( #268 ), #5416 ) ;
#6501 = ORIENTED_EDGE ( 'NONE', *, *, #2972, .T. ) ;
#6502 = CARTESIAN_POINT ( 'NONE',  ( 3.000000000000000444, 0.5900000000000000799, 5.749999999999999112 ) ) ;
#6503 = CARTESIAN_POINT ( 'NONE',  ( 0.000000000000000000, 0.000000000000000000, 4.749999999999999112 ) ) ;
#6504 = FILL_AREA_STYLE ('',( #4883 ) ) ;
#6505 = PRESENTATION_STYLE_ASSIGNMENT (( #2454 ) ) ;
#6506 = FILL_AREA_STYLE ('',( #1316 ) ) ;
#6507 = CARTESIAN_POINT ( 'NONE',  ( -4.500000000000007105, 0.5799999999999999600, 1.110000000000000542 ) ) ;
#6508 =( NAMED_UNIT ( * ) PLANE_ANGLE_UNIT ( ) SI_UNIT ( $, .RADIAN. ) );
#6509 = AXIS2_PLACEMENT_3D ( 'NONE', #7315, #4502, #3788 ) ;
#6510 = ORIENTED_EDGE ( 'NONE', *, *, #5831, .F. ) ;
#6511 = ORIENTED_EDGE ( 'NONE', *, *, #7278, .F. ) ;
#6512 = SURFACE_STYLE_USAGE ( .BOTH. , #2497 ) ;
#6513 = PLANE ( 'NONE',  #1562 ) ;
#6514 = CARTESIAN_POINT ( 'NONE',  ( -0.5999999999999989786, 0.5799999999999999600, 5.749999999999999112 ) ) ;
#6515 = SURFACE_SIDE_STYLE ('',( #3630 ) ) ;
#6516 =( NAMED_UNIT ( * ) PLANE_ANGLE_UNIT ( ) SI_UNIT ( $, .RADIAN. ) );
#6517 = PLANE ( 'NONE',  #6556 ) ;
#6518 = CARTESIAN_POINT ( 'NONE',  ( 0.000000000000000000, -0.02000000000000000042, 0.000000000000000000 ) ) ;
#6519 = COLOUR_RGB ( '',0.9686274509803921573, 0.8784313725490195957, 0.5999999999999999778 ) ;
#6520 = EDGE_CURVE ( 'NONE', #5286, #5808, #2170, .T. ) ;
#6521 = EDGE_CURVE ( 'NONE', #4196, #6320, #6907, .T. ) ;
#6522 = DIRECTION ( 'NONE',  ( 0.000000000000000000, 0.000000000000000000, 1.000000000000000000 ) ) ;
#6523 = PRODUCT_DEFINITION_SHAPE ( 'NONE', 'NONE',  #3464 ) ;
#6524 = FACE_OUTER_BOUND ( 'NONE', #3107, .T. ) ;
#6525 = VERTEX_POINT ( 'NONE', #1710 ) ;
#6526 = DIRECTION ( 'NONE',  ( -0.000000000000000000, -1.000000000000000000, 0.000000000000000000 ) ) ;
#6527 = DIRECTION ( 'NONE',  ( 1.000000000000000000, -0.000000000000000000, 0.000000000000000000 ) ) ;
#6528 = PRESENTATION_LAYER_ASSIGNMENT (  '', '', ( #1721 ) ) ;
#6529 = FACE_OUTER_BOUND ( 'NONE', #4419, .T. ) ;
#6530 = STYLED_ITEM ( 'NONE', ( #6813 ), #398 ) ;
#6531 = ORIENTED_EDGE ( 'NONE', *, *, #1623, .T. ) ;
#6532 = LINE ( 'NONE', #1984, #7178 ) ;
#6533 = ORIENTED_EDGE ( 'NONE', *, *, #6852, .T. ) ;
#6534 = CARTESIAN_POINT ( 'NONE',  ( -4.500000000000012434, -0.02000000000000000042, 2.890000000000000568 ) ) ;
#6535 = DIRECTION ( 'NONE',  ( 0.000000000000000000, 0.000000000000000000, 1.000000000000000000 ) ) ;
#6536 =( NAMED_UNIT ( * ) PLANE_ANGLE_UNIT ( ) SI_UNIT ( $, .RADIAN. ) );
#6537 = FILL_AREA_STYLE_COLOUR ( '', #2208 ) ;
#6538 = SURFACE_STYLE_FILL_AREA ( #6496 ) ;
#6539 = EDGE_CURVE ( 'NONE', #5814, #3061, #737, .T. ) ;
#6540 = ORIENTED_EDGE ( 'NONE', *, *, #5923, .F. ) ;
#6541 = ORIENTED_EDGE ( 'NONE', *, *, #3509, .T. ) ;
#6542 = DIRECTION ( 'NONE',  ( 1.000000000000000000, 0.000000000000000000, 0.000000000000000000 ) ) ;
#6543 = DIRECTION ( 'NONE',  ( -0.000000000000000000, -1.000000000000000000, -0.000000000000000000 ) ) ;
#6544 = PRESENTATION_STYLE_ASSIGNMENT (( #7193 ) ) ;
#6545 = DIRECTION ( 'NONE',  ( 0.000000000000000000, -1.000000000000000000, 0.000000000000000000 ) ) ;
#6546 = SURFACE_STYLE_USAGE ( .BOTH. , #6628 ) ;
#6547 = MECHANICAL_DESIGN_GEOMETRIC_PRESENTATION_REPRESENTATION (  '', ( #4046 ), #7036 ) ;
#6548 = VECTOR ( 'NONE', #6527, 1000.000000000000000 ) ;
#6549 = VECTOR ( 'NONE', #151, 1000.000000000000000 ) ;
#6550 = VERTEX_POINT ( 'NONE', #7321 ) ;
#6551 = COLOUR_RGB ( '',0.000000000000000000, 0.5647058823529411686, 0.09803921568627450844 ) ;
#6552 = ORIENTED_EDGE ( 'NONE', *, *, #5331, .F. ) ;
#6553 = DIRECTION ( 'NONE',  ( 8.673617379884051249E-15, 0.000000000000000000, -1.000000000000000000 ) ) ;
#6554 = COLOUR_RGB ( '',0.000000000000000000, 0.5647058823529411686, 0.09803921568627450844 ) ;
#6555 = CARTESIAN_POINT ( 'NONE',  ( 3.642919299551298054E-15, 0.000000000000000000, 4.200000000000002842 ) ) ;
#6556 = AXIS2_PLACEMENT_3D ( 'NONE', #5952, #1363, #841 ) ;
#6557 =( LENGTH_UNIT ( ) NAMED_UNIT ( * ) SI_UNIT ( .MILLI., .METRE. ) );
#6558 = CARTESIAN_POINT ( 'NONE',  ( -2.029999999999998916, 0.5900000000000000799, 5.749999999999999112 ) ) ;
#6559 = STYLED_ITEM ( 'NONE', ( #4675 ), #2564 ) ;
#6560 = VECTOR ( 'NONE', #1250, 1000.000000000000000 ) ;
#6561 = LINE ( 'NONE', #330, #788 ) ;
#6562 = CARTESIAN_POINT ( 'NONE',  ( -2.129999999999998117, 0.5900000000000000799, 5.749999999999999112 ) ) ;
#6563 = PRESENTATION_STYLE_ASSIGNMENT (( #5471 ) ) ;
#6564 = CARTESIAN_POINT ( 'NONE',  ( 4.500000000000000888, 1.800655561573372143, 1.799999999999999600 ) ) ;
#6565 = DIRECTION ( 'NONE',  ( 0.000000000000000000, 0.000000000000000000, 1.000000000000000000 ) ) ;
#6566 = SURFACE_STYLE_USAGE ( .BOTH. , #5317 ) ;
#6567 = VECTOR ( 'NONE', #7055, 1000.000000000000000 ) ;
#6568 = AXIS2_PLACEMENT_3D ( 'NONE', #7304, #6545, #1394 ) ;
#6569 = ADVANCED_FACE ( 'NONE', ( #2246 ), #4547, .T. ) ;
#6570 = ADVANCED_FACE ( 'NONE', ( #7058 ), #2960, .T. ) ;
#6571 =( NAMED_UNIT ( * ) SI_UNIT ( $, .STERADIAN. ) SOLID_ANGLE_UNIT ( ) );
#6572 = ORIENTED_EDGE ( 'NONE', *, *, #6520, .T. ) ;
#6573 = CARTESIAN_POINT ( 'NONE',  ( 4.500000000000000888, 0.000000000000000000, 0.000000000000000000 ) ) ;
#6574 = UNCERTAINTY_MEASURE_WITH_UNIT (LENGTH_MEASURE( 1.000000000000000082E-05 ), #512, 'distance_accuracy_value', 'NONE');
#6575 = VERTEX_POINT ( 'NONE', #5277 ) ;
#6576 = DIRECTION ( 'NONE',  ( -1.785744754682007285E-14, 0.000000000000000000, 1.000000000000000000 ) ) ;
#6577 = UNCERTAINTY_MEASURE_WITH_UNIT (LENGTH_MEASURE( 1.000000000000000082E-05 ), #1676, 'distance_accuracy_value', 'NONE');
#6578 = DIRECTION ( 'NONE',  ( -0.000000000000000000, -1.000000000000000000, -0.000000000000000000 ) ) ;
#6579 = FACE_OUTER_BOUND ( 'NONE', #6753, .T. ) ;
#6580 = AXIS2_PLACEMENT_3D ( 'NONE', #7171, #6063, #220 ) ;
#6581 = UNCERTAINTY_MEASURE_WITH_UNIT (LENGTH_MEASURE( 1.000000000000000082E-05 ), #638, 'distance_accuracy_value', 'NONE');
#6582 = STYLED_ITEM ( 'NONE', ( #7244 ), #1140 ) ;
#6583 = ORIENTED_EDGE ( 'NONE', *, *, #285, .F. ) ;
#6584 = AXIS2_PLACEMENT_3D ( 'NONE', #5760, #5799, #5126 ) ;
#6585 = ORIENTED_EDGE ( 'NONE', *, *, #2666, .F. ) ;
#6586 = PLANE ( 'NONE',  #1646 ) ;
#6587 = CARTESIAN_POINT ( 'NONE',  ( 0.2500000000000011102, -0.02000000000000000042, 4.749999999999999112 ) ) ;
#6588 = CYLINDRICAL_SURFACE ( 'NONE', #6633, 0.3299999999999995715 ) ;
#6589 = EDGE_CURVE ( 'NONE', #7067, #1058, #4162, .T. ) ;
#6590 = DIRECTION ( 'NONE',  ( -1.000000000000000000, 0.000000000000000000, 0.000000000000000000 ) ) ;
#6591 = SURFACE_STYLE_FILL_AREA ( #350 ) ;
#6592 = DIRECTION ( 'NONE',  ( 0.000000000000000000, 0.000000000000000000, 1.000000000000000000 ) ) ;
#6593 = FILL_AREA_STYLE_COLOUR ( '', #3043 ) ;
#6594 = VERTEX_POINT ( 'NONE', #701 ) ;
#6595 = ORIENTED_EDGE ( 'NONE', *, *, #1663, .F. ) ;
#6596 = DIRECTION ( 'NONE',  ( 8.673617379884051249E-15, 0.000000000000000000, -1.000000000000000000 ) ) ;
#6597 = DIRECTION ( 'NONE',  ( 0.000000000000000000, -1.000000000000000000, 0.000000000000000000 ) ) ;
#6598 = CARTESIAN_POINT ( 'NONE',  ( -4.000000000000000000, 0.5799999999999999600, -1.430000000000000604 ) ) ;
#6599 = CARTESIAN_POINT ( 'NONE',  ( 4.500000000000027534, 0.5900000000000000799, 1.450000000000000400 ) ) ;
#6600 = DIRECTION ( 'NONE',  ( -0.000000000000000000, -1.000000000000000000, -0.000000000000000000 ) ) ;
#6601 = COLOUR_RGB ( '',0.9686274509803921573, 0.8784313725490195957, 0.5999999999999999778 ) ;
#6602 = ORIENTED_EDGE ( 'NONE', *, *, #1743, .T. ) ;
#6603 = VECTOR ( 'NONE', #5131, 1000.000000000000000 ) ;
#6604 = PLANE ( 'NONE',  #1413 ) ;
#6605 = FACE_OUTER_BOUND ( 'NONE', #404, .T. ) ;
#6606 = DIRECTION ( 'NONE',  ( 0.000000000000000000, -1.000000000000000000, 0.000000000000000000 ) ) ;
#6607 = DIRECTION ( 'NONE',  ( 0.000000000000000000, 0.000000000000000000, 1.000000000000000000 ) ) ;
#6608 = DIRECTION ( 'NONE',  ( 0.000000000000000000, 0.000000000000000000, 1.000000000000000000 ) ) ;
#6609 = PRESENTATION_LAYER_ASSIGNMENT (  '', '', ( #2040 ) ) ;
#6610 = VECTOR ( 'NONE', #3337, 1000.000000000000000 ) ;
#6611 = AXIS2_PLACEMENT_3D ( 'NONE', #4553, #5731, #2894 ) ;
#6612 = EDGE_CURVE ( 'NONE', #462, #5304, #2353, .T. ) ;
#6613 = ORIENTED_EDGE ( 'NONE', *, *, #5142, .F. ) ;
#6614 = SURFACE_SIDE_STYLE ('',( #4399 ) ) ;
#6615 = ORIENTED_EDGE ( 'NONE', *, *, #3924, .T. ) ;
#6616 = SURFACE_SIDE_STYLE ('',( #4325 ) ) ;
#6617 = SURFACE_STYLE_USAGE ( .BOTH. , #2947 ) ;
#6618 = CARTESIAN_POINT ( 'NONE',  ( -2.149999999999999023, -0.02000000000000000042, 5.749999999999999112 ) ) ;
#6619 = STYLED_ITEM ( 'NONE', ( #5128 ), #6569 ) ;
#6620 =( LENGTH_UNIT ( ) NAMED_UNIT ( * ) SI_UNIT ( .MILLI., .METRE. ) );
#6621 = ADVANCED_FACE ( 'NONE', ( #4716 ), #7015, .T. ) ;
#6622 = EDGE_CURVE ( 'NONE', #15, #1618, #6714, .T. ) ;
#6623 = ORIENTED_EDGE ( 'NONE', *, *, #508, .T. ) ;
#6624 = VERTEX_POINT ( 'NONE', #3835 ) ;
#6625 = SURFACE_STYLE_FILL_AREA ( #2714 ) ;
#6626 = SURFACE_SIDE_STYLE ('',( #1008 ) ) ;
#6627 = SURFACE_STYLE_USAGE ( .BOTH. , #6087 ) ;
#6628 = SURFACE_SIDE_STYLE ('',( #7047 ) ) ;
#6629 = VECTOR ( 'NONE', #492, 1000.000000000000000 ) ;
#6630 = ORIENTED_EDGE ( 'NONE', *, *, #6539, .F. ) ;
#6631 = ORIENTED_EDGE ( 'NONE', *, *, #5963, .F. ) ;
#6632 = DIRECTION ( 'NONE',  ( 1.000000000000000000, -0.000000000000000000, 0.000000000000000000 ) ) ;
#6633 = AXIS2_PLACEMENT_3D ( 'NONE', #4882, #5409, #3165 ) ;
#6634 = CARTESIAN_POINT ( 'NONE',  ( -4.500000000000018652, 0.5900000000000000799, -0.7099999999999997424 ) ) ;
#6635 = CARTESIAN_POINT ( 'NONE',  ( 4.500000000000038192, 1.800655561573372143, 0.5999999999999989786 ) ) ;
#6636 = SURFACE_SIDE_STYLE ('',( #357 ) ) ;
#6637 = DIRECTION ( 'NONE',  ( 0.000000000000000000, 0.000000000000000000, -1.000000000000000000 ) ) ;
#6638 = EDGE_CURVE ( 'NONE', #526, #4361, #6866, .T. ) ;
#6639 = EDGE_LOOP ( 'NONE', ( #6585, #5536, #5624, #1933 ) ) ;
#6640 = CYLINDRICAL_SURFACE ( 'NONE', #7051, 0.2300000000000001765 ) ;
#6641 = CARTESIAN_POINT ( 'NONE',  ( 1.800000000000000711, 0.5799999999999999600, 5.749999999999999112 ) ) ;
#6642 = ORIENTED_EDGE ( 'NONE', *, *, #1885, .F. ) ;
#6643 = FILL_AREA_STYLE_COLOUR ( '', #489 ) ;
#6644 = DIRECTION ( 'NONE',  ( -1.000000000000000000, 0.000000000000000000, 8.673617379884039416E-16 ) ) ;
#6645 = VERTEX_POINT ( 'NONE', #915 ) ;
#6646 = PLANE ( 'NONE',  #3323 ) ;
#6647 = UNCERTAINTY_MEASURE_WITH_UNIT (LENGTH_MEASURE( 1.000000000000000082E-05 ), #1803, 'distance_accuracy_value', 'NONE');
#6648 = ORIENTED_EDGE ( 'NONE', *, *, #6391, .F. ) ;
#6649 = PLANE ( 'NONE',  #6856 ) ;
#6650 = CARTESIAN_POINT ( 'NONE',  ( -4.500000000000012434, -0.02000000000000000042, 2.410000000000000142 ) ) ;
#6651 = UNCERTAINTY_MEASURE_WITH_UNIT (LENGTH_MEASURE( 1.000000000000000082E-05 ), #4735, 'distance_accuracy_value', 'NONE');
#6652 = CARTESIAN_POINT ( 'NONE',  ( -4.500000000000038192, -0.02000000000000000042, 0.5999999999999989786 ) ) ;
#6653 = LINE ( 'NONE', #4329, #5668 ) ;
#6654 = MECHANICAL_DESIGN_GEOMETRIC_PRESENTATION_REPRESENTATION (  '', ( #6399 ), #6278 ) ;
#6655 = VECTOR ( 'NONE', #3961, 1000.000000000000000 ) ;
#6656 = ORIENTED_EDGE ( 'NONE', *, *, #4938, .F. ) ;
#6657 = ORIENTED_EDGE ( 'NONE', *, *, #6417, .F. ) ;
#6658 = SURFACE_STYLE_USAGE ( .BOTH. , #3817 ) ;
#6659 = CARTESIAN_POINT ( 'NONE',  ( 4.500000000000000888, 0.5900000000000000799, -3.150000000000000355 ) ) ;
#6660 = DIRECTION ( 'NONE',  ( 0.000000000000000000, -1.000000000000000000, 0.000000000000000000 ) ) ;
#6661 =( NAMED_UNIT ( * ) SI_UNIT ( $, .STERADIAN. ) SOLID_ANGLE_UNIT ( ) );
#6662 =( NAMED_UNIT ( * ) PLANE_ANGLE_UNIT ( ) SI_UNIT ( $, .RADIAN. ) );
#6663 = LINE ( 'NONE', #424, #2685 ) ;
#6664 = EDGE_CURVE ( 'NONE', #4920, #3581, #4308, .T. ) ;
#6665 = FILL_AREA_STYLE_COLOUR ( '', #3262 ) ;
#6666 = ADVANCED_FACE ( 'NONE', ( #2568 ), #247, .T. ) ;
#6667 = ORIENTED_EDGE ( 'NONE', *, *, #4769, .T. ) ;
#6668 = ORIENTED_EDGE ( 'NONE', *, *, #978, .T. ) ;
#6669 = PRESENTATION_STYLE_ASSIGNMENT (( #6512 ) ) ;
#6670 = LINE ( 'NONE', #7200, #4061 ) ;
#6671 = DIRECTION ( 'NONE',  ( 0.000000000000000000, 0.000000000000000000, 1.000000000000000000 ) ) ;
#6672 = AXIS2_PLACEMENT_3D ( 'NONE', #5767, #3532, #6292 ) ;
#6673 =( NAMED_UNIT ( * ) SI_UNIT ( $, .STERADIAN. ) SOLID_ANGLE_UNIT ( ) );
#6674 = ORIENTED_EDGE ( 'NONE', *, *, #3973, .F. ) ;
#6675 = STYLED_ITEM ( 'NONE', ( #4768 ), #4514 ) ;
#6676 = VECTOR ( 'NONE', #3432, 1000.000000000000000 ) ;
#6677 = DIRECTION ( 'NONE',  ( -1.000000000000000000, 0.000000000000000000, 0.000000000000000000 ) ) ;
#6678 = SURFACE_STYLE_FILL_AREA ( #3916 ) ;
#6679 = FACE_OUTER_BOUND ( 'NONE', #3266, .T. ) ;
#6680 = ORIENTED_EDGE ( 'NONE', *, *, #7392, .T. ) ;
#6681 = CARTESIAN_POINT ( 'NONE',  ( 3.330000000000000071, 0.5900000000000000799, 5.749999999999999112 ) ) ;
#6682 = CARTESIAN_POINT ( 'NONE',  ( 4.500000000000012434, -0.02000000000000000042, 2.999999999999999112 ) ) ;
#6683 = EDGE_CURVE ( 'NONE', #243, #7041, #6020, .T. ) ;
#6684 =( LENGTH_UNIT ( ) NAMED_UNIT ( * ) SI_UNIT ( .MILLI., .METRE. ) );
#6685 = AXIS2_PLACEMENT_3D ( 'NONE', #2922, #6865, #1209 ) ;
#6686 = AXIS2_PLACEMENT_3D ( 'NONE', #4684, #6980, #6398 ) ;
#6687 = ORIENTED_EDGE ( 'NONE', *, *, #1843, .T. ) ;
#6688 = DIRECTION ( 'NONE',  ( -1.000000000000000000, -0.000000000000000000, -0.000000000000000000 ) ) ;
#6689 = AXIS2_PLACEMENT_3D ( 'NONE', #2198, #1625, #4501 ) ;
#6690 = STYLED_ITEM ( 'NONE', ( #3127 ), #1688 ) ;
#6691 = EDGE_LOOP ( 'NONE', ( #1932, #4412, #2117, #4969, #3536, #5696 ) ) ;
#6692 =( NAMED_UNIT ( * ) SI_UNIT ( $, .STERADIAN. ) SOLID_ANGLE_UNIT ( ) );
#6693 = FILL_AREA_STYLE_COLOUR ( '', #4723 ) ;
#6694 = DIRECTION ( 'NONE',  ( 0.000000000000000000, 1.000000000000000000, -0.000000000000000000 ) ) ;
#6695 = VECTOR ( 'NONE', #2157, 1000.000000000000000 ) ;
#6696 = ORIENTED_EDGE ( 'NONE', *, *, #1623, .F. ) ;
#6697 = EDGE_LOOP ( 'NONE', ( #1840, #3602, #451, #4087 ) ) ;
#6698 = DIRECTION ( 'NONE',  ( -1.000000000000000000, 0.000000000000000000, -0.000000000000000000 ) ) ;
#6699 = VECTOR ( 'NONE', #6812, 1000.000000000000000 ) ;
#6700 = CARTESIAN_POINT ( 'NONE',  ( 4.500000000000000888, 0.5900000000000000799, 2.310000000000000497 ) ) ;
#6701 = FACE_OUTER_BOUND ( 'NONE', #197, .T. ) ;
#6702 = FACE_OUTER_BOUND ( 'NONE', #4439, .T. ) ;
#6703 = PLANE ( 'NONE',  #6568 ) ;
#6704 =( LENGTH_UNIT ( ) NAMED_UNIT ( * ) SI_UNIT ( .MILLI., .METRE. ) );
#6705 = SURFACE_SIDE_STYLE ('',( #4492 ) ) ;
#6706 = ORIENTED_EDGE ( 'NONE', *, *, #4483, .F. ) ;
#6707 = EDGE_CURVE ( 'NONE', #2401, #6309, #3787, .T. ) ;
#6708 = ADVANCED_FACE ( 'NONE', ( #5423, #2614, #399 ), #4348, .T. ) ;
#6709 = ORIENTED_EDGE ( 'NONE', *, *, #4647, .T. ) ;
#6710 = DIRECTION ( 'NONE',  ( -1.000000000000000000, -0.000000000000000000, -0.000000000000000000 ) ) ;
#6711 = CYLINDRICAL_SURFACE ( 'NONE', #1672, 0.3299999999999995715 ) ;
#6712 = DIRECTION ( 'NONE',  ( 0.000000000000000000, -1.000000000000000000, 0.000000000000000000 ) ) ;
#6713 =( NAMED_UNIT ( * ) PLANE_ANGLE_UNIT ( ) SI_UNIT ( $, .RADIAN. ) );
#6714 = LINE ( 'NONE', #2688, #496 ) ;
#6715 = CARTESIAN_POINT ( 'NONE',  ( 0.9500000000000011768, -0.02000000000000000042, 5.749999999999999112 ) ) ;
#6716 = ORIENTED_EDGE ( 'NONE', *, *, #3089, .F. ) ;
#6717 = EDGE_CURVE ( 'NONE', #5452, #5222, #3441, .T. ) ;
#6718 = EDGE_CURVE ( 'NONE', #145, #3798, #4022, .T. ) ;
#6719 = LINE ( 'NONE', #470, #6121 ) ;
#6720 = CARTESIAN_POINT ( 'NONE',  ( 4.500000000000000888, 0.5799999999999999600, 0.000000000000000000 ) ) ;
#6721 = DIRECTION ( 'NONE',  ( 0.000000000000000000, 0.000000000000000000, -1.000000000000000000 ) ) ;
#6722 =( GEOMETRIC_REPRESENTATION_CONTEXT ( 3 ) GLOBAL_UNCERTAINTY_ASSIGNED_CONTEXT ( ( #1993 ) ) GLOBAL_UNIT_ASSIGNED_CONTEXT ( ( #3933, #4953, #4915 ) ) REPRESENTATION_CONTEXT ( 'NONE', 'WORKASPACE' ) );
#6723 = EDGE_CURVE ( 'NONE', #3294, #1107, #5042, .T. ) ;
#6724 = COLOUR_RGB ( '',0.9686274509803921573, 0.8784313725490195957, 0.5999999999999999778 ) ;
#6725 = CARTESIAN_POINT ( 'NONE',  ( 0.000000000000000000, 0.000000000000000000, 0.000000000000000000 ) ) ;
#6726 = UNCERTAINTY_MEASURE_WITH_UNIT (LENGTH_MEASURE( 1.000000000000000082E-05 ), #2889, 'distance_accuracy_value', 'NONE');
#6727 = ORIENTED_EDGE ( 'NONE', *, *, #5295, .T. ) ;
#6728 = DIRECTION ( 'NONE',  ( 8.673617379884036458E-16, 0.000000000000000000, 1.000000000000000000 ) ) ;
#6729 = FILL_AREA_STYLE ('',( #3304 ) ) ;
#6730 = CARTESIAN_POINT ( 'NONE',  ( -4.500000000000018652, 0.5799999999999999600, -0.9499999999999995115 ) ) ;
#6731 = FILL_AREA_STYLE ('',( #6693 ) ) ;
#6732 = CARTESIAN_POINT ( 'NONE',  ( 0.000000000000000000, 0.5900000000000000799, 0.000000000000000000 ) ) ;
#6733 =( GEOMETRIC_REPRESENTATION_CONTEXT ( 3 ) GLOBAL_UNCERTAINTY_ASSIGNED_CONTEXT ( ( #4248 ) ) GLOBAL_UNIT_ASSIGNED_CONTEXT ( ( #4889, #7086, #3213 ) ) REPRESENTATION_CONTEXT ( 'NONE', 'WORKASPACE' ) );
#6734 = EDGE_CURVE ( 'NONE', #4042, #6969, #3291, .T. ) ;
#6735 = ORIENTED_EDGE ( 'NONE', *, *, #6282, .F. ) ;
#6736 = VERTEX_POINT ( 'NONE', #1089 ) ;
#6737 = MECHANICAL_DESIGN_GEOMETRIC_PRESENTATION_REPRESENTATION (  '', ( #5762 ), #1195 ) ;
#6738 = SURFACE_SIDE_STYLE ('',( #3818 ) ) ;
#6739 = PRESENTATION_STYLE_ASSIGNMENT (( #2762 ) ) ;
#6740 = CARTESIAN_POINT ( 'NONE',  ( -4.500000000000018652, 0.5900000000000000799, -0.6099999999999994316 ) ) ;
#6741 = DIRECTION ( 'NONE',  ( 0.000000000000000000, -1.000000000000000000, 0.000000000000000000 ) ) ;
#6742 = LINE ( 'NONE', #976, #7250 ) ;
#6743 = VECTOR ( 'NONE', #7247, 1000.000000000000000 ) ;
#6744 = ORIENTED_EDGE ( 'NONE', *, *, #797, .T. ) ;
#6745 = ORIENTED_EDGE ( 'NONE', *, *, #2209, .T. ) ;
#6746 =( LENGTH_UNIT ( ) NAMED_UNIT ( * ) SI_UNIT ( .MILLI., .METRE. ) );
#6747 = CARTESIAN_POINT ( 'NONE',  ( -0.5999999999999989786, 0.5900000000000000799, 5.749999999999999112 ) ) ;
#6748 = DIRECTION ( 'NONE',  ( -0.000000000000000000, 1.000000000000000000, -0.000000000000000000 ) ) ;
#6749 = LINE ( 'NONE', #5541, #311 ) ;
#6750 = DIRECTION ( 'NONE',  ( -1.000000000000000000, 0.000000000000000000, -0.000000000000000000 ) ) ;
#6751 = DIRECTION ( 'NONE',  ( 0.000000000000000000, 0.000000000000000000, -1.000000000000000000 ) ) ;
#6752 =( GEOMETRIC_REPRESENTATION_CONTEXT ( 3 ) GLOBAL_UNCERTAINTY_ASSIGNED_CONTEXT ( ( #4244 ) ) GLOBAL_UNIT_ASSIGNED_CONTEXT ( ( #6050, #6508, #3170 ) ) REPRESENTATION_CONTEXT ( 'NONE', 'WORKASPACE' ) );
#6753 = EDGE_LOOP ( 'NONE', ( #3076, #6572, #1159, #4504 ) ) ;
#6754 = COLOUR_RGB ( '',0.9686274509803921573, 0.8784313725490195957, 0.5999999999999999778 ) ;
#6755 = LINE ( 'NONE', #3334, #1758 ) ;
#6756 =( NAMED_UNIT ( * ) PLANE_ANGLE_UNIT ( ) SI_UNIT ( $, .RADIAN. ) );
#6757 = SURFACE_SIDE_STYLE ('',( #2781 ) ) ;
#6758 = FACE_OUTER_BOUND ( 'NONE', #2804, .T. ) ;
#6759 = EDGE_CURVE ( 'NONE', #5943, #3950, #3948, .T. ) ;
#6760 = EDGE_CURVE ( 'NONE', #3790, #1845, #5672, .T. ) ;
#6761 = COLOUR_RGB ( '',0.9686274509803921573, 0.8784313725490195957, 0.5999999999999999778 ) ;
#6762 = DIRECTION ( 'NONE',  ( 0.000000000000000000, -1.000000000000000000, 0.000000000000000000 ) ) ;
#6763 = ORIENTED_EDGE ( 'NONE', *, *, #958, .F. ) ;
#6764 = CARTESIAN_POINT ( 'NONE',  ( -2.149999999999999023, 0.000000000000000000, 5.749999999999999112 ) ) ;
#6765 =( GEOMETRIC_REPRESENTATION_CONTEXT ( 3 ) GLOBAL_UNCERTAINTY_ASSIGNED_CONTEXT ( ( #2439 ) ) GLOBAL_UNIT_ASSIGNED_CONTEXT ( ( #1542, #6049, #6088 ) ) REPRESENTATION_CONTEXT ( 'NONE', 'WORKASPACE' ) );
#6766 = DIRECTION ( 'NONE',  ( -0.000000000000000000, 0.000000000000000000, 1.000000000000000000 ) ) ;
#6767 = CARTESIAN_POINT ( 'NONE',  ( -2.649999999999998579, 1.800655561573372143, 0.000000000000000000 ) ) ;
#6768 = COLOUR_RGB ( '',0.9686274509803921573, 0.8784313725490195957, 0.5999999999999999778 ) ;
#6769 = ORIENTED_EDGE ( 'NONE', *, *, #1517, .F. ) ;
#6770 = ORIENTED_EDGE ( 'NONE', *, *, #1188, .T. ) ;
#6771 = SURFACE_STYLE_FILL_AREA ( #3932 ) ;
#6772 = DIRECTION ( 'NONE',  ( 0.000000000000000000, -1.000000000000000000, 0.000000000000000000 ) ) ;
#6773 = DIRECTION ( 'NONE',  ( 0.000000000000000000, 1.000000000000000000, -0.000000000000000000 ) ) ;
#6774 = CARTESIAN_POINT ( 'NONE',  ( -3.349999999999998757, -0.02000000000000000042, 0.000000000000000000 ) ) ;
#6775 = SURFACE_STYLE_USAGE ( .BOTH. , #6227 ) ;
#6776 = CARTESIAN_POINT ( 'NONE',  ( -0.5999999999999989786, -0.02000000000000000042, 5.749999999999999112 ) ) ;
#6777 = AXIS2_PLACEMENT_3D ( 'NONE', #2700, #7211, #1414 ) ;
#6778 = FILL_AREA_STYLE_COLOUR ( '', #2319 ) ;
#6779 = ADVANCED_FACE ( 'NONE', ( #5119 ), #5608, .T. ) ;
#6780 = AXIS2_PLACEMENT_3D ( 'NONE', #6388, #474, #2784 ) ;
#6781 = VERTEX_POINT ( 'NONE', #17 ) ;
#6782 = ORIENTED_EDGE ( 'NONE', *, *, #7215, .F. ) ;
#6783 = DIRECTION ( 'NONE',  ( 1.000000000000000000, -0.000000000000000000, -8.673617379884036458E-16 ) ) ;
#6784 = CARTESIAN_POINT ( 'NONE',  ( 4.500000000000000888, 0.5900000000000000799, 4.190000000000000391 ) ) ;
#6785 = CARTESIAN_POINT ( 'NONE',  ( -3.500000000000050182, 0.000000000000000000, -1.299999999999999600 ) ) ;
#6786 = CARTESIAN_POINT ( 'NONE',  ( 3.500000000000037748, 1.800655561573372143, -0.09999999999999982514 ) ) ;
#6787 = DIRECTION ( 'NONE',  ( 0.000000000000000000, -1.000000000000000000, 0.000000000000000000 ) ) ;
#6788 = CARTESIAN_POINT ( 'NONE',  ( 0.000000000000000000, 0.000000000000000000, 3.500000000000000000 ) ) ;
#6789 = ORIENTED_EDGE ( 'NONE', *, *, #2811, .T. ) ;
#6790 = CARTESIAN_POINT ( 'NONE',  ( 4.500000000000000888, 0.5799999999999999600, 0.000000000000000000 ) ) ;
#6791 =( NAMED_UNIT ( * ) SI_UNIT ( $, .STERADIAN. ) SOLID_ANGLE_UNIT ( ) );
#6792 = PRESENTATION_STYLE_ASSIGNMENT (( #3451 ) ) ;
#6793 = VECTOR ( 'NONE', #2371, 1000.000000000000000 ) ;
#6794 = PRESENTATION_LAYER_ASSIGNMENT (  '', '', ( #902 ) ) ;
#6795 = LINE ( 'NONE', #1754, #352 ) ;
#6796 = EDGE_CURVE ( 'NONE', #6433, #696, #5636, .T. ) ;
#6797 = UNCERTAINTY_MEASURE_WITH_UNIT (LENGTH_MEASURE( 1.000000000000000082E-05 ), #2892, 'distance_accuracy_value', 'NONE');
#6798 = EDGE_CURVE ( 'NONE', #241, #4110, #2735, .T. ) ;
#6799 = ORIENTED_EDGE ( 'NONE', *, *, #4815, .F. ) ;
#6800 = DIRECTION ( 'NONE',  ( -1.000000000000000000, 0.000000000000000000, 0.000000000000000000 ) ) ;
#6801 = FACE_OUTER_BOUND ( 'NONE', #6830, .T. ) ;
#6802 = CIRCLE ( 'NONE', #3201, 0.2300000000000001765 ) ;
#6803 = AXIS2_PLACEMENT_3D ( 'NONE', #1696, #3909, #2806 ) ;
#6804 =( NAMED_UNIT ( * ) SI_UNIT ( $, .STERADIAN. ) SOLID_ANGLE_UNIT ( ) );
#6805 = CARTESIAN_POINT ( 'NONE',  ( 2.770000000000000906, -0.02000000000000000042, 5.749999999999999112 ) ) ;
#6806 = STYLED_ITEM ( 'NONE', ( #3459 ), #843 ) ;
#6807 = MECHANICAL_DESIGN_GEOMETRIC_PRESENTATION_REPRESENTATION (  '', ( #2857 ), #918 ) ;
#6808 = COLOUR_RGB ( '',0.9686274509803921573, 0.8784313725490195957, 0.5999999999999999778 ) ;
#6809 = AXIS2_PLACEMENT_3D ( 'NONE', #5060, #4943, #3195 ) ;
#6810 = VERTEX_POINT ( 'NONE', #4605 ) ;
#6811 = ORIENTED_EDGE ( 'NONE', *, *, #1713, .T. ) ;
#6812 = DIRECTION ( 'NONE',  ( 1.000000000000000000, 0.000000000000000000, 8.673617379884035472E-16 ) ) ;
#6813 = PRESENTATION_STYLE_ASSIGNMENT (( #1117 ) ) ;
#6814 = LINE ( 'NONE', #1653, #475 ) ;
#6815 = PRESENTATION_STYLE_ASSIGNMENT (( #4562 ) ) ;
#6816 = CYLINDRICAL_SURFACE ( 'NONE', #2332, 0.2500000000000002220 ) ;
#6817 = AXIS2_PLACEMENT_3D ( 'NONE', #946, #427, #2767 ) ;
#6818 = SURFACE_STYLE_USAGE ( .BOTH. , #6705 ) ;
#6819 = ORIENTED_EDGE ( 'NONE', *, *, #3499, .T. ) ;
#6820 =( GEOMETRIC_REPRESENTATION_CONTEXT ( 3 ) GLOBAL_UNCERTAINTY_ASSIGNED_CONTEXT ( ( #3196 ) ) GLOBAL_UNIT_ASSIGNED_CONTEXT ( ( #6082, #5530, #2761 ) ) REPRESENTATION_CONTEXT ( 'NONE', 'WORKASPACE' ) );
#6821 = ADVANCED_FACE ( 'NONE', ( #2232 ), #4540, .F. ) ;
#6822 = VERTEX_POINT ( 'NONE', #1660 ) ;
#6823 = DIRECTION ( 'NONE',  ( -0.000000000000000000, -1.000000000000000000, -0.000000000000000000 ) ) ;
#6824 =( NAMED_UNIT ( * ) PLANE_ANGLE_UNIT ( ) SI_UNIT ( $, .RADIAN. ) );
#6825 = CARTESIAN_POINT ( 'NONE',  ( -3.919999999999998153, 1.779999999999999805, -3.790000000000000924 ) ) ;
#6826 = FACE_OUTER_BOUND ( 'NONE', #1886, .T. ) ;
#6827 = DIRECTION ( 'NONE',  ( 0.000000000000000000, 0.000000000000000000, 1.000000000000000000 ) ) ;
#6828 = AXIS2_PLACEMENT_3D ( 'NONE', #406, #439, #2051 ) ;
#6829 = ORIENTED_EDGE ( 'NONE', *, *, #2022, .T. ) ;
#6830 = EDGE_LOOP ( 'NONE', ( #1192, #4939, #1425, #2741 ) ) ;
#6831 = DIRECTION ( 'NONE',  ( 0.000000000000000000, 0.000000000000000000, 1.000000000000000000 ) ) ;
#6832 = FILL_AREA_STYLE ('',( #4933 ) ) ;
#6833 =( LENGTH_UNIT ( ) NAMED_UNIT ( * ) SI_UNIT ( .MILLI., .METRE. ) );
#6834 = SURFACE_SIDE_STYLE ('',( #441 ) ) ;
#6835 = SURFACE_SIDE_STYLE ('',( #5866 ) ) ;
#6836 = DIRECTION ( 'NONE',  ( 0.000000000000000000, 1.000000000000000000, -0.000000000000000000 ) ) ;
#6837 = ORIENTED_EDGE ( 'NONE', *, *, #417, .T. ) ;
#6838 =( NAMED_UNIT ( * ) PLANE_ANGLE_UNIT ( ) SI_UNIT ( $, .RADIAN. ) );
#6839 = EDGE_CURVE ( 'NONE', #5406, #243, #986, .T. ) ;
#6840 = ORIENTED_EDGE ( 'NONE', *, *, #156, .F. ) ;
#6841 = DIRECTION ( 'NONE',  ( -1.000000000000000000, 0.000000000000000000, -0.000000000000000000 ) ) ;
#6842 = ORIENTED_EDGE ( 'NONE', *, *, #2309, .T. ) ;
#6843 =( NAMED_UNIT ( * ) SI_UNIT ( $, .STERADIAN. ) SOLID_ANGLE_UNIT ( ) );
#6844 = VECTOR ( 'NONE', #5701, 1000.000000000000000 ) ;
#6845 = SURFACE_SIDE_STYLE ('',( #4008 ) ) ;
#6846 = CARTESIAN_POINT ( 'NONE',  ( -0.2499999999999989175, -0.02000000000000000042, 5.749999999999999112 ) ) ;
#6847 = SURFACE_STYLE_FILL_AREA ( #7415 ) ;
#6848 = CARTESIAN_POINT ( 'NONE',  ( 3.500000000000037748, 1.800655561573372143, 0.5999999999999998668 ) ) ;
#6849 = LINE ( 'NONE', #6377, #7007 ) ;
#6850 = AXIS2_PLACEMENT_3D ( 'NONE', #1597, #3255, #2816 ) ;
#6851 = SURFACE_SIDE_STYLE ('',( #4565 ) ) ;
#6852 = EDGE_CURVE ( 'NONE', #4632, #7335, #6170, .T. ) ;
#6853 = ADVANCED_FACE ( 'NONE', ( #2990 ), #1738, .T. ) ;
#6854 = VECTOR ( 'NONE', #2621, 1000.000000000000000 ) ;
#6855 = ORIENTED_EDGE ( 'NONE', *, *, #7164, .T. ) ;
#6856 = AXIS2_PLACEMENT_3D ( 'NONE', #4441, #446, #1420 ) ;
#6857 = ORIENTED_EDGE ( 'NONE', *, *, #3400, .T. ) ;
#6858 = PRESENTATION_STYLE_ASSIGNMENT (( #3976 ) ) ;
#6859 = CARTESIAN_POINT ( 'NONE',  ( 4.500000000000038192, 0.000000000000000000, -0.09999999999999982514 ) ) ;
#6860 = DIRECTION ( 'NONE',  ( 0.000000000000000000, 1.000000000000000000, -0.000000000000000000 ) ) ;
#6861 = DIRECTION ( 'NONE',  ( 0.000000000000000000, 0.000000000000000000, 1.000000000000000000 ) ) ;
#6862 = DIRECTION ( 'NONE',  ( 0.000000000000000000, 0.000000000000000000, 1.000000000000000000 ) ) ;
#6863 = ORIENTED_EDGE ( 'NONE', *, *, #4899, .T. ) ;
#6864 = EDGE_LOOP ( 'NONE', ( #1631, #2528, #6321, #184, #981, #2146, #3975, #5515, #3229, #4245, #5581, #2437 ) ) ;
#6865 = DIRECTION ( 'NONE',  ( -0.000000000000000000, 1.000000000000000000, -0.000000000000000000 ) ) ;
#6866 = CIRCLE ( 'NONE', #5407, 0.2399999999999997691 ) ;
#6867 = CARTESIAN_POINT ( 'NONE',  ( 0.2500000000000011102, -0.02000000000000000042, 0.000000000000000000 ) ) ;
#6868 = CARTESIAN_POINT ( 'NONE',  ( 0.9300000000000007150, 0.5799999999999999600, 5.749999999999999112 ) ) ;
#6869 = DIRECTION ( 'NONE',  ( 1.000000000000000000, 0.000000000000000000, 0.000000000000000000 ) ) ;
#6870 = PLANE ( 'NONE',  #3253 ) ;
#6871 = CARTESIAN_POINT ( 'NONE',  ( -0.5999999999999989786, 0.5900000000000000799, 5.419999999999999041 ) ) ;
#6872 = EDGE_CURVE ( 'NONE', #3857, #1023, #1315, .T. ) ;
#6873 = COLOUR_RGB ( '',0.9686274509803921573, 0.8784313725490195957, 0.5999999999999999778 ) ;
#6874 = CIRCLE ( 'NONE', #5770, 0.2399999999999997691 ) ;
#6875 = FILL_AREA_STYLE ('',( #3995 ) ) ;
#6876 = DIRECTION ( 'NONE',  ( 1.000000000000000000, 0.000000000000000000, -0.000000000000000000 ) ) ;
#6877 = VERTEX_POINT ( 'NONE', #202 ) ;
#6878 =( NAMED_UNIT ( * ) SI_UNIT ( $, .STERADIAN. ) SOLID_ANGLE_UNIT ( ) );
#6879 = LINE ( 'NONE', #4078, #2971 ) ;
#6880 = MECHANICAL_DESIGN_GEOMETRIC_PRESENTATION_REPRESENTATION (  '', ( #7235 ), #3634 ) ;
#6881 = FILL_AREA_STYLE_COLOUR ( '', #2446 ) ;
#6882 = STYLED_ITEM ( 'NONE', ( #2926 ), #2950 ) ;
#6883 = ORIENTED_EDGE ( 'NONE', *, *, #2962, .F. ) ;
#6884 = SURFACE_STYLE_USAGE ( .BOTH. , #2298 ) ;
#6885 = UNCERTAINTY_MEASURE_WITH_UNIT (LENGTH_MEASURE( 1.000000000000000082E-05 ), #3022, 'distance_accuracy_value', 'NONE');
#6886 = ORIENTED_EDGE ( 'NONE', *, *, #5185, .F. ) ;
#6887 = DIRECTION ( 'NONE',  ( -0.000000000000000000, -1.000000000000000000, -0.000000000000000000 ) ) ;
#6888 = DIRECTION ( 'NONE',  ( 1.000000000000000000, 0.000000000000000000, 0.000000000000000000 ) ) ;
#6889 = DIRECTION ( 'NONE',  ( 1.000000000000000000, 0.000000000000000000, 8.673617379884033500E-16 ) ) ;
#6890 = DIRECTION ( 'NONE',  ( 0.000000000000000000, 1.000000000000000000, 0.000000000000000000 ) ) ;
#6891 = VECTOR ( 'NONE', #2271, 1000.000000000000000 ) ;
#6892 = ORIENTED_EDGE ( 'NONE', *, *, #2812, .T. ) ;
#6893 = ORIENTED_EDGE ( 'NONE', *, *, #434, .T. ) ;
#6894 =( NAMED_UNIT ( * ) PLANE_ANGLE_UNIT ( ) SI_UNIT ( $, .RADIAN. ) );
#6895 = MECHANICAL_DESIGN_GEOMETRIC_PRESENTATION_REPRESENTATION (  '', ( #1234 ), #5569 ) ;
#6896 = EDGE_CURVE ( 'NONE', #123, #7168, #92, .T. ) ;
#6897 = EDGE_CURVE ( 'NONE', #3386, #5406, #5829, .T. ) ;
#6898 = LINE ( 'NONE', #2453, #4228 ) ;
#6899 = CARTESIAN_POINT ( 'NONE',  ( 1.450000000000000844, 1.800655561573372143, 4.749999999999999112 ) ) ;
#6900 = LINE ( 'NONE', #1172, #5447 ) ;
#6901 = AXIS2_PLACEMENT_3D ( 'NONE', #4861, #6029, #6721 ) ;
#6902 = ORIENTED_EDGE ( 'NONE', *, *, #1188, .F. ) ;
#6903 = VERTEX_POINT ( 'NONE', #6315 ) ;
#6904 =( NAMED_UNIT ( * ) SI_UNIT ( $, .STERADIAN. ) SOLID_ANGLE_UNIT ( ) );
#6905 = CARTESIAN_POINT ( 'NONE',  ( 4.500000000000000888, 0.5900000000000000799, -0.08999999999999937217 ) ) ;
#6906 = DIRECTION ( 'NONE',  ( -0.000000000000000000, 1.000000000000000000, -0.000000000000000000 ) ) ;
#6907 = LINE ( 'NONE', #1637, #4340 ) ;
#6908 = LINE ( 'NONE', #2207, #4981 ) ;
#6909 = UNCERTAINTY_MEASURE_WITH_UNIT (LENGTH_MEASURE( 1.000000000000000082E-05 ), #4546, 'distance_accuracy_value', 'NONE');
#6910 = FILL_AREA_STYLE_COLOUR ( '', #7196 ) ;
#6911 = ORIENTED_EDGE ( 'NONE', *, *, #4323, .F. ) ;
#6912 = EDGE_CURVE ( 'NONE', #1014, #7168, #4930, .T. ) ;
#6913 = CARTESIAN_POINT ( 'NONE',  ( -4.499999999999999112, 0.000000000000000000, 2.999999999999999112 ) ) ;
#6914 = CARTESIAN_POINT ( 'NONE',  ( -1.469999999999999307, 0.5900000000000000799, 5.749999999999999112 ) ) ;
#6915 = DIRECTION ( 'NONE',  ( -0.000000000000000000, -1.000000000000000000, -0.000000000000000000 ) ) ;
#6916 =( GEOMETRIC_REPRESENTATION_CONTEXT ( 3 ) GLOBAL_UNCERTAINTY_ASSIGNED_CONTEXT ( ( #7106 ) ) GLOBAL_UNIT_ASSIGNED_CONTEXT ( ( #5989, #1361, #3113 ) ) REPRESENTATION_CONTEXT ( 'NONE', 'WORKASPACE' ) );
#6917 = VECTOR ( 'NONE', #2746, 1000.000000000000000 ) ;
#6918 = MECHANICAL_DESIGN_GEOMETRIC_PRESENTATION_REPRESENTATION (  '', ( #5694 ), #194 ) ;
#6919 = EDGE_LOOP ( 'NONE', ( #7231, #7132, #3518, #5861 ) ) ;
#6920 =( GEOMETRIC_REPRESENTATION_CONTEXT ( 3 ) GLOBAL_UNCERTAINTY_ASSIGNED_CONTEXT ( ( #4559 ) ) GLOBAL_UNIT_ASSIGNED_CONTEXT ( ( #6620, #6220, #3385 ) ) REPRESENTATION_CONTEXT ( 'NONE', 'WORKASPACE' ) );
#6921 = CIRCLE ( 'NONE', #5478, 0.3299999999999995715 ) ;
#6922 = VECTOR ( 'NONE', #6578, 1000.000000000000000 ) ;
#6923 = ORIENTED_EDGE ( 'NONE', *, *, #2274, .T. ) ;
#6924 =( LENGTH_UNIT ( ) NAMED_UNIT ( * ) SI_UNIT ( .MILLI., .METRE. ) );
#6925 = DIRECTION ( 'NONE',  ( -1.000000000000000000, 0.000000000000000000, 0.000000000000000000 ) ) ;
#6926 = FILL_AREA_STYLE_COLOUR ( '', #5435 ) ;
#6927 =( NAMED_UNIT ( * ) SI_UNIT ( $, .STERADIAN. ) SOLID_ANGLE_UNIT ( ) );
#6928 = CIRCLE ( 'NONE', #3209, 0.3500000000000000333 ) ;
#6929 =( GEOMETRIC_REPRESENTATION_CONTEXT ( 3 ) GLOBAL_UNCERTAINTY_ASSIGNED_CONTEXT ( ( #5211 ) ) GLOBAL_UNIT_ASSIGNED_CONTEXT ( ( #3547, #3620, #2949 ) ) REPRESENTATION_CONTEXT ( 'NONE', 'WORKASPACE' ) );
#6930 = AXIS2_PLACEMENT_3D ( 'NONE', #2422, #5798, #1360 ) ;
#6931 = ORIENTED_EDGE ( 'NONE', *, *, #691, .F. ) ;
#6932 = ORIENTED_EDGE ( 'NONE', *, *, #819, .T. ) ;
#6933 = FACE_OUTER_BOUND ( 'NONE', #1082, .T. ) ;
#6934 = SURFACE_STYLE_FILL_AREA ( #1344 ) ;
#6935 = VECTOR ( 'NONE', #213, 1000.000000000000000 ) ;
#6936 =( NAMED_UNIT ( * ) SI_UNIT ( $, .STERADIAN. ) SOLID_ANGLE_UNIT ( ) );
#6937 =( GEOMETRIC_REPRESENTATION_CONTEXT ( 3 ) GLOBAL_UNCERTAINTY_ASSIGNED_CONTEXT ( ( #2902 ) ) GLOBAL_UNIT_ASSIGNED_CONTEXT ( ( #7228, #6662, #5148 ) ) REPRESENTATION_CONTEXT ( 'NONE', 'WORKASPACE' ) );
#6938 = DIRECTION ( 'NONE',  ( 0.000000000000000000, -1.000000000000000000, 0.000000000000000000 ) ) ;
#6939 =( NAMED_UNIT ( * ) SI_UNIT ( $, .STERADIAN. ) SOLID_ANGLE_UNIT ( ) );
#6940 = MECHANICAL_DESIGN_GEOMETRIC_PRESENTATION_REPRESENTATION (  '', ( #6083 ), #6820 ) ;
#6941 = EDGE_CURVE ( 'NONE', #241, #7027, #6384, .T. ) ;
#6942 = EDGE_CURVE ( 'NONE', #6736, #6575, #2317, .T. ) ;
#6943 = ORIENTED_EDGE ( 'NONE', *, *, #7005, .F. ) ;
#6944 = ORIENTED_EDGE ( 'NONE', *, *, #7269, .T. ) ;
#6945 = PLANE ( 'NONE',  #1331 ) ;
#6946 = LINE ( 'NONE', #4099, #6953 ) ;
#6947 = FILL_AREA_STYLE ('',( #6979 ) ) ;
#6948 = VECTOR ( 'NONE', #6140, 1000.000000000000000 ) ;
#6949 = FACE_OUTER_BOUND ( 'NONE', #5436, .T. ) ;
#6950 = EDGE_CURVE ( 'NONE', #5942, #1618, #3476, .T. ) ;
#6951 = EDGE_CURVE ( 'NONE', #3866, #1538, #6898, .T. ) ;
#6952 = SURFACE_STYLE_FILL_AREA ( #6875 ) ;
#6953 = VECTOR ( 'NONE', #3557, 1000.000000000000000 ) ;
#6954 = PRESENTATION_STYLE_ASSIGNMENT (( #5133 ) ) ;
#6955 = VERTEX_POINT ( 'NONE', #4737 ) ;
#6956 = CARTESIAN_POINT ( 'NONE',  ( -1.449999999999998845, -0.02000000000000000042, 4.749999999999999112 ) ) ;
#6957 = SURFACE_STYLE_FILL_AREA ( #5208 ) ;
#6958 = EDGE_CURVE ( 'NONE', #410, #3274, #56, .T. ) ;
#6959 = VERTEX_POINT ( 'NONE', #1815 ) ;
#6960 = FILL_AREA_STYLE_COLOUR ( '', #1255 ) ;
#6961 = VERTEX_POINT ( 'NONE', #1241 ) ;
#6962 = CARTESIAN_POINT ( 'NONE',  ( -4.499999999999999112, 0.5799999999999999600, 0.000000000000000000 ) ) ;
#6963 = SURFACE_SIDE_STYLE ('',( #4666 ) ) ;
#6964 = CARTESIAN_POINT ( 'NONE',  ( 4.500000000000002665, 0.5799999999999999600, -3.500000000000000444 ) ) ;
#6965 = CARTESIAN_POINT ( 'NONE',  ( -4.500000000000014211, 0.5900000000000000799, 0.5900000000000000799 ) ) ;
#6966 = EDGE_CURVE ( 'NONE', #5574, #2096, #3268, .T. ) ;
#6967 = VERTEX_POINT ( 'NONE', #5228 ) ;
#6968 = COLOUR_RGB ( '',0.000000000000000000, 0.5647058823529411686, 0.09803921568627450844 ) ;
#6969 = VERTEX_POINT ( 'NONE', #3587 ) ;
#6970 = MECHANICAL_DESIGN_GEOMETRIC_PRESENTATION_REPRESENTATION (  '', ( #2040 ), #6733 ) ;
#6971 = DIRECTION ( 'NONE',  ( -1.000000000000000000, 0.000000000000000000, 8.673617379884036458E-16 ) ) ;
#6972 = CARTESIAN_POINT ( 'NONE',  ( -4.500000000000016875, 0.5900000000000000799, -1.189999999999999281 ) ) ;
#6973 = CARTESIAN_POINT ( 'NONE',  ( -4.500000000000025757, -0.02000000000000000042, 1.100000000000000311 ) ) ;
#6974 = CARTESIAN_POINT ( 'NONE',  ( 0.000000000000000000, -0.02000000000000000042, 0.000000000000000000 ) ) ;
#6975 = VERTEX_POINT ( 'NONE', #5863 ) ;
#6976 = EDGE_LOOP ( 'NONE', ( #6931, #6107, #5736, #2457 ) ) ;
#6977 = LINE ( 'NONE', #3987, #6430 ) ;
#6978 = SURFACE_STYLE_FILL_AREA ( #5761 ) ;
#6979 = FILL_AREA_STYLE_COLOUR ( '', #2186 ) ;
#6980 = DIRECTION ( 'NONE',  ( 0.000000000000000000, 0.000000000000000000, -1.000000000000000000 ) ) ;
#6981 =( GEOMETRIC_REPRESENTATION_CONTEXT ( 3 ) GLOBAL_UNCERTAINTY_ASSIGNED_CONTEXT ( ( #3651 ) ) GLOBAL_UNIT_ASSIGNED_CONTEXT ( ( #109, #1559, #1411 ) ) REPRESENTATION_CONTEXT ( 'NONE', 'WORKASPACE' ) );
#6982 =( LENGTH_UNIT ( ) NAMED_UNIT ( * ) SI_UNIT ( .MILLI., .METRE. ) );
#6983 = CARTESIAN_POINT ( 'NONE',  ( 4.500000000000002665, 0.000000000000000000, -3.500000000000000444 ) ) ;
#6984 = VERTEX_POINT ( 'NONE', #7043 ) ;
#6985 = FILL_AREA_STYLE_COLOUR ( '', #3992 ) ;
#6986 = DIRECTION ( 'NONE',  ( 1.000000000000000000, 0.000000000000000000, 0.000000000000000000 ) ) ;
#6987 = ADVANCED_FACE ( 'NONE', ( #2002 ), #2075, .T. ) ;
#6988 = ADVANCED_FACE ( 'NONE', ( #4337 ), #7146, .F. ) ;
#6989 = SURFACE_STYLE_USAGE ( .BOTH. , #3122 ) ;
#6990 = VECTOR ( 'NONE', #5332, 1000.000000000000000 ) ;
#6991 = VECTOR ( 'NONE', #1196, 1000.000000000000000 ) ;
#6992 = EDGE_LOOP ( 'NONE', ( #6070, #846, #3657, #1963 ) ) ;
#6993 = STYLED_ITEM ( 'NONE', ( #201 ), #7232 ) ;
#6994 = PRESENTATION_STYLE_ASSIGNMENT (( #6884 ) ) ;
#6995 = VERTEX_POINT ( 'NONE', #899 ) ;
#6996 = VECTOR ( 'NONE', #6361, 1000.000000000000000 ) ;
#6997 = LINE ( 'NONE', #5815, #7 ) ;
#6998 = LINE ( 'NONE', #2375, #6299 ) ;
#6999 = CARTESIAN_POINT ( 'NONE',  ( 1.800000000000000711, 1.800655561573372143, 5.749999999999999112 ) ) ;
#7000 = DIRECTION ( 'NONE',  ( 0.000000000000000000, 0.000000000000000000, -1.000000000000000000 ) ) ;
#7001 = AXIS2_PLACEMENT_3D ( 'NONE', #6011, #799, #3168 ) ;
#7002 = EDGE_LOOP ( 'NONE', ( #3895, #820, #565, #6902 ) ) ;
#7003 = ORIENTED_EDGE ( 'NONE', *, *, #6950, .F. ) ;
#7004 = FILL_AREA_STYLE ('',( #4704 ) ) ;
#7005 = EDGE_CURVE ( 'NONE', #3285, #1812, #4299, .T. ) ;
#7006 = CARTESIAN_POINT ( 'NONE',  ( -4.500000000000050626, -0.02000000000000000042, -0.6000000000000007550 ) ) ;
#7007 = VECTOR ( 'NONE', #4628, 1000.000000000000000 ) ;
#7008 = CARTESIAN_POINT ( 'NONE',  ( -3.500000000000037748, 0.000000000000000000, 0.000000000000000000 ) ) ;
#7009 = PRESENTATION_LAYER_ASSIGNMENT (  '', '', ( #1234 ) ) ;
#7010 = ORIENTED_EDGE ( 'NONE', *, *, #370, .F. ) ;
#7011 = VERTEX_POINT ( 'NONE', #5450 ) ;
#7012 = LINE ( 'NONE', #5944, #4283 ) ;
#7013 = DIRECTION ( 'NONE',  ( 0.000000000000000000, -0.000000000000000000, 1.000000000000000000 ) ) ;
#7014 =( LENGTH_UNIT ( ) NAMED_UNIT ( * ) SI_UNIT ( .MILLI., .METRE. ) );
#7015 = PLANE ( 'NONE',  #7105 ) ;
#7016 = CIRCLE ( 'NONE', #5853, 0.2399999999999997691 ) ;
#7017 =( GEOMETRIC_REPRESENTATION_CONTEXT ( 3 ) GLOBAL_UNCERTAINTY_ASSIGNED_CONTEXT ( ( #5359 ) ) GLOBAL_UNIT_ASSIGNED_CONTEXT ( ( #6684, #1982, #335 ) ) REPRESENTATION_CONTEXT ( 'NONE', 'WORKASPACE' ) );
#7018 = MECHANICAL_DESIGN_GEOMETRIC_PRESENTATION_REPRESENTATION (  '', ( #2824 ), #5805 ) ;
#7019 = CARTESIAN_POINT ( 'NONE',  ( 0.000000000000000000, 1.800655561573372143, -1.299999999999999600 ) ) ;
#7020 = DIRECTION ( 'NONE',  ( -6.938893903907222067E-15, 0.000000000000000000, 1.000000000000000000 ) ) ;
#7021 = VERTEX_POINT ( 'NONE', #798 ) ;
#7022 = FACE_OUTER_BOUND ( 'NONE', #6411, .T. ) ;
#7023 = SURFACE_SIDE_STYLE ('',( #2433 ) ) ;
#7024 = CARTESIAN_POINT ( 'NONE',  ( -4.500000000000003553, 0.5900000000000000799, 2.310000000000000497 ) ) ;
#7025 = EDGE_CURVE ( 'NONE', #5286, #5452, #6086, .T. ) ;
#7026 = EDGE_CURVE ( 'NONE', #3274, #7428, #3704, .T. ) ;
#7027 = VERTEX_POINT ( 'NONE', #5374 ) ;
#7028 = PLANE ( 'NONE',  #2355 ) ;
#7029 = UNCERTAINTY_MEASURE_WITH_UNIT (LENGTH_MEASURE( 1.000000000000000082E-05 ), #1911, 'distance_accuracy_value', 'NONE');
#7030 = ORIENTED_EDGE ( 'NONE', *, *, #1088, .T. ) ;
#7031 = CARTESIAN_POINT ( 'NONE',  ( 4.500000000000002665, 0.5900000000000000799, 4.089999999999999858 ) ) ;
#7032 = COLOUR_RGB ( '',0.9686274509803921573, 0.8784313725490195957, 0.5999999999999999778 ) ;
#7033 = CARTESIAN_POINT ( 'NONE',  ( 2.650000000000000355, 0.000000000000000000, -0.000000000000000000 ) ) ;
#7034 = DIRECTION ( 'NONE',  ( -1.000000000000000000, 0.000000000000000000, -0.000000000000000000 ) ) ;
#7035 = DIRECTION ( 'NONE',  ( 0.000000000000000000, 0.000000000000000000, -1.000000000000000000 ) ) ;
#7036 =( GEOMETRIC_REPRESENTATION_CONTEXT ( 3 ) GLOBAL_UNCERTAINTY_ASSIGNED_CONTEXT ( ( #5685 ) ) GLOBAL_UNIT_ASSIGNED_CONTEXT ( ( #4537, #6824, #2015 ) ) REPRESENTATION_CONTEXT ( 'NONE', 'WORKASPACE' ) );
#7037 = AXIS2_PLACEMENT_3D ( 'NONE', #7097, #4824, #2054 ) ;
#7038 = AXIS2_PLACEMENT_3D ( 'NONE', #4083, #6342, #3694 ) ;
#7039 = EDGE_CURVE ( 'NONE', #4117, #678, #2523, .T. ) ;
#7040 = VERTEX_POINT ( 'NONE', #865 ) ;
#7041 = VERTEX_POINT ( 'NONE', #3166 ) ;
#7042 = DIRECTION ( 'NONE',  ( -0.000000000000000000, 1.000000000000000000, -0.000000000000000000 ) ) ;
#7043 = CARTESIAN_POINT ( 'NONE',  ( -3.999999999999999112, 2.080000000000000071, 5.049999999999998934 ) ) ;
#7044 = CYLINDRICAL_SURFACE ( 'NONE', #4285, 0.3399999999999998024 ) ;
#7045 = CARTESIAN_POINT ( 'NONE',  ( -4.499999999999999112, -0.02000000000000000042, 3.500000000000000000 ) ) ;
#7046 = VECTOR ( 'NONE', #5877, 1000.000000000000000 ) ;
#7047 = SURFACE_STYLE_FILL_AREA ( #2037 ) ;
#7048 = STYLED_ITEM ( 'NONE', ( #3363 ), #1605 ) ;
#7049 = ADVANCED_FACE ( 'NONE', ( #1686 ), #6265, .F. ) ;
#7050 = ORIENTED_EDGE ( 'NONE', *, *, #3091, .T. ) ;
#7051 = AXIS2_PLACEMENT_3D ( 'NONE', #438, #4465, #2742 ) ;
#7052 =( GEOMETRIC_REPRESENTATION_CONTEXT ( 3 ) GLOBAL_UNCERTAINTY_ASSIGNED_CONTEXT ( ( #931 ) ) GLOBAL_UNIT_ASSIGNED_CONTEXT ( ( #359, #5609, #2279 ) ) REPRESENTATION_CONTEXT ( 'NONE', 'WORKASPACE' ) );
#7053 = STYLED_ITEM ( 'NONE', ( #447 ), #1744 ) ;
#7054 = ORIENTED_EDGE ( 'NONE', *, *, #4395, .T. ) ;
#7055 = DIRECTION ( 'NONE',  ( 0.000000000000000000, 0.000000000000000000, -1.000000000000000000 ) ) ;
#7056 = LINE ( 'NONE', #1899, #1150 ) ;
#7057 = PRESENTATION_STYLE_ASSIGNMENT (( #4748 ) ) ;
#7058 = FACE_OUTER_BOUND ( 'NONE', #235, .T. ) ;
#7059 = SURFACE_STYLE_USAGE ( .BOTH. , #4717 ) ;
#7060 = VECTOR ( 'NONE', #4197, 1000.000000000000000 ) ;
#7061 = DIRECTION ( 'NONE',  ( 0.000000000000000000, 0.000000000000000000, -1.000000000000000000 ) ) ;
#7062 = AXIS2_PLACEMENT_3D ( 'NONE', #3163, #4880, #7191 ) ;
#7063 = SURFACE_STYLE_USAGE ( .BOTH. , #6403 ) ;
#7064 = DIRECTION ( 'NONE',  ( 0.000000000000000000, -1.000000000000000000, 0.000000000000000000 ) ) ;
#7065 = ORIENTED_EDGE ( 'NONE', *, *, #2256, .T. ) ;
#7066 =( NAMED_UNIT ( * ) SI_UNIT ( $, .STERADIAN. ) SOLID_ANGLE_UNIT ( ) );
#7067 = VERTEX_POINT ( 'NONE', #4954 ) ;
#7068 = CARTESIAN_POINT ( 'NONE',  ( 4.500000000000000888, 1.800655561573372143, -0.6000000000000003109 ) ) ;
#7069 = ORIENTED_EDGE ( 'NONE', *, *, #590, .F. ) ;
#7070 = CARTESIAN_POINT ( 'NONE',  ( -3.229999999999998650, -0.02000000000000000042, 5.749999999999999112 ) ) ;
#7071 =( LENGTH_UNIT ( ) NAMED_UNIT ( * ) SI_UNIT ( .MILLI., .METRE. ) );
#7072 = LINE ( 'NONE', #7033, #6421 ) ;
#7073 = DIRECTION ( 'NONE',  ( 0.000000000000000000, 0.000000000000000000, -1.000000000000000000 ) ) ;
#7074 = EDGE_CURVE ( 'NONE', #1972, #4400, #3038, .T. ) ;
#7075 = ORIENTED_EDGE ( 'NONE', *, *, #549, .T. ) ;
#7076 = ORIENTED_EDGE ( 'NONE', *, *, #6467, .F. ) ;
#7077 = CARTESIAN_POINT ( 'NONE',  ( 4.500000000000000888, 0.5900000000000000799, 0.000000000000000000 ) ) ;
#7078 = CARTESIAN_POINT ( 'NONE',  ( 4.500000000000000888, -0.02000000000000000042, 4.089999999999999858 ) ) ;
#7079 = VECTOR ( 'NONE', #3600, 1000.000000000000000 ) ;
#7080 = EDGE_CURVE ( 'NONE', #3134, #1340, #5071, .T. ) ;
#7081 = EDGE_CURVE ( 'NONE', #5814, #5983, #2676, .T. ) ;
#7082 = ORIENTED_EDGE ( 'NONE', *, *, #6521, .T. ) ;
#7083 = PRESENTATION_LAYER_ASSIGNMENT (  '', '', ( #2888 ) ) ;
#7084 = ORIENTED_EDGE ( 'NONE', *, *, #3930, .F. ) ;
#7085 = DIRECTION ( 'NONE',  ( 0.000000000000000000, 0.000000000000000000, -1.000000000000000000 ) ) ;
#7086 =( NAMED_UNIT ( * ) PLANE_ANGLE_UNIT ( ) SI_UNIT ( $, .RADIAN. ) );
#7087 = FILL_AREA_STYLE ('',( #4681 ) ) ;
#7088 =( LENGTH_UNIT ( ) NAMED_UNIT ( * ) SI_UNIT ( .MILLI., .METRE. ) );
#7089 = SURFACE_STYLE_FILL_AREA ( #772 ) ;
#7090 = STYLED_ITEM ( 'NONE', ( #5739 ), #459 ) ;
#7091 = CARTESIAN_POINT ( 'NONE',  ( -4.500000000000006217, 0.5900000000000000799, 2.990000000000000657 ) ) ;
#7092 = VECTOR ( 'NONE', #3978, 1000.000000000000000 ) ;
#7093 = CARTESIAN_POINT ( 'NONE',  ( 4.500000000000000888, -0.02000000000000000042, 4.199999999999999289 ) ) ;
#7094 = SURFACE_SIDE_STYLE ('',( #3151 ) ) ;
#7095 = DIRECTION ( 'NONE',  ( 0.000000000000000000, -1.000000000000000000, 0.000000000000000000 ) ) ;
#7096 = DIRECTION ( 'NONE',  ( -0.000000000000000000, -1.000000000000000000, -0.000000000000000000 ) ) ;
#7097 = CARTESIAN_POINT ( 'NONE',  ( -4.500000000000025757, -0.02000000000000000042, 1.100000000000000311 ) ) ;
#7098 = EDGE_CURVE ( 'NONE', #2407, #3766, #7229, .T. ) ;
#7099 = CARTESIAN_POINT ( 'NONE',  ( 4.500000000000000888, 0.5799999999999999600, -0.6099999999999994316 ) ) ;
#7100 = VERTEX_POINT ( 'NONE', #2109 ) ;
#7101 = UNCERTAINTY_MEASURE_WITH_UNIT (LENGTH_MEASURE( 1.000000000000000082E-05 ), #2150, 'distance_accuracy_value', 'NONE');
#7102 = ORIENTED_EDGE ( 'NONE', *, *, #4183, .F. ) ;
#7103 =( NAMED_UNIT ( * ) SI_UNIT ( $, .STERADIAN. ) SOLID_ANGLE_UNIT ( ) );
#7104 = DIRECTION ( 'NONE',  ( -1.000000000000000000, 0.000000000000000000, 0.000000000000000000 ) ) ;
#7105 = AXIS2_PLACEMENT_3D ( 'NONE', #877, #3179, #7161 ) ;
#7106 = UNCERTAINTY_MEASURE_WITH_UNIT (LENGTH_MEASURE( 1.000000000000000082E-05 ), #5989, 'distance_accuracy_value', 'NONE');
#7107 = SURFACE_STYLE_USAGE ( .BOTH. , #4797 ) ;
#7108 =( NAMED_UNIT ( * ) SI_UNIT ( $, .STERADIAN. ) SOLID_ANGLE_UNIT ( ) );
#7109 = CIRCLE ( 'NONE', #859, 0.3299999999999995715 ) ;
#7110 = FACE_OUTER_BOUND ( 'NONE', #5775, .T. ) ;
#7111 = MECHANICAL_DESIGN_GEOMETRIC_PRESENTATION_REPRESENTATION (  '', ( #2192 ), #747 ) ;
#7112 = ORIENTED_EDGE ( 'NONE', *, *, #869, .F. ) ;
#7113 = ORIENTED_EDGE ( 'NONE', *, *, #6057, .F. ) ;
#7114 = LINE ( 'NONE', #4189, #5904 ) ;
#7115 = SURFACE_STYLE_FILL_AREA ( #1351 ) ;
#7116 = SURFACE_STYLE_FILL_AREA ( #1352 ) ;
#7117 = FACE_OUTER_BOUND ( 'NONE', #2900, .T. ) ;
#7118 = DIRECTION ( 'NONE',  ( 0.000000000000000000, 0.000000000000000000, 1.000000000000000000 ) ) ;
#7119 = CARTESIAN_POINT ( 'NONE',  ( -1.799999999999998934, 0.5900000000000000799, 5.749999999999999112 ) ) ;
#7120 = ORIENTED_EDGE ( 'NONE', *, *, #2087, .F. ) ;
#7121 = ADVANCED_FACE ( 'NONE', ( #6702 ), #4452, .F. ) ;
#7122 = EDGE_CURVE ( 'NONE', #5709, #3798, #3393, .T. ) ;
#7123 = ORIENTED_EDGE ( 'NONE', *, *, #2264, .T. ) ;
#7124 = FILL_AREA_STYLE ('',( #7154 ) ) ;
#7125 = VECTOR ( 'NONE', #5376, 1000.000000000000000 ) ;
#7126 = PRESENTATION_STYLE_ASSIGNMENT (( #2613 ) ) ;
#7127 =( NAMED_UNIT ( * ) SI_UNIT ( $, .STERADIAN. ) SOLID_ANGLE_UNIT ( ) );
#7128 = CIRCLE ( 'NONE', #1600, 0.3400000000000000244 ) ;
#7129 = CYLINDRICAL_SURFACE ( 'NONE', #2234, 0.3299999999999995715 ) ;
#7130 = CARTESIAN_POINT ( 'NONE',  ( 3.500000000000050182, -0.02000000000000000042, -0.5999999999999998668 ) ) ;
#7131 = DIRECTION ( 'NONE',  ( 0.000000000000000000, 0.000000000000000000, -1.000000000000000000 ) ) ;
#7132 = ORIENTED_EDGE ( 'NONE', *, *, #2940, .F. ) ;
#7133 = SURFACE_STYLE_FILL_AREA ( #1981 ) ;
#7134 = CARTESIAN_POINT ( 'NONE',  ( 1.570000000000001172, 1.800655561573372143, 5.749999999999999112 ) ) ;
#7135 = PRESENTATION_LAYER_ASSIGNMENT (  '', '', ( #5675 ) ) ;
#7136 = ADVANCED_FACE ( 'NONE', ( #2831 ), #1393, .T. ) ;
#7137 = ORIENTED_EDGE ( 'NONE', *, *, #3703, .F. ) ;
#7138 = CARTESIAN_POINT ( 'NONE',  ( 4.500000000000002665, -0.02000000000000000042, 3.610000000000000320 ) ) ;
#7139 = VERTEX_POINT ( 'NONE', #2001 ) ;
#7140 = LINE ( 'NONE', #648, #7408 ) ;
#7141 = SURFACE_STYLE_USAGE ( .BOTH. , #714 ) ;
#7142 = ORIENTED_EDGE ( 'NONE', *, *, #6391, .T. ) ;
#7143 = VERTEX_POINT ( 'NONE', #4774 ) ;
#7144 = DIRECTION ( 'NONE',  ( 1.000000000000000000, 0.000000000000000000, 0.000000000000000000 ) ) ;
#7145 = CARTESIAN_POINT ( 'NONE',  ( -4.500000000000006217, 0.5900000000000000799, 2.890000000000000124 ) ) ;
#7146 = PLANE ( 'NONE',  #504 ) ;
#7147 =( LENGTH_UNIT ( ) NAMED_UNIT ( * ) SI_UNIT ( .MILLI., .METRE. ) );
#7148 = PLANE ( 'NONE',  #1459 ) ;
#7149 =( GEOMETRIC_REPRESENTATION_CONTEXT ( 3 ) GLOBAL_UNCERTAINTY_ASSIGNED_CONTEXT ( ( #3378 ) ) GLOBAL_UNIT_ASSIGNED_CONTEXT ( ( #251, #2571, #3049 ) ) REPRESENTATION_CONTEXT ( 'NONE', 'WORKASPACE' ) );
#7150 = VECTOR ( 'NONE', #3808, 1000.000000000000000 ) ;
#7151 =( GEOMETRIC_REPRESENTATION_CONTEXT ( 3 ) GLOBAL_UNCERTAINTY_ASSIGNED_CONTEXT ( ( #3419 ) ) GLOBAL_UNIT_ASSIGNED_CONTEXT ( ( #5659, #3610, #185 ) ) REPRESENTATION_CONTEXT ( 'NONE', 'WORKASPACE' ) );
#7152 = EDGE_LOOP ( 'NONE', ( #6135, #6014, #5613, #7050 ) ) ;
#7153 = ORIENTED_EDGE ( 'NONE', *, *, #5772, .F. ) ;
#7154 = FILL_AREA_STYLE_COLOUR ( '', #6306 ) ;
#7155 = CARTESIAN_POINT ( 'NONE',  ( 2.650000000000000355, -0.02000000000000000042, 4.749999999999999112 ) ) ;
#7156 =( GEOMETRIC_REPRESENTATION_CONTEXT ( 3 ) GLOBAL_UNCERTAINTY_ASSIGNED_CONTEXT ( ( #2219 ) ) GLOBAL_UNIT_ASSIGNED_CONTEXT ( ( #4184, #1918, #3653 ) ) REPRESENTATION_CONTEXT ( 'NONE', 'WORKASPACE' ) );
#7157 = LINE ( 'NONE', #5458, #3814 ) ;
#7158 = PRESENTATION_LAYER_ASSIGNMENT (  '', '', ( #2122 ) ) ;
#7159 = DIRECTION ( 'NONE',  ( 0.000000000000000000, 0.000000000000000000, 1.000000000000000000 ) ) ;
#7160 = MECHANICAL_DESIGN_GEOMETRIC_PRESENTATION_REPRESENTATION (  '', ( #6187 ), #3938 ) ;
#7161 = DIRECTION ( 'NONE',  ( -1.000000000000000000, 0.000000000000000000, -0.000000000000000000 ) ) ;
#7162 = DIRECTION ( 'NONE',  ( 0.000000000000000000, 1.000000000000000000, -0.000000000000000000 ) ) ;
#7163 =( LENGTH_UNIT ( ) NAMED_UNIT ( * ) SI_UNIT ( .MILLI., .METRE. ) );
#7164 = EDGE_CURVE ( 'NONE', #3906, #5630, #6457, .T. ) ;
#7165 = VECTOR ( 'NONE', #698, 1000.000000000000000 ) ;
#7166 = MECHANICAL_DESIGN_GEOMETRIC_PRESENTATION_REPRESENTATION (  '', ( #1154 ), #327 ) ;
#7167 = VECTOR ( 'NONE', #7440, 1000.000000000000000 ) ;
#7168 = VERTEX_POINT ( 'NONE', #3660 ) ;
#7169 = CARTESIAN_POINT ( 'NONE',  ( -1.799999999999998934, 0.5900000000000000799, 5.749999999999999112 ) ) ;
#7170 = PRESENTATION_STYLE_ASSIGNMENT (( #5470 ) ) ;
#7171 = CARTESIAN_POINT ( 'NONE',  ( -3.500000000000025757, -0.02000000000000000042, 1.100000000000000311 ) ) ;
#7172 = DIRECTION ( 'NONE',  ( -1.000000000000000000, 0.000000000000000000, 0.000000000000000000 ) ) ;
#7173 = PRESENTATION_STYLE_ASSIGNMENT (( #7285 ) ) ;
#7174 = CARTESIAN_POINT ( 'NONE',  ( 0.000000000000000000, 0.000000000000000000, 1.100000000000000311 ) ) ;
#7175 = MECHANICAL_DESIGN_GEOMETRIC_PRESENTATION_REPRESENTATION (  '', ( #4993 ), #7418 ) ;
#7176 = EDGE_CURVE ( 'NONE', #375, #3699, #7114, .T. ) ;
#7177 = EDGE_CURVE ( 'NONE', #5814, #1877, #3138, .T. ) ;
#7178 = VECTOR ( 'NONE', #3726, 1000.000000000000000 ) ;
#7179 = VERTEX_POINT ( 'NONE', #5935 ) ;
#7180 = FILL_AREA_STYLE_COLOUR ( '', #1630 ) ;
#7181 = UNCERTAINTY_MEASURE_WITH_UNIT (LENGTH_MEASURE( 1.000000000000000082E-05 ), #2093, 'distance_accuracy_value', 'NONE');
#7182 = ORIENTED_EDGE ( 'NONE', *, *, #3400, .F. ) ;
#7183 = FILL_AREA_STYLE_COLOUR ( '', #3251 ) ;
#7184 = DIRECTION ( 'NONE',  ( 0.000000000000000000, 0.000000000000000000, 1.000000000000000000 ) ) ;
#7185 = SURFACE_SIDE_STYLE ('',( #2550 ) ) ;
#7186 = DIRECTION ( 'NONE',  ( 0.000000000000000000, -1.000000000000000000, 0.000000000000000000 ) ) ;
#7187 = CIRCLE ( 'NONE', #3223, 0.3299999999999995715 ) ;
#7188 = CARTESIAN_POINT ( 'NONE',  ( -4.499999999999999112, 0.5799999999999999600, 0.000000000000000000 ) ) ;
#7189 = ORIENTED_EDGE ( 'NONE', *, *, #4266, .F. ) ;
#7190 = ORIENTED_EDGE ( 'NONE', *, *, #2771, .T. ) ;
#7191 = DIRECTION ( 'NONE',  ( 0.000000000000000000, 0.000000000000000000, -1.000000000000000000 ) ) ;
#7192 = DIRECTION ( 'NONE',  ( 0.000000000000000000, -1.000000000000000000, 0.000000000000000000 ) ) ;
#7193 = SURFACE_STYLE_USAGE ( .BOTH. , #3139 ) ;
#7194 = SURFACE_STYLE_FILL_AREA ( #3282 ) ;
#7195 = EDGE_CURVE ( 'NONE', #7168, #375, #1314, .T. ) ;
#7196 = COLOUR_RGB ( '',0.9686274509803921573, 0.8784313725490195957, 0.5999999999999999778 ) ;
#7197 = EDGE_LOOP ( 'NONE', ( #3552, #4411, #3582, #4210 ) ) ;
#7198 = VERTEX_POINT ( 'NONE', #5901 ) ;
#7199 =( NAMED_UNIT ( * ) PLANE_ANGLE_UNIT ( ) SI_UNIT ( $, .RADIAN. ) );
#7200 = CARTESIAN_POINT ( 'NONE',  ( -2.149999999999999023, -0.02000000000000000042, 5.749999999999999112 ) ) ;
#7201 = LINE ( 'NONE', #1327, #5010 ) ;
#7202 = DIRECTION ( 'NONE',  ( 1.000000000000000000, 0.000000000000000000, 0.000000000000000000 ) ) ;
#7203 = DIRECTION ( 'NONE',  ( -0.000000000000000000, 1.000000000000000000, -0.000000000000000000 ) ) ;
#7204 = ORIENTED_EDGE ( 'NONE', *, *, #4573, .F. ) ;
#7205 = CARTESIAN_POINT ( 'NONE',  ( 3.500000000000025757, 1.800655561573372143, 1.100000000000000311 ) ) ;
#7206 = LINE ( 'NONE', #2129, #815 ) ;
#7207 = ORIENTED_EDGE ( 'NONE', *, *, #589, .F. ) ;
#7208 =( NAMED_UNIT ( * ) SI_UNIT ( $, .STERADIAN. ) SOLID_ANGLE_UNIT ( ) );
#7209 = COLOUR_RGB ( '',0.9686274509803921573, 0.8784313725490195957, 0.5999999999999999778 ) ;
#7210 = VECTOR ( 'NONE', #5669, 1000.000000000000000 ) ;
#7211 = DIRECTION ( 'NONE',  ( 0.000000000000000000, -1.000000000000000000, 0.000000000000000000 ) ) ;
#7212 = VECTOR ( 'NONE', #521, 1000.000000000000000 ) ;
#7213 = ORIENTED_EDGE ( 'NONE', *, *, #5819, .F. ) ;
#7214 = EDGE_CURVE ( 'NONE', #1067, #2777, #1427, .T. ) ;
#7215 = EDGE_CURVE ( 'NONE', #5961, #3710, #150, .T. ) ;
#7216 = ORIENTED_EDGE ( 'NONE', *, *, #1086, .F. ) ;
#7217 = CARTESIAN_POINT ( 'NONE',  ( -4.500000000000011546, 0.5799999999999999600, -0.08999999999999937217 ) ) ;
#7218 = FILL_AREA_STYLE ('',( #892 ) ) ;
#7219 = DIRECTION ( 'NONE',  ( 0.000000000000000000, 0.000000000000000000, 1.000000000000000000 ) ) ;
#7220 = PRESENTATION_LAYER_ASSIGNMENT (  '', '', ( #2786 ) ) ;
#7221 = PRESENTATION_LAYER_ASSIGNMENT (  '', '', ( #382 ) ) ;
#7222 = ORIENTED_EDGE ( 'NONE', *, *, #3066, .T. ) ;
#7223 = PRESENTATION_LAYER_ASSIGNMENT (  '', '', ( #5050 ) ) ;
#7224 = ORIENTED_EDGE ( 'NONE', *, *, #3782, .F. ) ;
#7225 = CARTESIAN_POINT ( 'NONE',  ( 0.6000000000000010880, 0.5900000000000000799, 5.749999999999999112 ) ) ;
#7226 = PLANE ( 'NONE',  #951 ) ;
#7227 = FILL_AREA_STYLE_COLOUR ( '', #5178 ) ;
#7228 =( LENGTH_UNIT ( ) NAMED_UNIT ( * ) SI_UNIT ( .MILLI., .METRE. ) );
#7229 = CIRCLE ( 'NONE', #4004, 0.3399999999999998024 ) ;
#7230 = VECTOR ( 'NONE', #3902, 1000.000000000000000 ) ;
#7231 = ORIENTED_EDGE ( 'NONE', *, *, #5453, .F. ) ;
#7232 = ADVANCED_FACE ( 'NONE', ( #3070 ), #6588, .T. ) ;
#7233 = ORIENTED_EDGE ( 'NONE', *, *, #2524, .T. ) ;
#7234 =( NAMED_UNIT ( * ) SI_UNIT ( $, .STERADIAN. ) SOLID_ANGLE_UNIT ( ) );
#7235 = STYLED_ITEM ( 'NONE', ( #568 ), #7136 ) ;
#7236 = LINE ( 'NONE', #4259, #242 ) ;
#7237 =( NAMED_UNIT ( * ) PLANE_ANGLE_UNIT ( ) SI_UNIT ( $, .RADIAN. ) );
#7238 = SURFACE_STYLE_USAGE ( .BOTH. , #4262 ) ;
#7239 = FILL_AREA_STYLE_COLOUR ( '', #4638 ) ;
#7240 = VECTOR ( 'NONE', #6439, 1000.000000000000000 ) ;
#7241 = CARTESIAN_POINT ( 'NONE',  ( 4.500000000000000888, 0.5900000000000000799, 0.000000000000000000 ) ) ;
#7242 = VECTOR ( 'NONE', #6938, 1000.000000000000000 ) ;
#7243 = EDGE_LOOP ( 'NONE', ( #7182, #1835, #6745, #4903 ) ) ;
#7244 = PRESENTATION_STYLE_ASSIGNMENT (( #1524 ) ) ;
#7245 = CARTESIAN_POINT ( 'NONE',  ( 4.500000000000000888, 0.5900000000000000799, 1.790000000000000258 ) ) ;
#7246 = DIRECTION ( 'NONE',  ( 0.000000000000000000, 0.000000000000000000, 1.000000000000000000 ) ) ;
#7247 = DIRECTION ( 'NONE',  ( -1.000000000000000000, 0.000000000000000000, 8.673617379884036458E-16 ) ) ;
#7248 = DIRECTION ( 'NONE',  ( 0.000000000000000000, 0.000000000000000000, -1.000000000000000000 ) ) ;
#7249 =( NAMED_UNIT ( * ) PLANE_ANGLE_UNIT ( ) SI_UNIT ( $, .RADIAN. ) );
#7250 = VECTOR ( 'NONE', #4375, 1000.000000000000000 ) ;
#7251 = VERTEX_POINT ( 'NONE', #4840 ) ;
#7252 = CIRCLE ( 'NONE', #54, 0.3299999999999995715 ) ;
#7253 = ORIENTED_EDGE ( 'NONE', *, *, #1128, .T. ) ;
#7254 = SURFACE_STYLE_FILL_AREA ( #4477 ) ;
#7255 = UNCERTAINTY_MEASURE_WITH_UNIT (LENGTH_MEASURE( 1.000000000000000082E-05 ), #2330, 'distance_accuracy_value', 'NONE');
#7256 =( NAMED_UNIT ( * ) PLANE_ANGLE_UNIT ( ) SI_UNIT ( $, .RADIAN. ) );
#7257 = CARTESIAN_POINT ( 'NONE',  ( -3.500000000000050182, -0.02000000000000000042, -0.5999999999999998668 ) ) ;
#7258 =( LENGTH_UNIT ( ) NAMED_UNIT ( * ) SI_UNIT ( .MILLI., .METRE. ) );
#7259 = EDGE_CURVE ( 'NONE', #5666, #1483, #5300, .T. ) ;
#7260 = EDGE_CURVE ( 'NONE', #4178, #5868, #2450, .T. ) ;
#7261 = AXIS2_PLACEMENT_3D ( 'NONE', #3776, #4335, #2598 ) ;
#7262 = ORIENTED_EDGE ( 'NONE', *, *, #7164, .F. ) ;
#7263 = ORIENTED_EDGE ( 'NONE', *, *, #7195, .T. ) ;
#7264 = PLANE ( 'NONE',  #2699 ) ;
#7265 =( NAMED_UNIT ( * ) SI_UNIT ( $, .STERADIAN. ) SOLID_ANGLE_UNIT ( ) );
#7266 = DIRECTION ( 'NONE',  ( -0.000000000000000000, 1.000000000000000000, -0.000000000000000000 ) ) ;
#7267 = CARTESIAN_POINT ( 'NONE',  ( 4.500000000000000888, 0.000000000000000000, 0.000000000000000000 ) ) ;
#7268 = EDGE_CURVE ( 'NONE', #1971, #3210, #1889, .T. ) ;
#7269 = EDGE_CURVE ( 'NONE', #6903, #7345, #3313, .T. ) ;
#7270 = VERTEX_POINT ( 'NONE', #3819 ) ;
#7271 = EDGE_LOOP ( 'NONE', ( #6911, #3351, #2609, #5179 ) ) ;
#7272 = LINE ( 'NONE', #2118, #5845 ) ;
#7273 = DIRECTION ( 'NONE',  ( -1.000000000000000000, -0.000000000000000000, -0.000000000000000000 ) ) ;
#7274 = LINE ( 'NONE', #2121, #3202 ) ;
#7275 = PRESENTATION_STYLE_ASSIGNMENT (( #3248 ) ) ;
#7276 = AXIS2_PLACEMENT_3D ( 'NONE', #1942, #879, #7061 ) ;
#7277 = COLOUR_RGB ( '',0.9686274509803921573, 0.8784313725490195957, 0.5999999999999999778 ) ;
#7278 = EDGE_CURVE ( 'NONE', #5957, #1312, #4336, .T. ) ;
#7279 = ORIENTED_EDGE ( 'NONE', *, *, #7403, .F. ) ;
#7280 = VECTOR ( 'NONE', #3570, 1000.000000000000000 ) ;
#7281 = PRESENTATION_LAYER_ASSIGNMENT (  '', '', ( #903 ) ) ;
#7282 =( LENGTH_UNIT ( ) NAMED_UNIT ( * ) SI_UNIT ( .MILLI., .METRE. ) );
#7283 = DIRECTION ( 'NONE',  ( 0.000000000000000000, 0.000000000000000000, 1.000000000000000000 ) ) ;
#7284 = DIRECTION ( 'NONE',  ( 0.000000000000000000, 0.000000000000000000, -1.000000000000000000 ) ) ;
#7285 = SURFACE_STYLE_USAGE ( .BOTH. , #6141 ) ;
#7286 = DIRECTION ( 'NONE',  ( 0.000000000000000000, 0.000000000000000000, 1.000000000000000000 ) ) ;
#7287 = COLOUR_RGB ( '',0.9686274509803921573, 0.8784313725490195957, 0.5999999999999999778 ) ;
#7288 = AXIS2_PLACEMENT_3D ( 'NONE', #2125, #3912, #4429 ) ;
#7289 = AXIS2_PLACEMENT_3D ( 'NONE', #6514, #6394, #2957 ) ;
#7290 = ADVANCED_FACE ( 'NONE', ( #6701 ), #491, .T. ) ;
#7291 = VECTOR ( 'NONE', #6783, 1000.000000000000000 ) ;
#7292 = AXIS2_PLACEMENT_3D ( 'NONE', #238, #3073, #5229 ) ;
#7293 = ORIENTED_EDGE ( 'NONE', *, *, #4813, .F. ) ;
#7294 = LINE ( 'NONE', #5488, #3797 ) ;
#7295 = FACE_OUTER_BOUND ( 'NONE', #7271, .T. ) ;
#7296 = DIRECTION ( 'NONE',  ( -5.102127870520020587E-15, 0.000000000000000000, 1.000000000000000000 ) ) ;
#7297 = FILL_AREA_STYLE_COLOUR ( '', #4637 ) ;
#7298 = MECHANICAL_DESIGN_GEOMETRIC_PRESENTATION_REPRESENTATION (  '', ( #2134 ), #2747 ) ;
#7299 = VERTEX_POINT ( 'NONE', #2675 ) ;
#7300 = ORIENTED_EDGE ( 'NONE', *, *, #5270, .T. ) ;
#7301 = SURFACE_STYLE_FILL_AREA ( #3741 ) ;
#7302 = FACE_OUTER_BOUND ( 'NONE', #3927, .T. ) ;
#7303 = FILL_AREA_STYLE_COLOUR ( '', #6463 ) ;
#7304 = CARTESIAN_POINT ( 'NONE',  ( 0.000000000000000000, -0.02000000000000000042, 0.000000000000000000 ) ) ;
#7305 = DIRECTION ( 'NONE',  ( -0.000000000000000000, 0.000000000000000000, 1.000000000000000000 ) ) ;
#7306 = SURFACE_STYLE_FILL_AREA ( #1432 ) ;
#7307 = AXIS2_PLACEMENT_3D ( 'NONE', #4849, #286, #5949 ) ;
#7308 = EDGE_LOOP ( 'NONE', ( #6270, #5380, #6656, #1463, #392, #1166, #1114, #5528 ) ) ;
#7309 = EDGE_LOOP ( 'NONE', ( #5493, #2370, #1781, #4695 ) ) ;
#7310 = SURFACE_SIDE_STYLE ('',( #2839 ) ) ;
#7311 = FILL_AREA_STYLE_COLOUR ( '', #3947 ) ;
#7312 = ADVANCED_FACE ( 'NONE', ( #1505 ), #5565, .T. ) ;
#7313 = ADVANCED_FACE ( 'NONE', ( #6157 ), #7226, .T. ) ;
#7314 = CYLINDRICAL_SURFACE ( 'NONE', #5954, 0.3299999999999995715 ) ;
#7315 = CARTESIAN_POINT ( 'NONE',  ( -2.999999999999998668, 0.5900000000000000799, 5.749999999999999112 ) ) ;
#7316 = ORIENTED_EDGE ( 'NONE', *, *, #4877, .T. ) ;
#7317 =( NAMED_UNIT ( * ) PLANE_ANGLE_UNIT ( ) SI_UNIT ( $, .RADIAN. ) );
#7318 = DIRECTION ( 'NONE',  ( 1.000000000000000000, 0.000000000000000000, 0.000000000000000000 ) ) ;
#7319 = CARTESIAN_POINT ( 'NONE',  ( -4.500000000000050626, -0.02000000000000000042, -0.6000000000000007550 ) ) ;
#7320 =( NAMED_UNIT ( * ) PLANE_ANGLE_UNIT ( ) SI_UNIT ( $, .RADIAN. ) );
#7321 = CARTESIAN_POINT ( 'NONE',  ( 4.500000000000000888, 0.5900000000000000799, 1.110000000000000764 ) ) ;
#7322 = CARTESIAN_POINT ( 'NONE',  ( 2.030000000000000693, -0.02000000000000000042, 5.749999999999999112 ) ) ;
#7323 = SURFACE_STYLE_FILL_AREA ( #2384 ) ;
#7324 = VECTOR ( 'NONE', #1076, 1000.000000000000000 ) ;
#7325 = STYLED_ITEM ( 'NONE', ( #1777 ), #6149 ) ;
#7326 = VERTEX_POINT ( 'NONE', #1230 ) ;
#7327 = EDGE_CURVE ( 'NONE', #6955, #7198, #599, .T. ) ;
#7328 = CARTESIAN_POINT ( 'NONE',  ( -3.500000000000037748, -0.02000000000000000042, -0.09999999999999982514 ) ) ;
#7329 = SURFACE_SIDE_STYLE ('',( #1604 ) ) ;
#7330 =( GEOMETRIC_REPRESENTATION_CONTEXT ( 3 ) GLOBAL_UNCERTAINTY_ASSIGNED_CONTEXT ( ( #6726 ) ) GLOBAL_UNIT_ASSIGNED_CONTEXT ( ( #2889, #5649, #1753 ) ) REPRESENTATION_CONTEXT ( 'NONE', 'WORKASPACE' ) );
#7331 = CARTESIAN_POINT ( 'NONE',  ( 2.150000000000000799, 1.800655561573372143, 5.749999999999999112 ) ) ;
#7332 = SURFACE_STYLE_USAGE ( .BOTH. , #5020 ) ;
#7333 = SURFACE_STYLE_USAGE ( .BOTH. , #5021 ) ;
#7334 = VECTOR ( 'NONE', #5690, 1000.000000000000000 ) ;
#7335 = VERTEX_POINT ( 'NONE', #5214 ) ;
#7336 = ORIENTED_EDGE ( 'NONE', *, *, #4995, .F. ) ;
#7337 = PRESENTATION_LAYER_ASSIGNMENT (  '', '', ( #258 ) ) ;
#7338 = SURFACE_STYLE_USAGE ( .BOTH. , #6738 ) ;
#7339 = FILL_AREA_STYLE_COLOUR ( '', #5991 ) ;
#7340 = CARTESIAN_POINT ( 'NONE',  ( 4.500000000000000888, -0.02000000000000000042, 3.500000000000000000 ) ) ;
#7341 = SURFACE_SIDE_STYLE ('',( #5032 ) ) ;
#7342 = DIRECTION ( 'NONE',  ( 0.000000000000000000, 1.000000000000000000, 0.000000000000000000 ) ) ;
#7343 =( GEOMETRIC_REPRESENTATION_CONTEXT ( 3 ) GLOBAL_UNCERTAINTY_ASSIGNED_CONTEXT ( ( #4404 ) ) GLOBAL_UNIT_ASSIGNED_CONTEXT ( ( #5384, #2533, #7127 ) ) REPRESENTATION_CONTEXT ( 'NONE', 'WORKASPACE' ) );
#7344 = ORIENTED_EDGE ( 'NONE', *, *, #5454, .F. ) ;
#7345 = VERTEX_POINT ( 'NONE', #83 ) ;
#7346 = CARTESIAN_POINT ( 'NONE',  ( -4.499999999999999112, 0.5799999999999999600, 0.000000000000000000 ) ) ;
#7347 = FACE_OUTER_BOUND ( 'NONE', #5371, .T. ) ;
#7348 = SURFACE_STYLE_FILL_AREA ( #5634 ) ;
#7349 = DIRECTION ( 'NONE',  ( 0.000000000000000000, 0.000000000000000000, 1.000000000000000000 ) ) ;
#7350 = CARTESIAN_POINT ( 'NONE',  ( -2.999999999999998668, 0.5900000000000000799, 5.749999999999999112 ) ) ;
#7351 = COLOUR_RGB ( '',0.9686274509803921573, 0.8784313725490195957, 0.5999999999999999778 ) ;
#7352 = SURFACE_STYLE_FILL_AREA ( #3754 ) ;
#7353 = ADVANCED_FACE ( 'NONE', ( #2870 ), #3503, .T. ) ;
#7354 = EDGE_CURVE ( 'NONE', #7363, #3210, #3537, .T. ) ;
#7355 = VERTEX_POINT ( 'NONE', #4009 ) ;
#7356 = MECHANICAL_DESIGN_GEOMETRIC_PRESENTATION_REPRESENTATION (  '', ( #6993 ), #2429 ) ;
#7357 = COLOUR_RGB ( '',0.9686274509803921573, 0.8784313725490195957, 0.5999999999999999778 ) ;
#7358 = SURFACE_STYLE_USAGE ( .BOTH. , #6757 ) ;
#7359 = CARTESIAN_POINT ( 'NONE',  ( -3.349999999999998757, 0.000000000000000000, 4.749999999999999112 ) ) ;
#7360 = FILL_AREA_STYLE ('',( #2853 ) ) ;
#7361 = CARTESIAN_POINT ( 'NONE',  ( -3.500000000000037748, 0.000000000000000000, 0.5999999999999998668 ) ) ;
#7362 = STYLED_ITEM ( 'NONE', ( #128 ), #3356 ) ;
#7363 = VERTEX_POINT ( 'NONE', #5661 ) ;
#7364 = DIRECTION ( 'NONE',  ( -0.000000000000000000, 1.000000000000000000, -0.000000000000000000 ) ) ;
#7365 = SURFACE_STYLE_USAGE ( .BOTH. , #7329 ) ;
#7366 = VECTOR ( 'NONE', #5149, 1000.000000000000000 ) ;
#7367 = LINE ( 'NONE', #4330, #436 ) ;
#7368 = EDGE_CURVE ( 'NONE', #3427, #4697, #6814, .T. ) ;
#7369 = VECTOR ( 'NONE', #3809, 1000.000000000000000 ) ;
#7370 = ORIENTED_EDGE ( 'NONE', *, *, #6371, .F. ) ;
#7371 = ORIENTED_EDGE ( 'NONE', *, *, #7214, .F. ) ;
#7372 =( LENGTH_UNIT ( ) NAMED_UNIT ( * ) SI_UNIT ( .MILLI., .METRE. ) );
#7373 = MECHANICAL_DESIGN_GEOMETRIC_PRESENTATION_REPRESENTATION (  '', ( #1485 ), #1116 ) ;
#7374 = FILL_AREA_STYLE_COLOUR ( '', #3734 ) ;
#7375 = SURFACE_SIDE_STYLE ('',( #5030 ) ) ;
#7376 = LINE ( 'NONE', #7340, #6676 ) ;
#7377 = CARTESIAN_POINT ( 'NONE',  ( 1.800000000000000711, 0.5900000000000000799, 5.749999999999999112 ) ) ;
#7378 = ORIENTED_EDGE ( 'NONE', *, *, #6759, .T. ) ;
#7379 = ORIENTED_EDGE ( 'NONE', *, *, #3586, .F. ) ;
#7380 = SURFACE_STYLE_USAGE ( .BOTH. , #5667 ) ;
#7381 = PRESENTATION_STYLE_ASSIGNMENT (( #7423 ) ) ;
#7382 = DIRECTION ( 'NONE',  ( -0.000000000000000000, 1.000000000000000000, -0.000000000000000000 ) ) ;
#7383 = DIRECTION ( 'NONE',  ( 0.000000000000000000, 0.000000000000000000, 1.000000000000000000 ) ) ;
#7384 = LINE ( 'NONE', #2917, #758 ) ;
#7385 = ORIENTED_EDGE ( 'NONE', *, *, #4728, .T. ) ;
#7386 = EDGE_LOOP ( 'NONE', ( #5086, #6667, #1343, #3648 ) ) ;
#7387 = CARTESIAN_POINT ( 'NONE',  ( -0.9499999999999990674, -0.02000000000000000042, 5.749999999999999112 ) ) ;
#7388 = AXIS2_PLACEMENT_3D ( 'NONE', #3890, #4442, #5018 ) ;
#7389 =( LENGTH_UNIT ( ) NAMED_UNIT ( * ) SI_UNIT ( .MILLI., .METRE. ) );
#7390 = FILL_AREA_STYLE ('',( #5087 ) ) ;
#7391 =( NAMED_UNIT ( * ) SI_UNIT ( $, .STERADIAN. ) SOLID_ANGLE_UNIT ( ) );
#7392 = EDGE_CURVE ( 'NONE', #1174, #5255, #4447, .T. ) ;
#7393 = AXIS2_PLACEMENT_3D ( 'NONE', #4788, #2507, #814 ) ;
#7394 = VECTOR ( 'NONE', #3096, 1000.000000000000000 ) ;
#7395 = PRESENTATION_STYLE_ASSIGNMENT (( #7437 ) ) ;
#7396 = LINE ( 'NONE', #588, #7436 ) ;
#7397 = UNCERTAINTY_MEASURE_WITH_UNIT (LENGTH_MEASURE( 1.000000000000000082E-05 ), #930, 'distance_accuracy_value', 'NONE');
#7398 = ORIENTED_EDGE ( 'NONE', *, *, #2726, .T. ) ;
#7399 = SURFACE_SIDE_STYLE ('',( #3926 ) ) ;
#7400 = CARTESIAN_POINT ( 'NONE',  ( 4.500000000000000888, 0.5799999999999999600, -5.750000000000000888 ) ) ;
#7401 = MECHANICAL_DESIGN_GEOMETRIC_PRESENTATION_REPRESENTATION (  '', ( #2722 ), #2964 ) ;
#7402 = MECHANICAL_DESIGN_GEOMETRIC_PRESENTATION_REPRESENTATION (  '', ( #1632 ), #2723 ) ;
#7403 = EDGE_CURVE ( 'NONE', #591, #62, #3969, .T. ) ;
#7404 = EDGE_CURVE ( 'NONE', #6111, #6961, #1118, .T. ) ;
#7405 = PRESENTATION_STYLE_ASSIGNMENT (( #74 ) ) ;
#7406 = PRESENTATION_LAYER_ASSIGNMENT (  '', '', ( #2366 ) ) ;
#7407 = MECHANICAL_DESIGN_GEOMETRIC_PRESENTATION_REPRESENTATION (  '', ( #2482 ), #7052 ) ;
#7408 = VECTOR ( 'NONE', #263, 1000.000000000000000 ) ;
#7409 = ORIENTED_EDGE ( 'NONE', *, *, #1517, .T. ) ;
#7410 = FILL_AREA_STYLE_COLOUR ( '', #4461 ) ;
#7411 = UNCERTAINTY_MEASURE_WITH_UNIT (LENGTH_MEASURE( 1.000000000000000082E-05 ), #4366, 'distance_accuracy_value', 'NONE');
#7412 = VERTEX_POINT ( 'NONE', #567 ) ;
#7413 =( LENGTH_UNIT ( ) NAMED_UNIT ( * ) SI_UNIT ( .MILLI., .METRE. ) );
#7414 = DIRECTION ( 'NONE',  ( 0.000000000000000000, 0.000000000000000000, 1.000000000000000000 ) ) ;
#7415 = FILL_AREA_STYLE ('',( #1614 ) ) ;
#7416 = DIRECTION ( 'NONE',  ( 0.000000000000000000, 1.000000000000000000, -0.000000000000000000 ) ) ;
#7417 = CARTESIAN_POINT ( 'NONE',  ( 3.500000000000000444, -0.02000000000000000042, 3.500000000000000000 ) ) ;
#7418 =( GEOMETRIC_REPRESENTATION_CONTEXT ( 3 ) GLOBAL_UNCERTAINTY_ASSIGNED_CONTEXT ( ( #5091 ) ) GLOBAL_UNIT_ASSIGNED_CONTEXT ( ( #3439, #6894, #3658 ) ) REPRESENTATION_CONTEXT ( 'NONE', 'WORKASPACE' ) );
#7419 = FILL_AREA_STYLE_COLOUR ( '', #1388 ) ;
#7420 = ORIENTED_EDGE ( 'NONE', *, *, #2111, .T. ) ;
#7421 = ORIENTED_EDGE ( 'NONE', *, *, #5534, .T. ) ;
#7422 = DIRECTION ( 'NONE',  ( 0.000000000000000000, 0.000000000000000000, 1.000000000000000000 ) ) ;
#7423 = SURFACE_STYLE_USAGE ( .BOTH. , #6204 ) ;
#7424 = ADVANCED_FACE ( 'NONE', ( #4045 ), #5740, .T. ) ;
#7425 =( NAMED_UNIT ( * ) PLANE_ANGLE_UNIT ( ) SI_UNIT ( $, .RADIAN. ) );
#7426 = LINE ( 'NONE', #3982, #5065 ) ;
#7427 = AXIS2_PLACEMENT_3D ( 'NONE', #5068, #4521, #3390 ) ;
#7428 = VERTEX_POINT ( 'NONE', #2442 ) ;
#7429 = ORIENTED_EDGE ( 'NONE', *, *, #1598, .F. ) ;
#7430 = SURFACE_SIDE_STYLE ('',( #5124 ) ) ;
#7431 = FILL_AREA_STYLE ('',( #5841 ) ) ;
#7432 = PLANE ( 'NONE',  #6850 ) ;
#7433 = DIRECTION ( 'NONE',  ( 0.000000000000000000, 0.000000000000000000, -1.000000000000000000 ) ) ;
#7434 = LINE ( 'NONE', #4580, #6307 ) ;
#7435 = UNCERTAINTY_MEASURE_WITH_UNIT (LENGTH_MEASURE( 1.000000000000000082E-05 ), #4749, 'distance_accuracy_value', 'NONE');
#7436 = VECTOR ( 'NONE', #4621, 1000.000000000000000 ) ;
#7437 = SURFACE_STYLE_USAGE ( .BOTH. , #3486 ) ;
#7438 = DIRECTION ( 'NONE',  ( -0.000000000000000000, 0.000000000000000000, -1.000000000000000000 ) ) ;
#7439 = ORIENTED_EDGE ( 'NONE', *, *, #827, .F. ) ;
#7440 = DIRECTION ( 'NONE',  ( -0.000000000000000000, -1.000000000000000000, -0.000000000000000000 ) ) ;
ENDSEC;
END-ISO-10303-21;
