ISO-10303-21;
HEADER;
/****************************************************************
 * Generated by software with PDElib inside                    *
 * PDElib Version v51a, created Fri 09/10/2010                  *
 * ITI Transcendata (http://www.transcendata.com/)              *
 ****************************************************************/
FILE_DESCRIPTION((' '),'2;1');
FILE_NAME('P:\\E-Switch Secure\\3D_MODELS_STP_FORMAT\\600DPxS2M4x.stp','2017-07-28T11:09:14',(' '),(' '),' ','ACIS',' ');
FILE_SCHEMA(('CONFIG_CONTROL_DESIGN'));
ENDSEC;
DATA;
#5=APPLICATION_CONTEXT('configuration controlled 3D designs of mechanical parts and assemblies');
#6=APPLICATION_PROTOCOL_DEFINITION('International Standard','config_control_design',1995,#5);
#7=MECHANICAL_CONTEXT('None',#5,'mechanical');
#8=PRODUCT('P:\\E-Switch Secure\\3D_MODELS_STP_FORMAT\\600DPxS2M4x.stp','P:\\E-Switch Secure\\3D_MODELS_STP_FORMAT\\600DPxS2M4x.stp','None',(#7));
#9=PRODUCT_RELATED_PRODUCT_CATEGORY('detail',$,(#8));
#10=PRODUCT_CATEGORY('part',$);
#11=PRODUCT_CATEGORY_RELATIONSHIP('None','None',#10,#9);
#12=PERSON('PERSON1','None','None',$,$,$);
#13=ORGANIZATION('','None','None');
#14=PERSON_AND_ORGANIZATION(#12,#13);
#15=PERSON_AND_ORGANIZATION_ROLE('design_owner');
#16=CC_DESIGN_PERSON_AND_ORGANIZATION_ASSIGNMENT(#14,#15,(#8));
#17=PRODUCT_DEFINITION_FORMATION_WITH_SPECIFIED_SOURCE('None','None',#8,.NOT_KNOWN.);
#18=PERSON('PERSON2','None','None',$,$,$);
#19=ORGANIZATION('','None','None');
#20=PERSON_AND_ORGANIZATION(#18,#19);
#21=PERSON_AND_ORGANIZATION_ROLE('creator');
#22=CC_DESIGN_PERSON_AND_ORGANIZATION_ASSIGNMENT(#20,#21,(#17));
#23=PERSON('PERSON3','None','None',$,$,$);
#24=ORGANIZATION('','None','None');
#25=PERSON_AND_ORGANIZATION(#23,#24);
#26=PERSON_AND_ORGANIZATION_ROLE('part_supplier');
#27=CC_DESIGN_PERSON_AND_ORGANIZATION_ASSIGNMENT(#25,#26,(#17));
#28=APPROVAL_STATUS('approved');
#29=APPROVAL(#28,'None');
#30=PERSON('PERSON4','None','None',$,$,$);
#31=ORGANIZATION('','None','None');
#32=PERSON_AND_ORGANIZATION(#30,#31);
#33=APPROVAL_ROLE('None');
#34=APPROVAL_PERSON_ORGANIZATION(#32,#29,#33);
#35=CALENDAR_DATE(2017,28,7);
#36=COORDINATED_UNIVERSAL_TIME_OFFSET(0,0,.AHEAD.);
#37=LOCAL_TIME(11,9,14.0,#36);
#38=DATE_AND_TIME(#35,#37);
#39=APPROVAL_DATE_TIME(#38,#29);
#40=CC_DESIGN_APPROVAL(#29,(#17));
#41=SECURITY_CLASSIFICATION_LEVEL('unclassified');
#42=SECURITY_CLASSIFICATION('None','None',#41);
#43=CC_DESIGN_SECURITY_CLASSIFICATION(#42,(#17));
#44=APPROVAL_STATUS('approved');
#45=APPROVAL(#44,'None');
#46=PERSON('PERSON5','None','None',$,$,$);
#47=ORGANIZATION('','None','None');
#48=PERSON_AND_ORGANIZATION(#46,#47);
#49=APPROVAL_ROLE('None');
#50=APPROVAL_PERSON_ORGANIZATION(#48,#45,#49);
#51=CALENDAR_DATE(2017,28,7);
#52=COORDINATED_UNIVERSAL_TIME_OFFSET(0,0,.AHEAD.);
#53=LOCAL_TIME(11,9,14.0,#52);
#54=DATE_AND_TIME(#51,#53);
#55=APPROVAL_DATE_TIME(#54,#45);
#56=CC_DESIGN_APPROVAL(#45,(#42));
#57=PERSON('PERSON6','None','None',$,$,$);
#58=ORGANIZATION('','None','None');
#59=PERSON_AND_ORGANIZATION(#57,#58);
#60=PERSON_AND_ORGANIZATION_ROLE('classification_officer');
#61=CC_DESIGN_PERSON_AND_ORGANIZATION_ASSIGNMENT(#59,#60,(#42));
#62=DATE_TIME_ROLE('classification_date');
#63=CALENDAR_DATE(2017,28,7);
#64=COORDINATED_UNIVERSAL_TIME_OFFSET(0,0,.AHEAD.);
#65=LOCAL_TIME(11,9,14.0,#64);
#66=DATE_AND_TIME(#63,#65);
#67=CC_DESIGN_DATE_AND_TIME_ASSIGNMENT(#66,#62,(#42));
#68=DESIGN_CONTEXT('part definition',#5,'design');
#69=PRODUCT_DEFINITION('None','None',#17,#68);
#70=PERSON('PERSON7','None','None',$,$,$);
#71=ORGANIZATION('','None','None');
#72=PERSON_AND_ORGANIZATION(#70,#71);
#73=PERSON_AND_ORGANIZATION_ROLE('creator');
#74=CC_DESIGN_PERSON_AND_ORGANIZATION_ASSIGNMENT(#72,#73,(#69));
#75=DATE_TIME_ROLE('creation_date');
#76=CALENDAR_DATE(2017,28,7);
#77=COORDINATED_UNIVERSAL_TIME_OFFSET(0,0,.AHEAD.);
#78=LOCAL_TIME(11,9,14.0,#77);
#79=DATE_AND_TIME(#76,#78);
#80=CC_DESIGN_DATE_AND_TIME_ASSIGNMENT(#79,#75,(#69));
#81=APPROVAL_STATUS('approved');
#82=APPROVAL(#81,'None');
#83=PERSON('PERSON8','None','None',$,$,$);
#84=ORGANIZATION('','None','None');
#85=PERSON_AND_ORGANIZATION(#83,#84);
#86=APPROVAL_ROLE('None');
#87=APPROVAL_PERSON_ORGANIZATION(#85,#82,#86);
#88=CALENDAR_DATE(2017,28,7);
#89=COORDINATED_UNIVERSAL_TIME_OFFSET(0,0,.AHEAD.);
#90=LOCAL_TIME(11,9,14.0,#89);
#91=DATE_AND_TIME(#88,#90);
#92=APPROVAL_DATE_TIME(#91,#82);
#93=CC_DESIGN_APPROVAL(#82,(#69));
#99=(NAMED_UNIT(*)PLANE_ANGLE_UNIT()SI_UNIT($,.RADIAN.));
#100=DIMENSIONAL_EXPONENTS(0.0,0.0,0.0,0.0,0.0,0.0,0.0);
#101=PLANE_ANGLE_MEASURE_WITH_UNIT(PLANE_ANGLE_MEASURE(0.0174532925),#99);
#105=(CONVERSION_BASED_UNIT('DEGREE',#101)NAMED_UNIT(#100)PLANE_ANGLE_UNIT());
#109=(NAMED_UNIT(*)SI_UNIT($,.STERADIAN.)SOLID_ANGLE_UNIT());
#113=(LENGTH_UNIT()NAMED_UNIT(*)SI_UNIT(.CENTI.,.METRE.));
#114=DIMENSIONAL_EXPONENTS(1.0,0.0,0.0,0.0,0.0,0.0,0.0);
#115=LENGTH_MEASURE_WITH_UNIT(LENGTH_MEASURE(2.54),#113);
#119=(CONVERSION_BASED_UNIT('INCH',#115)LENGTH_UNIT()NAMED_UNIT(#114));
#121=UNCERTAINTY_MEASURE_WITH_UNIT(LENGTH_MEASURE(0.001),#119,'DISTANCE_ACCURACY_VALUE','');
#123=(GEOMETRIC_REPRESENTATION_CONTEXT(3)GLOBAL_UNCERTAINTY_ASSIGNED_CONTEXT((#121))GLOBAL_UNIT_ASSIGNED_CONTEXT((#105,#109,#119))REPRESENTATION_CONTEXT('None','None'));
#124=AXIS2_PLACEMENT_3D('',#125,#126,#127);
#125=CARTESIAN_POINT('',(0.0,0.0,0.0));
#126=DIRECTION('',(0.0,0.0,1.0));
#127=DIRECTION('',(1.0,0.0,0.0));
#128=SHAPE_REPRESENTATION('',(#124),#123);
#129=PRODUCT_DEFINITION_SHAPE('','',#69);
#130=SHAPE_DEFINITION_REPRESENTATION(#129,#128);
#136=(NAMED_UNIT(*)PLANE_ANGLE_UNIT()SI_UNIT($,.RADIAN.));
#137=DIMENSIONAL_EXPONENTS(0.0,0.0,0.0,0.0,0.0,0.0,0.0);
#138=PLANE_ANGLE_MEASURE_WITH_UNIT(PLANE_ANGLE_MEASURE(0.0174532925),#136);
#142=(CONVERSION_BASED_UNIT('DEGREE',#138)NAMED_UNIT(#137)PLANE_ANGLE_UNIT());
#146=(NAMED_UNIT(*)SI_UNIT($,.STERADIAN.)SOLID_ANGLE_UNIT());
#150=(LENGTH_UNIT()NAMED_UNIT(*)SI_UNIT(.CENTI.,.METRE.));
#152=UNCERTAINTY_MEASURE_WITH_UNIT(LENGTH_MEASURE(0.000001),#150,'DISTANCE_ACCURACY_VALUE','');
#154=(GEOMETRIC_REPRESENTATION_CONTEXT(3)GLOBAL_UNCERTAINTY_ASSIGNED_CONTEXT((#152))GLOBAL_UNIT_ASSIGNED_CONTEXT((#142,#146,#150))REPRESENTATION_CONTEXT('','3D'));
#155=CARTESIAN_POINT('',(0.154822834645669,0.069291338582677,0.275590551181103));
#156=DIRECTION('',(0.0,0.0,1.0));
#157=DIRECTION('',(1.0,0.0,0.0));
#158=AXIS2_PLACEMENT_3D('',#155,#156,#157);
#159=PLANE('',#158);
#160=CARTESIAN_POINT('',(-0.140748031496063,-0.061023622047244,0.275590551181102));
#161=VERTEX_POINT('',#160);
#162=CARTESIAN_POINT('',(-0.140748031496063,-0.062992125984252,0.275590551181102));
#163=VERTEX_POINT('',#162);
#164=CARTESIAN_POINT('',(-0.140748031496063,-0.061023622047244,0.275590551181102));
#165=DIRECTION('',(0.0,-1.0,0.0));
#166=VECTOR('',#165,0.001968503937008);
#167=LINE('',#164,#166);
#168=EDGE_CURVE('',#161,#163,#167,.T.);
#169=ORIENTED_EDGE('',*,*,#168,.T.);
#170=CARTESIAN_POINT('',(0.140748031496063,-0.062992125984252,0.275590551181102));
#171=VERTEX_POINT('',#170);
#172=CARTESIAN_POINT('',(-0.140748031496063,-0.062992125984252,0.275590551181102));
#173=DIRECTION('',(1.0,0.0,0.0));
#174=VECTOR('',#173,0.281496062992126);
#175=LINE('',#172,#174);
#176=EDGE_CURVE('',#163,#171,#175,.T.);
#177=ORIENTED_EDGE('',*,*,#176,.T.);
#178=CARTESIAN_POINT('',(0.140748031496063,0.062992125984252,0.275590551181102));
#179=VERTEX_POINT('',#178);
#180=CARTESIAN_POINT('',(0.140748031496063,-0.062992125984252,0.275590551181102));
#181=DIRECTION('',(0.0,1.0,0.0));
#182=VECTOR('',#181,0.125984251968504);
#183=LINE('',#180,#182);
#184=EDGE_CURVE('',#171,#179,#183,.T.);
#185=ORIENTED_EDGE('',*,*,#184,.T.);
#186=CARTESIAN_POINT('',(-0.140748031496063,0.062992125984252,0.275590551181102));
#187=VERTEX_POINT('',#186);
#188=CARTESIAN_POINT('',(0.140748031496063,0.062992125984252,0.275590551181102));
#189=DIRECTION('',(-1.0,0.0,0.0));
#190=VECTOR('',#189,0.281496062992126);
#191=LINE('',#188,#190);
#192=EDGE_CURVE('',#179,#187,#191,.T.);
#193=ORIENTED_EDGE('',*,*,#192,.T.);
#194=CARTESIAN_POINT('',(-0.140748031496063,0.061023622047244,0.275590551181102));
#195=VERTEX_POINT('',#194);
#196=CARTESIAN_POINT('',(-0.140748031496063,0.062992125984252,0.275590551181102));
#197=DIRECTION('',(0.0,-1.0,0.0));
#198=VECTOR('',#197,0.001968503937008);
#199=LINE('',#196,#198);
#200=EDGE_CURVE('',#187,#195,#199,.T.);
#201=ORIENTED_EDGE('',*,*,#200,.T.);
#202=CARTESIAN_POINT('',(0.063976377952755,0.061023622047244,0.275590551181103));
#203=VERTEX_POINT('',#202);
#204=CARTESIAN_POINT('',(-0.140748031496063,0.061023622047244,0.275590551181103));
#205=DIRECTION('',(1.0,0.0,0.0));
#206=VECTOR('',#205,0.204724409448818);
#207=LINE('',#204,#206);
#208=EDGE_CURVE('',#195,#203,#207,.T.);
#209=ORIENTED_EDGE('',*,*,#208,.T.);
#210=CARTESIAN_POINT('',(0.063976377952755,-0.061023622047244,0.275590551181103));
#211=VERTEX_POINT('',#210);
#212=CARTESIAN_POINT('',(0.063976377952755,0.061023622047244,0.275590551181103));
#213=DIRECTION('',(0.0,-1.0,0.0));
#214=VECTOR('',#213,0.122047244094488);
#215=LINE('',#212,#214);
#216=EDGE_CURVE('',#203,#211,#215,.T.);
#217=ORIENTED_EDGE('',*,*,#216,.T.);
#218=CARTESIAN_POINT('',(0.063976377952755,-0.061023622047244,0.275590551181103));
#219=DIRECTION('',(-1.0,0.0,0.0));
#220=VECTOR('',#219,0.204724409448818);
#221=LINE('',#218,#220);
#222=EDGE_CURVE('',#211,#161,#221,.T.);
#223=ORIENTED_EDGE('',*,*,#222,.T.);
#224=EDGE_LOOP('',(#169,#177,#185,#193,#201,#209,#217,#223));
#225=FACE_OUTER_BOUND('',#224,.T.);
#226=ADVANCED_FACE('',(#225),#159,.T.);
#227=CARTESIAN_POINT('',(-0.155118110236222,0.061023622047244,0.271456692913386));
#228=DIRECTION('',(0.0,1.0,0.0));
#229=DIRECTION('',(0.0,0.0,1.0));
#230=AXIS2_PLACEMENT_3D('',#227,#228,#229);
#231=PLANE('',#230);
#232=CARTESIAN_POINT('',(0.063976377952755,0.061023622047244,0.271653543307087));
#233=VERTEX_POINT('',#232);
#234=CARTESIAN_POINT('',(-0.14468503937008,0.061023622047244,0.271653543307087));
#235=VERTEX_POINT('',#234);
#236=CARTESIAN_POINT('',(0.063976377952755,0.061023622047244,0.271653543307087));
#237=DIRECTION('',(-1.0,0.0,0.0));
#238=VECTOR('',#237,0.208661417322835);
#239=LINE('',#236,#238);
#240=EDGE_CURVE('',#233,#235,#239,.T.);
#241=ORIENTED_EDGE('',*,*,#240,.F.);
#242=CARTESIAN_POINT('',(0.063976377952755,0.061023622047244,0.275590551181103));
#243=DIRECTION('',(0.0,0.0,-1.0));
#244=VECTOR('',#243,0.003937007874016);
#245=LINE('',#242,#244);
#246=EDGE_CURVE('',#203,#233,#245,.T.);
#247=ORIENTED_EDGE('',*,*,#246,.F.);
#248=ORIENTED_EDGE('',*,*,#208,.F.);
#249=CARTESIAN_POINT('',(-0.14468503937008,0.061023622047244,0.275590551181102));
#250=VERTEX_POINT('',#249);
#251=CARTESIAN_POINT('',(-0.14468503937008,0.061023622047244,0.275590551181102));
#252=DIRECTION('',(1.0,0.0,0.0));
#253=VECTOR('',#252,0.003937007874017);
#254=LINE('',#251,#253);
#255=EDGE_CURVE('',#250,#195,#254,.T.);
#256=ORIENTED_EDGE('',*,*,#255,.F.);
#257=CARTESIAN_POINT('',(-0.14468503937008,0.061023622047244,0.275590551181102));
#258=DIRECTION('',(0.0,0.0,-1.0));
#259=VECTOR('',#258,0.003937007874015);
#260=LINE('',#257,#259);
#261=EDGE_CURVE('',#250,#235,#260,.T.);
#262=ORIENTED_EDGE('',*,*,#261,.T.);
#263=EDGE_LOOP('',(#241,#247,#248,#256,#262));
#264=FACE_OUTER_BOUND('',#263,.T.);
#265=ADVANCED_FACE('',(#264),#231,.F.);
#266=CARTESIAN_POINT('',(-0.14468503937008,0.067125984251968,0.275787401574804));
#267=DIRECTION('',(-1.0,0.0,0.0));
#268=DIRECTION('',(0.0,0.0,1.0));
#269=AXIS2_PLACEMENT_3D('',#266,#267,#268);
#270=PLANE('',#269);
#271=CARTESIAN_POINT('',(-0.14468503937008,-0.061023622047244,0.271653543307087));
#272=VERTEX_POINT('',#271);
#273=CARTESIAN_POINT('',(-0.14468503937008,0.061023622047244,0.271653543307087));
#274=DIRECTION('',(0.0,-1.0,0.0));
#275=VECTOR('',#274,0.122047244094488);
#276=LINE('',#273,#275);
#277=EDGE_CURVE('',#235,#272,#276,.T.);
#278=ORIENTED_EDGE('',*,*,#277,.F.);
#279=ORIENTED_EDGE('',*,*,#261,.F.);
#280=CARTESIAN_POINT('',(-0.14468503937008,-0.061023622047244,0.275590551181102));
#281=VERTEX_POINT('',#280);
#282=CARTESIAN_POINT('',(-0.14468503937008,-0.061023622047244,0.275590551181102));
#283=DIRECTION('',(0.0,1.0,0.0));
#284=VECTOR('',#283,0.122047244094488);
#285=LINE('',#282,#284);
#286=EDGE_CURVE('',#281,#250,#285,.T.);
#287=ORIENTED_EDGE('',*,*,#286,.F.);
#288=CARTESIAN_POINT('',(-0.14468503937008,-0.061023622047244,0.275590551181102));
#289=DIRECTION('',(0.0,0.0,-1.0));
#290=VECTOR('',#289,0.003937007874015);
#291=LINE('',#288,#290);
#292=EDGE_CURVE('',#281,#272,#291,.T.);
#293=ORIENTED_EDGE('',*,*,#292,.T.);
#294=EDGE_LOOP('',(#278,#279,#287,#293));
#295=FACE_OUTER_BOUND('',#294,.T.);
#296=ADVANCED_FACE('',(#295),#270,.F.);
#297=CARTESIAN_POINT('',(-0.155118110236222,-0.061023622047244,0.275787401574804));
#298=DIRECTION('',(0.0,-1.0,0.0));
#299=DIRECTION('',(0.0,0.0,-1.0));
#300=AXIS2_PLACEMENT_3D('',#297,#298,#299);
#301=PLANE('',#300);
#302=CARTESIAN_POINT('',(0.063976377952755,-0.061023622047244,0.271653543307087));
#303=VERTEX_POINT('',#302);
#304=CARTESIAN_POINT('',(-0.14468503937008,-0.061023622047244,0.271653543307087));
#305=DIRECTION('',(1.0,0.0,0.0));
#306=VECTOR('',#305,0.208661417322835);
#307=LINE('',#304,#306);
#308=EDGE_CURVE('',#272,#303,#307,.T.);
#309=ORIENTED_EDGE('',*,*,#308,.F.);
#310=ORIENTED_EDGE('',*,*,#292,.F.);
#311=CARTESIAN_POINT('',(-0.140748031496063,-0.061023622047244,0.275590551181102));
#312=DIRECTION('',(-1.0,0.0,0.0));
#313=VECTOR('',#312,0.003937007874017);
#314=LINE('',#311,#313);
#315=EDGE_CURVE('',#161,#281,#314,.T.);
#316=ORIENTED_EDGE('',*,*,#315,.F.);
#317=ORIENTED_EDGE('',*,*,#222,.F.);
#318=CARTESIAN_POINT('',(0.063976377952755,-0.061023622047244,0.275590551181103));
#319=DIRECTION('',(0.0,0.0,-1.0));
#320=VECTOR('',#319,0.003937007874016);
#321=LINE('',#318,#320);
#322=EDGE_CURVE('',#211,#303,#321,.T.);
#323=ORIENTED_EDGE('',*,*,#322,.T.);
#324=EDGE_LOOP('',(#309,#310,#316,#317,#323));
#325=FACE_OUTER_BOUND('',#324,.T.);
#326=ADVANCED_FACE('',(#325),#301,.F.);
#327=CARTESIAN_POINT('',(0.063976377952755,0.067125984251968,0.271456692913386));
#328=DIRECTION('',(1.0,0.0,0.0));
#329=DIRECTION('',(0.0,0.0,-1.0));
#330=AXIS2_PLACEMENT_3D('',#327,#328,#329);
#331=PLANE('',#330);
#332=CARTESIAN_POINT('',(0.063976377952755,-0.061023622047244,0.271653543307087));
#333=DIRECTION('',(0.0,1.0,0.0));
#334=VECTOR('',#333,0.122047244094488);
#335=LINE('',#332,#334);
#336=EDGE_CURVE('',#303,#233,#335,.T.);
#337=ORIENTED_EDGE('',*,*,#336,.F.);
#338=ORIENTED_EDGE('',*,*,#322,.F.);
#339=ORIENTED_EDGE('',*,*,#216,.F.);
#340=ORIENTED_EDGE('',*,*,#246,.T.);
#341=EDGE_LOOP('',(#337,#338,#339,#340));
#342=FACE_OUTER_BOUND('',#341,.T.);
#343=ADVANCED_FACE('',(#342),#331,.F.);
#344=CARTESIAN_POINT('',(-0.23720472440945,0.086614173228346,0.271456692913386));
#345=DIRECTION('',(1.0,0.0,0.0));
#346=DIRECTION('',(0.0,0.0,-1.0));
#347=AXIS2_PLACEMENT_3D('',#344,#345,#346);
#348=PLANE('',#347);
#349=CARTESIAN_POINT('',(-0.23720472440945,-0.078740157480315,0.271653543307087));
#350=VERTEX_POINT('',#349);
#351=CARTESIAN_POINT('',(-0.23720472440945,0.078740157480315,0.271653543307087));
#352=VERTEX_POINT('',#351);
#353=CARTESIAN_POINT('',(-0.23720472440945,-0.078740157480315,0.271653543307087));
#354=DIRECTION('',(0.0,1.0,0.0));
#355=VECTOR('',#354,0.15748031496063);
#356=LINE('',#353,#355);
#357=EDGE_CURVE('',#350,#352,#356,.T.);
#358=ORIENTED_EDGE('',*,*,#357,.F.);
#359=CARTESIAN_POINT('',(-0.23720472440945,-0.078740157480315,0.275590551181102));
#360=VERTEX_POINT('',#359);
#361=CARTESIAN_POINT('',(-0.23720472440945,-0.078740157480315,0.275590551181102));
#362=DIRECTION('',(0.0,0.0,-1.0));
#363=VECTOR('',#362,0.003937007874015);
#364=LINE('',#361,#363);
#365=EDGE_CURVE('',#360,#350,#364,.T.);
#366=ORIENTED_EDGE('',*,*,#365,.F.);
#367=CARTESIAN_POINT('',(-0.23720472440945,0.078740157480315,0.275590551181102));
#368=VERTEX_POINT('',#367);
#369=CARTESIAN_POINT('',(-0.23720472440945,0.078740157480315,0.275590551181102));
#370=DIRECTION('',(0.0,-1.0,0.0));
#371=VECTOR('',#370,0.15748031496063);
#372=LINE('',#369,#371);
#373=EDGE_CURVE('',#368,#360,#372,.T.);
#374=ORIENTED_EDGE('',*,*,#373,.F.);
#375=CARTESIAN_POINT('',(-0.23720472440945,0.078740157480315,0.271653543307087));
#376=DIRECTION('',(0.0,0.0,1.0));
#377=VECTOR('',#376,0.003937007874015);
#378=LINE('',#375,#377);
#379=EDGE_CURVE('',#352,#368,#378,.T.);
#380=ORIENTED_EDGE('',*,*,#379,.F.);
#381=EDGE_LOOP('',(#358,#366,#374,#380));
#382=FACE_OUTER_BOUND('',#381,.T.);
#383=ADVANCED_FACE('',(#382),#348,.F.);
#384=CARTESIAN_POINT('',(-0.256889763779529,0.078740157480315,0.271456692913386));
#385=DIRECTION('',(0.0,1.0,0.0));
#386=DIRECTION('',(0.0,0.0,1.0));
#387=AXIS2_PLACEMENT_3D('',#384,#385,#386);
#388=PLANE('',#387);
#389=CARTESIAN_POINT('',(0.156496062992125,0.078740157480315,0.275590551181102));
#390=VERTEX_POINT('',#389);
#391=CARTESIAN_POINT('',(0.156496062992125,0.078740157480315,0.271653543307087));
#392=VERTEX_POINT('',#391);
#393=CARTESIAN_POINT('',(0.156496062992125,0.078740157480315,0.275590551181102));
#394=DIRECTION('',(0.0,0.0,-1.0));
#395=VECTOR('',#394,0.003937007874015);
#396=LINE('',#393,#395);
#397=EDGE_CURVE('',#390,#392,#396,.T.);
#398=ORIENTED_EDGE('',*,*,#397,.T.);
#399=CARTESIAN_POINT('',(-0.23720472440945,0.078740157480315,0.271653543307087));
#400=DIRECTION('',(1.0,0.0,0.0));
#401=VECTOR('',#400,0.393700787401575);
#402=LINE('',#399,#401);
#403=EDGE_CURVE('',#352,#392,#402,.T.);
#404=ORIENTED_EDGE('',*,*,#403,.F.);
#405=ORIENTED_EDGE('',*,*,#379,.T.);
#406=CARTESIAN_POINT('',(0.156496062992125,0.078740157480315,0.275590551181102));
#407=DIRECTION('',(-1.0,0.0,0.0));
#408=VECTOR('',#407,0.393700787401575);
#409=LINE('',#406,#408);
#410=EDGE_CURVE('',#390,#368,#409,.T.);
#411=ORIENTED_EDGE('',*,*,#410,.F.);
#412=EDGE_LOOP('',(#398,#404,#405,#411));
#413=FACE_OUTER_BOUND('',#412,.T.);
#414=ADVANCED_FACE('',(#413),#388,.T.);
#415=CARTESIAN_POINT('',(-0.256889763779529,0.086614173228346,0.271653543307087));
#416=DIRECTION('',(0.0,0.0,-1.0));
#417=DIRECTION('',(-1.0,0.0,0.0));
#418=AXIS2_PLACEMENT_3D('',#415,#416,#417);
#419=PLANE('',#418);
#420=CARTESIAN_POINT('',(0.156496062992125,-0.078740157480315,0.271653543307087));
#421=VERTEX_POINT('',#420);
#422=CARTESIAN_POINT('',(0.156496062992125,0.078740157480315,0.271653543307087));
#423=DIRECTION('',(0.0,-1.0,0.0));
#424=VECTOR('',#423,0.15748031496063);
#425=LINE('',#422,#424);
#426=EDGE_CURVE('',#392,#421,#425,.T.);
#427=ORIENTED_EDGE('',*,*,#426,.T.);
#428=CARTESIAN_POINT('',(-0.23720472440945,-0.078740157480315,0.271653543307087));
#429=DIRECTION('',(1.0,0.0,0.0));
#430=VECTOR('',#429,0.393700787401575);
#431=LINE('',#428,#430);
#432=EDGE_CURVE('',#350,#421,#431,.T.);
#433=ORIENTED_EDGE('',*,*,#432,.F.);
#434=ORIENTED_EDGE('',*,*,#357,.T.);
#435=ORIENTED_EDGE('',*,*,#403,.T.);
#436=EDGE_LOOP('',(#427,#433,#434,#435));
#437=FACE_OUTER_BOUND('',#436,.T.);
#438=ORIENTED_EDGE('',*,*,#308,.T.);
#439=ORIENTED_EDGE('',*,*,#336,.T.);
#440=ORIENTED_EDGE('',*,*,#240,.T.);
#441=ORIENTED_EDGE('',*,*,#277,.T.);
#442=EDGE_LOOP('',(#438,#439,#440,#441));
#443=FACE_BOUND('',#442,.T.);
#444=ADVANCED_FACE('',(#437,#443),#419,.T.);
#445=CARTESIAN_POINT('',(-0.256889763779529,-0.078740157480315,0.275787401574804));
#446=DIRECTION('',(0.0,-1.0,0.0));
#447=DIRECTION('',(0.0,0.0,-1.0));
#448=AXIS2_PLACEMENT_3D('',#445,#446,#447);
#449=PLANE('',#448);
#450=CARTESIAN_POINT('',(0.156496062992125,-0.078740157480315,0.275590551181102));
#451=VERTEX_POINT('',#450);
#452=CARTESIAN_POINT('',(0.156496062992125,-0.078740157480315,0.271653543307087));
#453=DIRECTION('',(0.0,0.0,1.0));
#454=VECTOR('',#453,0.003937007874015);
#455=LINE('',#452,#454);
#456=EDGE_CURVE('',#421,#451,#455,.T.);
#457=ORIENTED_EDGE('',*,*,#456,.T.);
#458=CARTESIAN_POINT('',(-0.23720472440945,-0.078740157480315,0.275590551181102));
#459=DIRECTION('',(1.0,0.0,0.0));
#460=VECTOR('',#459,0.393700787401575);
#461=LINE('',#458,#460);
#462=EDGE_CURVE('',#360,#451,#461,.T.);
#463=ORIENTED_EDGE('',*,*,#462,.F.);
#464=ORIENTED_EDGE('',*,*,#365,.T.);
#465=ORIENTED_EDGE('',*,*,#432,.T.);
#466=EDGE_LOOP('',(#457,#463,#464,#465));
#467=FACE_OUTER_BOUND('',#466,.T.);
#468=ADVANCED_FACE('',(#467),#449,.T.);
#469=CARTESIAN_POINT('',(0.156496062992125,0.086614173228346,0.271456692913386));
#470=DIRECTION('',(1.0,0.0,0.0));
#471=DIRECTION('',(0.0,0.0,-1.0));
#472=AXIS2_PLACEMENT_3D('',#469,#470,#471);
#473=PLANE('',#472);
#474=CARTESIAN_POINT('',(0.156496062992125,-0.078740157480315,0.275590551181102));
#475=DIRECTION('',(0.0,1.0,0.0));
#476=VECTOR('',#475,0.15748031496063);
#477=LINE('',#474,#476);
#478=EDGE_CURVE('',#451,#390,#477,.T.);
#479=ORIENTED_EDGE('',*,*,#478,.F.);
#480=ORIENTED_EDGE('',*,*,#456,.F.);
#481=ORIENTED_EDGE('',*,*,#426,.F.);
#482=ORIENTED_EDGE('',*,*,#397,.F.);
#483=EDGE_LOOP('',(#479,#480,#481,#482));
#484=FACE_OUTER_BOUND('',#483,.T.);
#485=ADVANCED_FACE('',(#484),#473,.T.);
#486=CARTESIAN_POINT('',(-0.144881889763781,-0.067125984251968,0.275590551181102));
#487=DIRECTION('',(0.0,0.0,1.0));
#488=DIRECTION('',(1.0,0.0,0.0));
#489=AXIS2_PLACEMENT_3D('',#486,#487,#488);
#490=PLANE('',#489);
#491=ORIENTED_EDGE('',*,*,#315,.T.);
#492=ORIENTED_EDGE('',*,*,#286,.T.);
#493=ORIENTED_EDGE('',*,*,#255,.T.);
#494=CARTESIAN_POINT('',(-0.140748031496063,0.059055118110236,0.275590551181102));
#495=VERTEX_POINT('',#494);
#496=CARTESIAN_POINT('',(-0.140748031496063,0.061023622047244,0.275590551181102));
#497=DIRECTION('',(0.0,-1.0,0.0));
#498=VECTOR('',#497,0.001968503937008);
#499=LINE('',#496,#498);
#500=EDGE_CURVE('',#195,#495,#499,.T.);
#501=ORIENTED_EDGE('',*,*,#500,.T.);
#502=CARTESIAN_POINT('',(-0.140748031496063,-0.059055118110236,0.275590551181102));
#503=VERTEX_POINT('',#502);
#504=CARTESIAN_POINT('',(-0.140748031496063,0.059055118110236,0.275590551181102));
#505=DIRECTION('',(0.0,-1.0,0.0));
#506=VECTOR('',#505,0.118110236220472);
#507=LINE('',#504,#506);
#508=EDGE_CURVE('',#495,#503,#507,.T.);
#509=ORIENTED_EDGE('',*,*,#508,.T.);
#510=CARTESIAN_POINT('',(-0.140748031496063,-0.059055118110236,0.275590551181102));
#511=DIRECTION('',(0.0,-1.0,0.0));
#512=VECTOR('',#511,0.001968503937008);
#513=LINE('',#510,#512);
#514=EDGE_CURVE('',#503,#161,#513,.T.);
#515=ORIENTED_EDGE('',*,*,#514,.T.);
#516=EDGE_LOOP('',(#491,#492,#493,#501,#509,#515));
#517=FACE_OUTER_BOUND('',#516,.T.);
#518=ADVANCED_FACE('',(#517),#490,.F.);
#519=CARTESIAN_POINT('',(-0.00984251968504,-0.087007874015748,0.009251968503937));
#520=DIRECTION('',(-1.0,0.0,0.0));
#521=DIRECTION('',(0.0,0.0,1.0));
#522=AXIS2_PLACEMENT_3D('',#519,#520,#521);
#523=PLANE('',#522);
#524=CARTESIAN_POINT('',(-0.00984251968504,-0.088188976377953,-0.18503937007874));
#525=VERTEX_POINT('',#524);
#526=CARTESIAN_POINT('',(-0.00984251968504,-0.111811023622047,-0.18503937007874));
#527=VERTEX_POINT('',#526);
#528=CARTESIAN_POINT('',(-0.00984251968504,-0.088188976377953,-0.18503937007874));
#529=DIRECTION('',(0.0,-1.0,0.0));
#530=VECTOR('',#529,0.023622047244094);
#531=LINE('',#528,#530);
#532=EDGE_CURVE('',#525,#527,#531,.T.);
#533=ORIENTED_EDGE('',*,*,#532,.T.);
#534=CARTESIAN_POINT('',(-0.00984251968504,-0.111811023622047,0.0));
#535=VERTEX_POINT('',#534);
#536=CARTESIAN_POINT('',(-0.00984251968504,-0.111811023622047,0.0));
#537=DIRECTION('',(0.0,0.0,-1.0));
#538=VECTOR('',#537,0.18503937007874);
#539=LINE('',#536,#538);
#540=EDGE_CURVE('',#535,#527,#539,.T.);
#541=ORIENTED_EDGE('',*,*,#540,.F.);
#542=CARTESIAN_POINT('',(-0.00984251968504,-0.088188976377953,0.0));
#543=VERTEX_POINT('',#542);
#544=CARTESIAN_POINT('',(-0.00984251968504,-0.088188976377953,0.0));
#545=DIRECTION('',(0.0,-1.0,0.0));
#546=VECTOR('',#545,0.023622047244094);
#547=LINE('',#544,#546);
#548=EDGE_CURVE('',#543,#535,#547,.T.);
#549=ORIENTED_EDGE('',*,*,#548,.F.);
#550=CARTESIAN_POINT('',(-0.00984251968504,-0.088188976377953,0.0));
#551=DIRECTION('',(0.0,0.0,-1.0));
#552=VECTOR('',#551,0.18503937007874);
#553=LINE('',#550,#552);
#554=EDGE_CURVE('',#543,#525,#553,.T.);
#555=ORIENTED_EDGE('',*,*,#554,.T.);
#556=EDGE_LOOP('',(#533,#541,#549,#555));
#557=FACE_OUTER_BOUND('',#556,.T.);
#558=ADVANCED_FACE('',(#557),#523,.T.);
#559=CARTESIAN_POINT('',(-0.010826771653544,-0.111811023622047,0.009251968503937));
#560=DIRECTION('',(0.0,-1.0,0.0));
#561=DIRECTION('',(0.0,0.0,-1.0));
#562=AXIS2_PLACEMENT_3D('',#559,#560,#561);
#563=PLANE('',#562);
#564=CARTESIAN_POINT('',(0.009842519685039,-0.111811023622047,-0.18503937007874));
#565=VERTEX_POINT('',#564);
#566=CARTESIAN_POINT('',(-0.00984251968504,-0.111811023622047,-0.18503937007874));
#567=DIRECTION('',(1.0,0.0,0.0));
#568=VECTOR('',#567,0.019685039370079);
#569=LINE('',#566,#568);
#570=EDGE_CURVE('',#527,#565,#569,.T.);
#571=ORIENTED_EDGE('',*,*,#570,.T.);
#572=CARTESIAN_POINT('',(0.009842519685039,-0.111811023622047,0.0));
#573=VERTEX_POINT('',#572);
#574=CARTESIAN_POINT('',(0.009842519685039,-0.111811023622047,0.0));
#575=DIRECTION('',(0.0,0.0,-1.0));
#576=VECTOR('',#575,0.18503937007874);
#577=LINE('',#574,#576);
#578=EDGE_CURVE('',#573,#565,#577,.T.);
#579=ORIENTED_EDGE('',*,*,#578,.F.);
#580=CARTESIAN_POINT('',(-0.00984251968504,-0.111811023622047,0.0));
#581=DIRECTION('',(1.0,0.0,0.0));
#582=VECTOR('',#581,0.019685039370079);
#583=LINE('',#580,#582);
#584=EDGE_CURVE('',#535,#573,#583,.T.);
#585=ORIENTED_EDGE('',*,*,#584,.F.);
#586=ORIENTED_EDGE('',*,*,#540,.T.);
#587=EDGE_LOOP('',(#571,#579,#585,#586));
#588=FACE_OUTER_BOUND('',#587,.T.);
#589=ADVANCED_FACE('',(#588),#563,.T.);
#590=CARTESIAN_POINT('',(0.009842519685039,-0.087007874015748,-0.194291338582677));
#591=DIRECTION('',(1.0,0.0,0.0));
#592=DIRECTION('',(0.0,0.0,-1.0));
#593=AXIS2_PLACEMENT_3D('',#590,#591,#592);
#594=PLANE('',#593);
#595=CARTESIAN_POINT('',(0.009842519685039,-0.088188976377953,-0.18503937007874));
#596=VERTEX_POINT('',#595);
#597=CARTESIAN_POINT('',(0.009842519685039,-0.111811023622047,-0.18503937007874));
#598=DIRECTION('',(0.0,1.0,0.0));
#599=VECTOR('',#598,0.023622047244094);
#600=LINE('',#597,#599);
#601=EDGE_CURVE('',#565,#596,#600,.T.);
#602=ORIENTED_EDGE('',*,*,#601,.T.);
#603=CARTESIAN_POINT('',(0.009842519685039,-0.088188976377953,0.0));
#604=VERTEX_POINT('',#603);
#605=CARTESIAN_POINT('',(0.009842519685039,-0.088188976377953,0.0));
#606=DIRECTION('',(0.0,0.0,-1.0));
#607=VECTOR('',#606,0.18503937007874);
#608=LINE('',#605,#607);
#609=EDGE_CURVE('',#604,#596,#608,.T.);
#610=ORIENTED_EDGE('',*,*,#609,.F.);
#611=CARTESIAN_POINT('',(0.009842519685039,-0.111811023622047,0.0));
#612=DIRECTION('',(0.0,1.0,0.0));
#613=VECTOR('',#612,0.023622047244094);
#614=LINE('',#611,#613);
#615=EDGE_CURVE('',#573,#604,#614,.T.);
#616=ORIENTED_EDGE('',*,*,#615,.F.);
#617=ORIENTED_EDGE('',*,*,#578,.T.);
#618=EDGE_LOOP('',(#602,#610,#616,#617));
#619=FACE_OUTER_BOUND('',#618,.T.);
#620=ADVANCED_FACE('',(#619),#594,.T.);
#621=CARTESIAN_POINT('',(-0.010826771653544,-0.088188976377953,-0.194291338582677));
#622=DIRECTION('',(0.0,1.0,0.0));
#623=DIRECTION('',(0.0,0.0,1.0));
#624=AXIS2_PLACEMENT_3D('',#621,#622,#623);
#625=PLANE('',#624);
#626=CARTESIAN_POINT('',(0.009842519685039,-0.088188976377953,-0.18503937007874));
#627=DIRECTION('',(-1.0,0.0,0.0));
#628=VECTOR('',#627,0.019685039370079);
#629=LINE('',#626,#628);
#630=EDGE_CURVE('',#596,#525,#629,.T.);
#631=ORIENTED_EDGE('',*,*,#630,.T.);
#632=ORIENTED_EDGE('',*,*,#554,.F.);
#633=CARTESIAN_POINT('',(0.009842519685039,-0.088188976377953,0.0));
#634=DIRECTION('',(-1.0,0.0,0.0));
#635=VECTOR('',#634,0.019685039370079);
#636=LINE('',#633,#635);
#637=EDGE_CURVE('',#604,#543,#636,.T.);
#638=ORIENTED_EDGE('',*,*,#637,.F.);
#639=ORIENTED_EDGE('',*,*,#609,.T.);
#640=EDGE_LOOP('',(#631,#632,#638,#639));
#641=FACE_OUTER_BOUND('',#640,.T.);
#642=ADVANCED_FACE('',(#641),#625,.T.);
#643=CARTESIAN_POINT('',(-0.010826771653544,-0.087007874015748,-0.18503937007874));
#644=DIRECTION('',(0.0,0.0,-1.0));
#645=DIRECTION('',(-1.0,0.0,0.0));
#646=AXIS2_PLACEMENT_3D('',#643,#644,#645);
#647=PLANE('',#646);
#648=ORIENTED_EDGE('',*,*,#532,.F.);
#649=ORIENTED_EDGE('',*,*,#630,.F.);
#650=ORIENTED_EDGE('',*,*,#601,.F.);
#651=ORIENTED_EDGE('',*,*,#570,.F.);
#652=EDGE_LOOP('',(#648,#649,#650,#651));
#653=FACE_OUTER_BOUND('',#652,.T.);
#654=ADVANCED_FACE('',(#653),#647,.T.);
#655=CARTESIAN_POINT('',(-0.20984251968504,-0.087007874015748,0.009251968503937));
#656=DIRECTION('',(-1.0,0.0,0.0));
#657=DIRECTION('',(0.0,0.0,1.0));
#658=AXIS2_PLACEMENT_3D('',#655,#656,#657);
#659=PLANE('',#658);
#660=CARTESIAN_POINT('',(-0.20984251968504,-0.088188976377953,-0.18503937007874));
#661=VERTEX_POINT('',#660);
#662=CARTESIAN_POINT('',(-0.20984251968504,-0.111811023622047,-0.18503937007874));
#663=VERTEX_POINT('',#662);
#664=CARTESIAN_POINT('',(-0.20984251968504,-0.088188976377953,-0.18503937007874));
#665=DIRECTION('',(0.0,-1.0,0.0));
#666=VECTOR('',#665,0.023622047244094);
#667=LINE('',#664,#666);
#668=EDGE_CURVE('',#661,#663,#667,.T.);
#669=ORIENTED_EDGE('',*,*,#668,.T.);
#670=CARTESIAN_POINT('',(-0.20984251968504,-0.111811023622047,0.0));
#671=VERTEX_POINT('',#670);
#672=CARTESIAN_POINT('',(-0.20984251968504,-0.111811023622047,0.0));
#673=DIRECTION('',(0.0,0.0,-1.0));
#674=VECTOR('',#673,0.18503937007874);
#675=LINE('',#672,#674);
#676=EDGE_CURVE('',#671,#663,#675,.T.);
#677=ORIENTED_EDGE('',*,*,#676,.F.);
#678=CARTESIAN_POINT('',(-0.20984251968504,-0.088188976377953,0.0));
#679=VERTEX_POINT('',#678);
#680=CARTESIAN_POINT('',(-0.20984251968504,-0.088188976377953,0.0));
#681=DIRECTION('',(0.0,-1.0,0.0));
#682=VECTOR('',#681,0.023622047244094);
#683=LINE('',#680,#682);
#684=EDGE_CURVE('',#679,#671,#683,.T.);
#685=ORIENTED_EDGE('',*,*,#684,.F.);
#686=CARTESIAN_POINT('',(-0.20984251968504,-0.088188976377953,0.0));
#687=DIRECTION('',(0.0,0.0,-1.0));
#688=VECTOR('',#687,0.18503937007874);
#689=LINE('',#686,#688);
#690=EDGE_CURVE('',#679,#661,#689,.T.);
#691=ORIENTED_EDGE('',*,*,#690,.T.);
#692=EDGE_LOOP('',(#669,#677,#685,#691));
#693=FACE_OUTER_BOUND('',#692,.T.);
#694=ADVANCED_FACE('',(#693),#659,.T.);
#695=CARTESIAN_POINT('',(-0.210826771653544,-0.111811023622047,0.009251968503937));
#696=DIRECTION('',(0.0,-1.0,0.0));
#697=DIRECTION('',(0.0,0.0,-1.0));
#698=AXIS2_PLACEMENT_3D('',#695,#696,#697);
#699=PLANE('',#698);
#700=CARTESIAN_POINT('',(-0.190157480314961,-0.111811023622047,-0.18503937007874));
#701=VERTEX_POINT('',#700);
#702=CARTESIAN_POINT('',(-0.20984251968504,-0.111811023622047,-0.18503937007874));
#703=DIRECTION('',(1.0,0.0,0.0));
#704=VECTOR('',#703,0.019685039370079);
#705=LINE('',#702,#704);
#706=EDGE_CURVE('',#663,#701,#705,.T.);
#707=ORIENTED_EDGE('',*,*,#706,.T.);
#708=CARTESIAN_POINT('',(-0.190157480314961,-0.111811023622047,0.0));
#709=VERTEX_POINT('',#708);
#710=CARTESIAN_POINT('',(-0.190157480314961,-0.111811023622047,0.0));
#711=DIRECTION('',(0.0,0.0,-1.0));
#712=VECTOR('',#711,0.18503937007874);
#713=LINE('',#710,#712);
#714=EDGE_CURVE('',#709,#701,#713,.T.);
#715=ORIENTED_EDGE('',*,*,#714,.F.);
#716=CARTESIAN_POINT('',(-0.20984251968504,-0.111811023622047,0.0));
#717=DIRECTION('',(1.0,0.0,0.0));
#718=VECTOR('',#717,0.019685039370079);
#719=LINE('',#716,#718);
#720=EDGE_CURVE('',#671,#709,#719,.T.);
#721=ORIENTED_EDGE('',*,*,#720,.F.);
#722=ORIENTED_EDGE('',*,*,#676,.T.);
#723=EDGE_LOOP('',(#707,#715,#721,#722));
#724=FACE_OUTER_BOUND('',#723,.T.);
#725=ADVANCED_FACE('',(#724),#699,.T.);
#726=CARTESIAN_POINT('',(-0.190157480314961,-0.087007874015748,-0.194291338582677));
#727=DIRECTION('',(1.0,0.0,0.0));
#728=DIRECTION('',(0.0,0.0,-1.0));
#729=AXIS2_PLACEMENT_3D('',#726,#727,#728);
#730=PLANE('',#729);
#731=CARTESIAN_POINT('',(-0.190157480314961,-0.088188976377953,-0.18503937007874));
#732=VERTEX_POINT('',#731);
#733=CARTESIAN_POINT('',(-0.190157480314961,-0.111811023622047,-0.18503937007874));
#734=DIRECTION('',(0.0,1.0,0.0));
#735=VECTOR('',#734,0.023622047244094);
#736=LINE('',#733,#735);
#737=EDGE_CURVE('',#701,#732,#736,.T.);
#738=ORIENTED_EDGE('',*,*,#737,.T.);
#739=CARTESIAN_POINT('',(-0.190157480314961,-0.088188976377953,0.0));
#740=VERTEX_POINT('',#739);
#741=CARTESIAN_POINT('',(-0.190157480314961,-0.088188976377953,0.0));
#742=DIRECTION('',(0.0,0.0,-1.0));
#743=VECTOR('',#742,0.18503937007874);
#744=LINE('',#741,#743);
#745=EDGE_CURVE('',#740,#732,#744,.T.);
#746=ORIENTED_EDGE('',*,*,#745,.F.);
#747=CARTESIAN_POINT('',(-0.190157480314961,-0.111811023622047,0.0));
#748=DIRECTION('',(0.0,1.0,0.0));
#749=VECTOR('',#748,0.023622047244094);
#750=LINE('',#747,#749);
#751=EDGE_CURVE('',#709,#740,#750,.T.);
#752=ORIENTED_EDGE('',*,*,#751,.F.);
#753=ORIENTED_EDGE('',*,*,#714,.T.);
#754=EDGE_LOOP('',(#738,#746,#752,#753));
#755=FACE_OUTER_BOUND('',#754,.T.);
#756=ADVANCED_FACE('',(#755),#730,.T.);
#757=CARTESIAN_POINT('',(-0.210826771653544,-0.088188976377953,-0.194291338582677));
#758=DIRECTION('',(0.0,1.0,0.0));
#759=DIRECTION('',(0.0,0.0,1.0));
#760=AXIS2_PLACEMENT_3D('',#757,#758,#759);
#761=PLANE('',#760);
#762=CARTESIAN_POINT('',(-0.190157480314961,-0.088188976377953,-0.18503937007874));
#763=DIRECTION('',(-1.0,0.0,0.0));
#764=VECTOR('',#763,0.019685039370079);
#765=LINE('',#762,#764);
#766=EDGE_CURVE('',#732,#661,#765,.T.);
#767=ORIENTED_EDGE('',*,*,#766,.T.);
#768=ORIENTED_EDGE('',*,*,#690,.F.);
#769=CARTESIAN_POINT('',(-0.190157480314961,-0.088188976377953,0.0));
#770=DIRECTION('',(-1.0,0.0,0.0));
#771=VECTOR('',#770,0.019685039370079);
#772=LINE('',#769,#771);
#773=EDGE_CURVE('',#740,#679,#772,.T.);
#774=ORIENTED_EDGE('',*,*,#773,.F.);
#775=ORIENTED_EDGE('',*,*,#745,.T.);
#776=EDGE_LOOP('',(#767,#768,#774,#775));
#777=FACE_OUTER_BOUND('',#776,.T.);
#778=ADVANCED_FACE('',(#777),#761,.T.);
#779=CARTESIAN_POINT('',(-0.210826771653544,-0.087007874015748,-0.18503937007874));
#780=DIRECTION('',(0.0,0.0,-1.0));
#781=DIRECTION('',(-1.0,0.0,0.0));
#782=AXIS2_PLACEMENT_3D('',#779,#780,#781);
#783=PLANE('',#782);
#784=ORIENTED_EDGE('',*,*,#668,.F.);
#785=ORIENTED_EDGE('',*,*,#766,.F.);
#786=ORIENTED_EDGE('',*,*,#737,.F.);
#787=ORIENTED_EDGE('',*,*,#706,.F.);
#788=EDGE_LOOP('',(#784,#785,#786,#787));
#789=FACE_OUTER_BOUND('',#788,.T.);
#790=ADVANCED_FACE('',(#789),#783,.T.);
#791=CARTESIAN_POINT('',(0.19015748031496,-0.087007874015748,0.009251968503937));
#792=DIRECTION('',(-1.0,0.0,0.0));
#793=DIRECTION('',(0.0,0.0,1.0));
#794=AXIS2_PLACEMENT_3D('',#791,#792,#793);
#795=PLANE('',#794);
#796=CARTESIAN_POINT('',(0.19015748031496,-0.088188976377953,-0.18503937007874));
#797=VERTEX_POINT('',#796);
#798=CARTESIAN_POINT('',(0.19015748031496,-0.111811023622047,-0.18503937007874));
#799=VERTEX_POINT('',#798);
#800=CARTESIAN_POINT('',(0.19015748031496,-0.088188976377953,-0.18503937007874));
#801=DIRECTION('',(0.0,-1.0,0.0));
#802=VECTOR('',#801,0.023622047244094);
#803=LINE('',#800,#802);
#804=EDGE_CURVE('',#797,#799,#803,.T.);
#805=ORIENTED_EDGE('',*,*,#804,.T.);
#806=CARTESIAN_POINT('',(0.19015748031496,-0.111811023622047,0.0));
#807=VERTEX_POINT('',#806);
#808=CARTESIAN_POINT('',(0.19015748031496,-0.111811023622047,0.0));
#809=DIRECTION('',(0.0,0.0,-1.0));
#810=VECTOR('',#809,0.18503937007874);
#811=LINE('',#808,#810);
#812=EDGE_CURVE('',#807,#799,#811,.T.);
#813=ORIENTED_EDGE('',*,*,#812,.F.);
#814=CARTESIAN_POINT('',(0.19015748031496,-0.088188976377953,0.0));
#815=VERTEX_POINT('',#814);
#816=CARTESIAN_POINT('',(0.19015748031496,-0.088188976377953,0.0));
#817=DIRECTION('',(0.0,-1.0,0.0));
#818=VECTOR('',#817,0.023622047244094);
#819=LINE('',#816,#818);
#820=EDGE_CURVE('',#815,#807,#819,.T.);
#821=ORIENTED_EDGE('',*,*,#820,.F.);
#822=CARTESIAN_POINT('',(0.19015748031496,-0.088188976377953,0.0));
#823=DIRECTION('',(0.0,0.0,-1.0));
#824=VECTOR('',#823,0.18503937007874);
#825=LINE('',#822,#824);
#826=EDGE_CURVE('',#815,#797,#825,.T.);
#827=ORIENTED_EDGE('',*,*,#826,.T.);
#828=EDGE_LOOP('',(#805,#813,#821,#827));
#829=FACE_OUTER_BOUND('',#828,.T.);
#830=ADVANCED_FACE('',(#829),#795,.T.);
#831=CARTESIAN_POINT('',(0.189173228346456,-0.111811023622047,0.009251968503937));
#832=DIRECTION('',(0.0,-1.0,0.0));
#833=DIRECTION('',(0.0,0.0,-1.0));
#834=AXIS2_PLACEMENT_3D('',#831,#832,#833);
#835=PLANE('',#834);
#836=CARTESIAN_POINT('',(0.209842519685039,-0.111811023622047,-0.18503937007874));
#837=VERTEX_POINT('',#836);
#838=CARTESIAN_POINT('',(0.19015748031496,-0.111811023622047,-0.18503937007874));
#839=DIRECTION('',(1.0,0.0,0.0));
#840=VECTOR('',#839,0.019685039370079);
#841=LINE('',#838,#840);
#842=EDGE_CURVE('',#799,#837,#841,.T.);
#843=ORIENTED_EDGE('',*,*,#842,.T.);
#844=CARTESIAN_POINT('',(0.209842519685039,-0.111811023622047,0.0));
#845=VERTEX_POINT('',#844);
#846=CARTESIAN_POINT('',(0.209842519685039,-0.111811023622047,0.0));
#847=DIRECTION('',(0.0,0.0,-1.0));
#848=VECTOR('',#847,0.18503937007874);
#849=LINE('',#846,#848);
#850=EDGE_CURVE('',#845,#837,#849,.T.);
#851=ORIENTED_EDGE('',*,*,#850,.F.);
#852=CARTESIAN_POINT('',(0.19015748031496,-0.111811023622047,0.0));
#853=DIRECTION('',(1.0,0.0,0.0));
#854=VECTOR('',#853,0.019685039370079);
#855=LINE('',#852,#854);
#856=EDGE_CURVE('',#807,#845,#855,.T.);
#857=ORIENTED_EDGE('',*,*,#856,.F.);
#858=ORIENTED_EDGE('',*,*,#812,.T.);
#859=EDGE_LOOP('',(#843,#851,#857,#858));
#860=FACE_OUTER_BOUND('',#859,.T.);
#861=ADVANCED_FACE('',(#860),#835,.T.);
#862=CARTESIAN_POINT('',(0.209842519685039,-0.087007874015748,-0.194291338582677));
#863=DIRECTION('',(1.0,0.0,0.0));
#864=DIRECTION('',(0.0,0.0,-1.0));
#865=AXIS2_PLACEMENT_3D('',#862,#863,#864);
#866=PLANE('',#865);
#867=CARTESIAN_POINT('',(0.209842519685039,-0.088188976377953,-0.18503937007874));
#868=VERTEX_POINT('',#867);
#869=CARTESIAN_POINT('',(0.209842519685039,-0.111811023622047,-0.18503937007874));
#870=DIRECTION('',(0.0,1.0,0.0));
#871=VECTOR('',#870,0.023622047244094);
#872=LINE('',#869,#871);
#873=EDGE_CURVE('',#837,#868,#872,.T.);
#874=ORIENTED_EDGE('',*,*,#873,.T.);
#875=CARTESIAN_POINT('',(0.209842519685039,-0.088188976377953,0.0));
#876=VERTEX_POINT('',#875);
#877=CARTESIAN_POINT('',(0.209842519685039,-0.088188976377953,0.0));
#878=DIRECTION('',(0.0,0.0,-1.0));
#879=VECTOR('',#878,0.18503937007874);
#880=LINE('',#877,#879);
#881=EDGE_CURVE('',#876,#868,#880,.T.);
#882=ORIENTED_EDGE('',*,*,#881,.F.);
#883=CARTESIAN_POINT('',(0.209842519685039,-0.111811023622047,0.0));
#884=DIRECTION('',(0.0,1.0,0.0));
#885=VECTOR('',#884,0.023622047244094);
#886=LINE('',#883,#885);
#887=EDGE_CURVE('',#845,#876,#886,.T.);
#888=ORIENTED_EDGE('',*,*,#887,.F.);
#889=ORIENTED_EDGE('',*,*,#850,.T.);
#890=EDGE_LOOP('',(#874,#882,#888,#889));
#891=FACE_OUTER_BOUND('',#890,.T.);
#892=ADVANCED_FACE('',(#891),#866,.T.);
#893=CARTESIAN_POINT('',(0.189173228346456,-0.088188976377953,-0.194291338582677));
#894=DIRECTION('',(0.0,1.0,0.0));
#895=DIRECTION('',(0.0,0.0,1.0));
#896=AXIS2_PLACEMENT_3D('',#893,#894,#895);
#897=PLANE('',#896);
#898=CARTESIAN_POINT('',(0.209842519685039,-0.088188976377953,-0.18503937007874));
#899=DIRECTION('',(-1.0,0.0,0.0));
#900=VECTOR('',#899,0.019685039370079);
#901=LINE('',#898,#900);
#902=EDGE_CURVE('',#868,#797,#901,.T.);
#903=ORIENTED_EDGE('',*,*,#902,.T.);
#904=ORIENTED_EDGE('',*,*,#826,.F.);
#905=CARTESIAN_POINT('',(0.209842519685039,-0.088188976377953,0.0));
#906=DIRECTION('',(-1.0,0.0,0.0));
#907=VECTOR('',#906,0.019685039370079);
#908=LINE('',#905,#907);
#909=EDGE_CURVE('',#876,#815,#908,.T.);
#910=ORIENTED_EDGE('',*,*,#909,.F.);
#911=ORIENTED_EDGE('',*,*,#881,.T.);
#912=EDGE_LOOP('',(#903,#904,#910,#911));
#913=FACE_OUTER_BOUND('',#912,.T.);
#914=ADVANCED_FACE('',(#913),#897,.T.);
#915=CARTESIAN_POINT('',(0.189173228346456,-0.087007874015748,-0.18503937007874));
#916=DIRECTION('',(0.0,0.0,-1.0));
#917=DIRECTION('',(-1.0,0.0,0.0));
#918=AXIS2_PLACEMENT_3D('',#915,#916,#917);
#919=PLANE('',#918);
#920=ORIENTED_EDGE('',*,*,#804,.F.);
#921=ORIENTED_EDGE('',*,*,#902,.F.);
#922=ORIENTED_EDGE('',*,*,#873,.F.);
#923=ORIENTED_EDGE('',*,*,#842,.F.);
#924=EDGE_LOOP('',(#920,#921,#922,#923));
#925=FACE_OUTER_BOUND('',#924,.T.);
#926=ADVANCED_FACE('',(#925),#919,.T.);
#927=CARTESIAN_POINT('',(0.209842519685039,0.112992125984252,-0.194291338582677));
#928=DIRECTION('',(1.0,0.0,0.0));
#929=DIRECTION('',(0.0,0.0,-1.0));
#930=AXIS2_PLACEMENT_3D('',#927,#928,#929);
#931=PLANE('',#930);
#932=CARTESIAN_POINT('',(0.209842519685039,0.088188976377953,-0.18503937007874));
#933=VERTEX_POINT('',#932);
#934=CARTESIAN_POINT('',(0.209842519685039,0.111811023622047,-0.18503937007874));
#935=VERTEX_POINT('',#934);
#936=CARTESIAN_POINT('',(0.209842519685039,0.088188976377953,-0.18503937007874));
#937=DIRECTION('',(0.0,1.0,0.0));
#938=VECTOR('',#937,0.023622047244094);
#939=LINE('',#936,#938);
#940=EDGE_CURVE('',#933,#935,#939,.T.);
#941=ORIENTED_EDGE('',*,*,#940,.T.);
#942=CARTESIAN_POINT('',(0.209842519685039,0.111811023622047,0.0));
#943=VERTEX_POINT('',#942);
#944=CARTESIAN_POINT('',(0.209842519685039,0.111811023622047,0.0));
#945=DIRECTION('',(0.0,0.0,-1.0));
#946=VECTOR('',#945,0.18503937007874);
#947=LINE('',#944,#946);
#948=EDGE_CURVE('',#943,#935,#947,.T.);
#949=ORIENTED_EDGE('',*,*,#948,.F.);
#950=CARTESIAN_POINT('',(0.209842519685039,0.088188976377953,0.0));
#951=VERTEX_POINT('',#950);
#952=CARTESIAN_POINT('',(0.209842519685039,0.088188976377953,0.0));
#953=DIRECTION('',(0.0,1.0,0.0));
#954=VECTOR('',#953,0.023622047244094);
#955=LINE('',#952,#954);
#956=EDGE_CURVE('',#951,#943,#955,.T.);
#957=ORIENTED_EDGE('',*,*,#956,.F.);
#958=CARTESIAN_POINT('',(0.209842519685039,0.088188976377953,0.0));
#959=DIRECTION('',(0.0,0.0,-1.0));
#960=VECTOR('',#959,0.18503937007874);
#961=LINE('',#958,#960);
#962=EDGE_CURVE('',#951,#933,#961,.T.);
#963=ORIENTED_EDGE('',*,*,#962,.T.);
#964=EDGE_LOOP('',(#941,#949,#957,#963));
#965=FACE_OUTER_BOUND('',#964,.T.);
#966=ADVANCED_FACE('',(#965),#931,.T.);
#967=CARTESIAN_POINT('',(0.189173228346456,0.111811023622047,-0.194291338582677));
#968=DIRECTION('',(0.0,1.0,0.0));
#969=DIRECTION('',(0.0,0.0,1.0));
#970=AXIS2_PLACEMENT_3D('',#967,#968,#969);
#971=PLANE('',#970);
#972=CARTESIAN_POINT('',(0.19015748031496,0.111811023622047,-0.18503937007874));
#973=VERTEX_POINT('',#972);
#974=CARTESIAN_POINT('',(0.209842519685039,0.111811023622047,-0.18503937007874));
#975=DIRECTION('',(-1.0,0.0,0.0));
#976=VECTOR('',#975,0.019685039370079);
#977=LINE('',#974,#976);
#978=EDGE_CURVE('',#935,#973,#977,.T.);
#979=ORIENTED_EDGE('',*,*,#978,.T.);
#980=CARTESIAN_POINT('',(0.19015748031496,0.111811023622047,0.0));
#981=VERTEX_POINT('',#980);
#982=CARTESIAN_POINT('',(0.19015748031496,0.111811023622047,0.0));
#983=DIRECTION('',(0.0,0.0,-1.0));
#984=VECTOR('',#983,0.18503937007874);
#985=LINE('',#982,#984);
#986=EDGE_CURVE('',#981,#973,#985,.T.);
#987=ORIENTED_EDGE('',*,*,#986,.F.);
#988=CARTESIAN_POINT('',(0.209842519685039,0.111811023622047,0.0));
#989=DIRECTION('',(-1.0,0.0,0.0));
#990=VECTOR('',#989,0.019685039370079);
#991=LINE('',#988,#990);
#992=EDGE_CURVE('',#943,#981,#991,.T.);
#993=ORIENTED_EDGE('',*,*,#992,.F.);
#994=ORIENTED_EDGE('',*,*,#948,.T.);
#995=EDGE_LOOP('',(#979,#987,#993,#994));
#996=FACE_OUTER_BOUND('',#995,.T.);
#997=ADVANCED_FACE('',(#996),#971,.T.);
#998=CARTESIAN_POINT('',(0.19015748031496,0.112992125984252,0.009251968503937));
#999=DIRECTION('',(-1.0,0.0,0.0));
#1000=DIRECTION('',(0.0,0.0,1.0));
#1001=AXIS2_PLACEMENT_3D('',#998,#999,#1000);
#1002=PLANE('',#1001);
#1003=CARTESIAN_POINT('',(0.19015748031496,0.088188976377953,-0.18503937007874));
#1004=VERTEX_POINT('',#1003);
#1005=CARTESIAN_POINT('',(0.19015748031496,0.111811023622047,-0.18503937007874));
#1006=DIRECTION('',(0.0,-1.0,0.0));
#1007=VECTOR('',#1006,0.023622047244094);
#1008=LINE('',#1005,#1007);
#1009=EDGE_CURVE('',#973,#1004,#1008,.T.);
#1010=ORIENTED_EDGE('',*,*,#1009,.T.);
#1011=CARTESIAN_POINT('',(0.19015748031496,0.088188976377953,0.0));
#1012=VERTEX_POINT('',#1011);
#1013=CARTESIAN_POINT('',(0.19015748031496,0.088188976377953,0.0));
#1014=DIRECTION('',(0.0,0.0,-1.0));
#1015=VECTOR('',#1014,0.18503937007874);
#1016=LINE('',#1013,#1015);
#1017=EDGE_CURVE('',#1012,#1004,#1016,.T.);
#1018=ORIENTED_EDGE('',*,*,#1017,.F.);
#1019=CARTESIAN_POINT('',(0.19015748031496,0.111811023622047,0.0));
#1020=DIRECTION('',(0.0,-1.0,0.0));
#1021=VECTOR('',#1020,0.023622047244094);
#1022=LINE('',#1019,#1021);
#1023=EDGE_CURVE('',#981,#1012,#1022,.T.);
#1024=ORIENTED_EDGE('',*,*,#1023,.F.);
#1025=ORIENTED_EDGE('',*,*,#986,.T.);
#1026=EDGE_LOOP('',(#1010,#1018,#1024,#1025));
#1027=FACE_OUTER_BOUND('',#1026,.T.);
#1028=ADVANCED_FACE('',(#1027),#1002,.T.);
#1029=CARTESIAN_POINT('',(0.189173228346456,0.088188976377953,0.009251968503937));
#1030=DIRECTION('',(0.0,-1.0,0.0));
#1031=DIRECTION('',(0.0,0.0,-1.0));
#1032=AXIS2_PLACEMENT_3D('',#1029,#1030,#1031);
#1033=PLANE('',#1032);
#1034=CARTESIAN_POINT('',(0.19015748031496,0.088188976377953,-0.18503937007874));
#1035=DIRECTION('',(1.0,0.0,0.0));
#1036=VECTOR('',#1035,0.019685039370079);
#1037=LINE('',#1034,#1036);
#1038=EDGE_CURVE('',#1004,#933,#1037,.T.);
#1039=ORIENTED_EDGE('',*,*,#1038,.T.);
#1040=ORIENTED_EDGE('',*,*,#962,.F.);
#1041=CARTESIAN_POINT('',(0.19015748031496,0.088188976377953,0.0));
#1042=DIRECTION('',(1.0,0.0,0.0));
#1043=VECTOR('',#1042,0.019685039370079);
#1044=LINE('',#1041,#1043);
#1045=EDGE_CURVE('',#1012,#951,#1044,.T.);
#1046=ORIENTED_EDGE('',*,*,#1045,.F.);
#1047=ORIENTED_EDGE('',*,*,#1017,.T.);
#1048=EDGE_LOOP('',(#1039,#1040,#1046,#1047));
#1049=FACE_OUTER_BOUND('',#1048,.T.);
#1050=ADVANCED_FACE('',(#1049),#1033,.T.);
#1051=CARTESIAN_POINT('',(0.189173228346456,0.112992125984252,-0.18503937007874));
#1052=DIRECTION('',(0.0,0.0,-1.0));
#1053=DIRECTION('',(-1.0,0.0,0.0));
#1054=AXIS2_PLACEMENT_3D('',#1051,#1052,#1053);
#1055=PLANE('',#1054);
#1056=ORIENTED_EDGE('',*,*,#940,.F.);
#1057=ORIENTED_EDGE('',*,*,#1038,.F.);
#1058=ORIENTED_EDGE('',*,*,#1009,.F.);
#1059=ORIENTED_EDGE('',*,*,#978,.F.);
#1060=EDGE_LOOP('',(#1056,#1057,#1058,#1059));
#1061=FACE_OUTER_BOUND('',#1060,.T.);
#1062=ADVANCED_FACE('',(#1061),#1055,.T.);
#1063=CARTESIAN_POINT('',(-0.190157480314961,0.112992125984252,-0.194291338582677));
#1064=DIRECTION('',(1.0,0.0,0.0));
#1065=DIRECTION('',(0.0,0.0,-1.0));
#1066=AXIS2_PLACEMENT_3D('',#1063,#1064,#1065);
#1067=PLANE('',#1066);
#1068=CARTESIAN_POINT('',(-0.190157480314961,0.088188976377953,-0.18503937007874));
#1069=VERTEX_POINT('',#1068);
#1070=CARTESIAN_POINT('',(-0.190157480314961,0.111811023622047,-0.18503937007874));
#1071=VERTEX_POINT('',#1070);
#1072=CARTESIAN_POINT('',(-0.190157480314961,0.088188976377953,-0.18503937007874));
#1073=DIRECTION('',(0.0,1.0,0.0));
#1074=VECTOR('',#1073,0.023622047244094);
#1075=LINE('',#1072,#1074);
#1076=EDGE_CURVE('',#1069,#1071,#1075,.T.);
#1077=ORIENTED_EDGE('',*,*,#1076,.T.);
#1078=CARTESIAN_POINT('',(-0.190157480314961,0.111811023622047,0.0));
#1079=VERTEX_POINT('',#1078);
#1080=CARTESIAN_POINT('',(-0.190157480314961,0.111811023622047,0.0));
#1081=DIRECTION('',(0.0,0.0,-1.0));
#1082=VECTOR('',#1081,0.18503937007874);
#1083=LINE('',#1080,#1082);
#1084=EDGE_CURVE('',#1079,#1071,#1083,.T.);
#1085=ORIENTED_EDGE('',*,*,#1084,.F.);
#1086=CARTESIAN_POINT('',(-0.190157480314961,0.088188976377953,0.0));
#1087=VERTEX_POINT('',#1086);
#1088=CARTESIAN_POINT('',(-0.190157480314961,0.088188976377953,0.0));
#1089=DIRECTION('',(0.0,1.0,0.0));
#1090=VECTOR('',#1089,0.023622047244094);
#1091=LINE('',#1088,#1090);
#1092=EDGE_CURVE('',#1087,#1079,#1091,.T.);
#1093=ORIENTED_EDGE('',*,*,#1092,.F.);
#1094=CARTESIAN_POINT('',(-0.190157480314961,0.088188976377953,0.0));
#1095=DIRECTION('',(0.0,0.0,-1.0));
#1096=VECTOR('',#1095,0.18503937007874);
#1097=LINE('',#1094,#1096);
#1098=EDGE_CURVE('',#1087,#1069,#1097,.T.);
#1099=ORIENTED_EDGE('',*,*,#1098,.T.);
#1100=EDGE_LOOP('',(#1077,#1085,#1093,#1099));
#1101=FACE_OUTER_BOUND('',#1100,.T.);
#1102=ADVANCED_FACE('',(#1101),#1067,.T.);
#1103=CARTESIAN_POINT('',(-0.210826771653544,0.111811023622047,-0.194291338582677));
#1104=DIRECTION('',(0.0,1.0,0.0));
#1105=DIRECTION('',(0.0,0.0,1.0));
#1106=AXIS2_PLACEMENT_3D('',#1103,#1104,#1105);
#1107=PLANE('',#1106);
#1108=CARTESIAN_POINT('',(-0.20984251968504,0.111811023622047,-0.18503937007874));
#1109=VERTEX_POINT('',#1108);
#1110=CARTESIAN_POINT('',(-0.190157480314961,0.111811023622047,-0.18503937007874));
#1111=DIRECTION('',(-1.0,0.0,0.0));
#1112=VECTOR('',#1111,0.019685039370079);
#1113=LINE('',#1110,#1112);
#1114=EDGE_CURVE('',#1071,#1109,#1113,.T.);
#1115=ORIENTED_EDGE('',*,*,#1114,.T.);
#1116=CARTESIAN_POINT('',(-0.20984251968504,0.111811023622047,0.0));
#1117=VERTEX_POINT('',#1116);
#1118=CARTESIAN_POINT('',(-0.20984251968504,0.111811023622047,0.0));
#1119=DIRECTION('',(0.0,0.0,-1.0));
#1120=VECTOR('',#1119,0.18503937007874);
#1121=LINE('',#1118,#1120);
#1122=EDGE_CURVE('',#1117,#1109,#1121,.T.);
#1123=ORIENTED_EDGE('',*,*,#1122,.F.);
#1124=CARTESIAN_POINT('',(-0.190157480314961,0.111811023622047,0.0));
#1125=DIRECTION('',(-1.0,0.0,0.0));
#1126=VECTOR('',#1125,0.019685039370079);
#1127=LINE('',#1124,#1126);
#1128=EDGE_CURVE('',#1079,#1117,#1127,.T.);
#1129=ORIENTED_EDGE('',*,*,#1128,.F.);
#1130=ORIENTED_EDGE('',*,*,#1084,.T.);
#1131=EDGE_LOOP('',(#1115,#1123,#1129,#1130));
#1132=FACE_OUTER_BOUND('',#1131,.T.);
#1133=ADVANCED_FACE('',(#1132),#1107,.T.);
#1134=CARTESIAN_POINT('',(-0.20984251968504,0.112992125984252,0.009251968503937));
#1135=DIRECTION('',(-1.0,0.0,0.0));
#1136=DIRECTION('',(0.0,0.0,1.0));
#1137=AXIS2_PLACEMENT_3D('',#1134,#1135,#1136);
#1138=PLANE('',#1137);
#1139=CARTESIAN_POINT('',(-0.20984251968504,0.088188976377953,-0.18503937007874));
#1140=VERTEX_POINT('',#1139);
#1141=CARTESIAN_POINT('',(-0.20984251968504,0.111811023622047,-0.18503937007874));
#1142=DIRECTION('',(0.0,-1.0,0.0));
#1143=VECTOR('',#1142,0.023622047244094);
#1144=LINE('',#1141,#1143);
#1145=EDGE_CURVE('',#1109,#1140,#1144,.T.);
#1146=ORIENTED_EDGE('',*,*,#1145,.T.);
#1147=CARTESIAN_POINT('',(-0.20984251968504,0.088188976377953,0.0));
#1148=VERTEX_POINT('',#1147);
#1149=CARTESIAN_POINT('',(-0.20984251968504,0.088188976377953,0.0));
#1150=DIRECTION('',(0.0,0.0,-1.0));
#1151=VECTOR('',#1150,0.18503937007874);
#1152=LINE('',#1149,#1151);
#1153=EDGE_CURVE('',#1148,#1140,#1152,.T.);
#1154=ORIENTED_EDGE('',*,*,#1153,.F.);
#1155=CARTESIAN_POINT('',(-0.20984251968504,0.111811023622047,0.0));
#1156=DIRECTION('',(0.0,-1.0,0.0));
#1157=VECTOR('',#1156,0.023622047244094);
#1158=LINE('',#1155,#1157);
#1159=EDGE_CURVE('',#1117,#1148,#1158,.T.);
#1160=ORIENTED_EDGE('',*,*,#1159,.F.);
#1161=ORIENTED_EDGE('',*,*,#1122,.T.);
#1162=EDGE_LOOP('',(#1146,#1154,#1160,#1161));
#1163=FACE_OUTER_BOUND('',#1162,.T.);
#1164=ADVANCED_FACE('',(#1163),#1138,.T.);
#1165=CARTESIAN_POINT('',(-0.210826771653544,0.088188976377953,0.009251968503937));
#1166=DIRECTION('',(0.0,-1.0,0.0));
#1167=DIRECTION('',(0.0,0.0,-1.0));
#1168=AXIS2_PLACEMENT_3D('',#1165,#1166,#1167);
#1169=PLANE('',#1168);
#1170=CARTESIAN_POINT('',(-0.20984251968504,0.088188976377953,-0.18503937007874));
#1171=DIRECTION('',(1.0,0.0,0.0));
#1172=VECTOR('',#1171,0.019685039370079);
#1173=LINE('',#1170,#1172);
#1174=EDGE_CURVE('',#1140,#1069,#1173,.T.);
#1175=ORIENTED_EDGE('',*,*,#1174,.T.);
#1176=ORIENTED_EDGE('',*,*,#1098,.F.);
#1177=CARTESIAN_POINT('',(-0.20984251968504,0.088188976377953,0.0));
#1178=DIRECTION('',(1.0,0.0,0.0));
#1179=VECTOR('',#1178,0.019685039370079);
#1180=LINE('',#1177,#1179);
#1181=EDGE_CURVE('',#1148,#1087,#1180,.T.);
#1182=ORIENTED_EDGE('',*,*,#1181,.F.);
#1183=ORIENTED_EDGE('',*,*,#1153,.T.);
#1184=EDGE_LOOP('',(#1175,#1176,#1182,#1183));
#1185=FACE_OUTER_BOUND('',#1184,.T.);
#1186=ADVANCED_FACE('',(#1185),#1169,.T.);
#1187=CARTESIAN_POINT('',(-0.210826771653544,0.112992125984252,-0.18503937007874));
#1188=DIRECTION('',(0.0,0.0,-1.0));
#1189=DIRECTION('',(-1.0,0.0,0.0));
#1190=AXIS2_PLACEMENT_3D('',#1187,#1188,#1189);
#1191=PLANE('',#1190);
#1192=ORIENTED_EDGE('',*,*,#1076,.F.);
#1193=ORIENTED_EDGE('',*,*,#1174,.F.);
#1194=ORIENTED_EDGE('',*,*,#1145,.F.);
#1195=ORIENTED_EDGE('',*,*,#1114,.F.);
#1196=EDGE_LOOP('',(#1192,#1193,#1194,#1195));
#1197=FACE_OUTER_BOUND('',#1196,.T.);
#1198=ADVANCED_FACE('',(#1197),#1191,.T.);
#1199=CARTESIAN_POINT('',(0.009842519685039,0.112992125984252,-0.194291338582677));
#1200=DIRECTION('',(1.0,0.0,0.0));
#1201=DIRECTION('',(0.0,0.0,-1.0));
#1202=AXIS2_PLACEMENT_3D('',#1199,#1200,#1201);
#1203=PLANE('',#1202);
#1204=CARTESIAN_POINT('',(0.009842519685039,0.088188976377953,-0.18503937007874));
#1205=VERTEX_POINT('',#1204);
#1206=CARTESIAN_POINT('',(0.009842519685039,0.111811023622047,-0.18503937007874));
#1207=VERTEX_POINT('',#1206);
#1208=CARTESIAN_POINT('',(0.009842519685039,0.088188976377953,-0.18503937007874));
#1209=DIRECTION('',(0.0,1.0,0.0));
#1210=VECTOR('',#1209,0.023622047244094);
#1211=LINE('',#1208,#1210);
#1212=EDGE_CURVE('',#1205,#1207,#1211,.T.);
#1213=ORIENTED_EDGE('',*,*,#1212,.T.);
#1214=CARTESIAN_POINT('',(0.009842519685039,0.111811023622047,0.0));
#1215=VERTEX_POINT('',#1214);
#1216=CARTESIAN_POINT('',(0.009842519685039,0.111811023622047,0.0));
#1217=DIRECTION('',(0.0,0.0,-1.0));
#1218=VECTOR('',#1217,0.18503937007874);
#1219=LINE('',#1216,#1218);
#1220=EDGE_CURVE('',#1215,#1207,#1219,.T.);
#1221=ORIENTED_EDGE('',*,*,#1220,.F.);
#1222=CARTESIAN_POINT('',(0.009842519685039,0.088188976377953,0.0));
#1223=VERTEX_POINT('',#1222);
#1224=CARTESIAN_POINT('',(0.009842519685039,0.088188976377953,0.0));
#1225=DIRECTION('',(0.0,1.0,0.0));
#1226=VECTOR('',#1225,0.023622047244094);
#1227=LINE('',#1224,#1226);
#1228=EDGE_CURVE('',#1223,#1215,#1227,.T.);
#1229=ORIENTED_EDGE('',*,*,#1228,.F.);
#1230=CARTESIAN_POINT('',(0.009842519685039,0.088188976377953,0.0));
#1231=DIRECTION('',(0.0,0.0,-1.0));
#1232=VECTOR('',#1231,0.18503937007874);
#1233=LINE('',#1230,#1232);
#1234=EDGE_CURVE('',#1223,#1205,#1233,.T.);
#1235=ORIENTED_EDGE('',*,*,#1234,.T.);
#1236=EDGE_LOOP('',(#1213,#1221,#1229,#1235));
#1237=FACE_OUTER_BOUND('',#1236,.T.);
#1238=ADVANCED_FACE('',(#1237),#1203,.T.);
#1239=CARTESIAN_POINT('',(-0.010826771653544,0.111811023622047,-0.194291338582677));
#1240=DIRECTION('',(0.0,1.0,0.0));
#1241=DIRECTION('',(0.0,0.0,1.0));
#1242=AXIS2_PLACEMENT_3D('',#1239,#1240,#1241);
#1243=PLANE('',#1242);
#1244=CARTESIAN_POINT('',(-0.00984251968504,0.111811023622047,-0.18503937007874));
#1245=VERTEX_POINT('',#1244);
#1246=CARTESIAN_POINT('',(0.009842519685039,0.111811023622047,-0.18503937007874));
#1247=DIRECTION('',(-1.0,0.0,0.0));
#1248=VECTOR('',#1247,0.019685039370079);
#1249=LINE('',#1246,#1248);
#1250=EDGE_CURVE('',#1207,#1245,#1249,.T.);
#1251=ORIENTED_EDGE('',*,*,#1250,.T.);
#1252=CARTESIAN_POINT('',(-0.00984251968504,0.111811023622047,0.0));
#1253=VERTEX_POINT('',#1252);
#1254=CARTESIAN_POINT('',(-0.00984251968504,0.111811023622047,0.0));
#1255=DIRECTION('',(0.0,0.0,-1.0));
#1256=VECTOR('',#1255,0.18503937007874);
#1257=LINE('',#1254,#1256);
#1258=EDGE_CURVE('',#1253,#1245,#1257,.T.);
#1259=ORIENTED_EDGE('',*,*,#1258,.F.);
#1260=CARTESIAN_POINT('',(0.009842519685039,0.111811023622047,0.0));
#1261=DIRECTION('',(-1.0,0.0,0.0));
#1262=VECTOR('',#1261,0.019685039370079);
#1263=LINE('',#1260,#1262);
#1264=EDGE_CURVE('',#1215,#1253,#1263,.T.);
#1265=ORIENTED_EDGE('',*,*,#1264,.F.);
#1266=ORIENTED_EDGE('',*,*,#1220,.T.);
#1267=EDGE_LOOP('',(#1251,#1259,#1265,#1266));
#1268=FACE_OUTER_BOUND('',#1267,.T.);
#1269=ADVANCED_FACE('',(#1268),#1243,.T.);
#1270=CARTESIAN_POINT('',(-0.00984251968504,0.112992125984252,0.009251968503937));
#1271=DIRECTION('',(-1.0,0.0,0.0));
#1272=DIRECTION('',(0.0,0.0,1.0));
#1273=AXIS2_PLACEMENT_3D('',#1270,#1271,#1272);
#1274=PLANE('',#1273);
#1275=CARTESIAN_POINT('',(-0.00984251968504,0.088188976377953,-0.18503937007874));
#1276=VERTEX_POINT('',#1275);
#1277=CARTESIAN_POINT('',(-0.00984251968504,0.111811023622047,-0.18503937007874));
#1278=DIRECTION('',(0.0,-1.0,0.0));
#1279=VECTOR('',#1278,0.023622047244094);
#1280=LINE('',#1277,#1279);
#1281=EDGE_CURVE('',#1245,#1276,#1280,.T.);
#1282=ORIENTED_EDGE('',*,*,#1281,.T.);
#1283=CARTESIAN_POINT('',(-0.00984251968504,0.088188976377953,0.0));
#1284=VERTEX_POINT('',#1283);
#1285=CARTESIAN_POINT('',(-0.00984251968504,0.088188976377953,0.0));
#1286=DIRECTION('',(0.0,0.0,-1.0));
#1287=VECTOR('',#1286,0.18503937007874);
#1288=LINE('',#1285,#1287);
#1289=EDGE_CURVE('',#1284,#1276,#1288,.T.);
#1290=ORIENTED_EDGE('',*,*,#1289,.F.);
#1291=CARTESIAN_POINT('',(-0.00984251968504,0.111811023622047,0.0));
#1292=DIRECTION('',(0.0,-1.0,0.0));
#1293=VECTOR('',#1292,0.023622047244094);
#1294=LINE('',#1291,#1293);
#1295=EDGE_CURVE('',#1253,#1284,#1294,.T.);
#1296=ORIENTED_EDGE('',*,*,#1295,.F.);
#1297=ORIENTED_EDGE('',*,*,#1258,.T.);
#1298=EDGE_LOOP('',(#1282,#1290,#1296,#1297));
#1299=FACE_OUTER_BOUND('',#1298,.T.);
#1300=ADVANCED_FACE('',(#1299),#1274,.T.);
#1301=CARTESIAN_POINT('',(-0.010826771653544,0.088188976377953,0.009251968503937));
#1302=DIRECTION('',(0.0,-1.0,0.0));
#1303=DIRECTION('',(0.0,0.0,-1.0));
#1304=AXIS2_PLACEMENT_3D('',#1301,#1302,#1303);
#1305=PLANE('',#1304);
#1306=CARTESIAN_POINT('',(-0.00984251968504,0.088188976377953,-0.18503937007874));
#1307=DIRECTION('',(1.0,0.0,0.0));
#1308=VECTOR('',#1307,0.019685039370079);
#1309=LINE('',#1306,#1308);
#1310=EDGE_CURVE('',#1276,#1205,#1309,.T.);
#1311=ORIENTED_EDGE('',*,*,#1310,.T.);
#1312=ORIENTED_EDGE('',*,*,#1234,.F.);
#1313=CARTESIAN_POINT('',(-0.00984251968504,0.088188976377953,0.0));
#1314=DIRECTION('',(1.0,0.0,0.0));
#1315=VECTOR('',#1314,0.019685039370079);
#1316=LINE('',#1313,#1315);
#1317=EDGE_CURVE('',#1284,#1223,#1316,.T.);
#1318=ORIENTED_EDGE('',*,*,#1317,.F.);
#1319=ORIENTED_EDGE('',*,*,#1289,.T.);
#1320=EDGE_LOOP('',(#1311,#1312,#1318,#1319));
#1321=FACE_OUTER_BOUND('',#1320,.T.);
#1322=ADVANCED_FACE('',(#1321),#1305,.T.);
#1323=CARTESIAN_POINT('',(-0.010826771653544,0.112992125984252,-0.18503937007874));
#1324=DIRECTION('',(0.0,0.0,-1.0));
#1325=DIRECTION('',(-1.0,0.0,0.0));
#1326=AXIS2_PLACEMENT_3D('',#1323,#1324,#1325);
#1327=PLANE('',#1326);
#1328=ORIENTED_EDGE('',*,*,#1212,.F.);
#1329=ORIENTED_EDGE('',*,*,#1310,.F.);
#1330=ORIENTED_EDGE('',*,*,#1281,.F.);
#1331=ORIENTED_EDGE('',*,*,#1250,.F.);
#1332=EDGE_LOOP('',(#1328,#1329,#1330,#1331));
#1333=FACE_OUTER_BOUND('',#1332,.T.);
#1334=ADVANCED_FACE('',(#1333),#1327,.T.);
#1335=CARTESIAN_POINT('',(-0.260580708661417,-0.214566929133858,0.261811023622048));
#1336=DIRECTION('',(0.0,-1.0,0.0));
#1337=DIRECTION('',(0.0,0.0,-1.0));
#1338=AXIS2_PLACEMENT_3D('',#1335,#1336,#1337);
#1339=PLANE('',#1338);
#1340=CARTESIAN_POINT('',(-0.244094488188976,-0.214566929133858,0.21220472440945));
#1341=VERTEX_POINT('',#1340);
#1342=CARTESIAN_POINT('',(-0.244094488188976,-0.214566929133858,0.259448818897639));
#1343=VERTEX_POINT('',#1342);
#1344=CARTESIAN_POINT('',(-0.244094488188976,-0.214566929133858,0.21220472440945));
#1345=DIRECTION('',(0.0,0.0,1.0));
#1346=VECTOR('',#1345,0.047244094488189);
#1347=LINE('',#1344,#1346);
#1348=EDGE_CURVE('',#1341,#1343,#1347,.T.);
#1349=ORIENTED_EDGE('',*,*,#1348,.F.);
#1350=CARTESIAN_POINT('',(0.085629921259841,-0.214566929133858,0.21220472440945));
#1351=VERTEX_POINT('',#1350);
#1352=CARTESIAN_POINT('',(0.085629921259841,-0.214566929133858,0.21220472440945));
#1353=DIRECTION('',(-1.0,0.0,0.0));
#1354=VECTOR('',#1353,0.329724409448817);
#1355=LINE('',#1352,#1354);
#1356=EDGE_CURVE('',#1351,#1341,#1355,.T.);
#1357=ORIENTED_EDGE('',*,*,#1356,.F.);
#1358=CARTESIAN_POINT('',(0.085629921259841,-0.214566929133858,0.259448818897639));
#1359=VERTEX_POINT('',#1358);
#1360=CARTESIAN_POINT('',(0.085629921259841,-0.214566929133858,0.21220472440945));
#1361=DIRECTION('',(0.0,0.0,1.0));
#1362=VECTOR('',#1361,0.047244094488189);
#1363=LINE('',#1360,#1362);
#1364=EDGE_CURVE('',#1351,#1359,#1363,.T.);
#1365=ORIENTED_EDGE('',*,*,#1364,.T.);
#1366=CARTESIAN_POINT('',(0.085629921259841,-0.214566929133858,0.259448818897639));
#1367=DIRECTION('',(-1.0,0.0,0.0));
#1368=VECTOR('',#1367,0.329724409448817);
#1369=LINE('',#1366,#1368);
#1370=EDGE_CURVE('',#1359,#1343,#1369,.T.);
#1371=ORIENTED_EDGE('',*,*,#1370,.T.);
#1372=EDGE_LOOP('',(#1349,#1357,#1365,#1371));
#1373=FACE_OUTER_BOUND('',#1372,.T.);
#1374=ADVANCED_FACE('',(#1373),#1339,.T.);
#1375=CARTESIAN_POINT('',(-0.260580708661417,-0.236023622047244,0.21220472440945));
#1376=DIRECTION('',(0.0,0.0,1.0));
#1377=DIRECTION('',(1.0,0.0,0.0));
#1378=AXIS2_PLACEMENT_3D('',#1375,#1376,#1377);
#1379=PLANE('',#1378);
#1380=CARTESIAN_POINT('',(-0.244094488188976,0.214566929133858,0.21220472440945));
#1381=VERTEX_POINT('',#1380);
#1382=CARTESIAN_POINT('',(-0.244094488188976,0.214566929133858,0.21220472440945));
#1383=DIRECTION('',(0.0,-1.0,0.0));
#1384=VECTOR('',#1383,0.429133858267716);
#1385=LINE('',#1382,#1384);
#1386=EDGE_CURVE('',#1381,#1341,#1385,.T.);
#1387=ORIENTED_EDGE('',*,*,#1386,.F.);
#1388=CARTESIAN_POINT('',(-0.124015748031497,0.214566929133858,0.21220472440945));
#1389=VERTEX_POINT('',#1388);
#1390=CARTESIAN_POINT('',(-0.244094488188976,0.214566929133858,0.21220472440945));
#1391=DIRECTION('',(1.0,0.0,0.0));
#1392=VECTOR('',#1391,0.120078740157479);
#1393=LINE('',#1390,#1392);
#1394=EDGE_CURVE('',#1381,#1389,#1393,.T.);
#1395=ORIENTED_EDGE('',*,*,#1394,.T.);
#1396=CARTESIAN_POINT('',(-0.104330708661419,0.19488188976378,0.21220472440945));
#1397=VERTEX_POINT('',#1396);
#1398=CARTESIAN_POINT('',(-0.124015748031497,0.19488188976378,0.21220472440945));
#1399=DIRECTION('',(0.0,0.0,1.0));
#1400=DIRECTION('',(0.707106781186547,0.707106781186548,0.0));
#1401=AXIS2_PLACEMENT_3D('',#1398,#1399,#1400);
#1402=CIRCLE('',#1401,0.019685039370079);
#1403=EDGE_CURVE('',#1397,#1389,#1402,.T.);
#1404=ORIENTED_EDGE('',*,*,#1403,.F.);
#1405=CARTESIAN_POINT('',(-0.059055118110237,0.19488188976378,0.21220472440945));
#1406=VERTEX_POINT('',#1405);
#1407=CARTESIAN_POINT('',(-0.104330708661419,0.19488188976378,0.21220472440945));
#1408=DIRECTION('',(1.0,0.0,0.0));
#1409=VECTOR('',#1408,0.045275590551181);
#1410=LINE('',#1407,#1409);
#1411=EDGE_CURVE('',#1397,#1406,#1410,.T.);
#1412=ORIENTED_EDGE('',*,*,#1411,.T.);
#1413=CARTESIAN_POINT('',(-0.039370078740159,0.214566929133858,0.21220472440945));
#1414=VERTEX_POINT('',#1413);
#1415=CARTESIAN_POINT('',(-0.039370078740159,0.19488188976378,0.21220472440945));
#1416=DIRECTION('',(0.0,0.0,1.0));
#1417=DIRECTION('',(-0.707106781186548,0.707106781186547,0.0));
#1418=AXIS2_PLACEMENT_3D('',#1415,#1416,#1417);
#1419=CIRCLE('',#1418,0.019685039370079);
#1420=EDGE_CURVE('',#1414,#1406,#1419,.T.);
#1421=ORIENTED_EDGE('',*,*,#1420,.F.);
#1422=CARTESIAN_POINT('',(0.085629921259841,0.214566929133858,0.21220472440945));
#1423=VERTEX_POINT('',#1422);
#1424=CARTESIAN_POINT('',(-0.039370078740159,0.214566929133858,0.21220472440945));
#1425=DIRECTION('',(1.0,0.0,0.0));
#1426=VECTOR('',#1425,0.125);
#1427=LINE('',#1424,#1426);
#1428=EDGE_CURVE('',#1414,#1423,#1427,.T.);
#1429=ORIENTED_EDGE('',*,*,#1428,.T.);
#1430=CARTESIAN_POINT('',(0.085629921259841,0.214566929133858,0.21220472440945));
#1431=DIRECTION('',(0.0,-1.0,0.0));
#1432=VECTOR('',#1431,0.429133858267716);
#1433=LINE('',#1430,#1432);
#1434=EDGE_CURVE('',#1423,#1351,#1433,.T.);
#1435=ORIENTED_EDGE('',*,*,#1434,.T.);
#1436=ORIENTED_EDGE('',*,*,#1356,.T.);
#1437=EDGE_LOOP('',(#1387,#1395,#1404,#1412,#1421,#1429,#1435,#1436));
#1438=FACE_OUTER_BOUND('',#1437,.T.);
#1439=CARTESIAN_POINT('',(-0.186023622047245,-0.021653543307086,0.21220472440945));
#1440=VERTEX_POINT('',#1439);
#1441=CARTESIAN_POINT('',(0.022637795275589,-0.021653543307086,0.21220472440945));
#1442=VERTEX_POINT('',#1441);
#1443=CARTESIAN_POINT('',(-0.186023622047245,-0.021653543307086,0.21220472440945));
#1444=DIRECTION('',(1.0,0.0,0.0));
#1445=VECTOR('',#1444,0.208661417322834);
#1446=LINE('',#1443,#1445);
#1447=EDGE_CURVE('',#1440,#1442,#1446,.T.);
#1448=ORIENTED_EDGE('',*,*,#1447,.F.);
#1449=CARTESIAN_POINT('',(-0.186023622047245,-0.167322834645669,0.21220472440945));
#1450=VERTEX_POINT('',#1449);
#1451=CARTESIAN_POINT('',(-0.186023622047245,-0.021653543307086,0.21220472440945));
#1452=DIRECTION('',(0.0,-1.0,0.0));
#1453=VECTOR('',#1452,0.145669291338583);
#1454=LINE('',#1451,#1453);
#1455=EDGE_CURVE('',#1440,#1450,#1454,.T.);
#1456=ORIENTED_EDGE('',*,*,#1455,.T.);
#1457=CARTESIAN_POINT('',(0.022637795275589,-0.167322834645669,0.21220472440945));
#1458=VERTEX_POINT('',#1457);
#1459=CARTESIAN_POINT('',(-0.186023622047245,-0.167322834645669,0.21220472440945));
#1460=DIRECTION('',(1.0,0.0,0.0));
#1461=VECTOR('',#1460,0.208661417322834);
#1462=LINE('',#1459,#1461);
#1463=EDGE_CURVE('',#1450,#1458,#1462,.T.);
#1464=ORIENTED_EDGE('',*,*,#1463,.T.);
#1465=CARTESIAN_POINT('',(0.022637795275589,-0.167322834645669,0.21220472440945));
#1466=DIRECTION('',(0.0,1.0,0.0));
#1467=VECTOR('',#1466,0.145669291338583);
#1468=LINE('',#1465,#1467);
#1469=EDGE_CURVE('',#1458,#1442,#1468,.T.);
#1470=ORIENTED_EDGE('',*,*,#1469,.T.);
#1471=EDGE_LOOP('',(#1448,#1456,#1464,#1470));
#1472=FACE_BOUND('',#1471,.T.);
#1473=CARTESIAN_POINT('',(0.022637795275589,0.021653543307087,0.21220472440945));
#1474=VERTEX_POINT('',#1473);
#1475=CARTESIAN_POINT('',(0.022637795275589,0.167322834645669,0.21220472440945));
#1476=VERTEX_POINT('',#1475);
#1477=CARTESIAN_POINT('',(0.022637795275589,0.021653543307087,0.21220472440945));
#1478=DIRECTION('',(0.0,1.0,0.0));
#1479=VECTOR('',#1478,0.145669291338582);
#1480=LINE('',#1477,#1479);
#1481=EDGE_CURVE('',#1474,#1476,#1480,.T.);
#1482=ORIENTED_EDGE('',*,*,#1481,.T.);
#1483=CARTESIAN_POINT('',(-0.186023622047245,0.167322834645669,0.21220472440945));
#1484=VERTEX_POINT('',#1483);
#1485=CARTESIAN_POINT('',(0.022637795275589,0.167322834645669,0.21220472440945));
#1486=DIRECTION('',(-1.0,0.0,0.0));
#1487=VECTOR('',#1486,0.208661417322834);
#1488=LINE('',#1485,#1487);
#1489=EDGE_CURVE('',#1476,#1484,#1488,.T.);
#1490=ORIENTED_EDGE('',*,*,#1489,.T.);
#1491=CARTESIAN_POINT('',(-0.186023622047245,0.021653543307087,0.21220472440945));
#1492=VERTEX_POINT('',#1491);
#1493=CARTESIAN_POINT('',(-0.186023622047245,0.167322834645669,0.21220472440945));
#1494=DIRECTION('',(0.0,-1.0,0.0));
#1495=VECTOR('',#1494,0.145669291338582);
#1496=LINE('',#1493,#1495);
#1497=EDGE_CURVE('',#1484,#1492,#1496,.T.);
#1498=ORIENTED_EDGE('',*,*,#1497,.T.);
#1499=CARTESIAN_POINT('',(0.022637795275589,0.021653543307087,0.21220472440945));
#1500=DIRECTION('',(-1.0,0.0,0.0));
#1501=VECTOR('',#1500,0.208661417322834);
#1502=LINE('',#1499,#1501);
#1503=EDGE_CURVE('',#1474,#1492,#1502,.T.);
#1504=ORIENTED_EDGE('',*,*,#1503,.F.);
#1505=EDGE_LOOP('',(#1482,#1490,#1498,#1504));
#1506=FACE_BOUND('',#1505,.T.);
#1507=ADVANCED_FACE('',(#1438,#1472,#1506),#1379,.F.);
#1508=CARTESIAN_POINT('',(-0.140748031496064,-0.06496062992126,0.258641732283466));
#1509=DIRECTION('',(-1.0,0.0,0.0));
#1510=DIRECTION('',(0.0,0.0,1.0));
#1511=AXIS2_PLACEMENT_3D('',#1508,#1509,#1510);
#1512=PLANE('',#1511);
#1513=ORIENTED_EDGE('',*,*,#508,.F.);
#1514=CARTESIAN_POINT('',(-0.140748031496064,0.059055118110236,0.259448818897639));
#1515=VERTEX_POINT('',#1514);
#1516=CARTESIAN_POINT('',(-0.140748031496064,0.059055118110236,0.275590551181102));
#1517=DIRECTION('',(0.0,0.0,-1.0));
#1518=VECTOR('',#1517,0.016141732283463);
#1519=LINE('',#1516,#1518);
#1520=EDGE_CURVE('',#495,#1515,#1519,.T.);
#1521=ORIENTED_EDGE('',*,*,#1520,.T.);
#1522=CARTESIAN_POINT('',(-0.140748031496064,-0.059055118110236,0.259448818897639));
#1523=VERTEX_POINT('',#1522);
#1524=CARTESIAN_POINT('',(-0.140748031496064,-0.059055118110236,0.259448818897639));
#1525=DIRECTION('',(0.0,1.0,0.0));
#1526=VECTOR('',#1525,0.118110236220472);
#1527=LINE('',#1524,#1526);
#1528=EDGE_CURVE('',#1523,#1515,#1527,.T.);
#1529=ORIENTED_EDGE('',*,*,#1528,.F.);
#1530=CARTESIAN_POINT('',(-0.140748031496064,-0.059055118110236,0.259448818897639));
#1531=DIRECTION('',(0.0,0.0,1.0));
#1532=VECTOR('',#1531,0.016141732283463);
#1533=LINE('',#1530,#1532);
#1534=EDGE_CURVE('',#1523,#503,#1533,.T.);
#1535=ORIENTED_EDGE('',*,*,#1534,.T.);
#1536=EDGE_LOOP('',(#1513,#1521,#1529,#1535));
#1537=FACE_OUTER_BOUND('',#1536,.T.);
#1538=ADVANCED_FACE('',(#1537),#1512,.T.);
#1539=CARTESIAN_POINT('',(-0.140748031496064,-0.06496062992126,0.27755905511811));
#1540=DIRECTION('',(-1.0,0.0,0.0));
#1541=DIRECTION('',(0.0,0.0,1.0));
#1542=AXIS2_PLACEMENT_3D('',#1539,#1540,#1541);
#1543=PLANE('',#1542);
#1544=CARTESIAN_POINT('',(-0.140748031496063,-0.059055118110236,0.283464566929134));
#1545=VERTEX_POINT('',#1544);
#1546=CARTESIAN_POINT('',(-0.140748031496063,0.059055118110236,0.283464566929134));
#1547=VERTEX_POINT('',#1546);
#1548=CARTESIAN_POINT('',(-0.140748031496063,-0.059055118110236,0.283464566929134));
#1549=DIRECTION('',(0.0,1.0,0.0));
#1550=VECTOR('',#1549,0.118110236220472);
#1551=LINE('',#1548,#1550);
#1552=EDGE_CURVE('',#1545,#1547,#1551,.T.);
#1553=ORIENTED_EDGE('',*,*,#1552,.F.);
#1554=CARTESIAN_POINT('',(-0.140748031496064,-0.059055118110236,0.401574803149608));
#1555=VERTEX_POINT('',#1554);
#1556=CARTESIAN_POINT('',(-0.140748031496064,-0.059055118110236,0.283464566929134));
#1557=DIRECTION('',(0.0,0.0,1.0));
#1558=VECTOR('',#1557,0.118110236220474);
#1559=LINE('',#1556,#1558);
#1560=EDGE_CURVE('',#1545,#1555,#1559,.T.);
#1561=ORIENTED_EDGE('',*,*,#1560,.T.);
#1562=CARTESIAN_POINT('',(-0.140748031496064,0.059055118110236,0.401574803149608));
#1563=VERTEX_POINT('',#1562);
#1564=CARTESIAN_POINT('',(-0.140748031496064,0.059055118110236,0.401574803149608));
#1565=DIRECTION('',(0.0,-1.0,0.0));
#1566=VECTOR('',#1565,0.118110236220472);
#1567=LINE('',#1564,#1566);
#1568=EDGE_CURVE('',#1563,#1555,#1567,.T.);
#1569=ORIENTED_EDGE('',*,*,#1568,.F.);
#1570=CARTESIAN_POINT('',(-0.140748031496064,0.059055118110236,0.401574803149608));
#1571=DIRECTION('',(0.0,0.0,-1.0));
#1572=VECTOR('',#1571,0.118110236220474);
#1573=LINE('',#1570,#1572);
#1574=EDGE_CURVE('',#1563,#1547,#1573,.T.);
#1575=ORIENTED_EDGE('',*,*,#1574,.T.);
#1576=EDGE_LOOP('',(#1553,#1561,#1569,#1575));
#1577=FACE_OUTER_BOUND('',#1576,.T.);
#1578=ADVANCED_FACE('',(#1577),#1543,.T.);
#1579=CARTESIAN_POINT('',(-0.176195952702356,0.147637795275591,0.180550077161415));
#1580=DIRECTION('',(0.0,-1.0,0.0));
#1581=DIRECTION('',(0.0,0.0,-1.0));
#1582=AXIS2_PLACEMENT_3D('',#1579,#1580,#1581);
#1583=PLANE('',#1582);
#1584=CARTESIAN_POINT('',(-0.006889763779529,0.147637795275591,0.159880785822833));
#1585=VERTEX_POINT('',#1584);
#1586=CARTESIAN_POINT('',(0.004218940538288,0.147637795275591,0.179565825192911));
#1587=VERTEX_POINT('',#1586);
#1588=CARTESIAN_POINT('',(-0.006889763779529,0.147637795275591,0.159880785822833));
#1589=DIRECTION('',(0.491466272264543,0.0,0.87089660880405));
#1590=VECTOR('',#1589,0.022603187532342);
#1591=LINE('',#1588,#1590);
#1592=EDGE_CURVE('',#1585,#1587,#1591,.T.);
#1593=ORIENTED_EDGE('',*,*,#1592,.F.);
#1594=CARTESIAN_POINT('',(-0.156496062992127,0.147637795275591,0.159880785822833));
#1595=VERTEX_POINT('',#1594);
#1596=CARTESIAN_POINT('',(-0.156496062992127,0.147637795275591,0.159880785822833));
#1597=DIRECTION('',(1.0,0.0,0.0));
#1598=VECTOR('',#1597,0.149606299212598);
#1599=LINE('',#1596,#1598);
#1600=EDGE_CURVE('',#1595,#1585,#1599,.T.);
#1601=ORIENTED_EDGE('',*,*,#1600,.F.);
#1602=CARTESIAN_POINT('',(-0.167604767309944,0.147637795275591,0.179565825192911));
#1603=VERTEX_POINT('',#1602);
#1604=CARTESIAN_POINT('',(-0.167604767309944,0.147637795275591,0.179565825192911));
#1605=DIRECTION('',(0.491466272264543,0.0,-0.87089660880405));
#1606=VECTOR('',#1605,0.022603187532342);
#1607=LINE('',#1604,#1606);
#1608=EDGE_CURVE('',#1603,#1595,#1607,.T.);
#1609=ORIENTED_EDGE('',*,*,#1608,.F.);
#1610=CARTESIAN_POINT('',(-0.167604767309944,0.147637795275591,0.179565825192911));
#1611=DIRECTION('',(1.0,0.0,0.0));
#1612=VECTOR('',#1611,0.171823707848232);
#1613=LINE('',#1610,#1612);
#1614=EDGE_CURVE('',#1603,#1587,#1613,.T.);
#1615=ORIENTED_EDGE('',*,*,#1614,.T.);
#1616=EDGE_LOOP('',(#1593,#1601,#1609,#1615));
#1617=FACE_OUTER_BOUND('',#1616,.T.);
#1618=ADVANCED_FACE('',(#1617),#1583,.F.);
#1619=CARTESIAN_POINT('',(-0.176195952702356,0.146653543307087,0.179565825192912));
#1620=DIRECTION('',(0.0,0.0,1.0));
#1621=DIRECTION('',(1.0,0.0,0.0));
#1622=AXIS2_PLACEMENT_3D('',#1619,#1620,#1621);
#1623=PLANE('',#1622);
#1624=CARTESIAN_POINT('',(0.004218940538288,0.167322834645669,0.179565825192912));
#1625=VERTEX_POINT('',#1624);
#1626=CARTESIAN_POINT('',(0.004218940538288,0.147637795275591,0.179565825192911));
#1627=DIRECTION('',(0.0,1.0,0.0));
#1628=VECTOR('',#1627,0.019685039370078);
#1629=LINE('',#1626,#1628);
#1630=EDGE_CURVE('',#1587,#1625,#1629,.T.);
#1631=ORIENTED_EDGE('',*,*,#1630,.F.);
#1632=ORIENTED_EDGE('',*,*,#1614,.F.);
#1633=CARTESIAN_POINT('',(-0.167604767309944,0.167322834645669,0.179565825192912));
#1634=VERTEX_POINT('',#1633);
#1635=CARTESIAN_POINT('',(-0.167604767309944,0.167322834645669,0.179565825192912));
#1636=DIRECTION('',(0.0,-1.0,0.0));
#1637=VECTOR('',#1636,0.019685039370078);
#1638=LINE('',#1635,#1637);
#1639=EDGE_CURVE('',#1634,#1603,#1638,.T.);
#1640=ORIENTED_EDGE('',*,*,#1639,.F.);
#1641=CARTESIAN_POINT('',(0.004218940538288,0.167322834645669,0.179565825192912));
#1642=DIRECTION('',(-1.0,0.0,0.0));
#1643=VECTOR('',#1642,0.171823707848232);
#1644=LINE('',#1641,#1643);
#1645=EDGE_CURVE('',#1625,#1634,#1644,.T.);
#1646=ORIENTED_EDGE('',*,*,#1645,.F.);
#1647=EDGE_LOOP('',(#1631,#1632,#1640,#1646));
#1648=FACE_OUTER_BOUND('',#1647,.T.);
#1649=ADVANCED_FACE('',(#1648),#1623,.F.);
#1650=CARTESIAN_POINT('',(-0.176195952702356,-0.14763779527559,0.158896533854329));
#1651=DIRECTION('',(0.0,1.0,0.0));
#1652=DIRECTION('',(0.0,0.0,1.0));
#1653=AXIS2_PLACEMENT_3D('',#1650,#1651,#1652);
#1654=PLANE('',#1653);
#1655=CARTESIAN_POINT('',(0.004218940538288,-0.14763779527559,0.179565825192911));
#1656=VERTEX_POINT('',#1655);
#1657=CARTESIAN_POINT('',(-0.006889763779529,-0.14763779527559,0.159880785822833));
#1658=VERTEX_POINT('',#1657);
#1659=CARTESIAN_POINT('',(0.004218940538288,-0.14763779527559,0.179565825192911));
#1660=DIRECTION('',(-0.491466272264542,0.0,-0.87089660880405));
#1661=VECTOR('',#1660,0.022603187532342);
#1662=LINE('',#1659,#1661);
#1663=EDGE_CURVE('',#1656,#1658,#1662,.T.);
#1664=ORIENTED_EDGE('',*,*,#1663,.F.);
#1665=CARTESIAN_POINT('',(-0.167604767309944,-0.14763779527559,0.179565825192911));
#1666=VERTEX_POINT('',#1665);
#1667=CARTESIAN_POINT('',(-0.167604767309944,-0.14763779527559,0.179565825192911));
#1668=DIRECTION('',(1.0,0.0,0.0));
#1669=VECTOR('',#1668,0.171823707848232);
#1670=LINE('',#1667,#1669);
#1671=EDGE_CURVE('',#1666,#1656,#1670,.T.);
#1672=ORIENTED_EDGE('',*,*,#1671,.F.);
#1673=CARTESIAN_POINT('',(-0.156496062992127,-0.14763779527559,0.159880785822833));
#1674=VERTEX_POINT('',#1673);
#1675=CARTESIAN_POINT('',(-0.156496062992127,-0.14763779527559,0.159880785822833));
#1676=DIRECTION('',(-0.491466272264544,0.0,0.870896608804049));
#1677=VECTOR('',#1676,0.022603187532342);
#1678=LINE('',#1675,#1677);
#1679=EDGE_CURVE('',#1674,#1666,#1678,.T.);
#1680=ORIENTED_EDGE('',*,*,#1679,.F.);
#1681=CARTESIAN_POINT('',(-0.006889763779529,-0.14763779527559,0.159880785822833));
#1682=DIRECTION('',(-1.0,0.0,0.0));
#1683=VECTOR('',#1682,0.149606299212598);
#1684=LINE('',#1681,#1683);
#1685=EDGE_CURVE('',#1658,#1674,#1684,.T.);
#1686=ORIENTED_EDGE('',*,*,#1685,.F.);
#1687=EDGE_LOOP('',(#1664,#1672,#1680,#1686));
#1688=FACE_OUTER_BOUND('',#1687,.T.);
#1689=ADVANCED_FACE('',(#1688),#1654,.F.);
#1690=CARTESIAN_POINT('',(-0.176195952702356,-0.168307086614173,0.179565825192911));
#1691=DIRECTION('',(0.0,0.0,1.0));
#1692=DIRECTION('',(1.0,0.0,0.0));
#1693=AXIS2_PLACEMENT_3D('',#1690,#1691,#1692);
#1694=PLANE('',#1693);
#1695=CARTESIAN_POINT('',(0.004218940538288,-0.167322834645669,0.179565825192911));
#1696=VERTEX_POINT('',#1695);
#1697=CARTESIAN_POINT('',(0.004218940538288,-0.167322834645669,0.179565825192911));
#1698=DIRECTION('',(0.0,1.0,0.0));
#1699=VECTOR('',#1698,0.019685039370079);
#1700=LINE('',#1697,#1699);
#1701=EDGE_CURVE('',#1696,#1656,#1700,.T.);
#1702=ORIENTED_EDGE('',*,*,#1701,.F.);
#1703=CARTESIAN_POINT('',(-0.167604767309944,-0.167322834645669,0.179565825192911));
#1704=VERTEX_POINT('',#1703);
#1705=CARTESIAN_POINT('',(-0.167604767309944,-0.167322834645669,0.179565825192911));
#1706=DIRECTION('',(1.0,0.0,0.0));
#1707=VECTOR('',#1706,0.171823707848232);
#1708=LINE('',#1705,#1707);
#1709=EDGE_CURVE('',#1704,#1696,#1708,.T.);
#1710=ORIENTED_EDGE('',*,*,#1709,.F.);
#1711=CARTESIAN_POINT('',(-0.167604767309944,-0.14763779527559,0.179565825192911));
#1712=DIRECTION('',(0.0,-1.0,0.0));
#1713=VECTOR('',#1712,0.019685039370079);
#1714=LINE('',#1711,#1713);
#1715=EDGE_CURVE('',#1666,#1704,#1714,.T.);
#1716=ORIENTED_EDGE('',*,*,#1715,.F.);
#1717=ORIENTED_EDGE('',*,*,#1671,.T.);
#1718=EDGE_LOOP('',(#1702,#1710,#1716,#1717));
#1719=FACE_OUTER_BOUND('',#1718,.T.);
#1720=ADVANCED_FACE('',(#1719),#1694,.F.);
#1721=CARTESIAN_POINT('',(-0.176195952702356,0.041338582677166,0.158896533854329));
#1722=DIRECTION('',(0.0,1.0,0.0));
#1723=DIRECTION('',(0.0,0.0,1.0));
#1724=AXIS2_PLACEMENT_3D('',#1721,#1722,#1723);
#1725=PLANE('',#1724);
#1726=CARTESIAN_POINT('',(0.004218940538288,0.041338582677166,0.179565825192911));
#1727=VERTEX_POINT('',#1726);
#1728=CARTESIAN_POINT('',(-0.006889763779529,0.041338582677166,0.159880785822833));
#1729=VERTEX_POINT('',#1728);
#1730=CARTESIAN_POINT('',(0.004218940538288,0.041338582677166,0.179565825192911));
#1731=DIRECTION('',(-0.491466272264542,0.0,-0.87089660880405));
#1732=VECTOR('',#1731,0.022603187532342);
#1733=LINE('',#1730,#1732);
#1734=EDGE_CURVE('',#1727,#1729,#1733,.T.);
#1735=ORIENTED_EDGE('',*,*,#1734,.F.);
#1736=CARTESIAN_POINT('',(-0.167604767309944,0.041338582677166,0.179565825192911));
#1737=VERTEX_POINT('',#1736);
#1738=CARTESIAN_POINT('',(-0.167604767309944,0.041338582677166,0.179565825192911));
#1739=DIRECTION('',(1.0,0.0,0.0));
#1740=VECTOR('',#1739,0.171823707848232);
#1741=LINE('',#1738,#1740);
#1742=EDGE_CURVE('',#1737,#1727,#1741,.T.);
#1743=ORIENTED_EDGE('',*,*,#1742,.F.);
#1744=CARTESIAN_POINT('',(-0.156496062992127,0.041338582677166,0.159880785822833));
#1745=VERTEX_POINT('',#1744);
#1746=CARTESIAN_POINT('',(-0.156496062992127,0.041338582677166,0.159880785822833));
#1747=DIRECTION('',(-0.491466272264544,0.0,0.870896608804049));
#1748=VECTOR('',#1747,0.022603187532342);
#1749=LINE('',#1746,#1748);
#1750=EDGE_CURVE('',#1745,#1737,#1749,.T.);
#1751=ORIENTED_EDGE('',*,*,#1750,.F.);
#1752=CARTESIAN_POINT('',(-0.006889763779529,0.041338582677166,0.159880785822833));
#1753=DIRECTION('',(-1.0,0.0,0.0));
#1754=VECTOR('',#1753,0.149606299212598);
#1755=LINE('',#1752,#1754);
#1756=EDGE_CURVE('',#1729,#1745,#1755,.T.);
#1757=ORIENTED_EDGE('',*,*,#1756,.F.);
#1758=EDGE_LOOP('',(#1735,#1743,#1751,#1757));
#1759=FACE_OUTER_BOUND('',#1758,.T.);
#1760=ADVANCED_FACE('',(#1759),#1725,.F.);
#1761=CARTESIAN_POINT('',(-0.176195952702356,0.020669291338583,0.179565825192911));
#1762=DIRECTION('',(0.0,0.0,1.0));
#1763=DIRECTION('',(1.0,0.0,0.0));
#1764=AXIS2_PLACEMENT_3D('',#1761,#1762,#1763);
#1765=PLANE('',#1764);
#1766=CARTESIAN_POINT('',(0.004218940538288,0.021653543307087,0.179565825192911));
#1767=VERTEX_POINT('',#1766);
#1768=CARTESIAN_POINT('',(0.004218940538288,0.021653543307087,0.179565825192911));
#1769=DIRECTION('',(0.0,1.0,0.0));
#1770=VECTOR('',#1769,0.019685039370079);
#1771=LINE('',#1768,#1770);
#1772=EDGE_CURVE('',#1767,#1727,#1771,.T.);
#1773=ORIENTED_EDGE('',*,*,#1772,.F.);
#1774=CARTESIAN_POINT('',(-0.167604767309944,0.021653543307087,0.179565825192911));
#1775=VERTEX_POINT('',#1774);
#1776=CARTESIAN_POINT('',(-0.167604767309944,0.021653543307087,0.179565825192911));
#1777=DIRECTION('',(1.0,0.0,0.0));
#1778=VECTOR('',#1777,0.171823707848232);
#1779=LINE('',#1776,#1778);
#1780=EDGE_CURVE('',#1775,#1767,#1779,.T.);
#1781=ORIENTED_EDGE('',*,*,#1780,.F.);
#1782=CARTESIAN_POINT('',(-0.167604767309944,0.041338582677166,0.179565825192911));
#1783=DIRECTION('',(0.0,-1.0,0.0));
#1784=VECTOR('',#1783,0.019685039370079);
#1785=LINE('',#1782,#1784);
#1786=EDGE_CURVE('',#1737,#1775,#1785,.T.);
#1787=ORIENTED_EDGE('',*,*,#1786,.F.);
#1788=ORIENTED_EDGE('',*,*,#1742,.T.);
#1789=EDGE_LOOP('',(#1773,#1781,#1787,#1788));
#1790=FACE_OUTER_BOUND('',#1789,.T.);
#1791=ADVANCED_FACE('',(#1790),#1765,.F.);
#1792=CARTESIAN_POINT('',(-0.176195952702356,-0.042322834645669,0.179565825192912));
#1793=DIRECTION('',(0.0,0.0,1.0));
#1794=DIRECTION('',(1.0,0.0,0.0));
#1795=AXIS2_PLACEMENT_3D('',#1792,#1793,#1794);
#1796=PLANE('',#1795);
#1797=CARTESIAN_POINT('',(0.004218940538288,-0.041338582677165,0.179565825192911));
#1798=VERTEX_POINT('',#1797);
#1799=CARTESIAN_POINT('',(0.004218940538288,-0.021653543307086,0.179565825192912));
#1800=VERTEX_POINT('',#1799);
#1801=CARTESIAN_POINT('',(0.004218940538288,-0.041338582677165,0.179565825192911));
#1802=DIRECTION('',(0.0,1.0,0.0));
#1803=VECTOR('',#1802,0.019685039370079);
#1804=LINE('',#1801,#1803);
#1805=EDGE_CURVE('',#1798,#1800,#1804,.T.);
#1806=ORIENTED_EDGE('',*,*,#1805,.F.);
#1807=CARTESIAN_POINT('',(-0.167604767309944,-0.041338582677165,0.179565825192911));
#1808=VERTEX_POINT('',#1807);
#1809=CARTESIAN_POINT('',(-0.167604767309944,-0.041338582677165,0.179565825192911));
#1810=DIRECTION('',(1.0,0.0,0.0));
#1811=VECTOR('',#1810,0.171823707848232);
#1812=LINE('',#1809,#1811);
#1813=EDGE_CURVE('',#1808,#1798,#1812,.T.);
#1814=ORIENTED_EDGE('',*,*,#1813,.F.);
#1815=CARTESIAN_POINT('',(-0.167604767309944,-0.021653543307086,0.179565825192912));
#1816=VERTEX_POINT('',#1815);
#1817=CARTESIAN_POINT('',(-0.167604767309944,-0.021653543307086,0.179565825192912));
#1818=DIRECTION('',(0.0,-1.0,0.0));
#1819=VECTOR('',#1818,0.019685039370079);
#1820=LINE('',#1817,#1819);
#1821=EDGE_CURVE('',#1816,#1808,#1820,.T.);
#1822=ORIENTED_EDGE('',*,*,#1821,.F.);
#1823=CARTESIAN_POINT('',(0.004218940538288,-0.021653543307086,0.179565825192912));
#1824=DIRECTION('',(-1.0,0.0,0.0));
#1825=VECTOR('',#1824,0.171823707848232);
#1826=LINE('',#1823,#1825);
#1827=EDGE_CURVE('',#1800,#1816,#1826,.T.);
#1828=ORIENTED_EDGE('',*,*,#1827,.F.);
#1829=EDGE_LOOP('',(#1806,#1814,#1822,#1828));
#1830=FACE_OUTER_BOUND('',#1829,.T.);
#1831=ADVANCED_FACE('',(#1830),#1796,.F.);
#1832=CARTESIAN_POINT('',(-0.176195952702356,-0.041338582677165,0.180550077161415));
#1833=DIRECTION('',(0.0,-1.0,0.0));
#1834=DIRECTION('',(0.0,0.0,-1.0));
#1835=AXIS2_PLACEMENT_3D('',#1832,#1833,#1834);
#1836=PLANE('',#1835);
#1837=CARTESIAN_POINT('',(-0.006889763779529,-0.041338582677165,0.159880785822833));
#1838=VERTEX_POINT('',#1837);
#1839=CARTESIAN_POINT('',(-0.006889763779529,-0.041338582677165,0.159880785822833));
#1840=DIRECTION('',(0.491466272264543,0.0,0.87089660880405));
#1841=VECTOR('',#1840,0.022603187532342);
#1842=LINE('',#1839,#1841);
#1843=EDGE_CURVE('',#1838,#1798,#1842,.T.);
#1844=ORIENTED_EDGE('',*,*,#1843,.F.);
#1845=CARTESIAN_POINT('',(-0.156496062992127,-0.041338582677165,0.159880785822833));
#1846=VERTEX_POINT('',#1845);
#1847=CARTESIAN_POINT('',(-0.156496062992127,-0.041338582677165,0.159880785822833));
#1848=DIRECTION('',(1.0,0.0,0.0));
#1849=VECTOR('',#1848,0.149606299212598);
#1850=LINE('',#1847,#1849);
#1851=EDGE_CURVE('',#1846,#1838,#1850,.T.);
#1852=ORIENTED_EDGE('',*,*,#1851,.F.);
#1853=CARTESIAN_POINT('',(-0.167604767309944,-0.041338582677165,0.179565825192911));
#1854=DIRECTION('',(0.491466272264543,0.0,-0.87089660880405));
#1855=VECTOR('',#1854,0.022603187532342);
#1856=LINE('',#1853,#1855);
#1857=EDGE_CURVE('',#1808,#1846,#1856,.T.);
#1858=ORIENTED_EDGE('',*,*,#1857,.F.);
#1859=ORIENTED_EDGE('',*,*,#1813,.T.);
#1860=EDGE_LOOP('',(#1844,#1852,#1858,#1859));
#1861=FACE_OUTER_BOUND('',#1860,.T.);
#1862=ADVANCED_FACE('',(#1861),#1836,.F.);
#1863=CARTESIAN_POINT('',(-0.196456692913387,0.167322834645669,0.177933880232085));
#1864=DIRECTION('',(0.0,1.0,0.0));
#1865=DIRECTION('',(0.0,0.0,1.0));
#1866=AXIS2_PLACEMENT_3D('',#1863,#1864,#1865);
#1867=PLANE('',#1866);
#1868=ORIENTED_EDGE('',*,*,#1645,.T.);
#1869=CARTESIAN_POINT('',(-0.186023622047245,0.167322834645669,0.21220472440945));
#1870=DIRECTION('',(0.491466272264543,0.0,-0.87089660880405));
#1871=VECTOR('',#1870,0.037477352519903);
#1872=LINE('',#1869,#1871);
#1873=EDGE_CURVE('',#1484,#1634,#1872,.T.);
#1874=ORIENTED_EDGE('',*,*,#1873,.F.);
#1875=ORIENTED_EDGE('',*,*,#1489,.F.);
#1876=CARTESIAN_POINT('',(0.004218940538288,0.167322834645669,0.179565825192912));
#1877=DIRECTION('',(0.491466272264543,0.0,0.87089660880405));
#1878=VECTOR('',#1877,0.037477352519904);
#1879=LINE('',#1876,#1878);
#1880=EDGE_CURVE('',#1625,#1476,#1879,.T.);
#1881=ORIENTED_EDGE('',*,*,#1880,.F.);
#1882=EDGE_LOOP('',(#1868,#1874,#1875,#1881));
#1883=FACE_OUTER_BOUND('',#1882,.T.);
#1884=ADVANCED_FACE('',(#1883),#1867,.T.);
#1885=CARTESIAN_POINT('',(0.024114173228345,0.014370078740158,0.214820921338781));
#1886=DIRECTION('',(0.87089660880405,0.0,-0.491466272264543));
#1887=DIRECTION('',(-0.491466272264543,0.0,-0.87089660880405));
#1888=AXIS2_PLACEMENT_3D('',#1885,#1886,#1887);
#1889=PLANE('',#1888);
#1890=ORIENTED_EDGE('',*,*,#1592,.T.);
#1891=ORIENTED_EDGE('',*,*,#1630,.T.);
#1892=ORIENTED_EDGE('',*,*,#1880,.T.);
#1893=ORIENTED_EDGE('',*,*,#1481,.F.);
#1894=CARTESIAN_POINT('',(0.022637795275589,0.021653543307087,0.21220472440945));
#1895=DIRECTION('',(-0.491466272264543,0.0,-0.87089660880405));
#1896=VECTOR('',#1895,0.037477352519904);
#1897=LINE('',#1894,#1896);
#1898=EDGE_CURVE('',#1474,#1767,#1897,.T.);
#1899=ORIENTED_EDGE('',*,*,#1898,.T.);
#1900=ORIENTED_EDGE('',*,*,#1772,.T.);
#1901=ORIENTED_EDGE('',*,*,#1734,.T.);
#1902=CARTESIAN_POINT('',(-0.006889763779529,0.147637795275591,0.159880785822833));
#1903=DIRECTION('',(0.0,-1.0,0.0));
#1904=VECTOR('',#1903,0.106299212598425);
#1905=LINE('',#1902,#1904);
#1906=EDGE_CURVE('',#1585,#1729,#1905,.T.);
#1907=ORIENTED_EDGE('',*,*,#1906,.F.);
#1908=EDGE_LOOP('',(#1890,#1891,#1892,#1893,#1899,#1900,#1901,#1907));
#1909=FACE_OUTER_BOUND('',#1908,.T.);
#1910=ADVANCED_FACE('',(#1909),#1889,.T.);
#1911=CARTESIAN_POINT('',(-0.155019685039371,-0.174606299212598,0.157264588893502));
#1912=DIRECTION('',(-0.87089660880405,0.0,-0.491466272264543));
#1913=DIRECTION('',(-0.491466272264543,0.0,0.87089660880405));
#1914=AXIS2_PLACEMENT_3D('',#1911,#1912,#1913);
#1915=PLANE('',#1914);
#1916=ORIENTED_EDGE('',*,*,#1679,.T.);
#1917=ORIENTED_EDGE('',*,*,#1715,.T.);
#1918=CARTESIAN_POINT('',(-0.167604767309944,-0.167322834645669,0.179565825192911));
#1919=DIRECTION('',(-0.491466272264543,0.0,0.87089660880405));
#1920=VECTOR('',#1919,0.037477352519904);
#1921=LINE('',#1918,#1920);
#1922=EDGE_CURVE('',#1704,#1450,#1921,.T.);
#1923=ORIENTED_EDGE('',*,*,#1922,.T.);
#1924=ORIENTED_EDGE('',*,*,#1455,.F.);
#1925=CARTESIAN_POINT('',(-0.186023622047245,-0.021653543307086,0.21220472440945));
#1926=DIRECTION('',(0.491466272264543,0.0,-0.87089660880405));
#1927=VECTOR('',#1926,0.037477352519903);
#1928=LINE('',#1925,#1927);
#1929=EDGE_CURVE('',#1440,#1816,#1928,.T.);
#1930=ORIENTED_EDGE('',*,*,#1929,.T.);
#1931=ORIENTED_EDGE('',*,*,#1821,.T.);
#1932=ORIENTED_EDGE('',*,*,#1857,.T.);
#1933=CARTESIAN_POINT('',(-0.156496062992127,-0.041338582677165,0.159880785822833));
#1934=DIRECTION('',(0.0,-1.0,0.0));
#1935=VECTOR('',#1934,0.106299212598425);
#1936=LINE('',#1933,#1935);
#1937=EDGE_CURVE('',#1846,#1674,#1936,.T.);
#1938=ORIENTED_EDGE('',*,*,#1937,.T.);
#1939=EDGE_LOOP('',(#1916,#1917,#1923,#1924,#1930,#1931,#1932,#1938));
#1940=FACE_OUTER_BOUND('',#1939,.T.);
#1941=ADVANCED_FACE('',(#1940),#1915,.T.);
#1942=CARTESIAN_POINT('',(0.000590551181101,-0.152952755905511,0.159880785822833));
#1943=DIRECTION('',(0.0,0.0,-1.0));
#1944=DIRECTION('',(-1.0,0.0,0.0));
#1945=AXIS2_PLACEMENT_3D('',#1942,#1943,#1944);
#1946=PLANE('',#1945);
#1947=ORIENTED_EDGE('',*,*,#1685,.T.);
#1948=ORIENTED_EDGE('',*,*,#1937,.F.);
#1949=ORIENTED_EDGE('',*,*,#1851,.T.);
#1950=CARTESIAN_POINT('',(-0.006889763779529,-0.041338582677165,0.159880785822833));
#1951=DIRECTION('',(0.0,-1.0,0.0));
#1952=VECTOR('',#1951,0.106299212598425);
#1953=LINE('',#1950,#1952);
#1954=EDGE_CURVE('',#1838,#1658,#1953,.T.);
#1955=ORIENTED_EDGE('',*,*,#1954,.T.);
#1956=EDGE_LOOP('',(#1947,#1948,#1949,#1955));
#1957=FACE_OUTER_BOUND('',#1956,.T.);
#1958=ADVANCED_FACE('',(#1957),#1946,.T.);
#1959=CARTESIAN_POINT('',(-0.196456692913387,0.021653543307087,0.177933880232084));
#1960=DIRECTION('',(0.0,1.0,0.0));
#1961=DIRECTION('',(0.0,0.0,1.0));
#1962=AXIS2_PLACEMENT_3D('',#1959,#1960,#1961);
#1963=PLANE('',#1962);
#1964=ORIENTED_EDGE('',*,*,#1780,.T.);
#1965=ORIENTED_EDGE('',*,*,#1898,.F.);
#1966=ORIENTED_EDGE('',*,*,#1503,.T.);
#1967=CARTESIAN_POINT('',(-0.167604767309944,0.021653543307087,0.179565825192911));
#1968=DIRECTION('',(-0.491466272264543,0.0,0.87089660880405));
#1969=VECTOR('',#1968,0.037477352519904);
#1970=LINE('',#1967,#1969);
#1971=EDGE_CURVE('',#1775,#1492,#1970,.T.);
#1972=ORIENTED_EDGE('',*,*,#1971,.F.);
#1973=EDGE_LOOP('',(#1964,#1965,#1966,#1972));
#1974=FACE_OUTER_BOUND('',#1973,.T.);
#1975=ADVANCED_FACE('',(#1974),#1963,.F.);
#1976=CARTESIAN_POINT('',(-0.196456692913387,-0.021653543307086,0.177933880232085));
#1977=DIRECTION('',(0.0,1.0,0.0));
#1978=DIRECTION('',(0.0,0.0,1.0));
#1979=AXIS2_PLACEMENT_3D('',#1976,#1977,#1978);
#1980=PLANE('',#1979);
#1981=ORIENTED_EDGE('',*,*,#1827,.T.);
#1982=ORIENTED_EDGE('',*,*,#1929,.F.);
#1983=ORIENTED_EDGE('',*,*,#1447,.T.);
#1984=CARTESIAN_POINT('',(0.004218940538288,-0.021653543307086,0.179565825192912));
#1985=DIRECTION('',(0.491466272264543,0.0,0.87089660880405));
#1986=VECTOR('',#1985,0.037477352519904);
#1987=LINE('',#1984,#1986);
#1988=EDGE_CURVE('',#1800,#1442,#1987,.T.);
#1989=ORIENTED_EDGE('',*,*,#1988,.F.);
#1990=EDGE_LOOP('',(#1981,#1982,#1983,#1989));
#1991=FACE_OUTER_BOUND('',#1990,.T.);
#1992=ADVANCED_FACE('',(#1991),#1980,.T.);
#1993=CARTESIAN_POINT('',(0.000590551181101,0.036023622047245,0.159880785822833));
#1994=DIRECTION('',(0.0,0.0,-1.0));
#1995=DIRECTION('',(-1.0,0.0,0.0));
#1996=AXIS2_PLACEMENT_3D('',#1993,#1994,#1995);
#1997=PLANE('',#1996);
#1998=ORIENTED_EDGE('',*,*,#1600,.T.);
#1999=ORIENTED_EDGE('',*,*,#1906,.T.);
#2000=ORIENTED_EDGE('',*,*,#1756,.T.);
#2001=CARTESIAN_POINT('',(-0.156496062992127,0.147637795275591,0.159880785822833));
#2002=DIRECTION('',(0.0,-1.0,0.0));
#2003=VECTOR('',#2002,0.106299212598425);
#2004=LINE('',#2001,#2003);
#2005=EDGE_CURVE('',#1595,#1745,#2004,.T.);
#2006=ORIENTED_EDGE('',*,*,#2005,.F.);
#2007=EDGE_LOOP('',(#1998,#1999,#2000,#2006));
#2008=FACE_OUTER_BOUND('',#2007,.T.);
#2009=ADVANCED_FACE('',(#2008),#1997,.T.);
#2010=CARTESIAN_POINT('',(-0.155019685039371,0.014370078740158,0.157264588893502));
#2011=DIRECTION('',(-0.87089660880405,0.0,-0.491466272264543));
#2012=DIRECTION('',(-0.491466272264543,0.0,0.87089660880405));
#2013=AXIS2_PLACEMENT_3D('',#2010,#2011,#2012);
#2014=PLANE('',#2013);
#2015=ORIENTED_EDGE('',*,*,#1608,.T.);
#2016=ORIENTED_EDGE('',*,*,#2005,.T.);
#2017=ORIENTED_EDGE('',*,*,#1750,.T.);
#2018=ORIENTED_EDGE('',*,*,#1786,.T.);
#2019=ORIENTED_EDGE('',*,*,#1971,.T.);
#2020=ORIENTED_EDGE('',*,*,#1497,.F.);
#2021=ORIENTED_EDGE('',*,*,#1873,.T.);
#2022=ORIENTED_EDGE('',*,*,#1639,.T.);
#2023=EDGE_LOOP('',(#2015,#2016,#2017,#2018,#2019,#2020,#2021,#2022));
#2024=FACE_OUTER_BOUND('',#2023,.T.);
#2025=ADVANCED_FACE('',(#2024),#2014,.T.);
#2026=CARTESIAN_POINT('',(-0.039370078740159,0.19488188976378,0.209842519685041));
#2027=DIRECTION('',(0.0,0.0,1.0));
#2028=DIRECTION('',(0.707106781186547,-0.707106781186548,0.0));
#2029=AXIS2_PLACEMENT_3D('',#2026,#2027,#2028);
#2030=CYLINDRICAL_SURFACE('',#2029,0.019685039370079);
#2031=CARTESIAN_POINT('',(-0.059055118110237,0.19488188976378,0.259448818897639));
#2032=VERTEX_POINT('',#2031);
#2033=CARTESIAN_POINT('',(-0.039370078740159,0.214566929133858,0.259448818897639));
#2034=VERTEX_POINT('',#2033);
#2035=CARTESIAN_POINT('',(-0.039370078740159,0.19488188976378,0.259448818897639));
#2036=DIRECTION('',(0.0,0.0,-1.0));
#2037=DIRECTION('',(-0.707106781186548,0.707106781186547,0.0));
#2038=AXIS2_PLACEMENT_3D('',#2035,#2036,#2037);
#2039=CIRCLE('',#2038,0.019685039370079);
#2040=EDGE_CURVE('',#2032,#2034,#2039,.T.);
#2041=ORIENTED_EDGE('',*,*,#2040,.T.);
#2042=CARTESIAN_POINT('',(-0.039370078740159,0.214566929133858,0.259448818897639));
#2043=DIRECTION('',(0.0,0.0,-1.0));
#2044=VECTOR('',#2043,0.047244094488189);
#2045=LINE('',#2042,#2044);
#2046=EDGE_CURVE('',#2034,#1414,#2045,.T.);
#2047=ORIENTED_EDGE('',*,*,#2046,.T.);
#2048=ORIENTED_EDGE('',*,*,#1420,.T.);
#2049=CARTESIAN_POINT('',(-0.059055118110237,0.19488188976378,0.259448818897639));
#2050=DIRECTION('',(0.0,0.0,-1.0));
#2051=VECTOR('',#2050,0.047244094488189);
#2052=LINE('',#2049,#2051);
#2053=EDGE_CURVE('',#2032,#1406,#2052,.T.);
#2054=ORIENTED_EDGE('',*,*,#2053,.F.);
#2055=EDGE_LOOP('',(#2041,#2047,#2048,#2054));
#2056=FACE_OUTER_BOUND('',#2055,.T.);
#2057=ADVANCED_FACE('',(#2056),#2030,.T.);
#2058=CARTESIAN_POINT('',(-0.124015748031497,0.19488188976378,0.261811023622048));
#2059=DIRECTION('',(0.0,0.0,-1.0));
#2060=DIRECTION('',(-0.707106781186548,-0.707106781186547,0.0));
#2061=AXIS2_PLACEMENT_3D('',#2058,#2059,#2060);
#2062=CYLINDRICAL_SURFACE('',#2061,0.019685039370079);
#2063=ORIENTED_EDGE('',*,*,#1403,.T.);
#2064=CARTESIAN_POINT('',(-0.124015748031497,0.214566929133858,0.259448818897639));
#2065=VERTEX_POINT('',#2064);
#2066=CARTESIAN_POINT('',(-0.124015748031497,0.214566929133858,0.21220472440945));
#2067=DIRECTION('',(0.0,0.0,1.0));
#2068=VECTOR('',#2067,0.047244094488189);
#2069=LINE('',#2066,#2068);
#2070=EDGE_CURVE('',#1389,#2065,#2069,.T.);
#2071=ORIENTED_EDGE('',*,*,#2070,.T.);
#2072=CARTESIAN_POINT('',(-0.104330708661419,0.19488188976378,0.259448818897639));
#2073=VERTEX_POINT('',#2072);
#2074=CARTESIAN_POINT('',(-0.124015748031497,0.19488188976378,0.259448818897639));
#2075=DIRECTION('',(0.0,0.0,-1.0));
#2076=DIRECTION('',(0.707106781186547,0.707106781186548,0.0));
#2077=AXIS2_PLACEMENT_3D('',#2074,#2075,#2076);
#2078=CIRCLE('',#2077,0.019685039370079);
#2079=EDGE_CURVE('',#2065,#2073,#2078,.T.);
#2080=ORIENTED_EDGE('',*,*,#2079,.T.);
#2081=CARTESIAN_POINT('',(-0.104330708661419,0.19488188976378,0.259448818897639));
#2082=DIRECTION('',(0.0,0.0,-1.0));
#2083=VECTOR('',#2082,0.047244094488189);
#2084=LINE('',#2081,#2083);
#2085=EDGE_CURVE('',#2073,#1397,#2084,.T.);
#2086=ORIENTED_EDGE('',*,*,#2085,.T.);
#2087=EDGE_LOOP('',(#2063,#2071,#2080,#2086));
#2088=FACE_OUTER_BOUND('',#2087,.T.);
#2089=ADVANCED_FACE('',(#2088),#2062,.T.);
#2090=CARTESIAN_POINT('',(-0.25009842519685,0.214566929133858,0.209842519685041));
#2091=DIRECTION('',(0.0,1.0,0.0));
#2092=DIRECTION('',(0.0,0.0,1.0));
#2093=AXIS2_PLACEMENT_3D('',#2090,#2091,#2092);
#2094=PLANE('',#2093);
#2095=CARTESIAN_POINT('',(-0.244094488188976,0.214566929133858,0.259448818897639));
#2096=VERTEX_POINT('',#2095);
#2097=CARTESIAN_POINT('',(-0.244094488188976,0.214566929133859,0.259448818897639));
#2098=DIRECTION('',(0.0,0.0,-1.0));
#2099=VECTOR('',#2098,0.047244094488189);
#2100=LINE('',#2097,#2099);
#2101=EDGE_CURVE('',#2096,#1381,#2100,.T.);
#2102=ORIENTED_EDGE('',*,*,#2101,.F.);
#2103=CARTESIAN_POINT('',(-0.244094488188976,0.214566929133858,0.259448818897639));
#2104=DIRECTION('',(1.0,0.0,0.0));
#2105=VECTOR('',#2104,0.120078740157479);
#2106=LINE('',#2103,#2105);
#2107=EDGE_CURVE('',#2096,#2065,#2106,.T.);
#2108=ORIENTED_EDGE('',*,*,#2107,.T.);
#2109=ORIENTED_EDGE('',*,*,#2070,.F.);
#2110=ORIENTED_EDGE('',*,*,#1394,.F.);
#2111=EDGE_LOOP('',(#2102,#2108,#2109,#2110));
#2112=FACE_OUTER_BOUND('',#2111,.T.);
#2113=ADVANCED_FACE('',(#2112),#2094,.T.);
#2114=CARTESIAN_POINT('',(-0.106594488188978,0.19488188976378,0.261811023622048));
#2115=DIRECTION('',(0.0,-1.0,0.0));
#2116=DIRECTION('',(0.0,0.0,-1.0));
#2117=AXIS2_PLACEMENT_3D('',#2114,#2115,#2116);
#2118=PLANE('',#2117);
#2119=ORIENTED_EDGE('',*,*,#1411,.F.);
#2120=ORIENTED_EDGE('',*,*,#2085,.F.);
#2121=CARTESIAN_POINT('',(-0.059055118110237,0.19488188976378,0.259448818897639));
#2122=DIRECTION('',(-1.0,0.0,0.0));
#2123=VECTOR('',#2122,0.045275590551181);
#2124=LINE('',#2121,#2123);
#2125=EDGE_CURVE('',#2032,#2073,#2124,.T.);
#2126=ORIENTED_EDGE('',*,*,#2125,.F.);
#2127=ORIENTED_EDGE('',*,*,#2053,.T.);
#2128=EDGE_LOOP('',(#2119,#2120,#2126,#2127));
#2129=FACE_OUTER_BOUND('',#2128,.T.);
#2130=ADVANCED_FACE('',(#2129),#2118,.F.);
#2131=CARTESIAN_POINT('',(-0.045620078740159,0.214566929133858,0.209842519685041));
#2132=DIRECTION('',(0.0,1.0,0.0));
#2133=DIRECTION('',(0.0,0.0,1.0));
#2134=AXIS2_PLACEMENT_3D('',#2131,#2132,#2133);
#2135=PLANE('',#2134);
#2136=ORIENTED_EDGE('',*,*,#2046,.F.);
#2137=CARTESIAN_POINT('',(0.085629921259841,0.214566929133858,0.259448818897639));
#2138=VERTEX_POINT('',#2137);
#2139=CARTESIAN_POINT('',(-0.039370078740159,0.214566929133858,0.259448818897639));
#2140=DIRECTION('',(1.0,0.0,0.0));
#2141=VECTOR('',#2140,0.125);
#2142=LINE('',#2139,#2141);
#2143=EDGE_CURVE('',#2034,#2138,#2142,.T.);
#2144=ORIENTED_EDGE('',*,*,#2143,.T.);
#2145=CARTESIAN_POINT('',(0.085629921259841,0.214566929133858,0.21220472440945));
#2146=DIRECTION('',(0.0,0.0,1.0));
#2147=VECTOR('',#2146,0.047244094488189);
#2148=LINE('',#2145,#2147);
#2149=EDGE_CURVE('',#1423,#2138,#2148,.T.);
#2150=ORIENTED_EDGE('',*,*,#2149,.F.);
#2151=ORIENTED_EDGE('',*,*,#1428,.F.);
#2152=EDGE_LOOP('',(#2136,#2144,#2150,#2151));
#2153=FACE_OUTER_BOUND('',#2152,.T.);
#2154=ADVANCED_FACE('',(#2153),#2135,.T.);
#2155=CARTESIAN_POINT('',(-0.196456692913387,-0.167322834645669,0.177933880232084));
#2156=DIRECTION('',(0.0,1.0,0.0));
#2157=DIRECTION('',(0.0,0.0,1.0));
#2158=AXIS2_PLACEMENT_3D('',#2155,#2156,#2157);
#2159=PLANE('',#2158);
#2160=ORIENTED_EDGE('',*,*,#1709,.T.);
#2161=CARTESIAN_POINT('',(0.022637795275589,-0.167322834645669,0.21220472440945));
#2162=DIRECTION('',(-0.491466272264543,0.0,-0.87089660880405));
#2163=VECTOR('',#2162,0.037477352519904);
#2164=LINE('',#2161,#2163);
#2165=EDGE_CURVE('',#1458,#1696,#2164,.T.);
#2166=ORIENTED_EDGE('',*,*,#2165,.F.);
#2167=ORIENTED_EDGE('',*,*,#1463,.F.);
#2168=ORIENTED_EDGE('',*,*,#1922,.F.);
#2169=EDGE_LOOP('',(#2160,#2166,#2167,#2168));
#2170=FACE_OUTER_BOUND('',#2169,.T.);
#2171=ADVANCED_FACE('',(#2170),#2159,.F.);
#2172=CARTESIAN_POINT('',(0.024114173228345,-0.174606299212598,0.214820921338781));
#2173=DIRECTION('',(0.87089660880405,0.0,-0.491466272264543));
#2174=DIRECTION('',(-0.491466272264543,0.0,-0.87089660880405));
#2175=AXIS2_PLACEMENT_3D('',#2172,#2173,#2174);
#2176=PLANE('',#2175);
#2177=ORIENTED_EDGE('',*,*,#1663,.T.);
#2178=ORIENTED_EDGE('',*,*,#1954,.F.);
#2179=ORIENTED_EDGE('',*,*,#1843,.T.);
#2180=ORIENTED_EDGE('',*,*,#1805,.T.);
#2181=ORIENTED_EDGE('',*,*,#1988,.T.);
#2182=ORIENTED_EDGE('',*,*,#1469,.F.);
#2183=ORIENTED_EDGE('',*,*,#2165,.T.);
#2184=ORIENTED_EDGE('',*,*,#1701,.T.);
#2185=EDGE_LOOP('',(#2177,#2178,#2179,#2180,#2181,#2182,#2183,#2184));
#2186=FACE_OUTER_BOUND('',#2185,.T.);
#2187=ADVANCED_FACE('',(#2186),#2176,.T.);
#2188=CARTESIAN_POINT('',(-0.146653543307088,-0.059055118110236,0.251751968503938));
#2189=DIRECTION('',(0.0,1.0,0.0));
#2190=DIRECTION('',(0.0,0.0,1.0));
#2191=AXIS2_PLACEMENT_3D('',#2188,#2189,#2190);
#2192=PLANE('',#2191);
#2193=ORIENTED_EDGE('',*,*,#1534,.F.);
#2194=CARTESIAN_POINT('',(-0.022637795275592,-0.059055118110236,0.259448818897639));
#2195=VERTEX_POINT('',#2194);
#2196=CARTESIAN_POINT('',(-0.022637795275592,-0.059055118110236,0.259448818897639));
#2197=DIRECTION('',(-1.0,0.0,0.0));
#2198=VECTOR('',#2197,0.118110236220472);
#2199=LINE('',#2196,#2198);
#2200=EDGE_CURVE('',#2195,#1523,#2199,.T.);
#2201=ORIENTED_EDGE('',*,*,#2200,.F.);
#2202=CARTESIAN_POINT('',(-0.022637795275592,-0.059055118110236,0.401574803149608));
#2203=VERTEX_POINT('',#2202);
#2204=CARTESIAN_POINT('',(-0.022637795275592,-0.059055118110236,0.401574803149608));
#2205=DIRECTION('',(0.0,0.0,-1.0));
#2206=VECTOR('',#2205,0.142125984251969);
#2207=LINE('',#2204,#2206);
#2208=EDGE_CURVE('',#2203,#2195,#2207,.T.);
#2209=ORIENTED_EDGE('',*,*,#2208,.F.);
#2210=CARTESIAN_POINT('',(-0.037401574803151,-0.059055118110236,0.413385826771655));
#2211=VERTEX_POINT('',#2210);
#2212=CARTESIAN_POINT('',(-0.037401574803151,-0.059055118110236,0.413385826771655));
#2213=DIRECTION('',(0.780868809443029,0.0,-0.624695047554426));
#2214=VECTOR('',#2213,0.018906862905805);
#2215=LINE('',#2212,#2214);
#2216=EDGE_CURVE('',#2211,#2203,#2215,.T.);
#2217=ORIENTED_EDGE('',*,*,#2216,.F.);
#2218=CARTESIAN_POINT('',(-0.05216535433071,-0.059055118110236,0.401574803149608));
#2219=VERTEX_POINT('',#2218);
#2220=CARTESIAN_POINT('',(-0.05216535433071,-0.059055118110236,0.401574803149608));
#2221=DIRECTION('',(0.780868809443032,0.0,0.624695047554422));
#2222=VECTOR('',#2221,0.018906862905805);
#2223=LINE('',#2220,#2222);
#2224=EDGE_CURVE('',#2219,#2211,#2223,.T.);
#2225=ORIENTED_EDGE('',*,*,#2224,.F.);
#2226=CARTESIAN_POINT('',(-0.066929133858269,-0.059055118110236,0.413385826771655));
#2227=VERTEX_POINT('',#2226);
#2228=CARTESIAN_POINT('',(-0.066929133858269,-0.059055118110236,0.413385826771655));
#2229=DIRECTION('',(0.780868809443032,0.0,-0.624695047554422));
#2230=VECTOR('',#2229,0.018906862905806);
#2231=LINE('',#2228,#2230);
#2232=EDGE_CURVE('',#2227,#2219,#2231,.T.);
#2233=ORIENTED_EDGE('',*,*,#2232,.F.);
#2234=CARTESIAN_POINT('',(-0.081692913385828,-0.059055118110236,0.401574803149608));
#2235=VERTEX_POINT('',#2234);
#2236=CARTESIAN_POINT('',(-0.081692913385828,-0.059055118110236,0.401574803149608));
#2237=DIRECTION('',(0.780868809443031,0.0,0.624695047554424));
#2238=VECTOR('',#2237,0.018906862905805);
#2239=LINE('',#2236,#2238);
#2240=EDGE_CURVE('',#2235,#2227,#2239,.T.);
#2241=ORIENTED_EDGE('',*,*,#2240,.F.);
#2242=CARTESIAN_POINT('',(-0.096456692913387,-0.059055118110236,0.413385826771655));
#2243=VERTEX_POINT('',#2242);
#2244=CARTESIAN_POINT('',(-0.096456692913387,-0.059055118110236,0.413385826771655));
#2245=DIRECTION('',(0.78086880944303,0.0,-0.624695047554424));
#2246=VECTOR('',#2245,0.018906862905806);
#2247=LINE('',#2244,#2246);
#2248=EDGE_CURVE('',#2243,#2235,#2247,.T.);
#2249=ORIENTED_EDGE('',*,*,#2248,.F.);
#2250=CARTESIAN_POINT('',(-0.111220472440946,-0.059055118110236,0.401574803149608));
#2251=VERTEX_POINT('',#2250);
#2252=CARTESIAN_POINT('',(-0.111220472440946,-0.059055118110236,0.401574803149608));
#2253=DIRECTION('',(0.780868809443031,0.0,0.624695047554424));
#2254=VECTOR('',#2253,0.018906862905805);
#2255=LINE('',#2252,#2254);
#2256=EDGE_CURVE('',#2251,#2243,#2255,.T.);
#2257=ORIENTED_EDGE('',*,*,#2256,.F.);
#2258=CARTESIAN_POINT('',(-0.125984251968505,-0.059055118110236,0.413385826771655));
#2259=VERTEX_POINT('',#2258);
#2260=CARTESIAN_POINT('',(-0.125984251968505,-0.059055118110236,0.413385826771655));
#2261=DIRECTION('',(0.78086880944303,0.0,-0.624695047554425));
#2262=VECTOR('',#2261,0.018906862905806);
#2263=LINE('',#2260,#2262);
#2264=EDGE_CURVE('',#2259,#2251,#2263,.T.);
#2265=ORIENTED_EDGE('',*,*,#2264,.F.);
#2266=CARTESIAN_POINT('',(-0.140748031496064,-0.059055118110236,0.401574803149608));
#2267=DIRECTION('',(0.780868809443028,0.0,0.624695047554427));
#2268=VECTOR('',#2267,0.018906862905805);
#2269=LINE('',#2266,#2268);
#2270=EDGE_CURVE('',#1555,#2259,#2269,.T.);
#2271=ORIENTED_EDGE('',*,*,#2270,.F.);
#2272=ORIENTED_EDGE('',*,*,#1560,.F.);
#2273=CARTESIAN_POINT('',(-0.140748031496063,-0.059055118110236,0.275590551181102));
#2274=DIRECTION('',(0.0,0.0,1.0));
#2275=VECTOR('',#2274,0.007874015748032);
#2276=LINE('',#2273,#2275);
#2277=EDGE_CURVE('',#503,#1545,#2276,.T.);
#2278=ORIENTED_EDGE('',*,*,#2277,.F.);
#2279=EDGE_LOOP('',(#2193,#2201,#2209,#2217,#2225,#2233,#2241,#2249,#2257,#2265,#2271,#2272,#2278));
#2280=FACE_OUTER_BOUND('',#2279,.T.);
#2281=ADVANCED_FACE('',(#2280),#2192,.F.);
#2282=CARTESIAN_POINT('',(-0.022637795275592,-0.06496062992126,0.408681102362206));
#2283=DIRECTION('',(1.0,0.0,0.0));
#2284=DIRECTION('',(0.0,0.0,-1.0));
#2285=AXIS2_PLACEMENT_3D('',#2282,#2283,#2284);
#2286=PLANE('',#2285);
#2287=CARTESIAN_POINT('',(-0.022637795275592,0.059055118110236,0.259448818897639));
#2288=VERTEX_POINT('',#2287);
#2289=CARTESIAN_POINT('',(-0.022637795275592,0.059055118110236,0.401574803149608));
#2290=VERTEX_POINT('',#2289);
#2291=CARTESIAN_POINT('',(-0.022637795275592,0.059055118110236,0.259448818897639));
#2292=DIRECTION('',(0.0,0.0,1.0));
#2293=VECTOR('',#2292,0.142125984251969);
#2294=LINE('',#2291,#2293);
#2295=EDGE_CURVE('',#2288,#2290,#2294,.T.);
#2296=ORIENTED_EDGE('',*,*,#2295,.T.);
#2297=CARTESIAN_POINT('',(-0.022637795275592,0.059055118110236,0.401574803149608));
#2298=DIRECTION('',(0.0,-1.0,0.0));
#2299=VECTOR('',#2298,0.118110236220472);
#2300=LINE('',#2297,#2299);
#2301=EDGE_CURVE('',#2290,#2203,#2300,.T.);
#2302=ORIENTED_EDGE('',*,*,#2301,.T.);
#2303=ORIENTED_EDGE('',*,*,#2208,.T.);
#2304=CARTESIAN_POINT('',(-0.022637795275592,0.059055118110236,0.259448818897639));
#2305=DIRECTION('',(0.0,-1.0,0.0));
#2306=VECTOR('',#2305,0.118110236220472);
#2307=LINE('',#2304,#2306);
#2308=EDGE_CURVE('',#2288,#2195,#2307,.T.);
#2309=ORIENTED_EDGE('',*,*,#2308,.F.);
#2310=EDGE_LOOP('',(#2296,#2302,#2303,#2309));
#2311=FACE_OUTER_BOUND('',#2310,.T.);
#2312=ADVANCED_FACE('',(#2311),#2286,.T.);
#2313=CARTESIAN_POINT('',(-0.038139763779529,-0.06496062992126,0.413976377952757));
#2314=DIRECTION('',(0.624695047554425,0.0,0.78086880944303));
#2315=DIRECTION('',(0.78086880944303,0.0,-0.624695047554425));
#2316=AXIS2_PLACEMENT_3D('',#2313,#2314,#2315);
#2317=PLANE('',#2316);
#2318=CARTESIAN_POINT('',(-0.037401574803151,0.059055118110236,0.413385826771655));
#2319=VERTEX_POINT('',#2318);
#2320=CARTESIAN_POINT('',(-0.022637795275592,0.059055118110236,0.401574803149608));
#2321=DIRECTION('',(-0.78086880944303,0.0,0.624695047554424));
#2322=VECTOR('',#2321,0.018906862905805);
#2323=LINE('',#2320,#2322);
#2324=EDGE_CURVE('',#2290,#2319,#2323,.T.);
#2325=ORIENTED_EDGE('',*,*,#2324,.T.);
#2326=CARTESIAN_POINT('',(-0.037401574803151,0.059055118110236,0.413385826771655));
#2327=DIRECTION('',(0.0,-1.0,0.0));
#2328=VECTOR('',#2327,0.118110236220472);
#2329=LINE('',#2326,#2328);
#2330=EDGE_CURVE('',#2319,#2211,#2329,.T.);
#2331=ORIENTED_EDGE('',*,*,#2330,.T.);
#2332=ORIENTED_EDGE('',*,*,#2216,.T.);
#2333=ORIENTED_EDGE('',*,*,#2301,.F.);
#2334=EDGE_LOOP('',(#2325,#2331,#2332,#2333));
#2335=FACE_OUTER_BOUND('',#2334,.T.);
#2336=ADVANCED_FACE('',(#2335),#2317,.T.);
#2337=CARTESIAN_POINT('',(-0.052903543307088,-0.06496062992126,0.400984251968505));
#2338=DIRECTION('',(-0.624695047554424,0.0,0.780868809443031));
#2339=DIRECTION('',(0.780868809443031,0.0,0.624695047554424));
#2340=AXIS2_PLACEMENT_3D('',#2337,#2338,#2339);
#2341=PLANE('',#2340);
#2342=CARTESIAN_POINT('',(-0.05216535433071,0.059055118110236,0.401574803149608));
#2343=VERTEX_POINT('',#2342);
#2344=CARTESIAN_POINT('',(-0.037401574803151,0.059055118110236,0.413385826771655));
#2345=DIRECTION('',(-0.780868809443032,0.0,-0.624695047554422));
#2346=VECTOR('',#2345,0.018906862905806);
#2347=LINE('',#2344,#2346);
#2348=EDGE_CURVE('',#2319,#2343,#2347,.T.);
#2349=ORIENTED_EDGE('',*,*,#2348,.T.);
#2350=CARTESIAN_POINT('',(-0.05216535433071,0.059055118110236,0.401574803149608));
#2351=DIRECTION('',(0.0,-1.0,0.0));
#2352=VECTOR('',#2351,0.118110236220472);
#2353=LINE('',#2350,#2352);
#2354=EDGE_CURVE('',#2343,#2219,#2353,.T.);
#2355=ORIENTED_EDGE('',*,*,#2354,.T.);
#2356=ORIENTED_EDGE('',*,*,#2224,.T.);
#2357=ORIENTED_EDGE('',*,*,#2330,.F.);
#2358=EDGE_LOOP('',(#2349,#2355,#2356,#2357));
#2359=FACE_OUTER_BOUND('',#2358,.T.);
#2360=ADVANCED_FACE('',(#2359),#2341,.T.);
#2361=CARTESIAN_POINT('',(-0.067667322834647,-0.06496062992126,0.413976377952757));
#2362=DIRECTION('',(0.624695047554425,0.0,0.78086880944303));
#2363=DIRECTION('',(0.78086880944303,0.0,-0.624695047554425));
#2364=AXIS2_PLACEMENT_3D('',#2361,#2362,#2363);
#2365=PLANE('',#2364);
#2366=CARTESIAN_POINT('',(-0.066929133858269,0.059055118110236,0.413385826771655));
#2367=VERTEX_POINT('',#2366);
#2368=CARTESIAN_POINT('',(-0.05216535433071,0.059055118110236,0.401574803149608));
#2369=DIRECTION('',(-0.780868809443033,0.0,0.624695047554421));
#2370=VECTOR('',#2369,0.018906862905805);
#2371=LINE('',#2368,#2370);
#2372=EDGE_CURVE('',#2343,#2367,#2371,.T.);
#2373=ORIENTED_EDGE('',*,*,#2372,.T.);
#2374=CARTESIAN_POINT('',(-0.066929133858269,0.059055118110236,0.413385826771655));
#2375=DIRECTION('',(0.0,-1.0,0.0));
#2376=VECTOR('',#2375,0.118110236220472);
#2377=LINE('',#2374,#2376);
#2378=EDGE_CURVE('',#2367,#2227,#2377,.T.);
#2379=ORIENTED_EDGE('',*,*,#2378,.T.);
#2380=ORIENTED_EDGE('',*,*,#2232,.T.);
#2381=ORIENTED_EDGE('',*,*,#2354,.F.);
#2382=EDGE_LOOP('',(#2373,#2379,#2380,#2381));
#2383=FACE_OUTER_BOUND('',#2382,.T.);
#2384=ADVANCED_FACE('',(#2383),#2365,.T.);
#2385=CARTESIAN_POINT('',(-0.082431102362206,-0.06496062992126,0.400984251968505));
#2386=DIRECTION('',(-0.624695047554424,0.0,0.780868809443031));
#2387=DIRECTION('',(0.780868809443031,0.0,0.624695047554424));
#2388=AXIS2_PLACEMENT_3D('',#2385,#2386,#2387);
#2389=PLANE('',#2388);
#2390=CARTESIAN_POINT('',(-0.081692913385828,0.059055118110236,0.401574803149608));
#2391=VERTEX_POINT('',#2390);
#2392=CARTESIAN_POINT('',(-0.066929133858269,0.059055118110236,0.413385826771655));
#2393=DIRECTION('',(-0.78086880944303,0.0,-0.624695047554424));
#2394=VECTOR('',#2393,0.018906862905805);
#2395=LINE('',#2392,#2394);
#2396=EDGE_CURVE('',#2367,#2391,#2395,.T.);
#2397=ORIENTED_EDGE('',*,*,#2396,.T.);
#2398=CARTESIAN_POINT('',(-0.081692913385828,0.059055118110236,0.401574803149608));
#2399=DIRECTION('',(0.0,-1.0,0.0));
#2400=VECTOR('',#2399,0.118110236220472);
#2401=LINE('',#2398,#2400);
#2402=EDGE_CURVE('',#2391,#2235,#2401,.T.);
#2403=ORIENTED_EDGE('',*,*,#2402,.T.);
#2404=ORIENTED_EDGE('',*,*,#2240,.T.);
#2405=ORIENTED_EDGE('',*,*,#2378,.F.);
#2406=EDGE_LOOP('',(#2397,#2403,#2404,#2405));
#2407=FACE_OUTER_BOUND('',#2406,.T.);
#2408=ADVANCED_FACE('',(#2407),#2389,.T.);
#2409=CARTESIAN_POINT('',(-0.097194881889765,-0.06496062992126,0.413976377952757));
#2410=DIRECTION('',(0.624695047554425,0.0,0.78086880944303));
#2411=DIRECTION('',(0.78086880944303,0.0,-0.624695047554425));
#2412=AXIS2_PLACEMENT_3D('',#2409,#2410,#2411);
#2413=PLANE('',#2412);
#2414=CARTESIAN_POINT('',(-0.096456692913387,0.059055118110236,0.413385826771655));
#2415=VERTEX_POINT('',#2414);
#2416=CARTESIAN_POINT('',(-0.081692913385828,0.059055118110236,0.401574803149608));
#2417=DIRECTION('',(-0.780868809443032,0.0,0.624695047554423));
#2418=VECTOR('',#2417,0.018906862905805);
#2419=LINE('',#2416,#2418);
#2420=EDGE_CURVE('',#2391,#2415,#2419,.T.);
#2421=ORIENTED_EDGE('',*,*,#2420,.T.);
#2422=CARTESIAN_POINT('',(-0.096456692913387,0.059055118110236,0.413385826771655));
#2423=DIRECTION('',(0.0,-1.0,0.0));
#2424=VECTOR('',#2423,0.118110236220472);
#2425=LINE('',#2422,#2424);
#2426=EDGE_CURVE('',#2415,#2243,#2425,.T.);
#2427=ORIENTED_EDGE('',*,*,#2426,.T.);
#2428=ORIENTED_EDGE('',*,*,#2248,.T.);
#2429=ORIENTED_EDGE('',*,*,#2402,.F.);
#2430=EDGE_LOOP('',(#2421,#2427,#2428,#2429));
#2431=FACE_OUTER_BOUND('',#2430,.T.);
#2432=ADVANCED_FACE('',(#2431),#2413,.T.);
#2433=CARTESIAN_POINT('',(-0.111958661417324,-0.06496062992126,0.400984251968505));
#2434=DIRECTION('',(-0.624695047554424,0.0,0.780868809443031));
#2435=DIRECTION('',(0.780868809443031,0.0,0.624695047554424));
#2436=AXIS2_PLACEMENT_3D('',#2433,#2434,#2435);
#2437=PLANE('',#2436);
#2438=CARTESIAN_POINT('',(-0.111220472440946,0.059055118110236,0.401574803149608));
#2439=VERTEX_POINT('',#2438);
#2440=CARTESIAN_POINT('',(-0.096456692913387,0.059055118110236,0.413385826771655));
#2441=DIRECTION('',(-0.780868809443032,0.0,-0.624695047554423));
#2442=VECTOR('',#2441,0.018906862905805);
#2443=LINE('',#2440,#2442);
#2444=EDGE_CURVE('',#2415,#2439,#2443,.T.);
#2445=ORIENTED_EDGE('',*,*,#2444,.T.);
#2446=CARTESIAN_POINT('',(-0.111220472440946,0.059055118110236,0.401574803149608));
#2447=DIRECTION('',(0.0,-1.0,0.0));
#2448=VECTOR('',#2447,0.118110236220472);
#2449=LINE('',#2446,#2448);
#2450=EDGE_CURVE('',#2439,#2251,#2449,.T.);
#2451=ORIENTED_EDGE('',*,*,#2450,.T.);
#2452=ORIENTED_EDGE('',*,*,#2256,.T.);
#2453=ORIENTED_EDGE('',*,*,#2426,.F.);
#2454=EDGE_LOOP('',(#2445,#2451,#2452,#2453));
#2455=FACE_OUTER_BOUND('',#2454,.T.);
#2456=ADVANCED_FACE('',(#2455),#2437,.T.);
#2457=CARTESIAN_POINT('',(-0.126722440944883,-0.06496062992126,0.413976377952757));
#2458=DIRECTION('',(0.624695047554425,0.0,0.78086880944303));
#2459=DIRECTION('',(0.78086880944303,0.0,-0.624695047554425));
#2460=AXIS2_PLACEMENT_3D('',#2457,#2458,#2459);
#2461=PLANE('',#2460);
#2462=CARTESIAN_POINT('',(-0.125984251968505,0.059055118110236,0.413385826771655));
#2463=VERTEX_POINT('',#2462);
#2464=CARTESIAN_POINT('',(-0.111220472440946,0.059055118110236,0.401574803149608));
#2465=DIRECTION('',(-0.780868809443031,0.0,0.624695047554423));
#2466=VECTOR('',#2465,0.018906862905805);
#2467=LINE('',#2464,#2466);
#2468=EDGE_CURVE('',#2439,#2463,#2467,.T.);
#2469=ORIENTED_EDGE('',*,*,#2468,.T.);
#2470=CARTESIAN_POINT('',(-0.125984251968505,0.059055118110236,0.413385826771655));
#2471=DIRECTION('',(0.0,-1.0,0.0));
#2472=VECTOR('',#2471,0.118110236220472);
#2473=LINE('',#2470,#2472);
#2474=EDGE_CURVE('',#2463,#2259,#2473,.T.);
#2475=ORIENTED_EDGE('',*,*,#2474,.T.);
#2476=ORIENTED_EDGE('',*,*,#2264,.T.);
#2477=ORIENTED_EDGE('',*,*,#2450,.F.);
#2478=EDGE_LOOP('',(#2469,#2475,#2476,#2477));
#2479=FACE_OUTER_BOUND('',#2478,.T.);
#2480=ADVANCED_FACE('',(#2479),#2461,.T.);
#2481=CARTESIAN_POINT('',(-0.141486220472442,-0.06496062992126,0.400984251968505));
#2482=DIRECTION('',(-0.624695047554425,0.0,0.78086880944303));
#2483=DIRECTION('',(0.78086880944303,0.0,0.624695047554425));
#2484=AXIS2_PLACEMENT_3D('',#2481,#2482,#2483);
#2485=PLANE('',#2484);
#2486=CARTESIAN_POINT('',(-0.125984251968505,0.059055118110236,0.413385826771655));
#2487=DIRECTION('',(-0.780868809443031,0.0,-0.624695047554424));
#2488=VECTOR('',#2487,0.018906862905806);
#2489=LINE('',#2486,#2488);
#2490=EDGE_CURVE('',#2463,#1563,#2489,.T.);
#2491=ORIENTED_EDGE('',*,*,#2490,.T.);
#2492=ORIENTED_EDGE('',*,*,#1568,.T.);
#2493=ORIENTED_EDGE('',*,*,#2270,.T.);
#2494=ORIENTED_EDGE('',*,*,#2474,.F.);
#2495=EDGE_LOOP('',(#2491,#2492,#2493,#2494));
#2496=FACE_OUTER_BOUND('',#2495,.T.);
#2497=ADVANCED_FACE('',(#2496),#2485,.T.);
#2498=CARTESIAN_POINT('',(-0.146653543307088,0.059055118110236,0.251751968503938));
#2499=DIRECTION('',(0.0,1.0,0.0));
#2500=DIRECTION('',(0.0,0.0,1.0));
#2501=AXIS2_PLACEMENT_3D('',#2498,#2499,#2500);
#2502=PLANE('',#2501);
#2503=ORIENTED_EDGE('',*,*,#2295,.F.);
#2504=CARTESIAN_POINT('',(-0.140748031496064,0.059055118110236,0.259448818897639));
#2505=DIRECTION('',(1.0,0.0,0.0));
#2506=VECTOR('',#2505,0.118110236220472);
#2507=LINE('',#2504,#2506);
#2508=EDGE_CURVE('',#1515,#2288,#2507,.T.);
#2509=ORIENTED_EDGE('',*,*,#2508,.F.);
#2510=ORIENTED_EDGE('',*,*,#1520,.F.);
#2511=CARTESIAN_POINT('',(-0.140748031496063,0.059055118110236,0.283464566929134));
#2512=DIRECTION('',(0.0,0.0,-1.0));
#2513=VECTOR('',#2512,0.007874015748032);
#2514=LINE('',#2511,#2513);
#2515=EDGE_CURVE('',#1547,#495,#2514,.T.);
#2516=ORIENTED_EDGE('',*,*,#2515,.F.);
#2517=ORIENTED_EDGE('',*,*,#1574,.F.);
#2518=ORIENTED_EDGE('',*,*,#2490,.F.);
#2519=ORIENTED_EDGE('',*,*,#2468,.F.);
#2520=ORIENTED_EDGE('',*,*,#2444,.F.);
#2521=ORIENTED_EDGE('',*,*,#2420,.F.);
#2522=ORIENTED_EDGE('',*,*,#2396,.F.);
#2523=ORIENTED_EDGE('',*,*,#2372,.F.);
#2524=ORIENTED_EDGE('',*,*,#2348,.F.);
#2525=ORIENTED_EDGE('',*,*,#2324,.F.);
#2526=EDGE_LOOP('',(#2503,#2509,#2510,#2516,#2517,#2518,#2519,#2520,#2521,#2522,#2523,#2524,#2525));
#2527=FACE_OUTER_BOUND('',#2526,.T.);
#2528=ADVANCED_FACE('',(#2527),#2502,.T.);
#2529=CARTESIAN_POINT('',(0.085629921259841,-0.236023622047244,0.261811023622048));
#2530=DIRECTION('',(1.0,0.0,0.0));
#2531=DIRECTION('',(0.0,0.0,-1.0));
#2532=AXIS2_PLACEMENT_3D('',#2529,#2530,#2531);
#2533=PLANE('',#2532);
#2534=CARTESIAN_POINT('',(0.085629921259841,0.214566929133858,0.259448818897639));
#2535=DIRECTION('',(0.0,-1.0,0.0));
#2536=VECTOR('',#2535,0.429133858267716);
#2537=LINE('',#2534,#2536);
#2538=EDGE_CURVE('',#2138,#1359,#2537,.T.);
#2539=ORIENTED_EDGE('',*,*,#2538,.T.);
#2540=ORIENTED_EDGE('',*,*,#1364,.F.);
#2541=ORIENTED_EDGE('',*,*,#1434,.F.);
#2542=ORIENTED_EDGE('',*,*,#2149,.T.);
#2543=EDGE_LOOP('',(#2539,#2540,#2541,#2542));
#2544=FACE_OUTER_BOUND('',#2543,.T.);
#2545=ADVANCED_FACE('',(#2544),#2533,.T.);
#2546=CARTESIAN_POINT('',(-0.260580708661417,-0.236023622047244,0.259448818897639));
#2547=DIRECTION('',(0.0,0.0,1.0));
#2548=DIRECTION('',(1.0,0.0,0.0));
#2549=AXIS2_PLACEMENT_3D('',#2546,#2547,#2548);
#2550=PLANE('',#2549);
#2551=CARTESIAN_POINT('',(-0.244094488188976,-0.214566929133858,0.259448818897639));
#2552=DIRECTION('',(0.0,1.0,0.0));
#2553=VECTOR('',#2552,0.429133858267716);
#2554=LINE('',#2551,#2553);
#2555=EDGE_CURVE('',#1343,#2096,#2554,.T.);
#2556=ORIENTED_EDGE('',*,*,#2555,.F.);
#2557=ORIENTED_EDGE('',*,*,#1370,.F.);
#2558=ORIENTED_EDGE('',*,*,#2538,.F.);
#2559=ORIENTED_EDGE('',*,*,#2143,.F.);
#2560=ORIENTED_EDGE('',*,*,#2040,.F.);
#2561=ORIENTED_EDGE('',*,*,#2125,.T.);
#2562=ORIENTED_EDGE('',*,*,#2079,.F.);
#2563=ORIENTED_EDGE('',*,*,#2107,.F.);
#2564=EDGE_LOOP('',(#2556,#2557,#2558,#2559,#2560,#2561,#2562,#2563));
#2565=FACE_OUTER_BOUND('',#2564,.T.);
#2566=ORIENTED_EDGE('',*,*,#2200,.T.);
#2567=ORIENTED_EDGE('',*,*,#1528,.T.);
#2568=ORIENTED_EDGE('',*,*,#2508,.T.);
#2569=ORIENTED_EDGE('',*,*,#2308,.T.);
#2570=EDGE_LOOP('',(#2566,#2567,#2568,#2569));
#2571=FACE_BOUND('',#2570,.T.);
#2572=ADVANCED_FACE('',(#2565,#2571),#2550,.T.);
#2573=CARTESIAN_POINT('',(-0.140748031496063,-0.063188976377953,0.2751968503937));
#2574=DIRECTION('',(-1.0,0.0,0.0));
#2575=DIRECTION('',(0.0,0.0,1.0));
#2576=AXIS2_PLACEMENT_3D('',#2573,#2574,#2575);
#2577=PLANE('',#2576);
#2578=ORIENTED_EDGE('',*,*,#2277,.T.);
#2579=CARTESIAN_POINT('',(-0.140748031496063,-0.062992125984252,0.283464566929134));
#2580=VERTEX_POINT('',#2579);
#2581=CARTESIAN_POINT('',(-0.140748031496063,-0.062992125984252,0.283464566929134));
#2582=DIRECTION('',(0.0,1.0,0.0));
#2583=VECTOR('',#2582,0.003937007874016);
#2584=LINE('',#2581,#2583);
#2585=EDGE_CURVE('',#2580,#1545,#2584,.T.);
#2586=ORIENTED_EDGE('',*,*,#2585,.F.);
#2587=CARTESIAN_POINT('',(-0.140748031496063,-0.062992125984252,0.283464566929134));
#2588=DIRECTION('',(0.0,0.0,-1.0));
#2589=VECTOR('',#2588,0.007874015748032);
#2590=LINE('',#2587,#2589);
#2591=EDGE_CURVE('',#2580,#163,#2590,.T.);
#2592=ORIENTED_EDGE('',*,*,#2591,.T.);
#2593=ORIENTED_EDGE('',*,*,#168,.F.);
#2594=ORIENTED_EDGE('',*,*,#514,.F.);
#2595=EDGE_LOOP('',(#2578,#2586,#2592,#2593,#2594));
#2596=FACE_OUTER_BOUND('',#2595,.T.);
#2597=ADVANCED_FACE('',(#2596),#2577,.F.);
#2598=CARTESIAN_POINT('',(-0.140748031496063,0.058858267716535,0.2751968503937));
#2599=DIRECTION('',(-1.0,0.0,0.0));
#2600=DIRECTION('',(0.0,0.0,1.0));
#2601=AXIS2_PLACEMENT_3D('',#2598,#2599,#2600);
#2602=PLANE('',#2601);
#2603=ORIENTED_EDGE('',*,*,#2515,.T.);
#2604=ORIENTED_EDGE('',*,*,#500,.F.);
#2605=ORIENTED_EDGE('',*,*,#200,.F.);
#2606=CARTESIAN_POINT('',(-0.140748031496063,0.062992125984252,0.283464566929134));
#2607=VERTEX_POINT('',#2606);
#2608=CARTESIAN_POINT('',(-0.140748031496063,0.062992125984252,0.283464566929134));
#2609=DIRECTION('',(0.0,0.0,-1.0));
#2610=VECTOR('',#2609,0.007874015748032);
#2611=LINE('',#2608,#2610);
#2612=EDGE_CURVE('',#2607,#187,#2611,.T.);
#2613=ORIENTED_EDGE('',*,*,#2612,.F.);
#2614=CARTESIAN_POINT('',(-0.140748031496063,0.059055118110236,0.283464566929134));
#2615=DIRECTION('',(0.0,1.0,0.0));
#2616=VECTOR('',#2615,0.003937007874016);
#2617=LINE('',#2614,#2616);
#2618=EDGE_CURVE('',#1547,#2607,#2617,.T.);
#2619=ORIENTED_EDGE('',*,*,#2618,.F.);
#2620=EDGE_LOOP('',(#2603,#2604,#2605,#2613,#2619));
#2621=FACE_OUTER_BOUND('',#2620,.T.);
#2622=ADVANCED_FACE('',(#2621),#2602,.F.);
#2623=CARTESIAN_POINT('',(0.277165354330708,-0.129921259842519,0.070866141732283));
#2624=DIRECTION('',(0.0,0.0,-1.0));
#2625=DIRECTION('',(-1.0,0.0,0.0));
#2626=AXIS2_PLACEMENT_3D('',#2623,#2624,#2625);
#2627=PLANE('',#2626);
#2628=CARTESIAN_POINT('',(0.244094488188976,0.116141732283465,0.070866141732283));
#2629=VERTEX_POINT('',#2628);
#2630=CARTESIAN_POINT('',(0.263779527559055,0.116141732283465,0.070866141732283));
#2631=VERTEX_POINT('',#2630);
#2632=CARTESIAN_POINT('',(0.244094488188976,0.116141732283465,0.070866141732283));
#2633=DIRECTION('',(1.0,0.0,0.0));
#2634=VECTOR('',#2633,0.019685039370079);
#2635=LINE('',#2632,#2634);
#2636=EDGE_CURVE('',#2629,#2631,#2635,.T.);
#2637=ORIENTED_EDGE('',*,*,#2636,.T.);
#2638=CARTESIAN_POINT('',(0.263779527559055,-0.116141732283465,0.070866141732283));
#2639=VERTEX_POINT('',#2638);
#2640=CARTESIAN_POINT('',(0.263779527559055,-0.116141732283465,0.070866141732283));
#2641=DIRECTION('',(0.0,1.0,0.0));
#2642=VECTOR('',#2641,0.23228346456693);
#2643=LINE('',#2640,#2642);
#2644=EDGE_CURVE('',#2639,#2631,#2643,.T.);
#2645=ORIENTED_EDGE('',*,*,#2644,.F.);
#2646=CARTESIAN_POINT('',(0.244094488188976,-0.116141732283465,0.070866141732283));
#2647=VERTEX_POINT('',#2646);
#2648=CARTESIAN_POINT('',(0.263779527559055,-0.116141732283465,0.070866141732283));
#2649=DIRECTION('',(-1.0,0.0,0.0));
#2650=VECTOR('',#2649,0.019685039370079);
#2651=LINE('',#2648,#2650);
#2652=EDGE_CURVE('',#2639,#2647,#2651,.T.);
#2653=ORIENTED_EDGE('',*,*,#2652,.T.);
#2654=CARTESIAN_POINT('',(0.244094488188976,-0.118110236220472,0.070866141732283));
#2655=VERTEX_POINT('',#2654);
#2656=CARTESIAN_POINT('',(0.244094488188976,-0.118110236220472,0.070866141732283));
#2657=DIRECTION('',(0.0,1.0,0.0));
#2658=VECTOR('',#2657,0.001968503937007);
#2659=LINE('',#2656,#2658);
#2660=EDGE_CURVE('',#2655,#2647,#2659,.T.);
#2661=ORIENTED_EDGE('',*,*,#2660,.F.);
#2662=CARTESIAN_POINT('',(0.275590551181102,-0.118110236220472,0.070866141732283));
#2663=VERTEX_POINT('',#2662);
#2664=CARTESIAN_POINT('',(0.275590551181102,-0.118110236220472,0.070866141732283));
#2665=DIRECTION('',(-1.0,0.0,0.0));
#2666=VECTOR('',#2665,0.031496062992126);
#2667=LINE('',#2664,#2666);
#2668=EDGE_CURVE('',#2663,#2655,#2667,.T.);
#2669=ORIENTED_EDGE('',*,*,#2668,.F.);
#2670=CARTESIAN_POINT('',(0.275590551181102,0.118110236220473,0.070866141732284));
#2671=VERTEX_POINT('',#2670);
#2672=CARTESIAN_POINT('',(0.275590551181102,0.118110236220473,0.070866141732283));
#2673=DIRECTION('',(0.0,-1.0,0.0));
#2674=VECTOR('',#2673,0.236220472440945);
#2675=LINE('',#2672,#2674);
#2676=EDGE_CURVE('',#2671,#2663,#2675,.T.);
#2677=ORIENTED_EDGE('',*,*,#2676,.F.);
#2678=CARTESIAN_POINT('',(0.244094488188976,0.118110236220473,0.070866141732284));
#2679=VERTEX_POINT('',#2678);
#2680=CARTESIAN_POINT('',(0.275590551181102,0.118110236220473,0.070866141732284));
#2681=DIRECTION('',(-1.0,0.0,0.0));
#2682=VECTOR('',#2681,0.031496062992126);
#2683=LINE('',#2680,#2682);
#2684=EDGE_CURVE('',#2671,#2679,#2683,.T.);
#2685=ORIENTED_EDGE('',*,*,#2684,.T.);
#2686=CARTESIAN_POINT('',(0.244094488188976,0.116141732283465,0.070866141732283));
#2687=DIRECTION('',(0.0,1.0,0.0));
#2688=VECTOR('',#2687,0.001968503937008);
#2689=LINE('',#2686,#2688);
#2690=EDGE_CURVE('',#2629,#2679,#2689,.T.);
#2691=ORIENTED_EDGE('',*,*,#2690,.F.);
#2692=EDGE_LOOP('',(#2637,#2645,#2653,#2661,#2669,#2677,#2685,#2691));
#2693=FACE_OUTER_BOUND('',#2692,.T.);
#2694=ADVANCED_FACE('',(#2693),#2627,.F.);
#2695=CARTESIAN_POINT('',(-0.268503937007874,-0.220472440944882,0.279822834645669));
#2696=DIRECTION('',(0.0,-1.0,0.0));
#2697=DIRECTION('',(0.0,0.0,-1.0));
#2698=AXIS2_PLACEMENT_3D('',#2695,#2696,#2697);
#2699=PLANE('',#2698);
#2700=CARTESIAN_POINT('',(-0.244094488188976,-0.220472440944882,0.190944881889764));
#2701=VERTEX_POINT('',#2700);
#2702=CARTESIAN_POINT('',(0.244094488188976,-0.220472440944882,0.190944881889764));
#2703=VERTEX_POINT('',#2702);
#2704=CARTESIAN_POINT('',(-0.244094488188976,-0.220472440944882,0.190944881889764));
#2705=DIRECTION('',(1.0,0.0,0.0));
#2706=VECTOR('',#2705,0.488188976377952);
#2707=LINE('',#2704,#2706);
#2708=EDGE_CURVE('',#2701,#2703,#2707,.T.);
#2709=ORIENTED_EDGE('',*,*,#2708,.F.);
#2710=CARTESIAN_POINT('',(-0.244094488188976,-0.220472440944882,0.275590551181102));
#2711=VERTEX_POINT('',#2710);
#2712=CARTESIAN_POINT('',(-0.244094488188976,-0.220472440944882,0.190944881889764));
#2713=DIRECTION('',(0.0,0.0,1.0));
#2714=VECTOR('',#2713,0.084645669291338);
#2715=LINE('',#2712,#2714);
#2716=EDGE_CURVE('',#2701,#2711,#2715,.T.);
#2717=ORIENTED_EDGE('',*,*,#2716,.T.);
#2718=CARTESIAN_POINT('',(0.244094488188976,-0.220472440944882,0.275590551181102));
#2719=VERTEX_POINT('',#2718);
#2720=CARTESIAN_POINT('',(0.244094488188976,-0.220472440944882,0.275590551181102));
#2721=DIRECTION('',(-1.0,0.0,0.0));
#2722=VECTOR('',#2721,0.488188976377952);
#2723=LINE('',#2720,#2722);
#2724=EDGE_CURVE('',#2719,#2711,#2723,.T.);
#2725=ORIENTED_EDGE('',*,*,#2724,.F.);
#2726=CARTESIAN_POINT('',(0.244094488188976,-0.220472440944882,0.190944881889764));
#2727=DIRECTION('',(0.0,0.0,1.0));
#2728=VECTOR('',#2727,0.084645669291338);
#2729=LINE('',#2726,#2728);
#2730=EDGE_CURVE('',#2703,#2719,#2729,.T.);
#2731=ORIENTED_EDGE('',*,*,#2730,.F.);
#2732=EDGE_LOOP('',(#2709,#2717,#2725,#2731));
#2733=FACE_OUTER_BOUND('',#2732,.T.);
#2734=ADVANCED_FACE('',(#2733),#2699,.F.);
#2735=CARTESIAN_POINT('',(-0.244094488188976,-0.24251968503937,0.186712598425197));
#2736=DIRECTION('',(-1.0,0.0,0.0));
#2737=DIRECTION('',(0.0,0.0,1.0));
#2738=AXIS2_PLACEMENT_3D('',#2735,#2736,#2737);
#2739=PLANE('',#2738);
#2740=CARTESIAN_POINT('',(-0.244094488188976,0.220472440944882,0.190944881889764));
#2741=VERTEX_POINT('',#2740);
#2742=CARTESIAN_POINT('',(-0.244094488188976,-0.220472440944882,0.190944881889764));
#2743=DIRECTION('',(0.0,1.0,0.0));
#2744=VECTOR('',#2743,0.440944881889764);
#2745=LINE('',#2742,#2744);
#2746=EDGE_CURVE('',#2701,#2741,#2745,.T.);
#2747=ORIENTED_EDGE('',*,*,#2746,.T.);
#2748=CARTESIAN_POINT('',(-0.244094488188976,0.220472440944882,0.275590551181102));
#2749=VERTEX_POINT('',#2748);
#2750=CARTESIAN_POINT('',(-0.244094488188976,0.220472440944882,0.190944881889764));
#2751=DIRECTION('',(0.0,0.0,1.0));
#2752=VECTOR('',#2751,0.084645669291338);
#2753=LINE('',#2750,#2752);
#2754=EDGE_CURVE('',#2741,#2749,#2753,.T.);
#2755=ORIENTED_EDGE('',*,*,#2754,.T.);
#2756=CARTESIAN_POINT('',(-0.244094488188976,-0.220472440944882,0.275590551181102));
#2757=DIRECTION('',(0.0,1.0,0.0));
#2758=VECTOR('',#2757,0.440944881889764);
#2759=LINE('',#2756,#2758);
#2760=EDGE_CURVE('',#2711,#2749,#2759,.T.);
#2761=ORIENTED_EDGE('',*,*,#2760,.F.);
#2762=ORIENTED_EDGE('',*,*,#2716,.F.);
#2763=EDGE_LOOP('',(#2747,#2755,#2761,#2762));
#2764=FACE_OUTER_BOUND('',#2763,.T.);
#2765=ORIENTED_EDGE('',*,*,#1386,.T.);
#2766=ORIENTED_EDGE('',*,*,#1348,.T.);
#2767=ORIENTED_EDGE('',*,*,#2555,.T.);
#2768=ORIENTED_EDGE('',*,*,#2101,.T.);
#2769=EDGE_LOOP('',(#2765,#2766,#2767,#2768));
#2770=FACE_BOUND('',#2769,.T.);
#2771=ADVANCED_FACE('',(#2764,#2770),#2739,.F.);
#2772=CARTESIAN_POINT('',(-0.182938733664935,-0.193214882795069,0.303145669291339));
#2773=DIRECTION('',(-1.0,0.0,0.0));
#2774=DIRECTION('',(0.0,0.0,1.0));
#2775=AXIS2_PLACEMENT_3D('',#2772,#2773,#2774);
#2776=PLANE('',#2775);
#2777=CARTESIAN_POINT('',(-0.182938733664935,-0.192913385826772,0.303228346456693));
#2778=VERTEX_POINT('',#2777);
#2779=CARTESIAN_POINT('',(-0.182938733664935,-0.186883446460835,0.303228346456693));
#2780=VERTEX_POINT('',#2779);
#2781=CARTESIAN_POINT('',(-0.182938733664935,-0.192913385826772,0.303228346456693));
#2782=DIRECTION('',(0.0,1.0,0.0));
#2783=VECTOR('',#2782,0.006029939365937);
#2784=LINE('',#2781,#2783);
#2785=EDGE_CURVE('',#2778,#2780,#2784,.T.);
#2786=ORIENTED_EDGE('',*,*,#2785,.T.);
#2787=CARTESIAN_POINT('',(-0.182938733664935,-0.186883446460835,0.303149606299213));
#2788=VERTEX_POINT('',#2787);
#2789=CARTESIAN_POINT('',(-0.182938733664935,-0.186883446460835,0.303149606299213));
#2790=DIRECTION('',(0.0,0.0,1.0));
#2791=VECTOR('',#2790,0.00007874015748);
#2792=LINE('',#2789,#2791);
#2793=EDGE_CURVE('',#2788,#2780,#2792,.T.);
#2794=ORIENTED_EDGE('',*,*,#2793,.F.);
#2795=CARTESIAN_POINT('',(-0.182938733664935,-0.192913385826772,0.303149606299213));
#2796=VERTEX_POINT('',#2795);
#2797=CARTESIAN_POINT('',(-0.182938733664935,-0.192913385826772,0.303149606299213));
#2798=DIRECTION('',(0.0,1.0,0.0));
#2799=VECTOR('',#2798,0.006029939365937);
#2800=LINE('',#2797,#2799);
#2801=EDGE_CURVE('',#2796,#2788,#2800,.T.);
#2802=ORIENTED_EDGE('',*,*,#2801,.F.);
#2803=CARTESIAN_POINT('',(-0.182938733664935,-0.192913385826772,0.303149606299213));
#2804=DIRECTION('',(0.0,0.0,1.0));
#2805=VECTOR('',#2804,0.00007874015748);
#2806=LINE('',#2803,#2805);
#2807=EDGE_CURVE('',#2796,#2778,#2806,.T.);
#2808=ORIENTED_EDGE('',*,*,#2807,.T.);
#2809=EDGE_LOOP('',(#2786,#2794,#2802,#2808));
#2810=FACE_OUTER_BOUND('',#2809,.T.);
#2811=ADVANCED_FACE('',(#2810),#2776,.T.);
#2812=CARTESIAN_POINT('',(-0.183474728275241,-0.186883446460835,0.303145669291339));
#2813=DIRECTION('',(0.0,1.0,0.0));
#2814=DIRECTION('',(0.0,0.0,1.0));
#2815=AXIS2_PLACEMENT_3D('',#2812,#2813,#2814);
#2816=PLANE('',#2815);
#2817=CARTESIAN_POINT('',(-0.172218841458825,-0.186883446460835,0.303228346456693));
#2818=VERTEX_POINT('',#2817);
#2819=CARTESIAN_POINT('',(-0.182938733664935,-0.186883446460835,0.303228346456693));
#2820=DIRECTION('',(1.0,0.0,0.0));
#2821=VECTOR('',#2820,0.01071989220611);
#2822=LINE('',#2819,#2821);
#2823=EDGE_CURVE('',#2780,#2818,#2822,.T.);
#2824=ORIENTED_EDGE('',*,*,#2823,.T.);
#2825=CARTESIAN_POINT('',(-0.172218841458825,-0.186883446460835,0.303149606299213));
#2826=VERTEX_POINT('',#2825);
#2827=CARTESIAN_POINT('',(-0.172218841458825,-0.186883446460835,0.303149606299213));
#2828=DIRECTION('',(0.0,0.0,1.0));
#2829=VECTOR('',#2828,0.00007874015748);
#2830=LINE('',#2827,#2829);
#2831=EDGE_CURVE('',#2826,#2818,#2830,.T.);
#2832=ORIENTED_EDGE('',*,*,#2831,.F.);
#2833=CARTESIAN_POINT('',(-0.182938733664935,-0.186883446460835,0.303149606299213));
#2834=DIRECTION('',(1.0,0.0,0.0));
#2835=VECTOR('',#2834,0.01071989220611);
#2836=LINE('',#2833,#2835);
#2837=EDGE_CURVE('',#2788,#2826,#2836,.T.);
#2838=ORIENTED_EDGE('',*,*,#2837,.F.);
#2839=ORIENTED_EDGE('',*,*,#2793,.T.);
#2840=EDGE_LOOP('',(#2824,#2832,#2838,#2839));
#2841=FACE_OUTER_BOUND('',#2840,.T.);
#2842=ADVANCED_FACE('',(#2841),#2816,.T.);
#2843=CARTESIAN_POINT('',(-0.172218841458825,-0.188862319419418,0.303145669291339));
#2844=DIRECTION('',(-1.0,0.0,0.0));
#2845=DIRECTION('',(0.0,0.0,1.0));
#2846=AXIS2_PLACEMENT_3D('',#2843,#2844,#2845);
#2847=PLANE('',#2846);
#2848=CARTESIAN_POINT('',(-0.172218841458825,-0.147305987289168,0.303228346456693));
#2849=VERTEX_POINT('',#2848);
#2850=CARTESIAN_POINT('',(-0.172218841458825,-0.186883446460835,0.303228346456693));
#2851=DIRECTION('',(0.0,1.0,0.0));
#2852=VECTOR('',#2851,0.039577459171667);
#2853=LINE('',#2850,#2852);
#2854=EDGE_CURVE('',#2818,#2849,#2853,.T.);
#2855=ORIENTED_EDGE('',*,*,#2854,.T.);
#2856=CARTESIAN_POINT('',(-0.172218841458825,-0.147305987289168,0.303149606299213));
#2857=VERTEX_POINT('',#2856);
#2858=CARTESIAN_POINT('',(-0.172218841458825,-0.147305987289168,0.303149606299213));
#2859=DIRECTION('',(0.0,0.0,1.0));
#2860=VECTOR('',#2859,0.00007874015748);
#2861=LINE('',#2858,#2860);
#2862=EDGE_CURVE('',#2857,#2849,#2861,.T.);
#2863=ORIENTED_EDGE('',*,*,#2862,.F.);
#2864=CARTESIAN_POINT('',(-0.172218841458825,-0.186883446460835,0.303149606299213));
#2865=DIRECTION('',(0.0,1.0,0.0));
#2866=VECTOR('',#2865,0.039577459171667);
#2867=LINE('',#2864,#2866);
#2868=EDGE_CURVE('',#2826,#2857,#2867,.T.);
#2869=ORIENTED_EDGE('',*,*,#2868,.F.);
#2870=ORIENTED_EDGE('',*,*,#2831,.T.);
#2871=EDGE_LOOP('',(#2855,#2863,#2869,#2870));
#2872=FACE_OUTER_BOUND('',#2871,.T.);
#2873=ADVANCED_FACE('',(#2872),#2847,.T.);
#2874=CARTESIAN_POINT('',(-0.183474728275241,-0.147305987289168,0.303232283464567));
#2875=DIRECTION('',(0.0,-1.0,0.0));
#2876=DIRECTION('',(0.0,0.0,-1.0));
#2877=AXIS2_PLACEMENT_3D('',#2874,#2875,#2876);
#2878=PLANE('',#2877);
#2879=CARTESIAN_POINT('',(-0.182938733664935,-0.147305987289168,0.303228346456693));
#2880=VERTEX_POINT('',#2879);
#2881=CARTESIAN_POINT('',(-0.172218841458825,-0.147305987289168,0.303228346456693));
#2882=DIRECTION('',(-1.0,0.0,0.0));
#2883=VECTOR('',#2882,0.01071989220611);
#2884=LINE('',#2881,#2883);
#2885=EDGE_CURVE('',#2849,#2880,#2884,.T.);
#2886=ORIENTED_EDGE('',*,*,#2885,.T.);
#2887=CARTESIAN_POINT('',(-0.182938733664935,-0.147305987289168,0.303149606299213));
#2888=VERTEX_POINT('',#2887);
#2889=CARTESIAN_POINT('',(-0.182938733664935,-0.147305987289168,0.303149606299213));
#2890=DIRECTION('',(0.0,0.0,1.0));
#2891=VECTOR('',#2890,0.00007874015748);
#2892=LINE('',#2889,#2891);
#2893=EDGE_CURVE('',#2888,#2880,#2892,.T.);
#2894=ORIENTED_EDGE('',*,*,#2893,.F.);
#2895=CARTESIAN_POINT('',(-0.172218841458825,-0.147305987289168,0.303149606299213));
#2896=DIRECTION('',(-1.0,0.0,0.0));
#2897=VECTOR('',#2896,0.01071989220611);
#2898=LINE('',#2895,#2897);
#2899=EDGE_CURVE('',#2857,#2888,#2898,.T.);
#2900=ORIENTED_EDGE('',*,*,#2899,.F.);
#2901=ORIENTED_EDGE('',*,*,#2862,.T.);
#2902=EDGE_LOOP('',(#2886,#2894,#2900,#2901));
#2903=FACE_OUTER_BOUND('',#2902,.T.);
#2904=ADVANCED_FACE('',(#2903),#2878,.T.);
#2905=CARTESIAN_POINT('',(-0.182938733664935,-0.147576377427402,0.303145669291339));
#2906=DIRECTION('',(-1.0,0.0,0.0));
#2907=DIRECTION('',(0.0,0.0,1.0));
#2908=AXIS2_PLACEMENT_3D('',#2905,#2906,#2907);
#2909=PLANE('',#2908);
#2910=CARTESIAN_POINT('',(-0.182938733664935,-0.141898184524479,0.303228346456693));
#2911=VERTEX_POINT('',#2910);
#2912=CARTESIAN_POINT('',(-0.182938733664935,-0.147305987289168,0.303228346456693));
#2913=DIRECTION('',(0.0,1.0,0.0));
#2914=VECTOR('',#2913,0.005407802764689);
#2915=LINE('',#2912,#2914);
#2916=EDGE_CURVE('',#2880,#2911,#2915,.T.);
#2917=ORIENTED_EDGE('',*,*,#2916,.T.);
#2918=CARTESIAN_POINT('',(-0.182938733664935,-0.141898184524479,0.303149606299213));
#2919=VERTEX_POINT('',#2918);
#2920=CARTESIAN_POINT('',(-0.182938733664935,-0.141898184524479,0.303149606299213));
#2921=DIRECTION('',(0.0,0.0,1.0));
#2922=VECTOR('',#2921,0.00007874015748);
#2923=LINE('',#2920,#2922);
#2924=EDGE_CURVE('',#2919,#2911,#2923,.T.);
#2925=ORIENTED_EDGE('',*,*,#2924,.F.);
#2926=CARTESIAN_POINT('',(-0.182938733664935,-0.147305987289168,0.303149606299213));
#2927=DIRECTION('',(0.0,1.0,0.0));
#2928=VECTOR('',#2927,0.005407802764689);
#2929=LINE('',#2926,#2928);
#2930=EDGE_CURVE('',#2888,#2919,#2929,.T.);
#2931=ORIENTED_EDGE('',*,*,#2930,.F.);
#2932=ORIENTED_EDGE('',*,*,#2893,.T.);
#2933=EDGE_LOOP('',(#2917,#2925,#2931,#2932));
#2934=FACE_OUTER_BOUND('',#2933,.T.);
#2935=ADVANCED_FACE('',(#2934),#2909,.T.);
#2936=CARTESIAN_POINT('',(-0.170735284948158,-0.133666838723358,0.303149606299213));
#2937=CARTESIAN_POINT('',(-0.171118138241233,-0.1384525048868,0.303149606299213));
#2938=CARTESIAN_POINT('',(-0.176860937637364,-0.141898184524479,0.303149606299213));
#2939=CARTESIAN_POINT('',(-0.182938733664935,-0.141898184524479,0.303149606299213));
#2940=CARTESIAN_POINT('',(-0.170735284948158,-0.133666838723358,0.303228346456693));
#2941=CARTESIAN_POINT('',(-0.171118138241233,-0.1384525048868,0.303228346456693));
#2942=CARTESIAN_POINT('',(-0.176860937637364,-0.141898184524479,0.303228346456693));
#2943=CARTESIAN_POINT('',(-0.182938733664935,-0.141898184524479,0.303228346456693));
#2944=B_SPLINE_SURFACE_WITH_KNOTS('',2,1,((#2936,#2940),(#2937,#2941),(#2938,#2942),(#2939,#2943)),.UNSPECIFIED.,.F.,.F.,.F.,(3,1,3),(2,2),(-2.0,-1.0,0.0),(0.0,0.00007874015748),.UNSPECIFIED.);
#2945=CARTESIAN_POINT('',(-0.170735284948158,-0.133666838723358,0.303228346456693));
#2946=VERTEX_POINT('',#2945);
#2947=CARTESIAN_POINT('',(-0.182938733664935,-0.141898184524479,0.303228346456693));
#2948=CARTESIAN_POINT('',(-0.176860937637364,-0.141898184524479,0.303228346456693));
#2949=CARTESIAN_POINT('',(-0.171118138241233,-0.1384525048868,0.303228346456693));
#2950=CARTESIAN_POINT('',(-0.170735284948158,-0.133666838723358,0.303228346456693));
#2951=QUASI_UNIFORM_CURVE('',2,(#2947,#2948,#2949,#2950),.UNSPECIFIED.,.F.,.U.);
#2952=EDGE_CURVE('',#2911,#2946,#2951,.T.);
#2953=ORIENTED_EDGE('',*,*,#2952,.T.);
#2954=CARTESIAN_POINT('',(-0.170735284948158,-0.133666838723358,0.303149606299213));
#2955=VERTEX_POINT('',#2954);
#2956=CARTESIAN_POINT('',(-0.170735284948158,-0.133666838723358,0.303149606299213));
#2957=DIRECTION('',(0.0,0.0,1.0));
#2958=VECTOR('',#2957,0.00007874015748);
#2959=LINE('',#2956,#2958);
#2960=EDGE_CURVE('',#2955,#2946,#2959,.T.);
#2961=ORIENTED_EDGE('',*,*,#2960,.F.);
#2962=CARTESIAN_POINT('',(-0.182938733664935,-0.141898184524479,0.303149606299213));
#2963=CARTESIAN_POINT('',(-0.176860937637364,-0.141898184524479,0.303149606299213));
#2964=CARTESIAN_POINT('',(-0.171118138241233,-0.1384525048868,0.303149606299213));
#2965=CARTESIAN_POINT('',(-0.170735284948158,-0.133666838723358,0.303149606299213));
#2966=QUASI_UNIFORM_CURVE('',2,(#2962,#2963,#2964,#2965),.UNSPECIFIED.,.F.,.U.);
#2967=EDGE_CURVE('',#2919,#2955,#2966,.T.);
#2968=ORIENTED_EDGE('',*,*,#2967,.F.);
#2969=ORIENTED_EDGE('',*,*,#2924,.T.);
#2970=EDGE_LOOP('',(#2953,#2961,#2968,#2969));
#2971=FACE_OUTER_BOUND('',#2970,.T.);
#2972=ADVANCED_FACE('',(#2971),#2944,.T.);
#2973=CARTESIAN_POINT('',(-0.171041567582618,-0.133666838723358,0.303145669291339));
#2974=DIRECTION('',(0.0,1.0,0.0));
#2975=DIRECTION('',(0.0,0.0,1.0));
#2976=AXIS2_PLACEMENT_3D('',#2973,#2974,#2975);
#2977=PLANE('',#2976);
#2978=CARTESIAN_POINT('',(-0.164609632258952,-0.133666838723358,0.303228346456693));
#2979=VERTEX_POINT('',#2978);
#2980=CARTESIAN_POINT('',(-0.170735284948158,-0.133666838723358,0.303228346456693));
#2981=DIRECTION('',(1.0,0.0,0.0));
#2982=VECTOR('',#2981,0.006125652689206);
#2983=LINE('',#2980,#2982);
#2984=EDGE_CURVE('',#2946,#2979,#2983,.T.);
#2985=ORIENTED_EDGE('',*,*,#2984,.T.);
#2986=CARTESIAN_POINT('',(-0.164609632258952,-0.133666838723358,0.303149606299213));
#2987=VERTEX_POINT('',#2986);
#2988=CARTESIAN_POINT('',(-0.164609632258952,-0.133666838723358,0.303149606299213));
#2989=DIRECTION('',(0.0,0.0,1.0));
#2990=VECTOR('',#2989,0.00007874015748);
#2991=LINE('',#2988,#2990);
#2992=EDGE_CURVE('',#2987,#2979,#2991,.T.);
#2993=ORIENTED_EDGE('',*,*,#2992,.F.);
#2994=CARTESIAN_POINT('',(-0.170735284948158,-0.133666838723358,0.303149606299213));
#2995=DIRECTION('',(1.0,0.0,0.0));
#2996=VECTOR('',#2995,0.006125652689206);
#2997=LINE('',#2994,#2996);
#2998=EDGE_CURVE('',#2955,#2987,#2997,.T.);
#2999=ORIENTED_EDGE('',*,*,#2998,.F.);
#3000=ORIENTED_EDGE('',*,*,#2960,.T.);
#3001=EDGE_LOOP('',(#2985,#2993,#2999,#3000));
#3002=FACE_OUTER_BOUND('',#3001,.T.);
#3003=ADVANCED_FACE('',(#3002),#2977,.T.);
#3004=CARTESIAN_POINT('',(-0.164609632258952,-0.189544276847709,0.303232283464567));
#3005=DIRECTION('',(1.0,0.0,0.0));
#3006=DIRECTION('',(0.0,0.0,-1.0));
#3007=AXIS2_PLACEMENT_3D('',#3004,#3005,#3006);
#3008=PLANE('',#3007);
#3009=CARTESIAN_POINT('',(-0.164609632258952,-0.186883446460835,0.303228346456693));
#3010=VERTEX_POINT('',#3009);
#3011=CARTESIAN_POINT('',(-0.164609632258952,-0.133666838723358,0.303228346456693));
#3012=DIRECTION('',(0.0,-1.0,0.0));
#3013=VECTOR('',#3012,0.053216607737477);
#3014=LINE('',#3011,#3013);
#3015=EDGE_CURVE('',#2979,#3010,#3014,.T.);
#3016=ORIENTED_EDGE('',*,*,#3015,.T.);
#3017=CARTESIAN_POINT('',(-0.164609632258952,-0.186883446460835,0.303149606299213));
#3018=VERTEX_POINT('',#3017);
#3019=CARTESIAN_POINT('',(-0.164609632258952,-0.186883446460835,0.303149606299213));
#3020=DIRECTION('',(0.0,0.0,1.0));
#3021=VECTOR('',#3020,0.00007874015748);
#3022=LINE('',#3019,#3021);
#3023=EDGE_CURVE('',#3018,#3010,#3022,.T.);
#3024=ORIENTED_EDGE('',*,*,#3023,.F.);
#3025=CARTESIAN_POINT('',(-0.164609632258952,-0.133666838723358,0.303149606299213));
#3026=DIRECTION('',(0.0,-1.0,0.0));
#3027=VECTOR('',#3026,0.053216607737477);
#3028=LINE('',#3025,#3027);
#3029=EDGE_CURVE('',#2987,#3018,#3028,.T.);
#3030=ORIENTED_EDGE('',*,*,#3029,.F.);
#3031=ORIENTED_EDGE('',*,*,#2992,.T.);
#3032=EDGE_LOOP('',(#3016,#3024,#3030,#3031));
#3033=FACE_OUTER_BOUND('',#3032,.T.);
#3034=ADVANCED_FACE('',(#3033),#3008,.T.);
#3035=CARTESIAN_POINT('',(-0.165133662703849,-0.186883446460835,0.303145669291339));
#3036=DIRECTION('',(0.0,1.0,0.0));
#3037=DIRECTION('',(0.0,0.0,1.0));
#3038=AXIS2_PLACEMENT_3D('',#3035,#3036,#3037);
#3039=PLANE('',#3038);
#3040=CARTESIAN_POINT('',(-0.154129023361014,-0.186883446460835,0.303228346456693));
#3041=VERTEX_POINT('',#3040);
#3042=CARTESIAN_POINT('',(-0.164609632258952,-0.186883446460835,0.303228346456693));
#3043=DIRECTION('',(1.0,0.0,0.0));
#3044=VECTOR('',#3043,0.010480608897938);
#3045=LINE('',#3042,#3044);
#3046=EDGE_CURVE('',#3010,#3041,#3045,.T.);
#3047=ORIENTED_EDGE('',*,*,#3046,.T.);
#3048=CARTESIAN_POINT('',(-0.154129023361014,-0.186883446460835,0.303149606299213));
#3049=VERTEX_POINT('',#3048);
#3050=CARTESIAN_POINT('',(-0.154129023361014,-0.186883446460835,0.303149606299213));
#3051=DIRECTION('',(0.0,0.0,1.0));
#3052=VECTOR('',#3051,0.00007874015748);
#3053=LINE('',#3050,#3052);
#3054=EDGE_CURVE('',#3049,#3041,#3053,.T.);
#3055=ORIENTED_EDGE('',*,*,#3054,.F.);
#3056=CARTESIAN_POINT('',(-0.164609632258952,-0.186883446460835,0.303149606299213));
#3057=DIRECTION('',(1.0,0.0,0.0));
#3058=VECTOR('',#3057,0.010480608897938);
#3059=LINE('',#3056,#3058);
#3060=EDGE_CURVE('',#3018,#3049,#3059,.T.);
#3061=ORIENTED_EDGE('',*,*,#3060,.F.);
#3062=ORIENTED_EDGE('',*,*,#3023,.T.);
#3063=EDGE_LOOP('',(#3047,#3055,#3061,#3062));
#3064=FACE_OUTER_BOUND('',#3063,.T.);
#3065=ADVANCED_FACE('',(#3064),#3039,.T.);
#3066=CARTESIAN_POINT('',(-0.154129023361014,-0.193214882795069,0.303232283464567));
#3067=DIRECTION('',(1.0,0.0,0.0));
#3068=DIRECTION('',(0.0,0.0,-1.0));
#3069=AXIS2_PLACEMENT_3D('',#3066,#3067,#3068);
#3070=PLANE('',#3069);
#3071=CARTESIAN_POINT('',(-0.154129023361014,-0.192913385826772,0.303228346456693));
#3072=VERTEX_POINT('',#3071);
#3073=CARTESIAN_POINT('',(-0.154129023361014,-0.186883446460835,0.303228346456693));
#3074=DIRECTION('',(0.0,-1.0,0.0));
#3075=VECTOR('',#3074,0.006029939365937);
#3076=LINE('',#3073,#3075);
#3077=EDGE_CURVE('',#3041,#3072,#3076,.T.);
#3078=ORIENTED_EDGE('',*,*,#3077,.T.);
#3079=CARTESIAN_POINT('',(-0.154129023361014,-0.192913385826772,0.303149606299213));
#3080=VERTEX_POINT('',#3079);
#3081=CARTESIAN_POINT('',(-0.154129023361014,-0.192913385826772,0.303149606299213));
#3082=DIRECTION('',(0.0,0.0,1.0));
#3083=VECTOR('',#3082,0.00007874015748);
#3084=LINE('',#3081,#3083);
#3085=EDGE_CURVE('',#3080,#3072,#3084,.T.);
#3086=ORIENTED_EDGE('',*,*,#3085,.F.);
#3087=CARTESIAN_POINT('',(-0.154129023361014,-0.186883446460835,0.303149606299213));
#3088=DIRECTION('',(0.0,-1.0,0.0));
#3089=VECTOR('',#3088,0.006029939365937);
#3090=LINE('',#3087,#3089);
#3091=EDGE_CURVE('',#3049,#3080,#3090,.T.);
#3092=ORIENTED_EDGE('',*,*,#3091,.F.);
#3093=ORIENTED_EDGE('',*,*,#3054,.T.);
#3094=EDGE_LOOP('',(#3078,#3086,#3092,#3093));
#3095=FACE_OUTER_BOUND('',#3094,.T.);
#3096=ADVANCED_FACE('',(#3095),#3070,.T.);
#3097=CARTESIAN_POINT('',(-0.184379219180131,-0.192913385826772,0.303232283464567));
#3098=DIRECTION('',(0.0,-1.0,0.0));
#3099=DIRECTION('',(0.0,0.0,-1.0));
#3100=AXIS2_PLACEMENT_3D('',#3097,#3098,#3099);
#3101=PLANE('',#3100);
#3102=CARTESIAN_POINT('',(-0.154129023361014,-0.192913385826772,0.303228346456693));
#3103=DIRECTION('',(-1.0,0.0,0.0));
#3104=VECTOR('',#3103,0.028809710303921);
#3105=LINE('',#3102,#3104);
#3106=EDGE_CURVE('',#3072,#2778,#3105,.T.);
#3107=ORIENTED_EDGE('',*,*,#3106,.T.);
#3108=ORIENTED_EDGE('',*,*,#2807,.F.);
#3109=CARTESIAN_POINT('',(-0.154129023361014,-0.192913385826772,0.303149606299213));
#3110=DIRECTION('',(-1.0,0.0,0.0));
#3111=VECTOR('',#3110,0.028809710303921);
#3112=LINE('',#3109,#3111);
#3113=EDGE_CURVE('',#3080,#2796,#3112,.T.);
#3114=ORIENTED_EDGE('',*,*,#3113,.F.);
#3115=ORIENTED_EDGE('',*,*,#3085,.T.);
#3116=EDGE_LOOP('',(#3107,#3108,#3114,#3115));
#3117=FACE_OUTER_BOUND('',#3116,.T.);
#3118=ADVANCED_FACE('',(#3117),#3101,.T.);
#3119=CARTESIAN_POINT('',(-0.184379219180131,-0.195875713181943,0.303228346456693));
#3120=DIRECTION('',(0.0,0.0,1.0));
#3121=DIRECTION('',(1.0,0.0,0.0));
#3122=AXIS2_PLACEMENT_3D('',#3119,#3120,#3121);
#3123=PLANE('',#3122);
#3124=ORIENTED_EDGE('',*,*,#2785,.F.);
#3125=ORIENTED_EDGE('',*,*,#3106,.F.);
#3126=ORIENTED_EDGE('',*,*,#3077,.F.);
#3127=ORIENTED_EDGE('',*,*,#3046,.F.);
#3128=ORIENTED_EDGE('',*,*,#3015,.F.);
#3129=ORIENTED_EDGE('',*,*,#2984,.F.);
#3130=ORIENTED_EDGE('',*,*,#2952,.F.);
#3131=ORIENTED_EDGE('',*,*,#2916,.F.);
#3132=ORIENTED_EDGE('',*,*,#2885,.F.);
#3133=ORIENTED_EDGE('',*,*,#2854,.F.);
#3134=ORIENTED_EDGE('',*,*,#2823,.F.);
#3135=EDGE_LOOP('',(#3124,#3125,#3126,#3127,#3128,#3129,#3130,#3131,#3132,#3133,#3134));
#3136=FACE_OUTER_BOUND('',#3135,.T.);
#3137=ADVANCED_FACE('',(#3136),#3123,.T.);
#3138=CARTESIAN_POINT('',(0.15391902813395,-0.194384978202978,0.303145669291339));
#3139=DIRECTION('',(-1.0,0.0,0.0));
#3140=DIRECTION('',(0.0,0.0,1.0));
#3141=AXIS2_PLACEMENT_3D('',#3138,#3139,#3140);
#3142=PLANE('',#3141);
#3143=CARTESIAN_POINT('',(0.15391902813395,-0.193966232413677,0.303228346456693));
#3144=VERTEX_POINT('',#3143);
#3145=CARTESIAN_POINT('',(0.15391902813395,-0.185591316627654,0.303228346456693));
#3146=VERTEX_POINT('',#3145);
#3147=CARTESIAN_POINT('',(0.15391902813395,-0.193966232413677,0.303228346456693));
#3148=DIRECTION('',(0.0,1.0,0.0));
#3149=VECTOR('',#3148,0.008374915786023);
#3150=LINE('',#3147,#3149);
#3151=EDGE_CURVE('',#3144,#3146,#3150,.T.);
#3152=ORIENTED_EDGE('',*,*,#3151,.T.);
#3153=CARTESIAN_POINT('',(0.15391902813395,-0.185591316627654,0.303149606299213));
#3154=VERTEX_POINT('',#3153);
#3155=CARTESIAN_POINT('',(0.15391902813395,-0.185591316627654,0.303149606299213));
#3156=DIRECTION('',(0.0,0.0,1.0));
#3157=VECTOR('',#3156,0.00007874015748);
#3158=LINE('',#3155,#3157);
#3159=EDGE_CURVE('',#3154,#3146,#3158,.T.);
#3160=ORIENTED_EDGE('',*,*,#3159,.F.);
#3161=CARTESIAN_POINT('',(0.15391902813395,-0.193966232413677,0.303149606299213));
#3162=VERTEX_POINT('',#3161);
#3163=CARTESIAN_POINT('',(0.15391902813395,-0.193966232413677,0.303149606299213));
#3164=DIRECTION('',(0.0,1.0,0.0));
#3165=VECTOR('',#3164,0.008374915786023);
#3166=LINE('',#3163,#3165);
#3167=EDGE_CURVE('',#3162,#3154,#3166,.T.);
#3168=ORIENTED_EDGE('',*,*,#3167,.F.);
#3169=CARTESIAN_POINT('',(0.15391902813395,-0.193966232413677,0.303149606299213));
#3170=DIRECTION('',(0.0,0.0,1.0));
#3171=VECTOR('',#3170,0.00007874015748);
#3172=LINE('',#3169,#3171);
#3173=EDGE_CURVE('',#3162,#3144,#3172,.T.);
#3174=ORIENTED_EDGE('',*,*,#3173,.T.);
#3175=EDGE_LOOP('',(#3152,#3160,#3168,#3174));
#3176=FACE_OUTER_BOUND('',#3175,.T.);
#3177=ADVANCED_FACE('',(#3176),#3142,.T.);
#3178=CARTESIAN_POINT('',(0.168180313301007,-0.171377888122231,0.303149606299213));
#3179=CARTESIAN_POINT('',(0.164830346986598,-0.175062851068081,0.303149606299213));
#3180=CARTESIAN_POINT('',(0.157843274387972,-0.181906353681803,0.303149606299213));
#3181=CARTESIAN_POINT('',(0.15391902813395,-0.185591316627654,0.303149606299213));
#3182=CARTESIAN_POINT('',(0.168180313301007,-0.171377888122231,0.303228346456693));
#3183=CARTESIAN_POINT('',(0.164830346986598,-0.175062851068081,0.303228346456693));
#3184=CARTESIAN_POINT('',(0.157843274387972,-0.181906353681803,0.303228346456693));
#3185=CARTESIAN_POINT('',(0.15391902813395,-0.185591316627654,0.303228346456693));
#3186=B_SPLINE_SURFACE_WITH_KNOTS('',2,1,((#3178,#3182),(#3179,#3183),(#3180,#3184),(#3181,#3185)),.UNSPECIFIED.,.F.,.F.,.F.,(3,1,3),(2,2),(-2.0,-1.0,0.0),(0.0,0.00007874015748),.UNSPECIFIED.);
#3187=CARTESIAN_POINT('',(0.168180313301007,-0.171377888122231,0.303228346456693));
#3188=VERTEX_POINT('',#3187);
#3189=CARTESIAN_POINT('',(0.15391902813395,-0.185591316627654,0.303228346456693));
#3190=CARTESIAN_POINT('',(0.157843274387972,-0.181906353681803,0.303228346456693));
#3191=CARTESIAN_POINT('',(0.164830346986598,-0.175062851068081,0.303228346456693));
#3192=CARTESIAN_POINT('',(0.168180313301007,-0.171377888122231,0.303228346456693));
#3193=QUASI_UNIFORM_CURVE('',2,(#3189,#3190,#3191,#3192),.UNSPECIFIED.,.F.,.U.);
#3194=EDGE_CURVE('',#3146,#3188,#3193,.T.);
#3195=ORIENTED_EDGE('',*,*,#3194,.T.);
#3196=CARTESIAN_POINT('',(0.168180313301007,-0.171377888122231,0.303149606299213));
#3197=VERTEX_POINT('',#3196);
#3198=CARTESIAN_POINT('',(0.168180313301007,-0.171377888122231,0.303149606299213));
#3199=DIRECTION('',(0.0,0.0,1.0));
#3200=VECTOR('',#3199,0.00007874015748);
#3201=LINE('',#3198,#3200);
#3202=EDGE_CURVE('',#3197,#3188,#3201,.T.);
#3203=ORIENTED_EDGE('',*,*,#3202,.F.);
#3204=CARTESIAN_POINT('',(0.15391902813395,-0.185591316627654,0.303149606299213));
#3205=CARTESIAN_POINT('',(0.157843274387972,-0.181906353681803,0.303149606299213));
#3206=CARTESIAN_POINT('',(0.164830346986598,-0.175062851068081,0.303149606299213));
#3207=CARTESIAN_POINT('',(0.168180313301007,-0.171377888122231,0.303149606299213));
#3208=QUASI_UNIFORM_CURVE('',2,(#3204,#3205,#3206,#3207),.UNSPECIFIED.,.F.,.U.);
#3209=EDGE_CURVE('',#3154,#3197,#3208,.T.);
#3210=ORIENTED_EDGE('',*,*,#3209,.F.);
#3211=ORIENTED_EDGE('',*,*,#3159,.T.);
#3212=EDGE_LOOP('',(#3195,#3203,#3210,#3211));
#3213=FACE_OUTER_BOUND('',#3212,.T.);
#3214=ADVANCED_FACE('',(#3213),#3186,.T.);
#3215=CARTESIAN_POINT('',(0.179857338739806,-0.150320957003085,0.303149606299213));
#3216=CARTESIAN_POINT('',(0.179857338739806,-0.155058766504893,0.303149606299213));
#3217=CARTESIAN_POINT('',(0.174928102591461,-0.163960105568895,0.303149606299213));
#3218=CARTESIAN_POINT('',(0.168180313301007,-0.171377888122231,0.303149606299213));
#3219=CARTESIAN_POINT('',(0.179857338739806,-0.150320957003085,0.303228346456693));
#3220=CARTESIAN_POINT('',(0.179857338739806,-0.155058766504893,0.303228346456693));
#3221=CARTESIAN_POINT('',(0.174928102591461,-0.163960105568895,0.303228346456693));
#3222=CARTESIAN_POINT('',(0.168180313301007,-0.171377888122231,0.303228346456693));
#3223=B_SPLINE_SURFACE_WITH_KNOTS('',2,1,((#3215,#3219),(#3216,#3220),(#3217,#3221),(#3218,#3222)),.UNSPECIFIED.,.F.,.F.,.F.,(3,1,3),(2,2),(-2.0,-1.0,0.0),(0.0,0.00007874015748),.UNSPECIFIED.);
#3224=CARTESIAN_POINT('',(0.179857338739806,-0.150320957003085,0.303149606299213));
#3225=VERTEX_POINT('',#3224);
#3226=CARTESIAN_POINT('',(0.179857338739806,-0.150320957003085,0.303228346456693));
#3227=VERTEX_POINT('',#3226);
#3228=CARTESIAN_POINT('',(0.179857338739806,-0.150320957003085,0.303149606299213));
#3229=DIRECTION('',(0.0,0.0,1.0));
#3230=VECTOR('',#3229,0.00007874015748);
#3231=LINE('',#3228,#3230);
#3232=EDGE_CURVE('',#3225,#3227,#3231,.T.);
#3233=ORIENTED_EDGE('',*,*,#3232,.F.);
#3234=CARTESIAN_POINT('',(0.168180313301007,-0.171377888122231,0.303149606299213));
#3235=CARTESIAN_POINT('',(0.174928102591461,-0.163960105568895,0.303149606299213));
#3236=CARTESIAN_POINT('',(0.179857338739806,-0.155058766504893,0.303149606299213));
#3237=CARTESIAN_POINT('',(0.179857338739806,-0.150320957003085,0.303149606299213));
#3238=QUASI_UNIFORM_CURVE('',2,(#3234,#3235,#3236,#3237),.UNSPECIFIED.,.F.,.U.);
#3239=EDGE_CURVE('',#3197,#3225,#3238,.T.);
#3240=ORIENTED_EDGE('',*,*,#3239,.F.);
#3241=ORIENTED_EDGE('',*,*,#3202,.T.);
#3242=CARTESIAN_POINT('',(0.168180313301007,-0.171377888122231,0.303228346456693));
#3243=CARTESIAN_POINT('',(0.174928102591461,-0.163960105568895,0.303228346456693));
#3244=CARTESIAN_POINT('',(0.179857338739806,-0.155058766504893,0.303228346456693));
#3245=CARTESIAN_POINT('',(0.179857338739806,-0.150320957003085,0.303228346456693));
#3246=QUASI_UNIFORM_CURVE('',2,(#3242,#3243,#3244,#3245),.UNSPECIFIED.,.F.,.U.);
#3247=EDGE_CURVE('',#3188,#3227,#3246,.T.);
#3248=ORIENTED_EDGE('',*,*,#3247,.T.);
#3249=EDGE_LOOP('',(#3233,#3240,#3241,#3248));
#3250=FACE_OUTER_BOUND('',#3249,.T.);
#3251=ADVANCED_FACE('',(#3250),#3223,.T.);
#3252=CARTESIAN_POINT('',(0.176938082380106,-0.14290317444975,0.303149606299213));
#3253=CARTESIAN_POINT('',(0.178325925567505,-0.14409959099061,0.303149606299213));
#3254=CARTESIAN_POINT('',(0.179857338739806,-0.147832410598095,0.303149606299213));
#3255=CARTESIAN_POINT('',(0.179857338739806,-0.150320957003085,0.303149606299213));
#3256=CARTESIAN_POINT('',(0.176938082380106,-0.14290317444975,0.303228346456693));
#3257=CARTESIAN_POINT('',(0.178325925567505,-0.14409959099061,0.303228346456693));
#3258=CARTESIAN_POINT('',(0.179857338739806,-0.147832410598095,0.303228346456693));
#3259=CARTESIAN_POINT('',(0.179857338739806,-0.150320957003085,0.303228346456693));
#3260=B_SPLINE_SURFACE_WITH_KNOTS('',2,1,((#3252,#3256),(#3253,#3257),(#3254,#3258),(#3255,#3259)),.UNSPECIFIED.,.F.,.F.,.F.,(3,1,3),(2,2),(-2.0,-1.0,0.0),(0.0,0.00007874015748),.UNSPECIFIED.);
#3261=CARTESIAN_POINT('',(0.176938082380106,-0.14290317444975,0.303228346456693));
#3262=VERTEX_POINT('',#3261);
#3263=CARTESIAN_POINT('',(0.179857338739806,-0.150320957003085,0.303228346456693));
#3264=CARTESIAN_POINT('',(0.179857338739806,-0.147832410598095,0.303228346456693));
#3265=CARTESIAN_POINT('',(0.178325925567505,-0.14409959099061,0.303228346456693));
#3266=CARTESIAN_POINT('',(0.176938082380106,-0.14290317444975,0.303228346456693));
#3267=QUASI_UNIFORM_CURVE('',2,(#3263,#3264,#3265,#3266),.UNSPECIFIED.,.F.,.U.);
#3268=EDGE_CURVE('',#3227,#3262,#3267,.T.);
#3269=ORIENTED_EDGE('',*,*,#3268,.T.);
#3270=CARTESIAN_POINT('',(0.176938082380106,-0.14290317444975,0.303149606299213));
#3271=VERTEX_POINT('',#3270);
#3272=CARTESIAN_POINT('',(0.176938082380106,-0.14290317444975,0.303149606299213));
#3273=DIRECTION('',(0.0,0.0,1.0));
#3274=VECTOR('',#3273,0.00007874015748);
#3275=LINE('',#3272,#3274);
#3276=EDGE_CURVE('',#3271,#3262,#3275,.T.);
#3277=ORIENTED_EDGE('',*,*,#3276,.F.);
#3278=CARTESIAN_POINT('',(0.179857338739806,-0.150320957003085,0.303149606299213));
#3279=CARTESIAN_POINT('',(0.179857338739806,-0.147832410598095,0.303149606299213));
#3280=CARTESIAN_POINT('',(0.178325925567505,-0.14409959099061,0.303149606299213));
#3281=CARTESIAN_POINT('',(0.176938082380106,-0.14290317444975,0.303149606299213));
#3282=QUASI_UNIFORM_CURVE('',2,(#3278,#3279,#3280,#3281),.UNSPECIFIED.,.F.,.U.);
#3283=EDGE_CURVE('',#3225,#3271,#3282,.T.);
#3284=ORIENTED_EDGE('',*,*,#3283,.F.);
#3285=ORIENTED_EDGE('',*,*,#3232,.T.);
#3286=EDGE_LOOP('',(#3269,#3277,#3284,#3285));
#3287=FACE_OUTER_BOUND('',#3286,.T.);
#3288=ADVANCED_FACE('',(#3287),#3260,.T.);
#3289=CARTESIAN_POINT('',(0.169711726473309,-0.140510341368029,0.303149606299213));
#3290=CARTESIAN_POINT('',(0.171913132908492,-0.140510341368029,0.303149606299213));
#3291=CARTESIAN_POINT('',(0.175550239192708,-0.141706757908889,0.303149606299213));
#3292=CARTESIAN_POINT('',(0.176938082380106,-0.14290317444975,0.303149606299213));
#3293=CARTESIAN_POINT('',(0.169711726473309,-0.140510341368029,0.303228346456693));
#3294=CARTESIAN_POINT('',(0.171913132908492,-0.140510341368029,0.303228346456693));
#3295=CARTESIAN_POINT('',(0.175550239192708,-0.141706757908889,0.303228346456693));
#3296=CARTESIAN_POINT('',(0.176938082380106,-0.14290317444975,0.303228346456693));
#3297=B_SPLINE_SURFACE_WITH_KNOTS('',2,1,((#3289,#3293),(#3290,#3294),(#3291,#3295),(#3292,#3296)),.UNSPECIFIED.,.F.,.F.,.F.,(3,1,3),(2,2),(-2.0,-1.0,0.0),(0.0,0.00007874015748),.UNSPECIFIED.);
#3298=CARTESIAN_POINT('',(0.169711726473309,-0.140510341368029,0.303228346456693));
#3299=VERTEX_POINT('',#3298);
#3300=CARTESIAN_POINT('',(0.176938082380106,-0.14290317444975,0.303228346456693));
#3301=CARTESIAN_POINT('',(0.176012853588507,-0.142105563422509,0.303228346456693));
#3302=CARTESIAN_POINT('',(0.174944054812005,-0.141507355152079,0.303228346456693));
#3303=CARTESIAN_POINT('',(0.1737316860506,-0.141108549638459,0.303228346456693));
#3304=CARTESIAN_POINT('',(0.172519317289195,-0.140709744124839,0.303228346456693));
#3305=CARTESIAN_POINT('',(0.171179330763431,-0.140510341368029,0.303228346456693));
#3306=CARTESIAN_POINT('',(0.169711726473309,-0.140510341368029,0.303228346456693));
#3307=B_SPLINE_CURVE_WITH_KNOTS('',3,(#3300,#3301,#3302,#3303,#3304,#3305,#3306),.UNSPECIFIED.,.F.,.U.,(4,3,4),(0.0,0.003253633551988,0.006507267103977),.UNSPECIFIED.);
#3308=EDGE_CURVE('',#3262,#3299,#3307,.T.);
#3309=ORIENTED_EDGE('',*,*,#3308,.T.);
#3310=CARTESIAN_POINT('',(0.169711726473309,-0.140510341368029,0.303149606299213));
#3311=VERTEX_POINT('',#3310);
#3312=CARTESIAN_POINT('',(0.169711726473309,-0.140510341368029,0.303149606299213));
#3313=DIRECTION('',(0.0,0.0,1.0));
#3314=VECTOR('',#3313,0.00007874015748);
#3315=LINE('',#3312,#3314);
#3316=EDGE_CURVE('',#3311,#3299,#3315,.T.);
#3317=ORIENTED_EDGE('',*,*,#3316,.F.);
#3318=CARTESIAN_POINT('',(0.176938082380106,-0.14290317444975,0.303149606299213));
#3319=CARTESIAN_POINT('',(0.176012853588507,-0.142105563422509,0.303149606299213));
#3320=CARTESIAN_POINT('',(0.174944054812005,-0.141507355152079,0.303149606299213));
#3321=CARTESIAN_POINT('',(0.1737316860506,-0.141108549638459,0.303149606299213));
#3322=CARTESIAN_POINT('',(0.172519317289195,-0.140709744124839,0.303149606299213));
#3323=CARTESIAN_POINT('',(0.171179330763431,-0.140510341368029,0.303149606299213));
#3324=CARTESIAN_POINT('',(0.169711726473309,-0.140510341368029,0.303149606299213));
#3325=B_SPLINE_CURVE_WITH_KNOTS('',3,(#3318,#3319,#3320,#3321,#3322,#3323,#3324),.UNSPECIFIED.,.F.,.U.,(4,3,4),(0.0,0.003253633551988,0.006507267103977),.UNSPECIFIED.);
#3326=EDGE_CURVE('',#3271,#3311,#3325,.T.);
#3327=ORIENTED_EDGE('',*,*,#3326,.F.);
#3328=ORIENTED_EDGE('',*,*,#3276,.T.);
#3329=EDGE_LOOP('',(#3309,#3317,#3327,#3328));
#3330=FACE_OUTER_BOUND('',#3329,.T.);
#3331=ADVANCED_FACE('',(#3330),#3297,.T.);
#3332=CARTESIAN_POINT('',(0.161336810687285,-0.142376751171771,0.303149606299213));
#3333=CARTESIAN_POINT('',(0.163298933814296,-0.141563187923986,0.303149606299213));
#3334=CARTESIAN_POINT('',(0.167606033361394,-0.140510341368029,0.303149606299213));
#3335=CARTESIAN_POINT('',(0.169711726473309,-0.140510341368029,0.303149606299213));
#3336=CARTESIAN_POINT('',(0.161336810687285,-0.142376751171771,0.303228346456693));
#3337=CARTESIAN_POINT('',(0.163298933814296,-0.141563187923986,0.303228346456693));
#3338=CARTESIAN_POINT('',(0.167606033361394,-0.140510341368029,0.303228346456693));
#3339=CARTESIAN_POINT('',(0.169711726473309,-0.140510341368029,0.303228346456693));
#3340=B_SPLINE_SURFACE_WITH_KNOTS('',2,1,((#3332,#3336),(#3333,#3337),(#3334,#3338),(#3335,#3339)),.UNSPECIFIED.,.F.,.F.,.F.,(3,1,3),(2,2),(-2.0,-1.0,0.0),(0.0,0.00007874015748),.UNSPECIFIED.);
#3341=CARTESIAN_POINT('',(0.161336810687285,-0.142376751171771,0.303228346456693));
#3342=VERTEX_POINT('',#3341);
#3343=CARTESIAN_POINT('',(0.169711726473309,-0.140510341368029,0.303228346456693));
#3344=CARTESIAN_POINT('',(0.167606033361394,-0.140510341368029,0.303228346456693));
#3345=CARTESIAN_POINT('',(0.163298933814296,-0.141563187923986,0.303228346456693));
#3346=CARTESIAN_POINT('',(0.161336810687285,-0.142376751171771,0.303228346456693));
#3347=QUASI_UNIFORM_CURVE('',2,(#3343,#3344,#3345,#3346),.UNSPECIFIED.,.F.,.U.);
#3348=EDGE_CURVE('',#3299,#3342,#3347,.T.);
#3349=ORIENTED_EDGE('',*,*,#3348,.T.);
#3350=CARTESIAN_POINT('',(0.161336810687285,-0.142376751171771,0.303149606299213));
#3351=VERTEX_POINT('',#3350);
#3352=CARTESIAN_POINT('',(0.161336810687285,-0.142376751171771,0.303149606299213));
#3353=DIRECTION('',(0.0,0.0,1.0));
#3354=VECTOR('',#3353,0.00007874015748);
#3355=LINE('',#3352,#3354);
#3356=EDGE_CURVE('',#3351,#3342,#3355,.T.);
#3357=ORIENTED_EDGE('',*,*,#3356,.F.);
#3358=CARTESIAN_POINT('',(0.169711726473309,-0.140510341368029,0.303149606299213));
#3359=CARTESIAN_POINT('',(0.167606033361394,-0.140510341368029,0.303149606299213));
#3360=CARTESIAN_POINT('',(0.163298933814296,-0.141563187923986,0.303149606299213));
#3361=CARTESIAN_POINT('',(0.161336810687285,-0.142376751171771,0.303149606299213));
#3362=QUASI_UNIFORM_CURVE('',2,(#3358,#3359,#3360,#3361),.UNSPECIFIED.,.F.,.U.);
#3363=EDGE_CURVE('',#3311,#3351,#3362,.T.);
#3364=ORIENTED_EDGE('',*,*,#3363,.F.);
#3365=ORIENTED_EDGE('',*,*,#3316,.T.);
#3366=EDGE_LOOP('',(#3349,#3357,#3364,#3365));
#3367=FACE_OUTER_BOUND('',#3366,.T.);
#3368=ADVANCED_FACE('',(#3367),#3340,.T.);
#3369=CARTESIAN_POINT('',(0.155594011291155,-0.145631004162912,0.303149606299213));
#3370=CARTESIAN_POINT('',(0.156551144523843,-0.14496101090003,0.303149606299213));
#3371=CARTESIAN_POINT('',(0.15966182753008,-0.143046744434653,0.303149606299213));
#3372=CARTESIAN_POINT('',(0.161336810687285,-0.142376751171771,0.303149606299213));
#3373=CARTESIAN_POINT('',(0.155594011291155,-0.145631004162912,0.303228346456693));
#3374=CARTESIAN_POINT('',(0.156551144523843,-0.14496101090003,0.303228346456693));
#3375=CARTESIAN_POINT('',(0.15966182753008,-0.143046744434653,0.303228346456693));
#3376=CARTESIAN_POINT('',(0.161336810687285,-0.142376751171771,0.303228346456693));
#3377=B_SPLINE_SURFACE_WITH_KNOTS('',2,1,((#3369,#3373),(#3370,#3374),(#3371,#3375),(#3372,#3376)),.UNSPECIFIED.,.F.,.F.,.F.,(3,1,3),(2,2),(-2.0,-1.0,0.0),(0.0,0.00007874015748),.UNSPECIFIED.);
#3378=CARTESIAN_POINT('',(0.155594011291155,-0.145631004162912,0.303228346456693));
#3379=VERTEX_POINT('',#3378);
#3380=CARTESIAN_POINT('',(0.161336810687285,-0.142376751171771,0.303228346456693));
#3381=CARTESIAN_POINT('',(0.15966182753008,-0.143046744434653,0.303228346456693));
#3382=CARTESIAN_POINT('',(0.156551144523843,-0.14496101090003,0.303228346456693));
#3383=CARTESIAN_POINT('',(0.155594011291155,-0.145631004162912,0.303228346456693));
#3384=QUASI_UNIFORM_CURVE('',2,(#3380,#3381,#3382,#3383),.UNSPECIFIED.,.F.,.U.);
#3385=EDGE_CURVE('',#3342,#3379,#3384,.T.);
#3386=ORIENTED_EDGE('',*,*,#3385,.T.);
#3387=CARTESIAN_POINT('',(0.155594011291155,-0.145631004162912,0.303149606299213));
#3388=VERTEX_POINT('',#3387);
#3389=CARTESIAN_POINT('',(0.155594011291155,-0.145631004162912,0.303149606299213));
#3390=DIRECTION('',(0.0,0.0,1.0));
#3391=VECTOR('',#3390,0.00007874015748);
#3392=LINE('',#3389,#3391);
#3393=EDGE_CURVE('',#3388,#3379,#3392,.T.);
#3394=ORIENTED_EDGE('',*,*,#3393,.F.);
#3395=CARTESIAN_POINT('',(0.161336810687285,-0.142376751171771,0.303149606299213));
#3396=CARTESIAN_POINT('',(0.15966182753008,-0.143046744434653,0.303149606299213));
#3397=CARTESIAN_POINT('',(0.156551144523843,-0.14496101090003,0.303149606299213));
#3398=CARTESIAN_POINT('',(0.155594011291155,-0.145631004162912,0.303149606299213));
#3399=QUASI_UNIFORM_CURVE('',2,(#3395,#3396,#3397,#3398),.UNSPECIFIED.,.F.,.U.);
#3400=EDGE_CURVE('',#3351,#3388,#3399,.T.);
#3401=ORIENTED_EDGE('',*,*,#3400,.F.);
#3402=ORIENTED_EDGE('',*,*,#3356,.T.);
#3403=EDGE_LOOP('',(#3386,#3394,#3401,#3402));
#3404=FACE_OUTER_BOUND('',#3403,.T.);
#3405=ADVANCED_FACE('',(#3404),#3377,.T.);
#3406=CARTESIAN_POINT('',(0.15514176583871,-0.145631004162912,0.303232283464567));
#3407=DIRECTION('',(0.0,-1.0,0.0));
#3408=DIRECTION('',(0.0,0.0,-1.0));
#3409=AXIS2_PLACEMENT_3D('',#3406,#3407,#3408);
#3410=PLANE('',#3409);
#3411=CARTESIAN_POINT('',(0.155163301336445,-0.145631004162912,0.303228346456693));
#3412=VERTEX_POINT('',#3411);
#3413=CARTESIAN_POINT('',(0.155594011291155,-0.145631004162912,0.303228346456693));
#3414=DIRECTION('',(-1.0,0.0,0.0));
#3415=VECTOR('',#3414,0.00043070995471);
#3416=LINE('',#3413,#3415);
#3417=EDGE_CURVE('',#3379,#3412,#3416,.T.);
#3418=ORIENTED_EDGE('',*,*,#3417,.T.);
#3419=CARTESIAN_POINT('',(0.155163301336445,-0.145631004162912,0.303149606299213));
#3420=VERTEX_POINT('',#3419);
#3421=CARTESIAN_POINT('',(0.155163301336445,-0.145631004162912,0.303149606299213));
#3422=DIRECTION('',(0.0,0.0,1.0));
#3423=VECTOR('',#3422,0.00007874015748);
#3424=LINE('',#3421,#3423);
#3425=EDGE_CURVE('',#3420,#3412,#3424,.T.);
#3426=ORIENTED_EDGE('',*,*,#3425,.F.);
#3427=CARTESIAN_POINT('',(0.155594011291155,-0.145631004162912,0.303149606299213));
#3428=DIRECTION('',(-1.0,0.0,0.0));
#3429=VECTOR('',#3428,0.00043070995471);
#3430=LINE('',#3427,#3429);
#3431=EDGE_CURVE('',#3388,#3420,#3430,.T.);
#3432=ORIENTED_EDGE('',*,*,#3431,.F.);
#3433=ORIENTED_EDGE('',*,*,#3393,.T.);
#3434=EDGE_LOOP('',(#3418,#3426,#3432,#3433));
#3435=FACE_OUTER_BOUND('',#3434,.T.);
#3436=ADVANCED_FACE('',(#3435),#3410,.T.);
#3437=CARTESIAN_POINT('',(0.155163301336445,-0.146052142785295,0.303145669291339));
#3438=DIRECTION('',(-1.0,0.0,0.0));
#3439=DIRECTION('',(0.0,0.0,1.0));
#3440=AXIS2_PLACEMENT_3D('',#3437,#3438,#3439);
#3441=PLANE('',#3440);
#3442=CARTESIAN_POINT('',(0.155163301336445,-0.137208231715254,0.303228346456693));
#3443=VERTEX_POINT('',#3442);
#3444=CARTESIAN_POINT('',(0.155163301336445,-0.145631004162912,0.303228346456693));
#3445=DIRECTION('',(0.0,1.0,0.0));
#3446=VECTOR('',#3445,0.008422772447658);
#3447=LINE('',#3444,#3446);
#3448=EDGE_CURVE('',#3412,#3443,#3447,.T.);
#3449=ORIENTED_EDGE('',*,*,#3448,.T.);
#3450=CARTESIAN_POINT('',(0.155163301336445,-0.137208231715254,0.303149606299213));
#3451=VERTEX_POINT('',#3450);
#3452=CARTESIAN_POINT('',(0.155163301336445,-0.137208231715254,0.303149606299213));
#3453=DIRECTION('',(0.0,0.0,1.0));
#3454=VECTOR('',#3453,0.00007874015748);
#3455=LINE('',#3452,#3454);
#3456=EDGE_CURVE('',#3451,#3443,#3455,.T.);
#3457=ORIENTED_EDGE('',*,*,#3456,.F.);
#3458=CARTESIAN_POINT('',(0.155163301336445,-0.145631004162912,0.303149606299213));
#3459=DIRECTION('',(0.0,1.0,0.0));
#3460=VECTOR('',#3459,0.008422772447658);
#3461=LINE('',#3458,#3460);
#3462=EDGE_CURVE('',#3420,#3451,#3461,.T.);
#3463=ORIENTED_EDGE('',*,*,#3462,.F.);
#3464=ORIENTED_EDGE('',*,*,#3425,.T.);
#3465=EDGE_LOOP('',(#3449,#3457,#3463,#3464));
#3466=FACE_OUTER_BOUND('',#3465,.T.);
#3467=ADVANCED_FACE('',(#3466),#3441,.T.);
#3468=CARTESIAN_POINT('',(0.170286006412922,-0.133666838754307,0.303149606299213));
#3469=CARTESIAN_POINT('',(0.166361760158899,-0.133666838754307,0.303149606299213));
#3470=CARTESIAN_POINT('',(0.1576039910798,-0.136011815174393,0.303149606299213));
#3471=CARTESIAN_POINT('',(0.155163301336445,-0.137208231715254,0.303149606299213));
#3472=CARTESIAN_POINT('',(0.170286006412922,-0.133666838754307,0.303228346456693));
#3473=CARTESIAN_POINT('',(0.166361760158899,-0.133666838754307,0.303228346456693));
#3474=CARTESIAN_POINT('',(0.1576039910798,-0.136011815174393,0.303228346456693));
#3475=CARTESIAN_POINT('',(0.155163301336445,-0.137208231715254,0.303228346456693));
#3476=B_SPLINE_SURFACE_WITH_KNOTS('',2,1,((#3468,#3472),(#3469,#3473),(#3470,#3474),(#3471,#3475)),.UNSPECIFIED.,.F.,.F.,.F.,(3,1,3),(2,2),(-2.0,-1.0,0.0),(0.0,0.00007874015748),.UNSPECIFIED.);
#3477=CARTESIAN_POINT('',(0.170286006412922,-0.133666838754307,0.303149606299213));
#3478=VERTEX_POINT('',#3477);
#3479=CARTESIAN_POINT('',(0.170286006412922,-0.133666838754307,0.303228346456693));
#3480=VERTEX_POINT('',#3479);
#3481=CARTESIAN_POINT('',(0.170286006412922,-0.133666838754307,0.303149606299213));
#3482=DIRECTION('',(0.0,0.0,1.0));
#3483=VECTOR('',#3482,0.00007874015748);
#3484=LINE('',#3481,#3483);
#3485=EDGE_CURVE('',#3478,#3480,#3484,.T.);
#3486=ORIENTED_EDGE('',*,*,#3485,.F.);
#3487=CARTESIAN_POINT('',(0.155163301336445,-0.137208231715254,0.303149606299213));
#3488=CARTESIAN_POINT('',(0.1576039910798,-0.136011815174393,0.303149606299213));
#3489=CARTESIAN_POINT('',(0.166361760158899,-0.133666838754307,0.303149606299213));
#3490=CARTESIAN_POINT('',(0.170286006412922,-0.133666838754307,0.303149606299213));
#3491=B_SPLINE_CURVE_WITH_KNOTS('',2,(#3487,#3488,#3489,#3490),.UNSPECIFIED.,.F.,.U.,(3,1,3),(-2.0,-1.0,0.0),.UNSPECIFIED.);
#3492=EDGE_CURVE('',#3451,#3478,#3491,.T.);
#3493=ORIENTED_EDGE('',*,*,#3492,.F.);
#3494=ORIENTED_EDGE('',*,*,#3456,.T.);
#3495=CARTESIAN_POINT('',(0.155163301336445,-0.137208231715254,0.303228346456693));
#3496=CARTESIAN_POINT('',(0.1576039910798,-0.136011815174393,0.303228346456693));
#3497=CARTESIAN_POINT('',(0.166361760158899,-0.133666838754307,0.303228346456693));
#3498=CARTESIAN_POINT('',(0.170286006412922,-0.133666838754307,0.303228346456693));
#3499=B_SPLINE_CURVE_WITH_KNOTS('',2,(#3495,#3496,#3497,#3498),.UNSPECIFIED.,.F.,.U.,(3,1,3),(-2.0,-1.0,0.0),.UNSPECIFIED.);
#3500=EDGE_CURVE('',#3443,#3480,#3499,.T.);
#3501=ORIENTED_EDGE('',*,*,#3500,.T.);
#3502=EDGE_LOOP('',(#3486,#3493,#3494,#3501));
#3503=FACE_OUTER_BOUND('',#3502,.T.);
#3504=ADVANCED_FACE('',(#3503),#3476,.T.);
#3505=CARTESIAN_POINT('',(0.187897257894389,-0.149890247048375,0.303149606299213));
#3506=CARTESIAN_POINT('',(0.187897257894389,-0.142424607833406,0.303149606299213));
#3507=CARTESIAN_POINT('',(0.178565208875677,-0.133666838754307,0.303149606299213));
#3508=CARTESIAN_POINT('',(0.170286006412922,-0.133666838754307,0.303149606299213));
#3509=CARTESIAN_POINT('',(0.187897257894389,-0.149890247048375,0.303228346456693));
#3510=CARTESIAN_POINT('',(0.187897257894389,-0.142424607833406,0.303228346456693));
#3511=CARTESIAN_POINT('',(0.178565208875677,-0.133666838754307,0.303228346456693));
#3512=CARTESIAN_POINT('',(0.170286006412922,-0.133666838754307,0.303228346456693));
#3513=B_SPLINE_SURFACE_WITH_KNOTS('',2,1,((#3505,#3509),(#3506,#3510),(#3507,#3511),(#3508,#3512)),.UNSPECIFIED.,.F.,.F.,.F.,(3,1,3),(2,2),(-2.0,-1.0,0.0),(0.0,0.00007874015748),.UNSPECIFIED.);
#3514=CARTESIAN_POINT('',(0.187897257894389,-0.149890247048375,0.303149606299213));
#3515=VERTEX_POINT('',#3514);
#3516=CARTESIAN_POINT('',(0.187897257894389,-0.149890247048375,0.303228346456693));
#3517=VERTEX_POINT('',#3516);
#3518=CARTESIAN_POINT('',(0.187897257894389,-0.149890247048375,0.303149606299213));
#3519=DIRECTION('',(0.0,0.0,1.0));
#3520=VECTOR('',#3519,0.00007874015748);
#3521=LINE('',#3518,#3520);
#3522=EDGE_CURVE('',#3515,#3517,#3521,.T.);
#3523=ORIENTED_EDGE('',*,*,#3522,.F.);
#3524=CARTESIAN_POINT('',(0.170286006412922,-0.133666838754307,0.303149606299213));
#3525=CARTESIAN_POINT('',(0.178565208875677,-0.133666838754307,0.303149606299213));
#3526=CARTESIAN_POINT('',(0.187897257894389,-0.142424607833406,0.303149606299213));
#3527=CARTESIAN_POINT('',(0.187897257894389,-0.149890247048375,0.303149606299213));
#3528=QUASI_UNIFORM_CURVE('',2,(#3524,#3525,#3526,#3527),.UNSPECIFIED.,.F.,.U.);
#3529=EDGE_CURVE('',#3478,#3515,#3528,.T.);
#3530=ORIENTED_EDGE('',*,*,#3529,.F.);
#3531=ORIENTED_EDGE('',*,*,#3485,.T.);
#3532=CARTESIAN_POINT('',(0.170286006412922,-0.133666838754307,0.303228346456693));
#3533=CARTESIAN_POINT('',(0.178565208875677,-0.133666838754307,0.303228346456693));
#3534=CARTESIAN_POINT('',(0.187897257894389,-0.142424607833406,0.303228346456693));
#3535=CARTESIAN_POINT('',(0.187897257894389,-0.149890247048375,0.303228346456693));
#3536=QUASI_UNIFORM_CURVE('',2,(#3532,#3533,#3534,#3535),.UNSPECIFIED.,.F.,.U.);
#3537=EDGE_CURVE('',#3480,#3517,#3536,.T.);
#3538=ORIENTED_EDGE('',*,*,#3537,.T.);
#3539=EDGE_LOOP('',(#3523,#3530,#3531,#3538));
#3540=FACE_OUTER_BOUND('',#3539,.T.);
#3541=ADVANCED_FACE('',(#3540),#3513,.T.);
#3542=CARTESIAN_POINT('',(0.184834431549786,-0.161710842472077,0.303149606299213));
#3543=CARTESIAN_POINT('',(0.186270131398819,-0.159222296067088,0.303149606299213));
#3544=CARTESIAN_POINT('',(0.187897257894389,-0.153383783347688,0.303149606299213));
#3545=CARTESIAN_POINT('',(0.187897257894389,-0.149890247048375,0.303149606299213));
#3546=CARTESIAN_POINT('',(0.184834431549786,-0.161710842472077,0.303228346456693));
#3547=CARTESIAN_POINT('',(0.186270131398819,-0.159222296067088,0.303228346456693));
#3548=CARTESIAN_POINT('',(0.187897257894389,-0.153383783347688,0.303228346456693));
#3549=CARTESIAN_POINT('',(0.187897257894389,-0.149890247048375,0.303228346456693));
#3550=B_SPLINE_SURFACE_WITH_KNOTS('',2,1,((#3542,#3546),(#3543,#3547),(#3544,#3548),(#3545,#3549)),.UNSPECIFIED.,.F.,.F.,.F.,(3,1,3),(2,2),(-2.0,-1.0,0.0),(0.0,0.00007874015748),.UNSPECIFIED.);
#3551=CARTESIAN_POINT('',(0.184834431549786,-0.161710842472077,0.303149606299213));
#3552=VERTEX_POINT('',#3551);
#3553=CARTESIAN_POINT('',(0.184834431549786,-0.161710842472077,0.303228346456693));
#3554=VERTEX_POINT('',#3553);
#3555=CARTESIAN_POINT('',(0.184834431549786,-0.161710842472077,0.303149606299213));
#3556=DIRECTION('',(0.0,0.0,1.0));
#3557=VECTOR('',#3556,0.00007874015748);
#3558=LINE('',#3555,#3557);
#3559=EDGE_CURVE('',#3552,#3554,#3558,.T.);
#3560=ORIENTED_EDGE('',*,*,#3559,.F.);
#3561=CARTESIAN_POINT('',(0.187897257894389,-0.149890247048375,0.303149606299213));
#3562=CARTESIAN_POINT('',(0.187897257894389,-0.153383783347688,0.303149606299213));
#3563=CARTESIAN_POINT('',(0.186270131398819,-0.159222296067088,0.303149606299213));
#3564=CARTESIAN_POINT('',(0.184834431549786,-0.161710842472077,0.303149606299213));
#3565=QUASI_UNIFORM_CURVE('',2,(#3561,#3562,#3563,#3564),.UNSPECIFIED.,.F.,.U.);
#3566=EDGE_CURVE('',#3515,#3552,#3565,.T.);
#3567=ORIENTED_EDGE('',*,*,#3566,.F.);
#3568=ORIENTED_EDGE('',*,*,#3522,.T.);
#3569=CARTESIAN_POINT('',(0.187897257894389,-0.149890247048375,0.303228346456693));
#3570=CARTESIAN_POINT('',(0.187897257894389,-0.153383783347688,0.303228346456693));
#3571=CARTESIAN_POINT('',(0.186270131398819,-0.159222296067088,0.303228346456693));
#3572=CARTESIAN_POINT('',(0.184834431549786,-0.161710842472077,0.303228346456693));
#3573=QUASI_UNIFORM_CURVE('',2,(#3569,#3570,#3571,#3572),.UNSPECIFIED.,.F.,.U.);
#3574=EDGE_CURVE('',#3517,#3554,#3573,.T.);
#3575=ORIENTED_EDGE('',*,*,#3574,.T.);
#3576=EDGE_LOOP('',(#3560,#3567,#3568,#3575));
#3577=FACE_OUTER_BOUND('',#3576,.T.);
#3578=ADVANCED_FACE('',(#3577),#3550,.T.);
#3579=CARTESIAN_POINT('',(0.176938082380106,-0.17180859807694,0.303149606299213));
#3580=CARTESIAN_POINT('',(0.179235202138559,-0.169367908333585,0.303149606299213));
#3581=CARTESIAN_POINT('',(0.183398731700753,-0.164295102200336,0.303149606299213));
#3582=CARTESIAN_POINT('',(0.184834431549786,-0.161710842472077,0.303149606299213));
#3583=CARTESIAN_POINT('',(0.176938082380106,-0.17180859807694,0.303228346456693));
#3584=CARTESIAN_POINT('',(0.179235202138559,-0.169367908333585,0.303228346456693));
#3585=CARTESIAN_POINT('',(0.183398731700753,-0.164295102200336,0.303228346456693));
#3586=CARTESIAN_POINT('',(0.184834431549786,-0.161710842472077,0.303228346456693));
#3587=B_SPLINE_SURFACE_WITH_KNOTS('',2,1,((#3579,#3583),(#3580,#3584),(#3581,#3585),(#3582,#3586)),.UNSPECIFIED.,.F.,.F.,.F.,(3,1,3),(2,2),(-2.0,-1.0,0.0),(0.0,0.00007874015748),.UNSPECIFIED.);
#3588=CARTESIAN_POINT('',(0.176938082380106,-0.17180859807694,0.303149606299213));
#3589=VERTEX_POINT('',#3588);
#3590=CARTESIAN_POINT('',(0.176938082380106,-0.17180859807694,0.303228346456693));
#3591=VERTEX_POINT('',#3590);
#3592=CARTESIAN_POINT('',(0.176938082380106,-0.17180859807694,0.303149606299213));
#3593=DIRECTION('',(0.0,0.0,1.0));
#3594=VECTOR('',#3593,0.00007874015748);
#3595=LINE('',#3592,#3594);
#3596=EDGE_CURVE('',#3589,#3591,#3595,.T.);
#3597=ORIENTED_EDGE('',*,*,#3596,.F.);
#3598=CARTESIAN_POINT('',(0.184834431549786,-0.161710842472077,0.303149606299213));
#3599=CARTESIAN_POINT('',(0.183398731700753,-0.164295102200336,0.303149606299213));
#3600=CARTESIAN_POINT('',(0.179235202138559,-0.169367908333585,0.303149606299213));
#3601=CARTESIAN_POINT('',(0.176938082380106,-0.17180859807694,0.303149606299213));
#3602=QUASI_UNIFORM_CURVE('',2,(#3598,#3599,#3600,#3601),.UNSPECIFIED.,.F.,.U.);
#3603=EDGE_CURVE('',#3552,#3589,#3602,.T.);
#3604=ORIENTED_EDGE('',*,*,#3603,.F.);
#3605=ORIENTED_EDGE('',*,*,#3559,.T.);
#3606=CARTESIAN_POINT('',(0.184834431549786,-0.161710842472077,0.303228346456693));
#3607=CARTESIAN_POINT('',(0.183398731700753,-0.164295102200336,0.303228346456693));
#3608=CARTESIAN_POINT('',(0.179235202138559,-0.169367908333585,0.303228346456693));
#3609=CARTESIAN_POINT('',(0.176938082380106,-0.17180859807694,0.303228346456693));
#3610=QUASI_UNIFORM_CURVE('',2,(#3606,#3607,#3608,#3609),.UNSPECIFIED.,.F.,.U.);
#3611=EDGE_CURVE('',#3554,#3591,#3610,.T.);
#3612=ORIENTED_EDGE('',*,*,#3611,.T.);
#3613=EDGE_LOOP('',(#3597,#3604,#3605,#3612));
#3614=FACE_OUTER_BOUND('',#3613,.T.);
#3615=ADVANCED_FACE('',(#3614),#3587,.T.);
#3616=CARTESIAN_POINT('',(0.161336810687285,-0.187122729799955,0.303149606299213));
#3617=CARTESIAN_POINT('',(0.164064640400447,-0.184586326733331,0.303149606299213));
#3618=CARTESIAN_POINT('',(0.173205262772622,-0.175876414315866,0.303149606299213));
#3619=CARTESIAN_POINT('',(0.176938082380106,-0.17180859807694,0.303149606299213));
#3620=CARTESIAN_POINT('',(0.161336810687285,-0.187122729799955,0.303228346456693));
#3621=CARTESIAN_POINT('',(0.164064640400447,-0.184586326733331,0.303228346456693));
#3622=CARTESIAN_POINT('',(0.173205262772622,-0.175876414315866,0.303228346456693));
#3623=CARTESIAN_POINT('',(0.176938082380106,-0.17180859807694,0.303228346456693));
#3624=B_SPLINE_SURFACE_WITH_KNOTS('',2,1,((#3616,#3620),(#3617,#3621),(#3618,#3622),(#3619,#3623)),.UNSPECIFIED.,.F.,.F.,.F.,(3,1,3),(2,2),(-2.0,-1.0,0.0),(0.0,0.00007874015748),.UNSPECIFIED.);
#3625=CARTESIAN_POINT('',(0.161336810687285,-0.187122729799955,0.303228346456693));
#3626=VERTEX_POINT('',#3625);
#3627=CARTESIAN_POINT('',(0.176938082380106,-0.17180859807694,0.303228346456693));
#3628=CARTESIAN_POINT('',(0.173205262772622,-0.175876414315866,0.303228346456693));
#3629=CARTESIAN_POINT('',(0.164064640400447,-0.184586326733331,0.303228346456693));
#3630=CARTESIAN_POINT('',(0.161336810687285,-0.187122729799955,0.303228346456693));
#3631=B_SPLINE_CURVE_WITH_KNOTS('',2,(#3627,#3628,#3629,#3630),.UNSPECIFIED.,.F.,.U.,(3,1,3),(-2.0,-1.0,0.0),.UNSPECIFIED.);
#3632=EDGE_CURVE('',#3591,#3626,#3631,.T.);
#3633=ORIENTED_EDGE('',*,*,#3632,.T.);
#3634=CARTESIAN_POINT('',(0.161336810687285,-0.187122729799955,0.303149606299213));
#3635=VERTEX_POINT('',#3634);
#3636=CARTESIAN_POINT('',(0.161336810687285,-0.187122729799955,0.303149606299213));
#3637=DIRECTION('',(0.0,0.0,1.0));
#3638=VECTOR('',#3637,0.00007874015748);
#3639=LINE('',#3636,#3638);
#3640=EDGE_CURVE('',#3635,#3626,#3639,.T.);
#3641=ORIENTED_EDGE('',*,*,#3640,.F.);
#3642=CARTESIAN_POINT('',(0.176938082380106,-0.17180859807694,0.303149606299213));
#3643=CARTESIAN_POINT('',(0.173205262772622,-0.175876414315866,0.303149606299213));
#3644=CARTESIAN_POINT('',(0.164064640400447,-0.184586326733331,0.303149606299213));
#3645=CARTESIAN_POINT('',(0.161336810687285,-0.187122729799955,0.303149606299213));
#3646=B_SPLINE_CURVE_WITH_KNOTS('',2,(#3642,#3643,#3644,#3645),.UNSPECIFIED.,.F.,.U.,(3,1,3),(-2.0,-1.0,0.0),.UNSPECIFIED.);
#3647=EDGE_CURVE('',#3589,#3635,#3646,.T.);
#3648=ORIENTED_EDGE('',*,*,#3647,.F.);
#3649=ORIENTED_EDGE('',*,*,#3596,.T.);
#3650=EDGE_LOOP('',(#3633,#3641,#3648,#3649));
#3651=FACE_OUTER_BOUND('',#3650,.T.);
#3652=ADVANCED_FACE('',(#3651),#3624,.T.);
#3653=CARTESIAN_POINT('',(0.159886753839762,-0.187122729799955,0.303145669291339));
#3654=DIRECTION('',(0.0,1.0,0.0));
#3655=DIRECTION('',(0.0,0.0,1.0));
#3656=AXIS2_PLACEMENT_3D('',#3653,#3654,#3655);
#3657=PLANE('',#3656);
#3658=CARTESIAN_POINT('',(0.190337947637744,-0.187122729799955,0.303228346456693));
#3659=VERTEX_POINT('',#3658);
#3660=CARTESIAN_POINT('',(0.161336810687285,-0.187122729799955,0.303228346456693));
#3661=DIRECTION('',(1.0,0.0,0.0));
#3662=VECTOR('',#3661,0.029001136950459);
#3663=LINE('',#3660,#3662);
#3664=EDGE_CURVE('',#3626,#3659,#3663,.T.);
#3665=ORIENTED_EDGE('',*,*,#3664,.T.);
#3666=CARTESIAN_POINT('',(0.190337947637744,-0.187122729799955,0.303149606299213));
#3667=VERTEX_POINT('',#3666);
#3668=CARTESIAN_POINT('',(0.190337947637744,-0.187122729799955,0.303149606299213));
#3669=DIRECTION('',(0.0,0.0,1.0));
#3670=VECTOR('',#3669,0.00007874015748);
#3671=LINE('',#3668,#3670);
#3672=EDGE_CURVE('',#3667,#3659,#3671,.T.);
#3673=ORIENTED_EDGE('',*,*,#3672,.F.);
#3674=CARTESIAN_POINT('',(0.161336810687285,-0.187122729799955,0.303149606299213));
#3675=DIRECTION('',(1.0,0.0,0.0));
#3676=VECTOR('',#3675,0.029001136950459);
#3677=LINE('',#3674,#3676);
#3678=EDGE_CURVE('',#3635,#3667,#3677,.T.);
#3679=ORIENTED_EDGE('',*,*,#3678,.F.);
#3680=ORIENTED_EDGE('',*,*,#3640,.T.);
#3681=EDGE_LOOP('',(#3665,#3673,#3679,#3680));
#3682=FACE_OUTER_BOUND('',#3681,.T.);
#3683=ADVANCED_FACE('',(#3682),#3657,.T.);
#3684=CARTESIAN_POINT('',(0.190337947637744,-0.194308407544363,0.303232283464567));
#3685=DIRECTION('',(1.0,0.0,0.0));
#3686=DIRECTION('',(0.0,0.0,-1.0));
#3687=AXIS2_PLACEMENT_3D('',#3684,#3685,#3686);
#3688=PLANE('',#3687);
#3689=CARTESIAN_POINT('',(0.190337947637744,-0.193966232413677,0.303228346456693));
#3690=VERTEX_POINT('',#3689);
#3691=CARTESIAN_POINT('',(0.190337947637744,-0.187122729799955,0.303228346456693));
#3692=DIRECTION('',(0.0,-1.0,0.0));
#3693=VECTOR('',#3692,0.006843502613722);
#3694=LINE('',#3691,#3693);
#3695=EDGE_CURVE('',#3659,#3690,#3694,.T.);
#3696=ORIENTED_EDGE('',*,*,#3695,.T.);
#3697=CARTESIAN_POINT('',(0.190337947637744,-0.193966232413677,0.303149606299213));
#3698=VERTEX_POINT('',#3697);
#3699=CARTESIAN_POINT('',(0.190337947637744,-0.193966232413677,0.303149606299213));
#3700=DIRECTION('',(0.0,0.0,1.0));
#3701=VECTOR('',#3700,0.00007874015748);
#3702=LINE('',#3699,#3701);
#3703=EDGE_CURVE('',#3698,#3690,#3702,.T.);
#3704=ORIENTED_EDGE('',*,*,#3703,.F.);
#3705=CARTESIAN_POINT('',(0.190337947637744,-0.187122729799955,0.303149606299213));
#3706=DIRECTION('',(0.0,-1.0,0.0));
#3707=VECTOR('',#3706,0.006843502613722);
#3708=LINE('',#3705,#3707);
#3709=EDGE_CURVE('',#3667,#3698,#3708,.T.);
#3710=ORIENTED_EDGE('',*,*,#3709,.F.);
#3711=ORIENTED_EDGE('',*,*,#3672,.T.);
#3712=EDGE_LOOP('',(#3696,#3704,#3710,#3711));
#3713=FACE_OUTER_BOUND('',#3712,.T.);
#3714=ADVANCED_FACE('',(#3713),#3688,.T.);
#3715=CARTESIAN_POINT('',(0.15209808215876,-0.193966232413677,0.303232283464567));
#3716=DIRECTION('',(0.0,-1.0,0.0));
#3717=DIRECTION('',(0.0,0.0,-1.0));
#3718=AXIS2_PLACEMENT_3D('',#3715,#3716,#3717);
#3719=PLANE('',#3718);
#3720=CARTESIAN_POINT('',(0.190337947637744,-0.193966232413677,0.303228346456693));
#3721=DIRECTION('',(-1.0,0.0,0.0));
#3722=VECTOR('',#3721,0.036418919503794);
#3723=LINE('',#3720,#3722);
#3724=EDGE_CURVE('',#3690,#3144,#3723,.T.);
#3725=ORIENTED_EDGE('',*,*,#3724,.T.);
#3726=ORIENTED_EDGE('',*,*,#3173,.F.);
#3727=CARTESIAN_POINT('',(0.190337947637744,-0.193966232413677,0.303149606299213));
#3728=DIRECTION('',(-1.0,0.0,0.0));
#3729=VECTOR('',#3728,0.036418919503794);
#3730=LINE('',#3727,#3729);
#3731=EDGE_CURVE('',#3698,#3162,#3730,.T.);
#3732=ORIENTED_EDGE('',*,*,#3731,.F.);
#3733=ORIENTED_EDGE('',*,*,#3703,.T.);
#3734=EDGE_LOOP('',(#3725,#3726,#3732,#3733));
#3735=FACE_OUTER_BOUND('',#3734,.T.);
#3736=ADVANCED_FACE('',(#3735),#3719,.T.);
#3737=CARTESIAN_POINT('',(0.15209808215876,-0.196981202096645,0.303228346456693));
#3738=DIRECTION('',(0.0,0.0,1.0));
#3739=DIRECTION('',(1.0,0.0,0.0));
#3740=AXIS2_PLACEMENT_3D('',#3737,#3738,#3739);
#3741=PLANE('',#3740);
#3742=ORIENTED_EDGE('',*,*,#3151,.F.);
#3743=ORIENTED_EDGE('',*,*,#3724,.F.);
#3744=ORIENTED_EDGE('',*,*,#3695,.F.);
#3745=ORIENTED_EDGE('',*,*,#3664,.F.);
#3746=ORIENTED_EDGE('',*,*,#3632,.F.);
#3747=ORIENTED_EDGE('',*,*,#3611,.F.);
#3748=ORIENTED_EDGE('',*,*,#3574,.F.);
#3749=ORIENTED_EDGE('',*,*,#3537,.F.);
#3750=ORIENTED_EDGE('',*,*,#3500,.F.);
#3751=ORIENTED_EDGE('',*,*,#3448,.F.);
#3752=ORIENTED_EDGE('',*,*,#3417,.F.);
#3753=ORIENTED_EDGE('',*,*,#3385,.F.);
#3754=ORIENTED_EDGE('',*,*,#3348,.F.);
#3755=ORIENTED_EDGE('',*,*,#3308,.F.);
#3756=ORIENTED_EDGE('',*,*,#3268,.F.);
#3757=ORIENTED_EDGE('',*,*,#3247,.F.);
#3758=ORIENTED_EDGE('',*,*,#3194,.F.);
#3759=EDGE_LOOP('',(#3742,#3743,#3744,#3745,#3746,#3747,#3748,#3749,#3750,#3751,#3752,#3753,#3754,#3755,#3756,#3757,#3758));
#3760=FACE_OUTER_BOUND('',#3759,.T.);
#3761=ADVANCED_FACE('',(#3760),#3741,.T.);
#3762=CARTESIAN_POINT('',(-0.154822834645669,-0.062992125984252,0.283858267716536));
#3763=DIRECTION('',(0.0,-1.0,0.0));
#3764=DIRECTION('',(0.0,0.0,-1.0));
#3765=AXIS2_PLACEMENT_3D('',#3762,#3763,#3764);
#3766=PLANE('',#3765);
#3767=ORIENTED_EDGE('',*,*,#176,.F.);
#3768=ORIENTED_EDGE('',*,*,#2591,.F.);
#3769=CARTESIAN_POINT('',(0.140748031496063,-0.062992125984252,0.283464566929134));
#3770=VERTEX_POINT('',#3769);
#3771=CARTESIAN_POINT('',(0.140748031496063,-0.062992125984252,0.283464566929134));
#3772=DIRECTION('',(-1.0,0.0,0.0));
#3773=VECTOR('',#3772,0.281496062992126);
#3774=LINE('',#3771,#3773);
#3775=EDGE_CURVE('',#3770,#2580,#3774,.T.);
#3776=ORIENTED_EDGE('',*,*,#3775,.F.);
#3777=CARTESIAN_POINT('',(0.140748031496063,-0.062992125984252,0.283464566929134));
#3778=DIRECTION('',(0.0,0.0,-1.0));
#3779=VECTOR('',#3778,0.007874015748032);
#3780=LINE('',#3777,#3779);
#3781=EDGE_CURVE('',#3770,#171,#3780,.T.);
#3782=ORIENTED_EDGE('',*,*,#3781,.T.);
#3783=EDGE_LOOP('',(#3767,#3768,#3776,#3782));
#3784=FACE_OUTER_BOUND('',#3783,.T.);
#3785=ADVANCED_FACE('',(#3784),#3766,.F.);
#3786=CARTESIAN_POINT('',(0.140748031496063,-0.069291338582677,0.283858267716536));
#3787=DIRECTION('',(1.0,0.0,0.0));
#3788=DIRECTION('',(0.0,0.0,-1.0));
#3789=AXIS2_PLACEMENT_3D('',#3786,#3787,#3788);
#3790=PLANE('',#3789);
#3791=ORIENTED_EDGE('',*,*,#184,.F.);
#3792=ORIENTED_EDGE('',*,*,#3781,.F.);
#3793=CARTESIAN_POINT('',(0.140748031496063,0.062992125984252,0.283464566929134));
#3794=VERTEX_POINT('',#3793);
#3795=CARTESIAN_POINT('',(0.140748031496063,0.062992125984252,0.283464566929134));
#3796=DIRECTION('',(0.0,-1.0,0.0));
#3797=VECTOR('',#3796,0.125984251968504);
#3798=LINE('',#3795,#3797);
#3799=EDGE_CURVE('',#3794,#3770,#3798,.T.);
#3800=ORIENTED_EDGE('',*,*,#3799,.F.);
#3801=CARTESIAN_POINT('',(0.140748031496063,0.062992125984252,0.283464566929134));
#3802=DIRECTION('',(0.0,0.0,-1.0));
#3803=VECTOR('',#3802,0.007874015748032);
#3804=LINE('',#3801,#3803);
#3805=EDGE_CURVE('',#3794,#179,#3804,.T.);
#3806=ORIENTED_EDGE('',*,*,#3805,.T.);
#3807=EDGE_LOOP('',(#3791,#3792,#3800,#3806));
#3808=FACE_OUTER_BOUND('',#3807,.T.);
#3809=ADVANCED_FACE('',(#3808),#3790,.F.);
#3810=CARTESIAN_POINT('',(-0.154822834645669,0.062992125984252,0.2751968503937));
#3811=DIRECTION('',(0.0,1.0,0.0));
#3812=DIRECTION('',(0.0,0.0,1.0));
#3813=AXIS2_PLACEMENT_3D('',#3810,#3811,#3812);
#3814=PLANE('',#3813);
#3815=ORIENTED_EDGE('',*,*,#192,.F.);
#3816=ORIENTED_EDGE('',*,*,#3805,.F.);
#3817=CARTESIAN_POINT('',(-0.140748031496063,0.062992125984252,0.283464566929134));
#3818=DIRECTION('',(1.0,0.0,0.0));
#3819=VECTOR('',#3818,0.281496062992126);
#3820=LINE('',#3817,#3819);
#3821=EDGE_CURVE('',#2607,#3794,#3820,.T.);
#3822=ORIENTED_EDGE('',*,*,#3821,.F.);
#3823=ORIENTED_EDGE('',*,*,#2612,.T.);
#3824=EDGE_LOOP('',(#3815,#3816,#3822,#3823));
#3825=FACE_OUTER_BOUND('',#3824,.T.);
#3826=ADVANCED_FACE('',(#3825),#3814,.F.);
#3827=CARTESIAN_POINT('',(-0.159448818897638,-0.08011811023622,0.28248031496063));
#3828=DIRECTION('',(-1.0,0.0,0.0));
#3829=DIRECTION('',(0.0,0.0,1.0));
#3830=AXIS2_PLACEMENT_3D('',#3827,#3828,#3829);
#3831=PLANE('',#3830);
#3832=CARTESIAN_POINT('',(-0.159448818897638,0.072834645669291,0.283464566929134));
#3833=VERTEX_POINT('',#3832);
#3834=CARTESIAN_POINT('',(-0.159448818897638,-0.072834645669291,0.283464566929134));
#3835=VERTEX_POINT('',#3834);
#3836=CARTESIAN_POINT('',(-0.159448818897638,0.072834645669291,0.283464566929134));
#3837=DIRECTION('',(0.0,-1.0,0.0));
#3838=VECTOR('',#3837,0.145669291338582);
#3839=LINE('',#3836,#3838);
#3840=EDGE_CURVE('',#3833,#3835,#3839,.T.);
#3841=ORIENTED_EDGE('',*,*,#3840,.F.);
#3842=CARTESIAN_POINT('',(-0.159448818897638,0.072834645669291,0.303149606299213));
#3843=VERTEX_POINT('',#3842);
#3844=CARTESIAN_POINT('',(-0.159448818897638,0.072834645669291,0.303149606299213));
#3845=DIRECTION('',(0.0,0.0,-1.0));
#3846=VECTOR('',#3845,0.019685039370079);
#3847=LINE('',#3844,#3846);
#3848=EDGE_CURVE('',#3843,#3833,#3847,.T.);
#3849=ORIENTED_EDGE('',*,*,#3848,.F.);
#3850=CARTESIAN_POINT('',(-0.159448818897638,-0.072834645669291,0.303149606299213));
#3851=VERTEX_POINT('',#3850);
#3852=CARTESIAN_POINT('',(-0.159448818897638,-0.072834645669291,0.303149606299213));
#3853=DIRECTION('',(0.0,1.0,0.0));
#3854=VECTOR('',#3853,0.145669291338582);
#3855=LINE('',#3852,#3854);
#3856=EDGE_CURVE('',#3851,#3843,#3855,.T.);
#3857=ORIENTED_EDGE('',*,*,#3856,.F.);
#3858=CARTESIAN_POINT('',(-0.159448818897638,-0.072834645669291,0.303149606299213));
#3859=DIRECTION('',(0.0,0.0,-1.0));
#3860=VECTOR('',#3859,0.019685039370079);
#3861=LINE('',#3858,#3860);
#3862=EDGE_CURVE('',#3851,#3835,#3861,.T.);
#3863=ORIENTED_EDGE('',*,*,#3862,.T.);
#3864=EDGE_LOOP('',(#3841,#3849,#3857,#3863));
#3865=FACE_OUTER_BOUND('',#3864,.T.);
#3866=ADVANCED_FACE('',(#3865),#3831,.F.);
#3867=CARTESIAN_POINT('',(-0.135826771653543,-0.072834645669291,0.304133858267717));
#3868=DIRECTION('',(0.0,0.0,-1.0));
#3869=DIRECTION('',(1.0,0.0,0.0));
#3870=AXIS2_PLACEMENT_3D('',#3867,#3868,#3869);
#3871=CYLINDRICAL_SURFACE('',#3870,0.023622047244094);
#3872=CARTESIAN_POINT('',(-0.135826771653543,-0.096456692913386,0.283464566929134));
#3873=VERTEX_POINT('',#3872);
#3874=CARTESIAN_POINT('',(-0.135826771653543,-0.072834645669291,0.283464566929134));
#3875=DIRECTION('',(0.0,0.0,1.0));
#3876=DIRECTION('',(1.0,0.0,0.0));
#3877=AXIS2_PLACEMENT_3D('',#3874,#3875,#3876);
#3878=CIRCLE('',#3877,0.023622047244094);
#3879=EDGE_CURVE('',#3835,#3873,#3878,.T.);
#3880=ORIENTED_EDGE('',*,*,#3879,.F.);
#3881=ORIENTED_EDGE('',*,*,#3862,.F.);
#3882=CARTESIAN_POINT('',(-0.135826771653543,-0.096456692913386,0.303149606299213));
#3883=VERTEX_POINT('',#3882);
#3884=CARTESIAN_POINT('',(-0.135826771653543,-0.072834645669291,0.303149606299213));
#3885=DIRECTION('',(0.0,0.0,-1.0));
#3886=DIRECTION('',(1.0,0.0,0.0));
#3887=AXIS2_PLACEMENT_3D('',#3884,#3885,#3886);
#3888=CIRCLE('',#3887,0.023622047244094);
#3889=EDGE_CURVE('',#3883,#3851,#3888,.T.);
#3890=ORIENTED_EDGE('',*,*,#3889,.F.);
#3891=CARTESIAN_POINT('',(-0.135826771653543,-0.096456692913386,0.303149606299213));
#3892=DIRECTION('',(0.0,0.0,-1.0));
#3893=VECTOR('',#3892,0.019685039370079);
#3894=LINE('',#3891,#3893);
#3895=EDGE_CURVE('',#3883,#3873,#3894,.T.);
#3896=ORIENTED_EDGE('',*,*,#3895,.T.);
#3897=EDGE_LOOP('',(#3880,#3881,#3890,#3896));
#3898=FACE_OUTER_BOUND('',#3897,.T.);
#3899=ADVANCED_FACE('',(#3898),#3871,.F.);
#3900=CARTESIAN_POINT('',(-0.149409448818897,-0.096456692913386,0.304133858267717));
#3901=DIRECTION('',(0.0,-1.0,0.0));
#3902=DIRECTION('',(0.0,0.0,-1.0));
#3903=AXIS2_PLACEMENT_3D('',#3900,#3901,#3902);
#3904=PLANE('',#3903);
#3905=CARTESIAN_POINT('',(0.135826771653543,-0.096456692913386,0.283464566929134));
#3906=VERTEX_POINT('',#3905);
#3907=CARTESIAN_POINT('',(-0.135826771653543,-0.096456692913386,0.283464566929134));
#3908=DIRECTION('',(1.0,0.0,0.0));
#3909=VECTOR('',#3908,0.271653543307086);
#3910=LINE('',#3907,#3909);
#3911=EDGE_CURVE('',#3873,#3906,#3910,.T.);
#3912=ORIENTED_EDGE('',*,*,#3911,.F.);
#3913=ORIENTED_EDGE('',*,*,#3895,.F.);
#3914=CARTESIAN_POINT('',(0.135826771653543,-0.096456692913386,0.303149606299213));
#3915=VERTEX_POINT('',#3914);
#3916=CARTESIAN_POINT('',(0.135826771653543,-0.096456692913386,0.303149606299213));
#3917=DIRECTION('',(-1.0,0.0,0.0));
#3918=VECTOR('',#3917,0.271653543307086);
#3919=LINE('',#3916,#3918);
#3920=EDGE_CURVE('',#3915,#3883,#3919,.T.);
#3921=ORIENTED_EDGE('',*,*,#3920,.F.);
#3922=CARTESIAN_POINT('',(0.135826771653543,-0.096456692913386,0.303149606299213));
#3923=DIRECTION('',(0.0,0.0,-1.0));
#3924=VECTOR('',#3923,0.019685039370079);
#3925=LINE('',#3922,#3924);
#3926=EDGE_CURVE('',#3915,#3906,#3925,.T.);
#3927=ORIENTED_EDGE('',*,*,#3926,.T.);
#3928=EDGE_LOOP('',(#3912,#3913,#3921,#3927));
#3929=FACE_OUTER_BOUND('',#3928,.T.);
#3930=ADVANCED_FACE('',(#3929),#3904,.F.);
#3931=CARTESIAN_POINT('',(0.135826771653543,-0.072834645669291,0.304133858267717));
#3932=DIRECTION('',(0.0,0.0,-1.0));
#3933=DIRECTION('',(0.0,1.0,0.0));
#3934=AXIS2_PLACEMENT_3D('',#3931,#3932,#3933);
#3935=CYLINDRICAL_SURFACE('',#3934,0.023622047244094);
#3936=CARTESIAN_POINT('',(0.159448818897638,-0.072834645669291,0.283464566929134));
#3937=VERTEX_POINT('',#3936);
#3938=CARTESIAN_POINT('',(0.135826771653543,-0.072834645669291,0.283464566929134));
#3939=DIRECTION('',(0.0,0.0,1.0));
#3940=DIRECTION('',(0.0,1.0,0.0));
#3941=AXIS2_PLACEMENT_3D('',#3938,#3939,#3940);
#3942=CIRCLE('',#3941,0.023622047244094);
#3943=EDGE_CURVE('',#3906,#3937,#3942,.T.);
#3944=ORIENTED_EDGE('',*,*,#3943,.F.);
#3945=ORIENTED_EDGE('',*,*,#3926,.F.);
#3946=CARTESIAN_POINT('',(0.159448818897638,-0.072834645669291,0.303149606299213));
#3947=VERTEX_POINT('',#3946);
#3948=CARTESIAN_POINT('',(0.135826771653543,-0.072834645669291,0.303149606299213));
#3949=DIRECTION('',(0.0,0.0,-1.0));
#3950=DIRECTION('',(0.0,1.0,0.0));
#3951=AXIS2_PLACEMENT_3D('',#3948,#3949,#3950);
#3952=CIRCLE('',#3951,0.023622047244094);
#3953=EDGE_CURVE('',#3947,#3915,#3952,.T.);
#3954=ORIENTED_EDGE('',*,*,#3953,.F.);
#3955=CARTESIAN_POINT('',(0.159448818897638,-0.072834645669291,0.303149606299213));
#3956=DIRECTION('',(0.0,0.0,-1.0));
#3957=VECTOR('',#3956,0.019685039370079);
#3958=LINE('',#3955,#3957);
#3959=EDGE_CURVE('',#3947,#3937,#3958,.T.);
#3960=ORIENTED_EDGE('',*,*,#3959,.T.);
#3961=EDGE_LOOP('',(#3944,#3945,#3954,#3960));
#3962=FACE_OUTER_BOUND('',#3961,.T.);
#3963=ADVANCED_FACE('',(#3962),#3935,.F.);
#3964=CARTESIAN_POINT('',(0.159448818897638,-0.08011811023622,0.304133858267717));
#3965=DIRECTION('',(1.0,0.0,0.0));
#3966=DIRECTION('',(0.0,0.0,-1.0));
#3967=AXIS2_PLACEMENT_3D('',#3964,#3965,#3966);
#3968=PLANE('',#3967);
#3969=CARTESIAN_POINT('',(0.159448818897638,0.072834645669291,0.283464566929134));
#3970=VERTEX_POINT('',#3969);
#3971=CARTESIAN_POINT('',(0.159448818897638,-0.072834645669291,0.283464566929134));
#3972=DIRECTION('',(0.0,1.0,0.0));
#3973=VECTOR('',#3972,0.145669291338582);
#3974=LINE('',#3971,#3973);
#3975=EDGE_CURVE('',#3937,#3970,#3974,.T.);
#3976=ORIENTED_EDGE('',*,*,#3975,.F.);
#3977=ORIENTED_EDGE('',*,*,#3959,.F.);
#3978=CARTESIAN_POINT('',(0.159448818897638,0.072834645669291,0.303149606299213));
#3979=VERTEX_POINT('',#3978);
#3980=CARTESIAN_POINT('',(0.159448818897638,0.072834645669291,0.303149606299213));
#3981=DIRECTION('',(0.0,-1.0,0.0));
#3982=VECTOR('',#3981,0.145669291338582);
#3983=LINE('',#3980,#3982);
#3984=EDGE_CURVE('',#3979,#3947,#3983,.T.);
#3985=ORIENTED_EDGE('',*,*,#3984,.F.);
#3986=CARTESIAN_POINT('',(0.159448818897638,0.072834645669291,0.303149606299213));
#3987=DIRECTION('',(0.0,0.0,-1.0));
#3988=VECTOR('',#3987,0.019685039370079);
#3989=LINE('',#3986,#3988);
#3990=EDGE_CURVE('',#3979,#3970,#3989,.T.);
#3991=ORIENTED_EDGE('',*,*,#3990,.T.);
#3992=EDGE_LOOP('',(#3976,#3977,#3985,#3991));
#3993=FACE_OUTER_BOUND('',#3992,.T.);
#3994=ADVANCED_FACE('',(#3993),#3968,.F.);
#3995=CARTESIAN_POINT('',(0.135826771653543,0.072834645669291,0.304133858267717));
#3996=DIRECTION('',(0.0,0.0,-1.0));
#3997=DIRECTION('',(-1.0,0.0,0.0));
#3998=AXIS2_PLACEMENT_3D('',#3995,#3996,#3997);
#3999=CYLINDRICAL_SURFACE('',#3998,0.023622047244094);
#4000=CARTESIAN_POINT('',(0.135826771653543,0.096456692913386,0.283464566929134));
#4001=VERTEX_POINT('',#4000);
#4002=CARTESIAN_POINT('',(0.135826771653543,0.072834645669291,0.283464566929134));
#4003=DIRECTION('',(0.0,0.0,1.0));
#4004=DIRECTION('',(-1.0,0.0,0.0));
#4005=AXIS2_PLACEMENT_3D('',#4002,#4003,#4004);
#4006=CIRCLE('',#4005,0.023622047244094);
#4007=EDGE_CURVE('',#3970,#4001,#4006,.T.);
#4008=ORIENTED_EDGE('',*,*,#4007,.F.);
#4009=ORIENTED_EDGE('',*,*,#3990,.F.);
#4010=CARTESIAN_POINT('',(0.135826771653543,0.096456692913386,0.303149606299213));
#4011=VERTEX_POINT('',#4010);
#4012=CARTESIAN_POINT('',(0.135826771653543,0.072834645669291,0.303149606299213));
#4013=DIRECTION('',(0.0,0.0,-1.0));
#4014=DIRECTION('',(-1.0,0.0,0.0));
#4015=AXIS2_PLACEMENT_3D('',#4012,#4013,#4014);
#4016=CIRCLE('',#4015,0.023622047244094);
#4017=EDGE_CURVE('',#4011,#3979,#4016,.T.);
#4018=ORIENTED_EDGE('',*,*,#4017,.F.);
#4019=CARTESIAN_POINT('',(0.135826771653543,0.096456692913386,0.303149606299213));
#4020=DIRECTION('',(0.0,0.0,-1.0));
#4021=VECTOR('',#4020,0.019685039370079);
#4022=LINE('',#4019,#4021);
#4023=EDGE_CURVE('',#4011,#4001,#4022,.T.);
#4024=ORIENTED_EDGE('',*,*,#4023,.T.);
#4025=EDGE_LOOP('',(#4008,#4009,#4018,#4024));
#4026=FACE_OUTER_BOUND('',#4025,.T.);
#4027=ADVANCED_FACE('',(#4026),#3999,.F.);
#4028=CARTESIAN_POINT('',(-0.149409448818897,0.096456692913386,0.28248031496063));
#4029=DIRECTION('',(0.0,1.0,0.0));
#4030=DIRECTION('',(0.0,0.0,1.0));
#4031=AXIS2_PLACEMENT_3D('',#4028,#4029,#4030);
#4032=PLANE('',#4031);
#4033=CARTESIAN_POINT('',(-0.135826771653543,0.096456692913386,0.283464566929134));
#4034=VERTEX_POINT('',#4033);
#4035=CARTESIAN_POINT('',(0.135826771653543,0.096456692913386,0.283464566929134));
#4036=DIRECTION('',(-1.0,0.0,0.0));
#4037=VECTOR('',#4036,0.271653543307086);
#4038=LINE('',#4035,#4037);
#4039=EDGE_CURVE('',#4001,#4034,#4038,.T.);
#4040=ORIENTED_EDGE('',*,*,#4039,.F.);
#4041=ORIENTED_EDGE('',*,*,#4023,.F.);
#4042=CARTESIAN_POINT('',(-0.135826771653543,0.096456692913386,0.303149606299213));
#4043=VERTEX_POINT('',#4042);
#4044=CARTESIAN_POINT('',(-0.135826771653543,0.096456692913386,0.303149606299213));
#4045=DIRECTION('',(1.0,0.0,0.0));
#4046=VECTOR('',#4045,0.271653543307086);
#4047=LINE('',#4044,#4046);
#4048=EDGE_CURVE('',#4043,#4011,#4047,.T.);
#4049=ORIENTED_EDGE('',*,*,#4048,.F.);
#4050=CARTESIAN_POINT('',(-0.135826771653543,0.096456692913386,0.303149606299213));
#4051=DIRECTION('',(0.0,0.0,-1.0));
#4052=VECTOR('',#4051,0.019685039370079);
#4053=LINE('',#4050,#4052);
#4054=EDGE_CURVE('',#4043,#4034,#4053,.T.);
#4055=ORIENTED_EDGE('',*,*,#4054,.T.);
#4056=EDGE_LOOP('',(#4040,#4041,#4049,#4055));
#4057=FACE_OUTER_BOUND('',#4056,.T.);
#4058=ADVANCED_FACE('',(#4057),#4032,.F.);
#4059=CARTESIAN_POINT('',(-0.135826771653543,0.072834645669291,0.304133858267717));
#4060=DIRECTION('',(0.0,0.0,-1.0));
#4061=DIRECTION('',(0.0,-1.0,0.0));
#4062=AXIS2_PLACEMENT_3D('',#4059,#4060,#4061);
#4063=CYLINDRICAL_SURFACE('',#4062,0.023622047244095);
#4064=CARTESIAN_POINT('',(-0.135826771653543,0.072834645669291,0.283464566929134));
#4065=DIRECTION('',(0.0,0.0,1.0));
#4066=DIRECTION('',(0.0,-1.0,0.0));
#4067=AXIS2_PLACEMENT_3D('',#4064,#4065,#4066);
#4068=CIRCLE('',#4067,0.023622047244095);
#4069=EDGE_CURVE('',#4034,#3833,#4068,.T.);
#4070=ORIENTED_EDGE('',*,*,#4069,.F.);
#4071=ORIENTED_EDGE('',*,*,#4054,.F.);
#4072=CARTESIAN_POINT('',(-0.135826771653543,0.072834645669291,0.303149606299213));
#4073=DIRECTION('',(0.0,0.0,-1.0));
#4074=DIRECTION('',(0.0,-1.0,0.0));
#4075=AXIS2_PLACEMENT_3D('',#4072,#4073,#4074);
#4076=CIRCLE('',#4075,0.023622047244095);
#4077=EDGE_CURVE('',#3843,#4043,#4076,.T.);
#4078=ORIENTED_EDGE('',*,*,#4077,.F.);
#4079=ORIENTED_EDGE('',*,*,#3848,.T.);
#4080=EDGE_LOOP('',(#4070,#4071,#4078,#4079));
#4081=FACE_OUTER_BOUND('',#4080,.T.);
#4082=ADVANCED_FACE('',(#4081),#4063,.F.);
#4083=CARTESIAN_POINT('',(-0.175393700787402,-0.106102362204725,0.283464566929134));
#4084=DIRECTION('',(0.0,0.0,1.0));
#4085=DIRECTION('',(1.0,0.0,0.0));
#4086=AXIS2_PLACEMENT_3D('',#4083,#4084,#4085);
#4087=PLANE('',#4086);
#4088=ORIENTED_EDGE('',*,*,#3840,.T.);
#4089=ORIENTED_EDGE('',*,*,#3879,.T.);
#4090=ORIENTED_EDGE('',*,*,#3911,.T.);
#4091=ORIENTED_EDGE('',*,*,#3943,.T.);
#4092=ORIENTED_EDGE('',*,*,#3975,.T.);
#4093=ORIENTED_EDGE('',*,*,#4007,.T.);
#4094=ORIENTED_EDGE('',*,*,#4039,.T.);
#4095=ORIENTED_EDGE('',*,*,#4069,.T.);
#4096=EDGE_LOOP('',(#4088,#4089,#4090,#4091,#4092,#4093,#4094,#4095));
#4097=FACE_OUTER_BOUND('',#4096,.T.);
#4098=ORIENTED_EDGE('',*,*,#3799,.T.);
#4099=ORIENTED_EDGE('',*,*,#3775,.T.);
#4100=ORIENTED_EDGE('',*,*,#2585,.T.);
#4101=ORIENTED_EDGE('',*,*,#1552,.T.);
#4102=ORIENTED_EDGE('',*,*,#2618,.T.);
#4103=ORIENTED_EDGE('',*,*,#3821,.T.);
#4104=EDGE_LOOP('',(#4098,#4099,#4100,#4101,#4102,#4103));
#4105=FACE_BOUND('',#4104,.T.);
#4106=ADVANCED_FACE('',(#4097,#4105),#4087,.T.);
#4107=CARTESIAN_POINT('',(-0.277165354330708,-0.129921259842519,0.131889763779528));
#4108=DIRECTION('',(0.0,0.0,1.0));
#4109=DIRECTION('',(1.0,0.0,0.0));
#4110=AXIS2_PLACEMENT_3D('',#4107,#4108,#4109);
#4111=PLANE('',#4110);
#4112=CARTESIAN_POINT('',(-0.244094488188976,-0.118110236220472,0.131889763779528));
#4113=VERTEX_POINT('',#4112);
#4114=CARTESIAN_POINT('',(-0.244094488188976,0.118110236220473,0.131889763779528));
#4115=VERTEX_POINT('',#4114);
#4116=CARTESIAN_POINT('',(-0.244094488188976,-0.118110236220472,0.131889763779528));
#4117=DIRECTION('',(0.0,1.0,0.0));
#4118=VECTOR('',#4117,0.236220472440945);
#4119=LINE('',#4116,#4118);
#4120=EDGE_CURVE('',#4113,#4115,#4119,.T.);
#4121=ORIENTED_EDGE('',*,*,#4120,.F.);
#4122=CARTESIAN_POINT('',(-0.275590551181102,-0.118110236220472,0.131889763779528));
#4123=VERTEX_POINT('',#4122);
#4124=CARTESIAN_POINT('',(-0.244094488188976,-0.118110236220472,0.131889763779528));
#4125=DIRECTION('',(-1.0,0.0,0.0));
#4126=VECTOR('',#4125,0.031496062992126);
#4127=LINE('',#4124,#4126);
#4128=EDGE_CURVE('',#4113,#4123,#4127,.T.);
#4129=ORIENTED_EDGE('',*,*,#4128,.T.);
#4130=CARTESIAN_POINT('',(-0.275590551181102,0.118110236220473,0.131889763779528));
#4131=VERTEX_POINT('',#4130);
#4132=CARTESIAN_POINT('',(-0.275590551181102,0.118110236220473,0.131889763779528));
#4133=DIRECTION('',(0.0,-1.0,0.0));
#4134=VECTOR('',#4133,0.236220472440945);
#4135=LINE('',#4132,#4134);
#4136=EDGE_CURVE('',#4131,#4123,#4135,.T.);
#4137=ORIENTED_EDGE('',*,*,#4136,.F.);
#4138=CARTESIAN_POINT('',(-0.244094488188976,0.118110236220473,0.131889763779528));
#4139=DIRECTION('',(-1.0,0.0,0.0));
#4140=VECTOR('',#4139,0.031496062992126);
#4141=LINE('',#4138,#4140);
#4142=EDGE_CURVE('',#4115,#4131,#4141,.T.);
#4143=ORIENTED_EDGE('',*,*,#4142,.F.);
#4144=EDGE_LOOP('',(#4121,#4129,#4137,#4143));
#4145=FACE_OUTER_BOUND('',#4144,.T.);
#4146=ADVANCED_FACE('',(#4145),#4111,.F.);
#4147=CARTESIAN_POINT('',(0.24251968503937,-0.129921259842519,0.131889763779528));
#4148=DIRECTION('',(0.0,0.0,1.0));
#4149=DIRECTION('',(1.0,0.0,0.0));
#4150=AXIS2_PLACEMENT_3D('',#4147,#4148,#4149);
#4151=PLANE('',#4150);
#4152=CARTESIAN_POINT('',(0.244094488188976,0.118110236220473,0.131889763779528));
#4153=VERTEX_POINT('',#4152);
#4154=CARTESIAN_POINT('',(0.244094488188976,-0.118110236220472,0.131889763779528));
#4155=VERTEX_POINT('',#4154);
#4156=CARTESIAN_POINT('',(0.244094488188976,0.118110236220473,0.131889763779528));
#4157=DIRECTION('',(0.0,-1.0,0.0));
#4158=VECTOR('',#4157,0.236220472440945);
#4159=LINE('',#4156,#4158);
#4160=EDGE_CURVE('',#4153,#4155,#4159,.T.);
#4161=ORIENTED_EDGE('',*,*,#4160,.F.);
#4162=CARTESIAN_POINT('',(0.275590551181102,0.118110236220473,0.131889763779528));
#4163=VERTEX_POINT('',#4162);
#4164=CARTESIAN_POINT('',(0.275590551181102,0.118110236220473,0.131889763779528));
#4165=DIRECTION('',(-1.0,0.0,0.0));
#4166=VECTOR('',#4165,0.031496062992126);
#4167=LINE('',#4164,#4166);
#4168=EDGE_CURVE('',#4163,#4153,#4167,.T.);
#4169=ORIENTED_EDGE('',*,*,#4168,.F.);
#4170=CARTESIAN_POINT('',(0.275590551181102,-0.118110236220472,0.131889763779528));
#4171=VERTEX_POINT('',#4170);
#4172=CARTESIAN_POINT('',(0.275590551181102,-0.118110236220472,0.131889763779528));
#4173=DIRECTION('',(0.0,1.0,0.0));
#4174=VECTOR('',#4173,0.236220472440945);
#4175=LINE('',#4172,#4174);
#4176=EDGE_CURVE('',#4171,#4163,#4175,.T.);
#4177=ORIENTED_EDGE('',*,*,#4176,.F.);
#4178=CARTESIAN_POINT('',(0.275590551181102,-0.118110236220472,0.131889763779528));
#4179=DIRECTION('',(-1.0,0.0,0.0));
#4180=VECTOR('',#4179,0.031496062992126);
#4181=LINE('',#4178,#4180);
#4182=EDGE_CURVE('',#4171,#4155,#4181,.T.);
#4183=ORIENTED_EDGE('',*,*,#4182,.T.);
#4184=EDGE_LOOP('',(#4161,#4169,#4177,#4183));
#4185=FACE_OUTER_BOUND('',#4184,.T.);
#4186=ADVANCED_FACE('',(#4185),#4151,.F.);
#4187=CARTESIAN_POINT('',(-0.277165354330708,-0.118110236220472,0.13494094488189));
#4188=DIRECTION('',(0.0,-1.0,0.0));
#4189=DIRECTION('',(0.0,0.0,-1.0));
#4190=AXIS2_PLACEMENT_3D('',#4187,#4188,#4189);
#4191=PLANE('',#4190);
#4192=CARTESIAN_POINT('',(-0.244094488188976,-0.118110236220472,0.070866141732283));
#4193=VERTEX_POINT('',#4192);
#4194=CARTESIAN_POINT('',(-0.244094488188976,-0.118110236220472,0.070866141732283));
#4195=DIRECTION('',(0.0,0.0,1.0));
#4196=VECTOR('',#4195,0.061023622047245);
#4197=LINE('',#4194,#4196);
#4198=EDGE_CURVE('',#4193,#4113,#4197,.T.);
#4199=ORIENTED_EDGE('',*,*,#4198,.F.);
#4200=CARTESIAN_POINT('',(-0.275590551181102,-0.118110236220472,0.070866141732283));
#4201=VERTEX_POINT('',#4200);
#4202=CARTESIAN_POINT('',(-0.244094488188976,-0.118110236220472,0.070866141732283));
#4203=DIRECTION('',(-1.0,0.0,0.0));
#4204=VECTOR('',#4203,0.031496062992126);
#4205=LINE('',#4202,#4204);
#4206=EDGE_CURVE('',#4193,#4201,#4205,.T.);
#4207=ORIENTED_EDGE('',*,*,#4206,.T.);
#4208=CARTESIAN_POINT('',(-0.275590551181102,-0.118110236220472,0.131889763779528));
#4209=DIRECTION('',(0.0,0.0,-1.0));
#4210=VECTOR('',#4209,0.061023622047245);
#4211=LINE('',#4208,#4210);
#4212=EDGE_CURVE('',#4123,#4201,#4211,.T.);
#4213=ORIENTED_EDGE('',*,*,#4212,.F.);
#4214=ORIENTED_EDGE('',*,*,#4128,.F.);
#4215=EDGE_LOOP('',(#4199,#4207,#4213,#4214));
#4216=FACE_OUTER_BOUND('',#4215,.T.);
#4217=ADVANCED_FACE('',(#4216),#4191,.F.);
#4218=CARTESIAN_POINT('',(0.24251968503937,-0.118110236220472,0.13494094488189));
#4219=DIRECTION('',(0.0,-1.0,0.0));
#4220=DIRECTION('',(0.0,0.0,-1.0));
#4221=AXIS2_PLACEMENT_3D('',#4218,#4219,#4220);
#4222=PLANE('',#4221);
#4223=CARTESIAN_POINT('',(0.244094488188976,-0.118110236220472,0.131889763779528));
#4224=DIRECTION('',(0.0,0.0,-1.0));
#4225=VECTOR('',#4224,0.061023622047245);
#4226=LINE('',#4223,#4225);
#4227=EDGE_CURVE('',#4155,#2655,#4226,.T.);
#4228=ORIENTED_EDGE('',*,*,#4227,.F.);
#4229=ORIENTED_EDGE('',*,*,#4182,.F.);
#4230=CARTESIAN_POINT('',(0.275590551181102,-0.118110236220472,0.070866141732283));
#4231=DIRECTION('',(0.0,0.0,1.0));
#4232=VECTOR('',#4231,0.061023622047245);
#4233=LINE('',#4230,#4232);
#4234=EDGE_CURVE('',#2663,#4171,#4233,.T.);
#4235=ORIENTED_EDGE('',*,*,#4234,.F.);
#4236=ORIENTED_EDGE('',*,*,#2668,.T.);
#4237=EDGE_LOOP('',(#4228,#4229,#4235,#4236));
#4238=FACE_OUTER_BOUND('',#4237,.T.);
#4239=ADVANCED_FACE('',(#4238),#4222,.F.);
#4240=CARTESIAN_POINT('',(-0.277165354330708,0.118110236220473,0.067814960629922));
#4241=DIRECTION('',(0.0,1.0,0.0));
#4242=DIRECTION('',(0.0,0.0,1.0));
#4243=AXIS2_PLACEMENT_3D('',#4240,#4241,#4242);
#4244=PLANE('',#4243);
#4245=CARTESIAN_POINT('',(-0.244094488188976,0.118110236220473,0.070866141732284));
#4246=VERTEX_POINT('',#4245);
#4247=CARTESIAN_POINT('',(-0.244094488188976,0.118110236220473,0.131889763779528));
#4248=DIRECTION('',(0.0,0.0,-1.0));
#4249=VECTOR('',#4248,0.061023622047244);
#4250=LINE('',#4247,#4249);
#4251=EDGE_CURVE('',#4115,#4246,#4250,.T.);
#4252=ORIENTED_EDGE('',*,*,#4251,.F.);
#4253=ORIENTED_EDGE('',*,*,#4142,.T.);
#4254=CARTESIAN_POINT('',(-0.275590551181102,0.118110236220473,0.070866141732284));
#4255=VERTEX_POINT('',#4254);
#4256=CARTESIAN_POINT('',(-0.275590551181102,0.118110236220473,0.070866141732284));
#4257=DIRECTION('',(0.0,0.0,1.0));
#4258=VECTOR('',#4257,0.061023622047244);
#4259=LINE('',#4256,#4258);
#4260=EDGE_CURVE('',#4255,#4131,#4259,.T.);
#4261=ORIENTED_EDGE('',*,*,#4260,.F.);
#4262=CARTESIAN_POINT('',(-0.244094488188976,0.118110236220473,0.070866141732284));
#4263=DIRECTION('',(-1.0,0.0,0.0));
#4264=VECTOR('',#4263,0.031496062992126);
#4265=LINE('',#4262,#4264);
#4266=EDGE_CURVE('',#4246,#4255,#4265,.T.);
#4267=ORIENTED_EDGE('',*,*,#4266,.F.);
#4268=EDGE_LOOP('',(#4252,#4253,#4261,#4267));
#4269=FACE_OUTER_BOUND('',#4268,.T.);
#4270=ADVANCED_FACE('',(#4269),#4244,.F.);
#4271=CARTESIAN_POINT('',(-0.24251968503937,-0.129921259842519,0.070866141732283));
#4272=DIRECTION('',(0.0,0.0,-1.0));
#4273=DIRECTION('',(-1.0,0.0,0.0));
#4274=AXIS2_PLACEMENT_3D('',#4271,#4272,#4273);
#4275=PLANE('',#4274);
#4276=CARTESIAN_POINT('',(-0.263779527559055,0.116141732283465,0.070866141732283));
#4277=VERTEX_POINT('',#4276);
#4278=CARTESIAN_POINT('',(-0.244094488188976,0.116141732283465,0.070866141732283));
#4279=VERTEX_POINT('',#4278);
#4280=CARTESIAN_POINT('',(-0.263779527559055,0.116141732283465,0.070866141732283));
#4281=DIRECTION('',(1.0,0.0,0.0));
#4282=VECTOR('',#4281,0.019685039370079);
#4283=LINE('',#4280,#4282);
#4284=EDGE_CURVE('',#4277,#4279,#4283,.T.);
#4285=ORIENTED_EDGE('',*,*,#4284,.T.);
#4286=CARTESIAN_POINT('',(-0.244094488188976,0.118110236220473,0.070866141732283));
#4287=DIRECTION('',(0.0,-1.0,0.0));
#4288=VECTOR('',#4287,0.001968503937008);
#4289=LINE('',#4286,#4288);
#4290=EDGE_CURVE('',#4246,#4279,#4289,.T.);
#4291=ORIENTED_EDGE('',*,*,#4290,.F.);
#4292=ORIENTED_EDGE('',*,*,#4266,.T.);
#4293=CARTESIAN_POINT('',(-0.275590551181102,-0.118110236220472,0.070866141732283));
#4294=DIRECTION('',(0.0,1.0,0.0));
#4295=VECTOR('',#4294,0.236220472440945);
#4296=LINE('',#4293,#4295);
#4297=EDGE_CURVE('',#4201,#4255,#4296,.T.);
#4298=ORIENTED_EDGE('',*,*,#4297,.F.);
#4299=ORIENTED_EDGE('',*,*,#4206,.F.);
#4300=CARTESIAN_POINT('',(-0.244094488188976,-0.116141732283465,0.070866141732283));
#4301=VERTEX_POINT('',#4300);
#4302=CARTESIAN_POINT('',(-0.244094488188976,-0.116141732283465,0.070866141732283));
#4303=DIRECTION('',(0.0,-1.0,0.0));
#4304=VECTOR('',#4303,0.001968503937007);
#4305=LINE('',#4302,#4304);
#4306=EDGE_CURVE('',#4301,#4193,#4305,.T.);
#4307=ORIENTED_EDGE('',*,*,#4306,.F.);
#4308=CARTESIAN_POINT('',(-0.263779527559055,-0.116141732283465,0.070866141732283));
#4309=VERTEX_POINT('',#4308);
#4310=CARTESIAN_POINT('',(-0.244094488188976,-0.116141732283465,0.070866141732283));
#4311=DIRECTION('',(-1.0,0.0,0.0));
#4312=VECTOR('',#4311,0.019685039370079);
#4313=LINE('',#4310,#4312);
#4314=EDGE_CURVE('',#4301,#4309,#4313,.T.);
#4315=ORIENTED_EDGE('',*,*,#4314,.T.);
#4316=CARTESIAN_POINT('',(-0.263779527559055,0.116141732283465,0.070866141732283));
#4317=DIRECTION('',(0.0,-1.0,0.0));
#4318=VECTOR('',#4317,0.23228346456693);
#4319=LINE('',#4316,#4318);
#4320=EDGE_CURVE('',#4277,#4309,#4319,.T.);
#4321=ORIENTED_EDGE('',*,*,#4320,.F.);
#4322=EDGE_LOOP('',(#4285,#4291,#4292,#4298,#4299,#4307,#4315,#4321));
#4323=FACE_OUTER_BOUND('',#4322,.T.);
#4324=ADVANCED_FACE('',(#4323),#4275,.F.);
#4325=CARTESIAN_POINT('',(0.24251968503937,0.118110236220473,0.067814960629922));
#4326=DIRECTION('',(0.0,1.0,0.0));
#4327=DIRECTION('',(0.0,0.0,1.0));
#4328=AXIS2_PLACEMENT_3D('',#4325,#4326,#4327);
#4329=PLANE('',#4328);
#4330=CARTESIAN_POINT('',(0.244094488188976,0.118110236220473,0.070866141732284));
#4331=DIRECTION('',(0.0,0.0,1.0));
#4332=VECTOR('',#4331,0.061023622047244);
#4333=LINE('',#4330,#4332);
#4334=EDGE_CURVE('',#2679,#4153,#4333,.T.);
#4335=ORIENTED_EDGE('',*,*,#4334,.F.);
#4336=ORIENTED_EDGE('',*,*,#2684,.F.);
#4337=CARTESIAN_POINT('',(0.275590551181102,0.118110236220473,0.131889763779528));
#4338=DIRECTION('',(0.0,0.0,-1.0));
#4339=VECTOR('',#4338,0.061023622047244);
#4340=LINE('',#4337,#4339);
#4341=EDGE_CURVE('',#4163,#2671,#4340,.T.);
#4342=ORIENTED_EDGE('',*,*,#4341,.F.);
#4343=ORIENTED_EDGE('',*,*,#4168,.T.);
#4344=EDGE_LOOP('',(#4335,#4336,#4342,#4343));
#4345=FACE_OUTER_BOUND('',#4344,.T.);
#4346=ADVANCED_FACE('',(#4345),#4329,.F.);
#4347=CARTESIAN_POINT('',(0.244094488188976,-0.24251968503937,0.279822834645669));
#4348=DIRECTION('',(1.0,0.0,0.0));
#4349=DIRECTION('',(0.0,0.0,-1.0));
#4350=AXIS2_PLACEMENT_3D('',#4347,#4348,#4349);
#4351=PLANE('',#4350);
#4352=CARTESIAN_POINT('',(0.244094488188976,0.220472440944882,0.190944881889764));
#4353=VERTEX_POINT('',#4352);
#4354=CARTESIAN_POINT('',(0.244094488188976,0.220472440944882,0.190944881889764));
#4355=DIRECTION('',(0.0,-1.0,0.0));
#4356=VECTOR('',#4355,0.440944881889764);
#4357=LINE('',#4354,#4356);
#4358=EDGE_CURVE('',#4353,#2703,#4357,.T.);
#4359=ORIENTED_EDGE('',*,*,#4358,.T.);
#4360=ORIENTED_EDGE('',*,*,#2730,.T.);
#4361=CARTESIAN_POINT('',(0.244094488188976,0.220472440944882,0.275590551181102));
#4362=VERTEX_POINT('',#4361);
#4363=CARTESIAN_POINT('',(0.244094488188976,0.220472440944882,0.275590551181102));
#4364=DIRECTION('',(0.0,-1.0,0.0));
#4365=VECTOR('',#4364,0.440944881889764);
#4366=LINE('',#4363,#4365);
#4367=EDGE_CURVE('',#4362,#2719,#4366,.T.);
#4368=ORIENTED_EDGE('',*,*,#4367,.F.);
#4369=CARTESIAN_POINT('',(0.244094488188976,0.220472440944882,0.190944881889764));
#4370=DIRECTION('',(0.0,0.0,1.0));
#4371=VECTOR('',#4370,0.084645669291338);
#4372=LINE('',#4369,#4371);
#4373=EDGE_CURVE('',#4353,#4362,#4372,.T.);
#4374=ORIENTED_EDGE('',*,*,#4373,.F.);
#4375=EDGE_LOOP('',(#4359,#4360,#4368,#4374));
#4376=FACE_OUTER_BOUND('',#4375,.T.);
#4377=ADVANCED_FACE('',(#4376),#4351,.F.);
#4378=CARTESIAN_POINT('',(-0.268503937007874,0.220472440944882,0.186712598425197));
#4379=DIRECTION('',(0.0,1.0,0.0));
#4380=DIRECTION('',(0.0,0.0,1.0));
#4381=AXIS2_PLACEMENT_3D('',#4378,#4379,#4380);
#4382=PLANE('',#4381);
#4383=CARTESIAN_POINT('',(0.244094488188976,0.220472440944882,0.190944881889764));
#4384=DIRECTION('',(-1.0,0.0,0.0));
#4385=VECTOR('',#4384,0.488188976377952);
#4386=LINE('',#4383,#4385);
#4387=EDGE_CURVE('',#4353,#2741,#4386,.T.);
#4388=ORIENTED_EDGE('',*,*,#4387,.F.);
#4389=ORIENTED_EDGE('',*,*,#4373,.T.);
#4390=CARTESIAN_POINT('',(-0.244094488188976,0.220472440944882,0.275590551181102));
#4391=DIRECTION('',(1.0,0.0,0.0));
#4392=VECTOR('',#4391,0.488188976377952);
#4393=LINE('',#4390,#4392);
#4394=EDGE_CURVE('',#2749,#4362,#4393,.T.);
#4395=ORIENTED_EDGE('',*,*,#4394,.F.);
#4396=ORIENTED_EDGE('',*,*,#2754,.F.);
#4397=EDGE_LOOP('',(#4388,#4389,#4395,#4396));
#4398=FACE_OUTER_BOUND('',#4397,.T.);
#4399=ADVANCED_FACE('',(#4398),#4382,.F.);
#4400=CARTESIAN_POINT('',(-0.268503937007874,-0.24251968503937,0.275590551181102));
#4401=DIRECTION('',(0.0,0.0,1.0));
#4402=DIRECTION('',(1.0,0.0,0.0));
#4403=AXIS2_PLACEMENT_3D('',#4400,#4401,#4402);
#4404=PLANE('',#4403);
#4405=ORIENTED_EDGE('',*,*,#2760,.T.);
#4406=ORIENTED_EDGE('',*,*,#4394,.T.);
#4407=ORIENTED_EDGE('',*,*,#4367,.T.);
#4408=ORIENTED_EDGE('',*,*,#2724,.T.);
#4409=EDGE_LOOP('',(#4405,#4406,#4407,#4408));
#4410=FACE_OUTER_BOUND('',#4409,.T.);
#4411=ORIENTED_EDGE('',*,*,#373,.T.);
#4412=ORIENTED_EDGE('',*,*,#462,.T.);
#4413=ORIENTED_EDGE('',*,*,#478,.T.);
#4414=ORIENTED_EDGE('',*,*,#410,.T.);
#4415=EDGE_LOOP('',(#4411,#4412,#4413,#4414));
#4416=FACE_BOUND('',#4415,.T.);
#4417=ADVANCED_FACE('',(#4410,#4416),#4404,.F.);
#4418=CARTESIAN_POINT('',(-0.281496062992126,0.232283464566929,0.283464566929134));
#4419=DIRECTION('',(1.0,0.0,0.0));
#4420=DIRECTION('',(0.0,-0.707106781186547,-0.707106781186548));
#4421=AXIS2_PLACEMENT_3D('',#4418,#4419,#4420);
#4422=CYLINDRICAL_SURFACE('',#4421,0.019685039370079);
#4423=CARTESIAN_POINT('',(-0.255905511811024,0.251968503937008,0.283464566929134));
#4424=VERTEX_POINT('',#4423);
#4425=CARTESIAN_POINT('',(-0.255905511811024,0.232283464566929,0.303149606299213));
#4426=VERTEX_POINT('',#4425);
#4427=CARTESIAN_POINT('',(-0.255905511811024,0.232283464566929,0.283464566929134));
#4428=DIRECTION('',(1.0,0.0,0.0));
#4429=DIRECTION('',(0.0,1.0,0.0));
#4430=AXIS2_PLACEMENT_3D('',#4427,#4428,#4429);
#4431=CIRCLE('',#4430,0.019685039370079);
#4432=EDGE_CURVE('',#4424,#4426,#4431,.T.);
#4433=ORIENTED_EDGE('',*,*,#4432,.T.);
#4434=CARTESIAN_POINT('',(0.255905511811024,0.232283464566929,0.303149606299213));
#4435=VERTEX_POINT('',#4434);
#4436=CARTESIAN_POINT('',(-0.255905511811024,0.232283464566929,0.303149606299213));
#4437=DIRECTION('',(1.0,0.0,0.0));
#4438=VECTOR('',#4437,0.511811023622048);
#4439=LINE('',#4436,#4438);
#4440=EDGE_CURVE('',#4426,#4435,#4439,.T.);
#4441=ORIENTED_EDGE('',*,*,#4440,.T.);
#4442=CARTESIAN_POINT('',(0.255905511811024,0.251968503937008,0.283464566929134));
#4443=VERTEX_POINT('',#4442);
#4444=CARTESIAN_POINT('',(0.255905511811024,0.232283464566929,0.283464566929134));
#4445=DIRECTION('',(-1.0,0.0,0.0));
#4446=DIRECTION('',(0.0,0.0,1.0));
#4447=AXIS2_PLACEMENT_3D('',#4444,#4445,#4446);
#4448=CIRCLE('',#4447,0.019685039370079);
#4449=EDGE_CURVE('',#4435,#4443,#4448,.T.);
#4450=ORIENTED_EDGE('',*,*,#4449,.T.);
#4451=CARTESIAN_POINT('',(0.255905511811024,0.251968503937008,0.283464566929134));
#4452=DIRECTION('',(-1.0,0.0,0.0));
#4453=VECTOR('',#4452,0.511811023622048);
#4454=LINE('',#4451,#4453);
#4455=EDGE_CURVE('',#4443,#4424,#4454,.T.);
#4456=ORIENTED_EDGE('',*,*,#4455,.T.);
#4457=EDGE_LOOP('',(#4433,#4441,#4450,#4456));
#4458=FACE_OUTER_BOUND('',#4457,.T.);
#4459=ADVANCED_FACE('',(#4458),#4422,.T.);
#4460=CARTESIAN_POINT('',(0.255905511811024,0.255511811023622,0.283464566929134));
#4461=DIRECTION('',(0.0,-1.0,0.0));
#4462=DIRECTION('',(-0.707106781186547,0.0,-0.707106781186548));
#4463=AXIS2_PLACEMENT_3D('',#4460,#4461,#4462);
#4464=CYLINDRICAL_SURFACE('',#4463,0.019685039370079);
#4465=CARTESIAN_POINT('',(0.275590551181102,0.232283464566929,0.283464566929134));
#4466=VERTEX_POINT('',#4465);
#4467=CARTESIAN_POINT('',(0.255905511811024,0.232283464566929,0.283464566929134));
#4468=DIRECTION('',(0.0,-1.0,0.0));
#4469=DIRECTION('',(1.0,0.0,0.0));
#4470=AXIS2_PLACEMENT_3D('',#4467,#4468,#4469);
#4471=CIRCLE('',#4470,0.019685039370079);
#4472=EDGE_CURVE('',#4466,#4435,#4471,.T.);
#4473=ORIENTED_EDGE('',*,*,#4472,.T.);
#4474=CARTESIAN_POINT('',(0.255905511811024,-0.232283464566929,0.303149606299213));
#4475=VERTEX_POINT('',#4474);
#4476=CARTESIAN_POINT('',(0.255905511811024,0.232283464566929,0.303149606299213));
#4477=DIRECTION('',(0.0,-1.0,0.0));
#4478=VECTOR('',#4477,0.464566929133858);
#4479=LINE('',#4476,#4478);
#4480=EDGE_CURVE('',#4435,#4475,#4479,.T.);
#4481=ORIENTED_EDGE('',*,*,#4480,.T.);
#4482=CARTESIAN_POINT('',(0.275590551181102,-0.232283464566929,0.283464566929134));
#4483=VERTEX_POINT('',#4482);
#4484=CARTESIAN_POINT('',(0.255905511811024,-0.232283464566929,0.283464566929134));
#4485=DIRECTION('',(0.0,1.0,0.0));
#4486=DIRECTION('',(0.0,0.0,1.0));
#4487=AXIS2_PLACEMENT_3D('',#4484,#4485,#4486);
#4488=CIRCLE('',#4487,0.019685039370079);
#4489=EDGE_CURVE('',#4475,#4483,#4488,.T.);
#4490=ORIENTED_EDGE('',*,*,#4489,.T.);
#4491=CARTESIAN_POINT('',(0.275590551181102,-0.232283464566929,0.283464566929134));
#4492=DIRECTION('',(0.0,1.0,0.0));
#4493=VECTOR('',#4492,0.464566929133858);
#4494=LINE('',#4491,#4493);
#4495=EDGE_CURVE('',#4483,#4466,#4494,.T.);
#4496=ORIENTED_EDGE('',*,*,#4495,.T.);
#4497=EDGE_LOOP('',(#4473,#4481,#4490,#4496));
#4498=FACE_OUTER_BOUND('',#4497,.T.);
#4499=ADVANCED_FACE('',(#4498),#4464,.T.);
#4500=CARTESIAN_POINT('',(0.281496062992126,-0.232283464566929,0.283464566929134));
#4501=DIRECTION('',(-1.0,0.0,0.0));
#4502=DIRECTION('',(0.0,0.707106781186547,-0.707106781186548));
#4503=AXIS2_PLACEMENT_3D('',#4500,#4501,#4502);
#4504=CYLINDRICAL_SURFACE('',#4503,0.019685039370079);
#4505=CARTESIAN_POINT('',(0.255905511811024,-0.251968503937008,0.283464566929134));
#4506=VERTEX_POINT('',#4505);
#4507=CARTESIAN_POINT('',(0.255905511811024,-0.232283464566929,0.283464566929134));
#4508=DIRECTION('',(-1.0,0.0,0.0));
#4509=DIRECTION('',(0.0,-1.0,0.0));
#4510=AXIS2_PLACEMENT_3D('',#4507,#4508,#4509);
#4511=CIRCLE('',#4510,0.019685039370079);
#4512=EDGE_CURVE('',#4506,#4475,#4511,.T.);
#4513=ORIENTED_EDGE('',*,*,#4512,.T.);
#4514=CARTESIAN_POINT('',(-0.255905511811024,-0.232283464566929,0.303149606299213));
#4515=VERTEX_POINT('',#4514);
#4516=CARTESIAN_POINT('',(0.255905511811024,-0.232283464566929,0.303149606299213));
#4517=DIRECTION('',(-1.0,0.0,0.0));
#4518=VECTOR('',#4517,0.511811023622048);
#4519=LINE('',#4516,#4518);
#4520=EDGE_CURVE('',#4475,#4515,#4519,.T.);
#4521=ORIENTED_EDGE('',*,*,#4520,.T.);
#4522=CARTESIAN_POINT('',(-0.255905511811024,-0.251968503937008,0.283464566929134));
#4523=VERTEX_POINT('',#4522);
#4524=CARTESIAN_POINT('',(-0.255905511811024,-0.232283464566929,0.283464566929134));
#4525=DIRECTION('',(1.0,0.0,0.0));
#4526=DIRECTION('',(0.0,0.0,1.0));
#4527=AXIS2_PLACEMENT_3D('',#4524,#4525,#4526);
#4528=CIRCLE('',#4527,0.019685039370079);
#4529=EDGE_CURVE('',#4515,#4523,#4528,.T.);
#4530=ORIENTED_EDGE('',*,*,#4529,.T.);
#4531=CARTESIAN_POINT('',(-0.255905511811024,-0.251968503937008,0.283464566929134));
#4532=DIRECTION('',(1.0,0.0,0.0));
#4533=VECTOR('',#4532,0.511811023622048);
#4534=LINE('',#4531,#4533);
#4535=EDGE_CURVE('',#4523,#4506,#4534,.T.);
#4536=ORIENTED_EDGE('',*,*,#4535,.T.);
#4537=EDGE_LOOP('',(#4513,#4521,#4530,#4536));
#4538=FACE_OUTER_BOUND('',#4537,.T.);
#4539=ADVANCED_FACE('',(#4538),#4504,.T.);
#4540=CARTESIAN_POINT('',(0.255905511811024,-0.232283464566929,0.283464566929134));
#4541=DIRECTION('',(0.577350269189626,0.577350269189626,0.577350269189626));
#4542=DIRECTION('',(-0.707106781186548,0.0,0.707106781186548));
#4543=AXIS2_PLACEMENT_3D('',#4540,#4541,#4542);
#4544=SPHERICAL_SURFACE('',#4543,0.019685039370079);
#4545=ORIENTED_EDGE('',*,*,#4512,.F.);
#4546=CARTESIAN_POINT('',(0.255905511811024,-0.232283464566929,0.283464566929134));
#4547=DIRECTION('',(0.0,0.0,1.0));
#4548=DIRECTION('',(0.0,1.0,0.0));
#4549=AXIS2_PLACEMENT_3D('',#4546,#4547,#4548);
#4550=CIRCLE('',#4549,0.019685039370079);
#4551=EDGE_CURVE('',#4506,#4483,#4550,.T.);
#4552=ORIENTED_EDGE('',*,*,#4551,.T.);
#4553=ORIENTED_EDGE('',*,*,#4489,.F.);
#4554=EDGE_LOOP('',(#4545,#4552,#4553));
#4555=FACE_OUTER_BOUND('',#4554,.T.);
#4556=ADVANCED_FACE('',(#4555),#4544,.T.);
#4557=CARTESIAN_POINT('',(-0.255905511811024,-0.255511811023622,0.283464566929134));
#4558=DIRECTION('',(0.0,1.0,0.0));
#4559=DIRECTION('',(0.707106781186547,0.0,-0.707106781186548));
#4560=AXIS2_PLACEMENT_3D('',#4557,#4558,#4559);
#4561=CYLINDRICAL_SURFACE('',#4560,0.019685039370079);
#4562=CARTESIAN_POINT('',(-0.275590551181102,-0.232283464566929,0.283464566929134));
#4563=VERTEX_POINT('',#4562);
#4564=CARTESIAN_POINT('',(-0.255905511811024,-0.232283464566929,0.283464566929134));
#4565=DIRECTION('',(0.0,1.0,0.0));
#4566=DIRECTION('',(-1.0,0.0,0.0));
#4567=AXIS2_PLACEMENT_3D('',#4564,#4565,#4566);
#4568=CIRCLE('',#4567,0.019685039370079);
#4569=EDGE_CURVE('',#4563,#4515,#4568,.T.);
#4570=ORIENTED_EDGE('',*,*,#4569,.T.);
#4571=CARTESIAN_POINT('',(-0.255905511811024,-0.232283464566929,0.303149606299213));
#4572=DIRECTION('',(0.0,1.0,0.0));
#4573=VECTOR('',#4572,0.464566929133858);
#4574=LINE('',#4571,#4573);
#4575=EDGE_CURVE('',#4515,#4426,#4574,.T.);
#4576=ORIENTED_EDGE('',*,*,#4575,.T.);
#4577=CARTESIAN_POINT('',(-0.275590551181102,0.232283464566929,0.283464566929134));
#4578=VERTEX_POINT('',#4577);
#4579=CARTESIAN_POINT('',(-0.255905511811024,0.232283464566929,0.283464566929134));
#4580=DIRECTION('',(0.0,-1.0,0.0));
#4581=DIRECTION('',(0.0,0.0,1.0));
#4582=AXIS2_PLACEMENT_3D('',#4579,#4580,#4581);
#4583=CIRCLE('',#4582,0.019685039370079);
#4584=EDGE_CURVE('',#4426,#4578,#4583,.T.);
#4585=ORIENTED_EDGE('',*,*,#4584,.T.);
#4586=CARTESIAN_POINT('',(-0.275590551181102,0.232283464566929,0.283464566929134));
#4587=DIRECTION('',(0.0,-1.0,0.0));
#4588=VECTOR('',#4587,0.464566929133858);
#4589=LINE('',#4586,#4588);
#4590=EDGE_CURVE('',#4578,#4563,#4589,.T.);
#4591=ORIENTED_EDGE('',*,*,#4590,.T.);
#4592=EDGE_LOOP('',(#4570,#4576,#4585,#4591));
#4593=FACE_OUTER_BOUND('',#4592,.T.);
#4594=ADVANCED_FACE('',(#4593),#4561,.T.);
#4595=CARTESIAN_POINT('',(-0.255905511811024,-0.232283464566929,0.283464566929134));
#4596=DIRECTION('',(0.577350269189626,0.577350269189626,0.577350269189626));
#4597=DIRECTION('',(-0.707106781186548,0.0,0.707106781186548));
#4598=AXIS2_PLACEMENT_3D('',#4595,#4596,#4597);
#4599=SPHERICAL_SURFACE('',#4598,0.019685039370079);
#4600=ORIENTED_EDGE('',*,*,#4569,.F.);
#4601=CARTESIAN_POINT('',(-0.255905511811024,-0.232283464566929,0.283464566929134));
#4602=DIRECTION('',(0.0,0.0,1.0));
#4603=DIRECTION('',(1.0,0.0,0.0));
#4604=AXIS2_PLACEMENT_3D('',#4601,#4602,#4603);
#4605=CIRCLE('',#4604,0.019685039370079);
#4606=EDGE_CURVE('',#4563,#4523,#4605,.T.);
#4607=ORIENTED_EDGE('',*,*,#4606,.T.);
#4608=ORIENTED_EDGE('',*,*,#4529,.F.);
#4609=EDGE_LOOP('',(#4600,#4607,#4608));
#4610=FACE_OUTER_BOUND('',#4609,.T.);
#4611=ADVANCED_FACE('',(#4610),#4599,.T.);
#4612=CARTESIAN_POINT('',(0.255905511811024,0.232283464566929,0.283464566929134));
#4613=DIRECTION('',(0.577350269189626,0.577350269189626,0.577350269189626));
#4614=DIRECTION('',(-0.707106781186548,0.0,0.707106781186548));
#4615=AXIS2_PLACEMENT_3D('',#4612,#4613,#4614);
#4616=SPHERICAL_SURFACE('',#4615,0.019685039370079);
#4617=ORIENTED_EDGE('',*,*,#4472,.F.);
#4618=CARTESIAN_POINT('',(0.255905511811024,0.232283464566929,0.283464566929134));
#4619=DIRECTION('',(0.0,0.0,1.0));
#4620=DIRECTION('',(-1.0,0.0,0.0));
#4621=AXIS2_PLACEMENT_3D('',#4618,#4619,#4620);
#4622=CIRCLE('',#4621,0.019685039370079);
#4623=EDGE_CURVE('',#4466,#4443,#4622,.T.);
#4624=ORIENTED_EDGE('',*,*,#4623,.T.);
#4625=ORIENTED_EDGE('',*,*,#4449,.F.);
#4626=EDGE_LOOP('',(#4617,#4624,#4625));
#4627=FACE_OUTER_BOUND('',#4626,.T.);
#4628=ADVANCED_FACE('',(#4627),#4616,.T.);
#4629=CARTESIAN_POINT('',(-0.255905511811024,0.232283464566929,0.283464566929134));
#4630=DIRECTION('',(0.577350269189626,0.577350269189626,0.577350269189626));
#4631=DIRECTION('',(-0.707106781186548,0.0,0.707106781186548));
#4632=AXIS2_PLACEMENT_3D('',#4629,#4630,#4631);
#4633=SPHERICAL_SURFACE('',#4632,0.019685039370079);
#4634=ORIENTED_EDGE('',*,*,#4432,.F.);
#4635=CARTESIAN_POINT('',(-0.255905511811024,0.232283464566929,0.283464566929134));
#4636=DIRECTION('',(0.0,0.0,1.0));
#4637=DIRECTION('',(0.0,-1.0,0.0));
#4638=AXIS2_PLACEMENT_3D('',#4635,#4636,#4637);
#4639=CIRCLE('',#4638,0.019685039370079);
#4640=EDGE_CURVE('',#4424,#4578,#4639,.T.);
#4641=ORIENTED_EDGE('',*,*,#4640,.T.);
#4642=ORIENTED_EDGE('',*,*,#4584,.F.);
#4643=EDGE_LOOP('',(#4634,#4641,#4642));
#4644=FACE_OUTER_BOUND('',#4643,.T.);
#4645=ADVANCED_FACE('',(#4644),#4633,.T.);
#4646=CARTESIAN_POINT('',(0.255905511811024,-0.232283464566929,-0.014173228346457));
#4647=DIRECTION('',(0.0,0.0,1.0));
#4648=DIRECTION('',(0.0,1.0,0.0));
#4649=AXIS2_PLACEMENT_3D('',#4646,#4647,#4648);
#4650=CYLINDRICAL_SURFACE('',#4649,0.019685039370079);
#4651=ORIENTED_EDGE('',*,*,#4551,.F.);
#4652=CARTESIAN_POINT('',(0.255905511811024,-0.251968503937008,0.0));
#4653=VERTEX_POINT('',#4652);
#4654=CARTESIAN_POINT('',(0.255905511811024,-0.251968503937008,0.0));
#4655=DIRECTION('',(0.0,0.0,1.0));
#4656=VECTOR('',#4655,0.283464566929134);
#4657=LINE('',#4654,#4656);
#4658=EDGE_CURVE('',#4653,#4506,#4657,.T.);
#4659=ORIENTED_EDGE('',*,*,#4658,.F.);
#4660=CARTESIAN_POINT('',(0.275590551181102,-0.232283464566929,0.0));
#4661=VERTEX_POINT('',#4660);
#4662=CARTESIAN_POINT('',(0.255905511811024,-0.232283464566929,0.0));
#4663=DIRECTION('',(0.0,0.0,-1.0));
#4664=DIRECTION('',(0.0,1.0,0.0));
#4665=AXIS2_PLACEMENT_3D('',#4662,#4663,#4664);
#4666=CIRCLE('',#4665,0.019685039370079);
#4667=EDGE_CURVE('',#4661,#4653,#4666,.T.);
#4668=ORIENTED_EDGE('',*,*,#4667,.F.);
#4669=CARTESIAN_POINT('',(0.275590551181102,-0.232283464566929,0.0));
#4670=DIRECTION('',(0.0,0.0,1.0));
#4671=VECTOR('',#4670,0.283464566929134);
#4672=LINE('',#4669,#4671);
#4673=EDGE_CURVE('',#4661,#4483,#4672,.T.);
#4674=ORIENTED_EDGE('',*,*,#4673,.T.);
#4675=EDGE_LOOP('',(#4651,#4659,#4668,#4674));
#4676=FACE_OUTER_BOUND('',#4675,.T.);
#4677=ADVANCED_FACE('',(#4676),#4650,.T.);
#4678=CARTESIAN_POINT('',(-0.255905511811024,-0.232283464566929,-0.014173228346457));
#4679=DIRECTION('',(0.0,0.0,1.0));
#4680=DIRECTION('',(1.0,0.0,0.0));
#4681=AXIS2_PLACEMENT_3D('',#4678,#4679,#4680);
#4682=CYLINDRICAL_SURFACE('',#4681,0.019685039370079);
#4683=ORIENTED_EDGE('',*,*,#4606,.F.);
#4684=CARTESIAN_POINT('',(-0.275590551181102,-0.232283464566929,0.0));
#4685=VERTEX_POINT('',#4684);
#4686=CARTESIAN_POINT('',(-0.275590551181102,-0.232283464566929,0.0));
#4687=DIRECTION('',(0.0,0.0,1.0));
#4688=VECTOR('',#4687,0.283464566929134);
#4689=LINE('',#4686,#4688);
#4690=EDGE_CURVE('',#4685,#4563,#4689,.T.);
#4691=ORIENTED_EDGE('',*,*,#4690,.F.);
#4692=CARTESIAN_POINT('',(-0.255905511811024,-0.251968503937008,0.0));
#4693=VERTEX_POINT('',#4692);
#4694=CARTESIAN_POINT('',(-0.255905511811024,-0.232283464566929,0.0));
#4695=DIRECTION('',(0.0,0.0,-1.0));
#4696=DIRECTION('',(1.0,0.0,0.0));
#4697=AXIS2_PLACEMENT_3D('',#4694,#4695,#4696);
#4698=CIRCLE('',#4697,0.019685039370079);
#4699=EDGE_CURVE('',#4693,#4685,#4698,.T.);
#4700=ORIENTED_EDGE('',*,*,#4699,.F.);
#4701=CARTESIAN_POINT('',(-0.255905511811024,-0.251968503937008,0.0));
#4702=DIRECTION('',(0.0,0.0,1.0));
#4703=VECTOR('',#4702,0.283464566929134);
#4704=LINE('',#4701,#4703);
#4705=EDGE_CURVE('',#4693,#4523,#4704,.T.);
#4706=ORIENTED_EDGE('',*,*,#4705,.T.);
#4707=EDGE_LOOP('',(#4683,#4691,#4700,#4706));
#4708=FACE_OUTER_BOUND('',#4707,.T.);
#4709=ADVANCED_FACE('',(#4708),#4682,.T.);
#4710=CARTESIAN_POINT('',(-0.275590551181102,-0.255511811023622,-0.014173228346457));
#4711=DIRECTION('',(-1.0,0.0,0.0));
#4712=DIRECTION('',(0.0,0.0,1.0));
#4713=AXIS2_PLACEMENT_3D('',#4710,#4711,#4712);
#4714=PLANE('',#4713);
#4715=ORIENTED_EDGE('',*,*,#4590,.F.);
#4716=CARTESIAN_POINT('',(-0.275590551181102,0.232283464566929,0.0));
#4717=VERTEX_POINT('',#4716);
#4718=CARTESIAN_POINT('',(-0.275590551181102,0.232283464566929,0.0));
#4719=DIRECTION('',(0.0,0.0,1.0));
#4720=VECTOR('',#4719,0.283464566929134);
#4721=LINE('',#4718,#4720);
#4722=EDGE_CURVE('',#4717,#4578,#4721,.T.);
#4723=ORIENTED_EDGE('',*,*,#4722,.F.);
#4724=CARTESIAN_POINT('',(-0.275590551181102,-0.232283464566929,0.0));
#4725=DIRECTION('',(0.0,1.0,0.0));
#4726=VECTOR('',#4725,0.464566929133858);
#4727=LINE('',#4724,#4726);
#4728=EDGE_CURVE('',#4685,#4717,#4727,.T.);
#4729=ORIENTED_EDGE('',*,*,#4728,.F.);
#4730=ORIENTED_EDGE('',*,*,#4690,.T.);
#4731=EDGE_LOOP('',(#4715,#4723,#4729,#4730));
#4732=FACE_OUTER_BOUND('',#4731,.T.);
#4733=ORIENTED_EDGE('',*,*,#4297,.T.);
#4734=ORIENTED_EDGE('',*,*,#4260,.T.);
#4735=ORIENTED_EDGE('',*,*,#4136,.T.);
#4736=ORIENTED_EDGE('',*,*,#4212,.T.);
#4737=EDGE_LOOP('',(#4733,#4734,#4735,#4736));
#4738=FACE_BOUND('',#4737,.T.);
#4739=ADVANCED_FACE('',(#4732,#4738),#4714,.T.);
#4740=CARTESIAN_POINT('',(-0.281496062992126,-0.255511811023622,0.303149606299213));
#4741=DIRECTION('',(0.0,0.0,1.0));
#4742=DIRECTION('',(1.0,0.0,0.0));
#4743=AXIS2_PLACEMENT_3D('',#4740,#4741,#4742);
#4744=PLANE('',#4743);
#4745=ORIENTED_EDGE('',*,*,#4440,.F.);
#4746=ORIENTED_EDGE('',*,*,#4575,.F.);
#4747=ORIENTED_EDGE('',*,*,#4520,.F.);
#4748=ORIENTED_EDGE('',*,*,#4480,.F.);
#4749=EDGE_LOOP('',(#4745,#4746,#4747,#4748));
#4750=FACE_OUTER_BOUND('',#4749,.T.);
#4751=ORIENTED_EDGE('',*,*,#2801,.T.);
#4752=ORIENTED_EDGE('',*,*,#2837,.T.);
#4753=ORIENTED_EDGE('',*,*,#2868,.T.);
#4754=ORIENTED_EDGE('',*,*,#2899,.T.);
#4755=ORIENTED_EDGE('',*,*,#2930,.T.);
#4756=ORIENTED_EDGE('',*,*,#2967,.T.);
#4757=ORIENTED_EDGE('',*,*,#2998,.T.);
#4758=ORIENTED_EDGE('',*,*,#3029,.T.);
#4759=ORIENTED_EDGE('',*,*,#3060,.T.);
#4760=ORIENTED_EDGE('',*,*,#3091,.T.);
#4761=ORIENTED_EDGE('',*,*,#3113,.T.);
#4762=EDGE_LOOP('',(#4751,#4752,#4753,#4754,#4755,#4756,#4757,#4758,#4759,#4760,#4761));
#4763=FACE_BOUND('',#4762,.T.);
#4764=ORIENTED_EDGE('',*,*,#3167,.T.);
#4765=ORIENTED_EDGE('',*,*,#3209,.T.);
#4766=ORIENTED_EDGE('',*,*,#3239,.T.);
#4767=ORIENTED_EDGE('',*,*,#3283,.T.);
#4768=ORIENTED_EDGE('',*,*,#3326,.T.);
#4769=ORIENTED_EDGE('',*,*,#3363,.T.);
#4770=ORIENTED_EDGE('',*,*,#3400,.T.);
#4771=ORIENTED_EDGE('',*,*,#3431,.T.);
#4772=ORIENTED_EDGE('',*,*,#3462,.T.);
#4773=ORIENTED_EDGE('',*,*,#3492,.T.);
#4774=ORIENTED_EDGE('',*,*,#3529,.T.);
#4775=ORIENTED_EDGE('',*,*,#3566,.T.);
#4776=ORIENTED_EDGE('',*,*,#3603,.T.);
#4777=ORIENTED_EDGE('',*,*,#3647,.T.);
#4778=ORIENTED_EDGE('',*,*,#3678,.T.);
#4779=ORIENTED_EDGE('',*,*,#3709,.T.);
#4780=ORIENTED_EDGE('',*,*,#3731,.T.);
#4781=EDGE_LOOP('',(#4764,#4765,#4766,#4767,#4768,#4769,#4770,#4771,#4772,#4773,#4774,#4775,#4776,#4777,#4778,#4779,#4780));
#4782=FACE_BOUND('',#4781,.T.);
#4783=ORIENTED_EDGE('',*,*,#3856,.T.);
#4784=ORIENTED_EDGE('',*,*,#4077,.T.);
#4785=ORIENTED_EDGE('',*,*,#4048,.T.);
#4786=ORIENTED_EDGE('',*,*,#4017,.T.);
#4787=ORIENTED_EDGE('',*,*,#3984,.T.);
#4788=ORIENTED_EDGE('',*,*,#3953,.T.);
#4789=ORIENTED_EDGE('',*,*,#3920,.T.);
#4790=ORIENTED_EDGE('',*,*,#3889,.T.);
#4791=EDGE_LOOP('',(#4783,#4784,#4785,#4786,#4787,#4788,#4789,#4790));
#4792=FACE_BOUND('',#4791,.T.);
#4793=ADVANCED_FACE('',(#4750,#4763,#4782,#4792),#4744,.T.);
#4794=CARTESIAN_POINT('',(0.255905511811024,0.232283464566929,-0.014173228346457));
#4795=DIRECTION('',(0.0,0.0,1.0));
#4796=DIRECTION('',(-1.0,0.0,0.0));
#4797=AXIS2_PLACEMENT_3D('',#4794,#4795,#4796);
#4798=CYLINDRICAL_SURFACE('',#4797,0.019685039370079);
#4799=ORIENTED_EDGE('',*,*,#4623,.F.);
#4800=CARTESIAN_POINT('',(0.275590551181102,0.232283464566929,0.0));
#4801=VERTEX_POINT('',#4800);
#4802=CARTESIAN_POINT('',(0.275590551181102,0.232283464566929,0.0));
#4803=DIRECTION('',(0.0,0.0,1.0));
#4804=VECTOR('',#4803,0.283464566929134);
#4805=LINE('',#4802,#4804);
#4806=EDGE_CURVE('',#4801,#4466,#4805,.T.);
#4807=ORIENTED_EDGE('',*,*,#4806,.F.);
#4808=CARTESIAN_POINT('',(0.255905511811024,0.251968503937008,0.0));
#4809=VERTEX_POINT('',#4808);
#4810=CARTESIAN_POINT('',(0.255905511811024,0.232283464566929,0.0));
#4811=DIRECTION('',(0.0,0.0,-1.0));
#4812=DIRECTION('',(-1.0,0.0,0.0));
#4813=AXIS2_PLACEMENT_3D('',#4810,#4811,#4812);
#4814=CIRCLE('',#4813,0.019685039370079);
#4815=EDGE_CURVE('',#4809,#4801,#4814,.T.);
#4816=ORIENTED_EDGE('',*,*,#4815,.F.);
#4817=CARTESIAN_POINT('',(0.255905511811024,0.251968503937008,0.0));
#4818=DIRECTION('',(0.0,0.0,1.0));
#4819=VECTOR('',#4818,0.283464566929134);
#4820=LINE('',#4817,#4819);
#4821=EDGE_CURVE('',#4809,#4443,#4820,.T.);
#4822=ORIENTED_EDGE('',*,*,#4821,.T.);
#4823=EDGE_LOOP('',(#4799,#4807,#4816,#4822));
#4824=FACE_OUTER_BOUND('',#4823,.T.);
#4825=ADVANCED_FACE('',(#4824),#4798,.T.);
#4826=CARTESIAN_POINT('',(0.275590551181102,-0.255511811023622,0.297637795275591));
#4827=DIRECTION('',(1.0,0.0,0.0));
#4828=DIRECTION('',(0.0,0.0,-1.0));
#4829=AXIS2_PLACEMENT_3D('',#4826,#4827,#4828);
#4830=PLANE('',#4829);
#4831=ORIENTED_EDGE('',*,*,#4495,.F.);
#4832=ORIENTED_EDGE('',*,*,#4673,.F.);
#4833=CARTESIAN_POINT('',(0.275590551181102,0.232283464566929,0.0));
#4834=DIRECTION('',(0.0,-1.0,0.0));
#4835=VECTOR('',#4834,0.464566929133858);
#4836=LINE('',#4833,#4835);
#4837=EDGE_CURVE('',#4801,#4661,#4836,.T.);
#4838=ORIENTED_EDGE('',*,*,#4837,.F.);
#4839=ORIENTED_EDGE('',*,*,#4806,.T.);
#4840=EDGE_LOOP('',(#4831,#4832,#4838,#4839));
#4841=FACE_OUTER_BOUND('',#4840,.T.);
#4842=ORIENTED_EDGE('',*,*,#2676,.T.);
#4843=ORIENTED_EDGE('',*,*,#4234,.T.);
#4844=ORIENTED_EDGE('',*,*,#4176,.T.);
#4845=ORIENTED_EDGE('',*,*,#4341,.T.);
#4846=EDGE_LOOP('',(#4842,#4843,#4844,#4845));
#4847=FACE_BOUND('',#4846,.T.);
#4848=ADVANCED_FACE('',(#4841,#4847),#4830,.T.);
#4849=CARTESIAN_POINT('',(-0.255905511811024,0.232283464566929,-0.014173228346457));
#4850=DIRECTION('',(0.0,0.0,1.0));
#4851=DIRECTION('',(0.0,-1.0,0.0));
#4852=AXIS2_PLACEMENT_3D('',#4849,#4850,#4851);
#4853=CYLINDRICAL_SURFACE('',#4852,0.019685039370079);
#4854=ORIENTED_EDGE('',*,*,#4640,.F.);
#4855=CARTESIAN_POINT('',(-0.255905511811024,0.251968503937008,0.0));
#4856=VERTEX_POINT('',#4855);
#4857=CARTESIAN_POINT('',(-0.255905511811024,0.251968503937008,0.0));
#4858=DIRECTION('',(0.0,0.0,1.0));
#4859=VECTOR('',#4858,0.283464566929134);
#4860=LINE('',#4857,#4859);
#4861=EDGE_CURVE('',#4856,#4424,#4860,.T.);
#4862=ORIENTED_EDGE('',*,*,#4861,.F.);
#4863=CARTESIAN_POINT('',(-0.255905511811024,0.232283464566929,0.0));
#4864=DIRECTION('',(0.0,0.0,-1.0));
#4865=DIRECTION('',(0.0,-1.0,0.0));
#4866=AXIS2_PLACEMENT_3D('',#4863,#4864,#4865);
#4867=CIRCLE('',#4866,0.019685039370079);
#4868=EDGE_CURVE('',#4717,#4856,#4867,.T.);
#4869=ORIENTED_EDGE('',*,*,#4868,.F.);
#4870=ORIENTED_EDGE('',*,*,#4722,.T.);
#4871=EDGE_LOOP('',(#4854,#4862,#4869,#4870));
#4872=FACE_OUTER_BOUND('',#4871,.T.);
#4873=ADVANCED_FACE('',(#4872),#4853,.T.);
#4874=CARTESIAN_POINT('',(0.244094488188976,-0.129921259842519,0.13494094488189));
#4875=DIRECTION('',(1.0,0.0,0.0));
#4876=DIRECTION('',(0.0,0.0,-1.0));
#4877=AXIS2_PLACEMENT_3D('',#4874,#4875,#4876);
#4878=PLANE('',#4877);
#4879=ORIENTED_EDGE('',*,*,#2690,.T.);
#4880=ORIENTED_EDGE('',*,*,#4334,.T.);
#4881=ORIENTED_EDGE('',*,*,#4160,.T.);
#4882=ORIENTED_EDGE('',*,*,#4227,.T.);
#4883=ORIENTED_EDGE('',*,*,#2660,.T.);
#4884=CARTESIAN_POINT('',(0.244094488188976,-0.116141732283465,0.118110236220472));
#4885=VERTEX_POINT('',#4884);
#4886=CARTESIAN_POINT('',(0.244094488188976,-0.116141732283465,0.070866141732283));
#4887=DIRECTION('',(0.0,0.0,1.0));
#4888=VECTOR('',#4887,0.047244094488189);
#4889=LINE('',#4886,#4888);
#4890=EDGE_CURVE('',#2647,#4885,#4889,.T.);
#4891=ORIENTED_EDGE('',*,*,#4890,.T.);
#4892=CARTESIAN_POINT('',(0.244094488188976,0.116141732283465,0.118110236220472));
#4893=VERTEX_POINT('',#4892);
#4894=CARTESIAN_POINT('',(0.244094488188976,-0.116141732283465,0.118110236220472));
#4895=DIRECTION('',(0.0,1.0,0.0));
#4896=VECTOR('',#4895,0.23228346456693);
#4897=LINE('',#4894,#4896);
#4898=EDGE_CURVE('',#4885,#4893,#4897,.T.);
#4899=ORIENTED_EDGE('',*,*,#4898,.T.);
#4900=CARTESIAN_POINT('',(0.244094488188976,0.116141732283465,0.118110236220472));
#4901=DIRECTION('',(0.0,0.0,-1.0));
#4902=VECTOR('',#4901,0.047244094488189);
#4903=LINE('',#4900,#4902);
#4904=EDGE_CURVE('',#4893,#2629,#4903,.T.);
#4905=ORIENTED_EDGE('',*,*,#4904,.T.);
#4906=EDGE_LOOP('',(#4879,#4880,#4881,#4882,#4883,#4891,#4899,#4905));
#4907=FACE_OUTER_BOUND('',#4906,.T.);
#4908=ADVANCED_FACE('',(#4907),#4878,.T.);
#4909=CARTESIAN_POINT('',(-0.206692913385827,0.22244094488189,-0.026771653543307));
#4910=DIRECTION('',(0.0,0.0,1.0));
#4911=DIRECTION('',(1.0,0.0,0.0));
#4912=AXIS2_PLACEMENT_3D('',#4909,#4910,#4911);
#4913=TOROIDAL_SURFACE('',#4912,0.010629921259843,0.003149606299213);
#4914=CARTESIAN_POINT('',(-0.220472440944882,0.22244094488189,-0.026771653543307));
#4915=VERTEX_POINT('',#4914);
#4916=CARTESIAN_POINT('',(-0.206692913385827,0.22244094488189,-0.026771653543307));
#4917=DIRECTION('',(0.0,0.0,-1.0));
#4918=DIRECTION('',(1.0,0.0,0.0));
#4919=AXIS2_PLACEMENT_3D('',#4916,#4917,#4918);
#4920=CIRCLE('',#4919,0.013779527559055);
#4921=EDGE_CURVE('',#4915,#4915,#4920,.T.);
#4922=ORIENTED_EDGE('',*,*,#4921,.T.);
#4923=EDGE_LOOP('',(#4922));
#4924=FACE_OUTER_BOUND('',#4923,.T.);
#4925=CARTESIAN_POINT('',(-0.21732283464567,0.22244094488189,-0.02992125984252));
#4926=VERTEX_POINT('',#4925);
#4927=CARTESIAN_POINT('',(-0.206692913385827,0.22244094488189,-0.02992125984252));
#4928=DIRECTION('',(0.0,0.0,1.0));
#4929=DIRECTION('',(1.0,0.0,0.0));
#4930=AXIS2_PLACEMENT_3D('',#4927,#4928,#4929);
#4931=CIRCLE('',#4930,0.010629921259843);
#4932=EDGE_CURVE('',#4926,#4926,#4931,.T.);
#4933=ORIENTED_EDGE('',*,*,#4932,.T.);
#4934=EDGE_LOOP('',(#4933));
#4935=FACE_BOUND('',#4934,.T.);
#4936=ADVANCED_FACE('',(#4924,#4935),#4913,.T.);
#4937=CARTESIAN_POINT('',(-0.206692913385827,0.22244094488189,0.001338582677165));
#4938=DIRECTION('',(0.0,0.0,-1.0));
#4939=DIRECTION('',(-1.0,0.0,0.0));
#4940=AXIS2_PLACEMENT_3D('',#4937,#4938,#4939);
#4941=CYLINDRICAL_SURFACE('',#4940,0.013779527559055);
#4942=ORIENTED_EDGE('',*,*,#4921,.F.);
#4943=EDGE_LOOP('',(#4942));
#4944=FACE_OUTER_BOUND('',#4943,.T.);
#4945=CARTESIAN_POINT('',(-0.220472440944882,0.22244094488189,0.0));
#4946=VERTEX_POINT('',#4945);
#4947=CARTESIAN_POINT('',(-0.206692913385827,0.22244094488189,0.0));
#4948=DIRECTION('',(0.0,0.0,1.0));
#4949=DIRECTION('',(1.0,0.0,0.0));
#4950=AXIS2_PLACEMENT_3D('',#4947,#4948,#4949);
#4951=CIRCLE('',#4950,0.013779527559055);
#4952=EDGE_CURVE('',#4946,#4946,#4951,.T.);
#4953=ORIENTED_EDGE('',*,*,#4952,.F.);
#4954=EDGE_LOOP('',(#4953));
#4955=FACE_BOUND('',#4954,.T.);
#4956=ADVANCED_FACE('',(#4944,#4955),#4941,.T.);
#4957=CARTESIAN_POINT('',(-0.218385826771654,0.210748031496063,-0.02992125984252));
#4958=DIRECTION('',(0.0,0.0,1.0));
#4959=DIRECTION('',(1.0,0.0,0.0));
#4960=AXIS2_PLACEMENT_3D('',#4957,#4958,#4959);
#4961=PLANE('',#4960);
#4962=ORIENTED_EDGE('',*,*,#4932,.F.);
#4963=EDGE_LOOP('',(#4962));
#4964=FACE_OUTER_BOUND('',#4963,.T.);
#4965=ADVANCED_FACE('',(#4964),#4961,.F.);
#4966=CARTESIAN_POINT('',(-0.206692913385827,-0.22244094488189,-0.026771653543307));
#4967=DIRECTION('',(0.0,0.0,1.0));
#4968=DIRECTION('',(1.0,0.0,0.0));
#4969=AXIS2_PLACEMENT_3D('',#4966,#4967,#4968);
#4970=TOROIDAL_SURFACE('',#4969,0.010629921259843,0.003149606299213);
#4971=CARTESIAN_POINT('',(-0.220472440944882,-0.22244094488189,-0.026771653543307));
#4972=VERTEX_POINT('',#4971);
#4973=CARTESIAN_POINT('',(-0.206692913385827,-0.22244094488189,-0.026771653543307));
#4974=DIRECTION('',(0.0,0.0,-1.0));
#4975=DIRECTION('',(1.0,0.0,0.0));
#4976=AXIS2_PLACEMENT_3D('',#4973,#4974,#4975);
#4977=CIRCLE('',#4976,0.013779527559055);
#4978=EDGE_CURVE('',#4972,#4972,#4977,.T.);
#4979=ORIENTED_EDGE('',*,*,#4978,.T.);
#4980=EDGE_LOOP('',(#4979));
#4981=FACE_OUTER_BOUND('',#4980,.T.);
#4982=CARTESIAN_POINT('',(-0.21732283464567,-0.22244094488189,-0.02992125984252));
#4983=VERTEX_POINT('',#4982);
#4984=CARTESIAN_POINT('',(-0.206692913385827,-0.22244094488189,-0.02992125984252));
#4985=DIRECTION('',(0.0,0.0,1.0));
#4986=DIRECTION('',(1.0,0.0,0.0));
#4987=AXIS2_PLACEMENT_3D('',#4984,#4985,#4986);
#4988=CIRCLE('',#4987,0.010629921259843);
#4989=EDGE_CURVE('',#4983,#4983,#4988,.T.);
#4990=ORIENTED_EDGE('',*,*,#4989,.T.);
#4991=EDGE_LOOP('',(#4990));
#4992=FACE_BOUND('',#4991,.T.);
#4993=ADVANCED_FACE('',(#4981,#4992),#4970,.T.);
#4994=CARTESIAN_POINT('',(-0.206692913385827,-0.22244094488189,0.001338582677165));
#4995=DIRECTION('',(0.0,0.0,-1.0));
#4996=DIRECTION('',(-1.0,0.0,0.0));
#4997=AXIS2_PLACEMENT_3D('',#4994,#4995,#4996);
#4998=CYLINDRICAL_SURFACE('',#4997,0.013779527559055);
#4999=ORIENTED_EDGE('',*,*,#4978,.F.);
#5000=EDGE_LOOP('',(#4999));
#5001=FACE_OUTER_BOUND('',#5000,.T.);
#5002=CARTESIAN_POINT('',(-0.220472440944882,-0.22244094488189,0.0));
#5003=VERTEX_POINT('',#5002);
#5004=CARTESIAN_POINT('',(-0.206692913385827,-0.22244094488189,0.0));
#5005=DIRECTION('',(0.0,0.0,1.0));
#5006=DIRECTION('',(1.0,0.0,0.0));
#5007=AXIS2_PLACEMENT_3D('',#5004,#5005,#5006);
#5008=CIRCLE('',#5007,0.013779527559055);
#5009=EDGE_CURVE('',#5003,#5003,#5008,.T.);
#5010=ORIENTED_EDGE('',*,*,#5009,.F.);
#5011=EDGE_LOOP('',(#5010));
#5012=FACE_BOUND('',#5011,.T.);
#5013=ADVANCED_FACE('',(#5001,#5012),#4998,.T.);
#5014=CARTESIAN_POINT('',(-0.218385826771654,-0.234133858267717,-0.02992125984252));
#5015=DIRECTION('',(0.0,0.0,1.0));
#5016=DIRECTION('',(1.0,0.0,0.0));
#5017=AXIS2_PLACEMENT_3D('',#5014,#5015,#5016);
#5018=PLANE('',#5017);
#5019=ORIENTED_EDGE('',*,*,#4989,.F.);
#5020=EDGE_LOOP('',(#5019));
#5021=FACE_OUTER_BOUND('',#5020,.T.);
#5022=ADVANCED_FACE('',(#5021),#5018,.F.);
#5023=CARTESIAN_POINT('',(0.206692913385827,0.22244094488189,-0.026771653543307));
#5024=DIRECTION('',(0.0,0.0,1.0));
#5025=DIRECTION('',(1.0,0.0,0.0));
#5026=AXIS2_PLACEMENT_3D('',#5023,#5024,#5025);
#5027=TOROIDAL_SURFACE('',#5026,0.010629921259843,0.003149606299213);
#5028=CARTESIAN_POINT('',(0.192913385826772,0.22244094488189,-0.026771653543307));
#5029=VERTEX_POINT('',#5028);
#5030=CARTESIAN_POINT('',(0.206692913385827,0.22244094488189,-0.026771653543307));
#5031=DIRECTION('',(0.0,0.0,-1.0));
#5032=DIRECTION('',(1.0,0.0,0.0));
#5033=AXIS2_PLACEMENT_3D('',#5030,#5031,#5032);
#5034=CIRCLE('',#5033,0.013779527559055);
#5035=EDGE_CURVE('',#5029,#5029,#5034,.T.);
#5036=ORIENTED_EDGE('',*,*,#5035,.T.);
#5037=EDGE_LOOP('',(#5036));
#5038=FACE_OUTER_BOUND('',#5037,.T.);
#5039=CARTESIAN_POINT('',(0.196062992125984,0.22244094488189,-0.02992125984252));
#5040=VERTEX_POINT('',#5039);
#5041=CARTESIAN_POINT('',(0.206692913385827,0.22244094488189,-0.02992125984252));
#5042=DIRECTION('',(0.0,0.0,1.0));
#5043=DIRECTION('',(1.0,0.0,0.0));
#5044=AXIS2_PLACEMENT_3D('',#5041,#5042,#5043);
#5045=CIRCLE('',#5044,0.010629921259843);
#5046=EDGE_CURVE('',#5040,#5040,#5045,.T.);
#5047=ORIENTED_EDGE('',*,*,#5046,.T.);
#5048=EDGE_LOOP('',(#5047));
#5049=FACE_BOUND('',#5048,.T.);
#5050=ADVANCED_FACE('',(#5038,#5049),#5027,.T.);
#5051=CARTESIAN_POINT('',(0.206692913385827,0.22244094488189,0.001338582677165));
#5052=DIRECTION('',(0.0,0.0,-1.0));
#5053=DIRECTION('',(-1.0,0.0,0.0));
#5054=AXIS2_PLACEMENT_3D('',#5051,#5052,#5053);
#5055=CYLINDRICAL_SURFACE('',#5054,0.013779527559055);
#5056=ORIENTED_EDGE('',*,*,#5035,.F.);
#5057=EDGE_LOOP('',(#5056));
#5058=FACE_OUTER_BOUND('',#5057,.T.);
#5059=CARTESIAN_POINT('',(0.192913385826772,0.22244094488189,0.0));
#5060=VERTEX_POINT('',#5059);
#5061=CARTESIAN_POINT('',(0.206692913385827,0.22244094488189,0.0));
#5062=DIRECTION('',(0.0,0.0,1.0));
#5063=DIRECTION('',(1.0,0.0,0.0));
#5064=AXIS2_PLACEMENT_3D('',#5061,#5062,#5063);
#5065=CIRCLE('',#5064,0.013779527559055);
#5066=EDGE_CURVE('',#5060,#5060,#5065,.T.);
#5067=ORIENTED_EDGE('',*,*,#5066,.F.);
#5068=EDGE_LOOP('',(#5067));
#5069=FACE_BOUND('',#5068,.T.);
#5070=ADVANCED_FACE('',(#5058,#5069),#5055,.T.);
#5071=CARTESIAN_POINT('',(0.195,0.210748031496063,-0.02992125984252));
#5072=DIRECTION('',(0.0,0.0,1.0));
#5073=DIRECTION('',(1.0,0.0,0.0));
#5074=AXIS2_PLACEMENT_3D('',#5071,#5072,#5073);
#5075=PLANE('',#5074);
#5076=ORIENTED_EDGE('',*,*,#5046,.F.);
#5077=EDGE_LOOP('',(#5076));
#5078=FACE_OUTER_BOUND('',#5077,.T.);
#5079=ADVANCED_FACE('',(#5078),#5075,.F.);
#5080=CARTESIAN_POINT('',(0.206692913385827,-0.22244094488189,-0.026771653543307));
#5081=DIRECTION('',(0.0,0.0,1.0));
#5082=DIRECTION('',(1.0,0.0,0.0));
#5083=AXIS2_PLACEMENT_3D('',#5080,#5081,#5082);
#5084=TOROIDAL_SURFACE('',#5083,0.010629921259843,0.003149606299213);
#5085=CARTESIAN_POINT('',(0.192913385826772,-0.22244094488189,-0.026771653543307));
#5086=VERTEX_POINT('',#5085);
#5087=CARTESIAN_POINT('',(0.206692913385827,-0.22244094488189,-0.026771653543307));
#5088=DIRECTION('',(0.0,0.0,-1.0));
#5089=DIRECTION('',(1.0,0.0,0.0));
#5090=AXIS2_PLACEMENT_3D('',#5087,#5088,#5089);
#5091=CIRCLE('',#5090,0.013779527559055);
#5092=EDGE_CURVE('',#5086,#5086,#5091,.T.);
#5093=ORIENTED_EDGE('',*,*,#5092,.T.);
#5094=EDGE_LOOP('',(#5093));
#5095=FACE_OUTER_BOUND('',#5094,.T.);
#5096=CARTESIAN_POINT('',(0.196062992125984,-0.22244094488189,-0.02992125984252));
#5097=VERTEX_POINT('',#5096);
#5098=CARTESIAN_POINT('',(0.206692913385827,-0.22244094488189,-0.02992125984252));
#5099=DIRECTION('',(0.0,0.0,1.0));
#5100=DIRECTION('',(1.0,0.0,0.0));
#5101=AXIS2_PLACEMENT_3D('',#5098,#5099,#5100);
#5102=CIRCLE('',#5101,0.010629921259843);
#5103=EDGE_CURVE('',#5097,#5097,#5102,.T.);
#5104=ORIENTED_EDGE('',*,*,#5103,.T.);
#5105=EDGE_LOOP('',(#5104));
#5106=FACE_BOUND('',#5105,.T.);
#5107=ADVANCED_FACE('',(#5095,#5106),#5084,.T.);
#5108=CARTESIAN_POINT('',(0.206692913385827,-0.22244094488189,0.001338582677165));
#5109=DIRECTION('',(0.0,0.0,-1.0));
#5110=DIRECTION('',(-1.0,0.0,0.0));
#5111=AXIS2_PLACEMENT_3D('',#5108,#5109,#5110);
#5112=CYLINDRICAL_SURFACE('',#5111,0.013779527559055);
#5113=ORIENTED_EDGE('',*,*,#5092,.F.);
#5114=EDGE_LOOP('',(#5113));
#5115=FACE_OUTER_BOUND('',#5114,.T.);
#5116=CARTESIAN_POINT('',(0.192913385826772,-0.22244094488189,0.0));
#5117=VERTEX_POINT('',#5116);
#5118=CARTESIAN_POINT('',(0.206692913385827,-0.22244094488189,0.0));
#5119=DIRECTION('',(0.0,0.0,1.0));
#5120=DIRECTION('',(1.0,0.0,0.0));
#5121=AXIS2_PLACEMENT_3D('',#5118,#5119,#5120);
#5122=CIRCLE('',#5121,0.013779527559055);
#5123=EDGE_CURVE('',#5117,#5117,#5122,.T.);
#5124=ORIENTED_EDGE('',*,*,#5123,.F.);
#5125=EDGE_LOOP('',(#5124));
#5126=FACE_BOUND('',#5125,.T.);
#5127=ADVANCED_FACE('',(#5115,#5126),#5112,.T.);
#5128=CARTESIAN_POINT('',(0.195,-0.234133858267717,-0.02992125984252));
#5129=DIRECTION('',(0.0,0.0,1.0));
#5130=DIRECTION('',(1.0,0.0,0.0));
#5131=AXIS2_PLACEMENT_3D('',#5128,#5129,#5130);
#5132=PLANE('',#5131);
#5133=ORIENTED_EDGE('',*,*,#5103,.F.);
#5134=EDGE_LOOP('',(#5133));
#5135=FACE_OUTER_BOUND('',#5134,.T.);
#5136=ADVANCED_FACE('',(#5135),#5132,.F.);
#5137=CARTESIAN_POINT('',(-0.264763779527559,-0.116141732283465,0.068503937007874));
#5138=DIRECTION('',(0.0,1.0,0.0));
#5139=DIRECTION('',(0.0,0.0,1.0));
#5140=AXIS2_PLACEMENT_3D('',#5137,#5138,#5139);
#5141=PLANE('',#5140);
#5142=ORIENTED_EDGE('',*,*,#4314,.F.);
#5143=CARTESIAN_POINT('',(-0.244094488188976,-0.116141732283465,0.118110236220472));
#5144=VERTEX_POINT('',#5143);
#5145=CARTESIAN_POINT('',(-0.244094488188976,-0.116141732283465,0.118110236220472));
#5146=DIRECTION('',(0.0,0.0,-1.0));
#5147=VECTOR('',#5146,0.047244094488189);
#5148=LINE('',#5145,#5147);
#5149=EDGE_CURVE('',#5144,#4301,#5148,.T.);
#5150=ORIENTED_EDGE('',*,*,#5149,.F.);
#5151=CARTESIAN_POINT('',(-0.263779527559055,-0.116141732283465,0.078740157480315));
#5152=VERTEX_POINT('',#5151);
#5153=CARTESIAN_POINT('',(-0.263779527559055,-0.116141732283465,0.078740157480315));
#5154=DIRECTION('',(0.447213595499959,0.0,0.894427190999915));
#5155=VECTOR('',#5154,0.044017086171255);
#5156=LINE('',#5153,#5155);
#5157=EDGE_CURVE('',#5152,#5144,#5156,.T.);
#5158=ORIENTED_EDGE('',*,*,#5157,.F.);
#5159=CARTESIAN_POINT('',(-0.263779527559055,-0.116141732283465,0.070866141732283));
#5160=DIRECTION('',(0.0,0.0,1.0));
#5161=VECTOR('',#5160,0.007874015748032);
#5162=LINE('',#5159,#5161);
#5163=EDGE_CURVE('',#4309,#5152,#5162,.T.);
#5164=ORIENTED_EDGE('',*,*,#5163,.F.);
#5165=EDGE_LOOP('',(#5142,#5150,#5158,#5164));
#5166=FACE_OUTER_BOUND('',#5165,.T.);
#5167=ADVANCED_FACE('',(#5166),#5141,.F.);
#5168=CARTESIAN_POINT('',(-0.264763779527559,-0.127755905511812,0.076771653543307));
#5169=DIRECTION('',(-0.894427190999916,0.0,0.447213595499958));
#5170=DIRECTION('',(0.447213595499958,0.0,0.894427190999916));
#5171=AXIS2_PLACEMENT_3D('',#5168,#5169,#5170);
#5172=PLANE('',#5171);
#5173=CARTESIAN_POINT('',(-0.244094488188976,0.116141732283465,0.118110236220472));
#5174=VERTEX_POINT('',#5173);
#5175=CARTESIAN_POINT('',(-0.263779527559055,0.116141732283465,0.078740157480315));
#5176=VERTEX_POINT('',#5175);
#5177=CARTESIAN_POINT('',(-0.244094488188976,0.116141732283465,0.118110236220472));
#5178=DIRECTION('',(-0.447213595499959,0.0,-0.894427190999916));
#5179=VECTOR('',#5178,0.044017086171255);
#5180=LINE('',#5177,#5179);
#5181=EDGE_CURVE('',#5174,#5176,#5180,.T.);
#5182=ORIENTED_EDGE('',*,*,#5181,.T.);
#5183=CARTESIAN_POINT('',(-0.263779527559055,0.116141732283465,0.078740157480315));
#5184=DIRECTION('',(0.0,-1.0,0.0));
#5185=VECTOR('',#5184,0.23228346456693);
#5186=LINE('',#5183,#5185);
#5187=EDGE_CURVE('',#5176,#5152,#5186,.T.);
#5188=ORIENTED_EDGE('',*,*,#5187,.T.);
#5189=ORIENTED_EDGE('',*,*,#5157,.T.);
#5190=CARTESIAN_POINT('',(-0.244094488188976,0.116141732283465,0.118110236220472));
#5191=DIRECTION('',(0.0,-1.0,0.0));
#5192=VECTOR('',#5191,0.23228346456693);
#5193=LINE('',#5190,#5192);
#5194=EDGE_CURVE('',#5174,#5144,#5193,.T.);
#5195=ORIENTED_EDGE('',*,*,#5194,.F.);
#5196=EDGE_LOOP('',(#5182,#5188,#5189,#5195));
#5197=FACE_OUTER_BOUND('',#5196,.T.);
#5198=ADVANCED_FACE('',(#5197),#5172,.T.);
#5199=CARTESIAN_POINT('',(-0.263779527559055,-0.127755905511812,0.070472440944881));
#5200=DIRECTION('',(-1.0,0.0,0.0));
#5201=DIRECTION('',(0.0,0.0,1.0));
#5202=AXIS2_PLACEMENT_3D('',#5199,#5200,#5201);
#5203=PLANE('',#5202);
#5204=CARTESIAN_POINT('',(-0.263779527559055,0.116141732283465,0.078740157480315));
#5205=DIRECTION('',(0.0,0.0,-1.0));
#5206=VECTOR('',#5205,0.007874015748032);
#5207=LINE('',#5204,#5206);
#5208=EDGE_CURVE('',#5176,#4277,#5207,.T.);
#5209=ORIENTED_EDGE('',*,*,#5208,.T.);
#5210=ORIENTED_EDGE('',*,*,#4320,.T.);
#5211=ORIENTED_EDGE('',*,*,#5163,.T.);
#5212=ORIENTED_EDGE('',*,*,#5187,.F.);
#5213=EDGE_LOOP('',(#5209,#5210,#5211,#5212));
#5214=FACE_OUTER_BOUND('',#5213,.T.);
#5215=ADVANCED_FACE('',(#5214),#5203,.T.);
#5216=CARTESIAN_POINT('',(-0.264763779527559,0.116141732283465,0.068503937007874));
#5217=DIRECTION('',(0.0,1.0,0.0));
#5218=DIRECTION('',(0.0,0.0,1.0));
#5219=AXIS2_PLACEMENT_3D('',#5216,#5217,#5218);
#5220=PLANE('',#5219);
#5221=ORIENTED_EDGE('',*,*,#5181,.F.);
#5222=CARTESIAN_POINT('',(-0.244094488188976,0.116141732283465,0.070866141732283));
#5223=DIRECTION('',(0.0,0.0,1.0));
#5224=VECTOR('',#5223,0.047244094488189);
#5225=LINE('',#5222,#5224);
#5226=EDGE_CURVE('',#4279,#5174,#5225,.T.);
#5227=ORIENTED_EDGE('',*,*,#5226,.F.);
#5228=ORIENTED_EDGE('',*,*,#4284,.F.);
#5229=ORIENTED_EDGE('',*,*,#5208,.F.);
#5230=EDGE_LOOP('',(#5221,#5227,#5228,#5229));
#5231=FACE_OUTER_BOUND('',#5230,.T.);
#5232=ADVANCED_FACE('',(#5231),#5220,.T.);
#5233=CARTESIAN_POINT('',(0.243110236220472,-0.116141732283465,0.068503937007874));
#5234=DIRECTION('',(0.0,1.0,0.0));
#5235=DIRECTION('',(0.0,0.0,1.0));
#5236=AXIS2_PLACEMENT_3D('',#5233,#5234,#5235);
#5237=PLANE('',#5236);
#5238=CARTESIAN_POINT('',(0.263779527559055,-0.116141732283465,0.078740157480315));
#5239=VERTEX_POINT('',#5238);
#5240=CARTESIAN_POINT('',(0.244094488188976,-0.116141732283465,0.118110236220472));
#5241=DIRECTION('',(0.447213595499959,0.0,-0.894427190999916));
#5242=VECTOR('',#5241,0.044017086171255);
#5243=LINE('',#5240,#5242);
#5244=EDGE_CURVE('',#4885,#5239,#5243,.T.);
#5245=ORIENTED_EDGE('',*,*,#5244,.F.);
#5246=ORIENTED_EDGE('',*,*,#4890,.F.);
#5247=ORIENTED_EDGE('',*,*,#2652,.F.);
#5248=CARTESIAN_POINT('',(0.263779527559055,-0.116141732283465,0.078740157480315));
#5249=DIRECTION('',(0.0,0.0,-1.0));
#5250=VECTOR('',#5249,0.007874015748032);
#5251=LINE('',#5248,#5250);
#5252=EDGE_CURVE('',#5239,#2639,#5251,.T.);
#5253=ORIENTED_EDGE('',*,*,#5252,.F.);
#5254=EDGE_LOOP('',(#5245,#5246,#5247,#5253));
#5255=FACE_OUTER_BOUND('',#5254,.T.);
#5256=ADVANCED_FACE('',(#5255),#5237,.F.);
#5257=CARTESIAN_POINT('',(0.263779527559055,-0.127755905511812,0.079133858267717));
#5258=DIRECTION('',(1.0,0.0,0.0));
#5259=DIRECTION('',(0.0,0.0,-1.0));
#5260=AXIS2_PLACEMENT_3D('',#5257,#5258,#5259);
#5261=PLANE('',#5260);
#5262=CARTESIAN_POINT('',(0.263779527559055,0.116141732283465,0.078740157480315));
#5263=VERTEX_POINT('',#5262);
#5264=CARTESIAN_POINT('',(0.263779527559055,0.116141732283465,0.070866141732283));
#5265=DIRECTION('',(0.0,0.0,1.0));
#5266=VECTOR('',#5265,0.007874015748032);
#5267=LINE('',#5264,#5266);
#5268=EDGE_CURVE('',#2631,#5263,#5267,.T.);
#5269=ORIENTED_EDGE('',*,*,#5268,.T.);
#5270=CARTESIAN_POINT('',(0.263779527559055,-0.116141732283465,0.078740157480315));
#5271=DIRECTION('',(0.0,1.0,0.0));
#5272=VECTOR('',#5271,0.23228346456693);
#5273=LINE('',#5270,#5272);
#5274=EDGE_CURVE('',#5239,#5263,#5273,.T.);
#5275=ORIENTED_EDGE('',*,*,#5274,.F.);
#5276=ORIENTED_EDGE('',*,*,#5252,.T.);
#5277=ORIENTED_EDGE('',*,*,#2644,.T.);
#5278=EDGE_LOOP('',(#5269,#5275,#5276,#5277));
#5279=FACE_OUTER_BOUND('',#5278,.T.);
#5280=ADVANCED_FACE('',(#5279),#5261,.T.);
#5281=CARTESIAN_POINT('',(0.243110236220472,-0.127755905511812,0.12007874015748));
#5282=DIRECTION('',(0.894427190999915,0.0,0.447213595499959));
#5283=DIRECTION('',(0.447213595499959,0.0,-0.894427190999915));
#5284=AXIS2_PLACEMENT_3D('',#5281,#5282,#5283);
#5285=PLANE('',#5284);
#5286=CARTESIAN_POINT('',(0.263779527559055,0.116141732283465,0.078740157480315));
#5287=DIRECTION('',(-0.44721359549996,0.0,0.894427190999915));
#5288=VECTOR('',#5287,0.044017086171255);
#5289=LINE('',#5286,#5288);
#5290=EDGE_CURVE('',#5263,#4893,#5289,.T.);
#5291=ORIENTED_EDGE('',*,*,#5290,.T.);
#5292=ORIENTED_EDGE('',*,*,#4898,.F.);
#5293=ORIENTED_EDGE('',*,*,#5244,.T.);
#5294=ORIENTED_EDGE('',*,*,#5274,.T.);
#5295=EDGE_LOOP('',(#5291,#5292,#5293,#5294));
#5296=FACE_OUTER_BOUND('',#5295,.T.);
#5297=ADVANCED_FACE('',(#5296),#5285,.T.);
#5298=CARTESIAN_POINT('',(0.243110236220472,0.116141732283465,0.068503937007874));
#5299=DIRECTION('',(0.0,1.0,0.0));
#5300=DIRECTION('',(0.0,0.0,1.0));
#5301=AXIS2_PLACEMENT_3D('',#5298,#5299,#5300);
#5302=PLANE('',#5301);
#5303=ORIENTED_EDGE('',*,*,#2636,.F.);
#5304=ORIENTED_EDGE('',*,*,#4904,.F.);
#5305=ORIENTED_EDGE('',*,*,#5290,.F.);
#5306=ORIENTED_EDGE('',*,*,#5268,.F.);
#5307=EDGE_LOOP('',(#5303,#5304,#5305,#5306));
#5308=FACE_OUTER_BOUND('',#5307,.T.);
#5309=ADVANCED_FACE('',(#5308),#5302,.T.);
#5310=CARTESIAN_POINT('',(0.220472440944882,-0.203543307086614,0.196456692913386));
#5311=DIRECTION('',(1.0,0.0,0.0));
#5312=DIRECTION('',(0.0,0.0,-1.0));
#5313=AXIS2_PLACEMENT_3D('',#5310,#5311,#5312);
#5314=PLANE('',#5313);
#5315=CARTESIAN_POINT('',(0.220472440944882,-0.18503937007874,0.080708661417323));
#5316=VERTEX_POINT('',#5315);
#5317=CARTESIAN_POINT('',(0.220472440944882,0.18503937007874,0.080708661417323));
#5318=VERTEX_POINT('',#5317);
#5319=CARTESIAN_POINT('',(0.220472440944882,-0.18503937007874,0.080708661417323));
#5320=DIRECTION('',(0.0,1.0,0.0));
#5321=VECTOR('',#5320,0.37007874015748);
#5322=LINE('',#5319,#5321);
#5323=EDGE_CURVE('',#5316,#5318,#5322,.T.);
#5324=ORIENTED_EDGE('',*,*,#5323,.F.);
#5325=CARTESIAN_POINT('',(0.220472440944882,-0.18503937007874,0.190944881889764));
#5326=VERTEX_POINT('',#5325);
#5327=CARTESIAN_POINT('',(0.220472440944882,-0.18503937007874,0.190944881889764));
#5328=DIRECTION('',(0.0,0.0,-1.0));
#5329=VECTOR('',#5328,0.110236220472441);
#5330=LINE('',#5327,#5329);
#5331=EDGE_CURVE('',#5326,#5316,#5330,.T.);
#5332=ORIENTED_EDGE('',*,*,#5331,.F.);
#5333=CARTESIAN_POINT('',(0.220472440944882,0.18503937007874,0.190944881889764));
#5334=VERTEX_POINT('',#5333);
#5335=CARTESIAN_POINT('',(0.220472440944882,0.18503937007874,0.190944881889764));
#5336=DIRECTION('',(0.0,-1.0,0.0));
#5337=VECTOR('',#5336,0.37007874015748);
#5338=LINE('',#5335,#5337);
#5339=EDGE_CURVE('',#5334,#5326,#5338,.T.);
#5340=ORIENTED_EDGE('',*,*,#5339,.F.);
#5341=CARTESIAN_POINT('',(0.220472440944882,0.18503937007874,0.190944881889764));
#5342=DIRECTION('',(0.0,0.0,-1.0));
#5343=VECTOR('',#5342,0.110236220472441);
#5344=LINE('',#5341,#5343);
#5345=EDGE_CURVE('',#5334,#5318,#5344,.T.);
#5346=ORIENTED_EDGE('',*,*,#5345,.T.);
#5347=EDGE_LOOP('',(#5324,#5332,#5340,#5346));
#5348=FACE_OUTER_BOUND('',#5347,.T.);
#5349=ADVANCED_FACE('',(#5348),#5314,.F.);
#5350=CARTESIAN_POINT('',(-0.24251968503937,0.18503937007874,0.075196850393701));
#5351=DIRECTION('',(0.0,1.0,0.0));
#5352=DIRECTION('',(0.0,0.0,1.0));
#5353=AXIS2_PLACEMENT_3D('',#5350,#5351,#5352);
#5354=PLANE('',#5353);
#5355=CARTESIAN_POINT('',(-0.220472440944882,0.18503937007874,0.080708661417323));
#5356=VERTEX_POINT('',#5355);
#5357=CARTESIAN_POINT('',(0.220472440944882,0.18503937007874,0.080708661417323));
#5358=DIRECTION('',(-1.0,0.0,0.0));
#5359=VECTOR('',#5358,0.440944881889764);
#5360=LINE('',#5357,#5359);
#5361=EDGE_CURVE('',#5318,#5356,#5360,.T.);
#5362=ORIENTED_EDGE('',*,*,#5361,.F.);
#5363=ORIENTED_EDGE('',*,*,#5345,.F.);
#5364=CARTESIAN_POINT('',(-0.220472440944882,0.18503937007874,0.190944881889764));
#5365=VERTEX_POINT('',#5364);
#5366=CARTESIAN_POINT('',(-0.220472440944882,0.18503937007874,0.190944881889764));
#5367=DIRECTION('',(1.0,0.0,0.0));
#5368=VECTOR('',#5367,0.440944881889764);
#5369=LINE('',#5366,#5368);
#5370=EDGE_CURVE('',#5365,#5334,#5369,.T.);
#5371=ORIENTED_EDGE('',*,*,#5370,.F.);
#5372=CARTESIAN_POINT('',(-0.220472440944882,0.18503937007874,0.190944881889764));
#5373=DIRECTION('',(0.0,0.0,-1.0));
#5374=VECTOR('',#5373,0.110236220472441);
#5375=LINE('',#5372,#5374);
#5376=EDGE_CURVE('',#5365,#5356,#5375,.T.);
#5377=ORIENTED_EDGE('',*,*,#5376,.T.);
#5378=EDGE_LOOP('',(#5362,#5363,#5371,#5377));
#5379=FACE_OUTER_BOUND('',#5378,.T.);
#5380=ADVANCED_FACE('',(#5379),#5354,.F.);
#5381=CARTESIAN_POINT('',(-0.220472440944882,-0.203543307086614,0.075196850393701));
#5382=DIRECTION('',(-1.0,0.0,0.0));
#5383=DIRECTION('',(0.0,0.0,1.0));
#5384=AXIS2_PLACEMENT_3D('',#5381,#5382,#5383);
#5385=PLANE('',#5384);
#5386=CARTESIAN_POINT('',(-0.220472440944882,-0.18503937007874,0.080708661417323));
#5387=VERTEX_POINT('',#5386);
#5388=CARTESIAN_POINT('',(-0.220472440944882,0.18503937007874,0.080708661417323));
#5389=DIRECTION('',(0.0,-1.0,0.0));
#5390=VECTOR('',#5389,0.37007874015748);
#5391=LINE('',#5388,#5390);
#5392=EDGE_CURVE('',#5356,#5387,#5391,.T.);
#5393=ORIENTED_EDGE('',*,*,#5392,.F.);
#5394=ORIENTED_EDGE('',*,*,#5376,.F.);
#5395=CARTESIAN_POINT('',(-0.220472440944882,-0.18503937007874,0.190944881889764));
#5396=VERTEX_POINT('',#5395);
#5397=CARTESIAN_POINT('',(-0.220472440944882,-0.18503937007874,0.190944881889764));
#5398=DIRECTION('',(0.0,1.0,0.0));
#5399=VECTOR('',#5398,0.37007874015748);
#5400=LINE('',#5397,#5399);
#5401=EDGE_CURVE('',#5396,#5365,#5400,.T.);
#5402=ORIENTED_EDGE('',*,*,#5401,.F.);
#5403=CARTESIAN_POINT('',(-0.220472440944882,-0.18503937007874,0.190944881889764));
#5404=DIRECTION('',(0.0,0.0,-1.0));
#5405=VECTOR('',#5404,0.110236220472441);
#5406=LINE('',#5403,#5405);
#5407=EDGE_CURVE('',#5396,#5387,#5406,.T.);
#5408=ORIENTED_EDGE('',*,*,#5407,.T.);
#5409=EDGE_LOOP('',(#5393,#5394,#5402,#5408));
#5410=FACE_OUTER_BOUND('',#5409,.T.);
#5411=ADVANCED_FACE('',(#5410),#5385,.F.);
#5412=CARTESIAN_POINT('',(-0.24251968503937,-0.18503937007874,0.196456692913386));
#5413=DIRECTION('',(0.0,-1.0,0.0));
#5414=DIRECTION('',(0.0,0.0,-1.0));
#5415=AXIS2_PLACEMENT_3D('',#5412,#5413,#5414);
#5416=PLANE('',#5415);
#5417=CARTESIAN_POINT('',(-0.220472440944882,-0.18503937007874,0.080708661417323));
#5418=DIRECTION('',(1.0,0.0,0.0));
#5419=VECTOR('',#5418,0.440944881889764);
#5420=LINE('',#5417,#5419);
#5421=EDGE_CURVE('',#5387,#5316,#5420,.T.);
#5422=ORIENTED_EDGE('',*,*,#5421,.F.);
#5423=ORIENTED_EDGE('',*,*,#5407,.F.);
#5424=CARTESIAN_POINT('',(0.220472440944882,-0.18503937007874,0.190944881889764));
#5425=DIRECTION('',(-1.0,0.0,0.0));
#5426=VECTOR('',#5425,0.440944881889764);
#5427=LINE('',#5424,#5426);
#5428=EDGE_CURVE('',#5326,#5396,#5427,.T.);
#5429=ORIENTED_EDGE('',*,*,#5428,.F.);
#5430=ORIENTED_EDGE('',*,*,#5331,.T.);
#5431=EDGE_LOOP('',(#5422,#5423,#5429,#5430));
#5432=FACE_OUTER_BOUND('',#5431,.T.);
#5433=ADVANCED_FACE('',(#5432),#5416,.F.);
#5434=CARTESIAN_POINT('',(-0.24251968503937,-0.203543307086614,0.080708661417323));
#5435=DIRECTION('',(0.0,0.0,1.0));
#5436=DIRECTION('',(1.0,0.0,0.0));
#5437=AXIS2_PLACEMENT_3D('',#5434,#5435,#5436);
#5438=PLANE('',#5437);
#5439=ORIENTED_EDGE('',*,*,#5323,.T.);
#5440=ORIENTED_EDGE('',*,*,#5361,.T.);
#5441=ORIENTED_EDGE('',*,*,#5392,.T.);
#5442=ORIENTED_EDGE('',*,*,#5421,.T.);
#5443=EDGE_LOOP('',(#5439,#5440,#5441,#5442));
#5444=FACE_OUTER_BOUND('',#5443,.T.);
#5445=ADVANCED_FACE('',(#5444),#5438,.T.);
#5446=CARTESIAN_POINT('',(-0.268503937007874,-0.24251968503937,0.190944881889764));
#5447=DIRECTION('',(0.0,0.0,1.0));
#5448=DIRECTION('',(1.0,0.0,0.0));
#5449=AXIS2_PLACEMENT_3D('',#5446,#5447,#5448);
#5450=PLANE('',#5449);
#5451=ORIENTED_EDGE('',*,*,#4387,.T.);
#5452=ORIENTED_EDGE('',*,*,#2746,.F.);
#5453=ORIENTED_EDGE('',*,*,#2708,.T.);
#5454=ORIENTED_EDGE('',*,*,#4358,.F.);
#5455=EDGE_LOOP('',(#5451,#5452,#5453,#5454));
#5456=FACE_OUTER_BOUND('',#5455,.T.);
#5457=ORIENTED_EDGE('',*,*,#5339,.T.);
#5458=ORIENTED_EDGE('',*,*,#5428,.T.);
#5459=ORIENTED_EDGE('',*,*,#5401,.T.);
#5460=ORIENTED_EDGE('',*,*,#5370,.T.);
#5461=EDGE_LOOP('',(#5457,#5458,#5459,#5460));
#5462=FACE_BOUND('',#5461,.T.);
#5463=ADVANCED_FACE('',(#5456,#5462),#5450,.T.);
#5464=CARTESIAN_POINT('',(-0.281496062992126,-0.251968503937008,0.297637795275591));
#5465=DIRECTION('',(0.0,-1.0,0.0));
#5466=DIRECTION('',(0.0,0.0,-1.0));
#5467=AXIS2_PLACEMENT_3D('',#5464,#5465,#5466);
#5468=PLANE('',#5467);
#5469=CARTESIAN_POINT('',(0.255905511811024,-0.251968503937008,0.0));
#5470=DIRECTION('',(-1.0,0.0,0.0));
#5471=VECTOR('',#5470,0.511811023622048);
#5472=LINE('',#5469,#5471);
#5473=EDGE_CURVE('',#4653,#4693,#5472,.T.);
#5474=ORIENTED_EDGE('',*,*,#5473,.F.);
#5475=ORIENTED_EDGE('',*,*,#4658,.T.);
#5476=ORIENTED_EDGE('',*,*,#4535,.F.);
#5477=ORIENTED_EDGE('',*,*,#4705,.F.);
#5478=EDGE_LOOP('',(#5474,#5475,#5476,#5477));
#5479=FACE_OUTER_BOUND('',#5478,.T.);
#5480=ADVANCED_FACE('',(#5479),#5468,.T.);
#5481=CARTESIAN_POINT('',(-0.244094488188976,-0.251968503937008,0.0));
#5482=DIRECTION('',(-1.0,0.0,0.0));
#5483=DIRECTION('',(0.0,0.0,1.0));
#5484=AXIS2_PLACEMENT_3D('',#5481,#5482,#5483);
#5485=PLANE('',#5484);
#5486=ORIENTED_EDGE('',*,*,#4290,.T.);
#5487=ORIENTED_EDGE('',*,*,#5226,.T.);
#5488=ORIENTED_EDGE('',*,*,#5194,.T.);
#5489=ORIENTED_EDGE('',*,*,#5149,.T.);
#5490=ORIENTED_EDGE('',*,*,#4306,.T.);
#5491=ORIENTED_EDGE('',*,*,#4198,.T.);
#5492=ORIENTED_EDGE('',*,*,#4120,.T.);
#5493=ORIENTED_EDGE('',*,*,#4251,.T.);
#5494=EDGE_LOOP('',(#5486,#5487,#5488,#5489,#5490,#5491,#5492,#5493));
#5495=FACE_OUTER_BOUND('',#5494,.T.);
#5496=ADVANCED_FACE('',(#5495),#5485,.T.);
#5497=CARTESIAN_POINT('',(-0.281496062992126,0.251968503937008,-0.014173228346457));
#5498=DIRECTION('',(0.0,1.0,0.0));
#5499=DIRECTION('',(0.0,0.0,1.0));
#5500=AXIS2_PLACEMENT_3D('',#5497,#5498,#5499);
#5501=PLANE('',#5500);
#5502=CARTESIAN_POINT('',(-0.255905511811024,0.251968503937008,0.0));
#5503=DIRECTION('',(1.0,0.0,0.0));
#5504=VECTOR('',#5503,0.511811023622048);
#5505=LINE('',#5502,#5504);
#5506=EDGE_CURVE('',#4856,#4809,#5505,.T.);
#5507=ORIENTED_EDGE('',*,*,#5506,.F.);
#5508=ORIENTED_EDGE('',*,*,#4861,.T.);
#5509=ORIENTED_EDGE('',*,*,#4455,.F.);
#5510=ORIENTED_EDGE('',*,*,#4821,.F.);
#5511=EDGE_LOOP('',(#5507,#5508,#5509,#5510));
#5512=FACE_OUTER_BOUND('',#5511,.T.);
#5513=ADVANCED_FACE('',(#5512),#5501,.T.);
#5514=CARTESIAN_POINT('',(-0.303149606299213,-0.277165354330709,0.0));
#5515=DIRECTION('',(0.0,0.0,1.0));
#5516=DIRECTION('',(1.0,0.0,0.0));
#5517=AXIS2_PLACEMENT_3D('',#5514,#5515,#5516);
#5518=PLANE('',#5517);
#5519=ORIENTED_EDGE('',*,*,#5506,.T.);
#5520=ORIENTED_EDGE('',*,*,#4815,.T.);
#5521=ORIENTED_EDGE('',*,*,#4837,.T.);
#5522=ORIENTED_EDGE('',*,*,#4667,.T.);
#5523=ORIENTED_EDGE('',*,*,#5473,.T.);
#5524=ORIENTED_EDGE('',*,*,#4699,.T.);
#5525=ORIENTED_EDGE('',*,*,#4728,.T.);
#5526=ORIENTED_EDGE('',*,*,#4868,.T.);
#5527=EDGE_LOOP('',(#5519,#5520,#5521,#5522,#5523,#5524,#5525,#5526));
#5528=FACE_OUTER_BOUND('',#5527,.T.);
#5529=ORIENTED_EDGE('',*,*,#1228,.T.);
#5530=ORIENTED_EDGE('',*,*,#1264,.T.);
#5531=ORIENTED_EDGE('',*,*,#1295,.T.);
#5532=ORIENTED_EDGE('',*,*,#1317,.T.);
#5533=EDGE_LOOP('',(#5529,#5530,#5531,#5532));
#5534=FACE_BOUND('',#5533,.T.);
#5535=ORIENTED_EDGE('',*,*,#1092,.T.);
#5536=ORIENTED_EDGE('',*,*,#1128,.T.);
#5537=ORIENTED_EDGE('',*,*,#1159,.T.);
#5538=ORIENTED_EDGE('',*,*,#1181,.T.);
#5539=EDGE_LOOP('',(#5535,#5536,#5537,#5538));
#5540=FACE_BOUND('',#5539,.T.);
#5541=ORIENTED_EDGE('',*,*,#956,.T.);
#5542=ORIENTED_EDGE('',*,*,#992,.T.);
#5543=ORIENTED_EDGE('',*,*,#1023,.T.);
#5544=ORIENTED_EDGE('',*,*,#1045,.T.);
#5545=EDGE_LOOP('',(#5541,#5542,#5543,#5544));
#5546=FACE_BOUND('',#5545,.T.);
#5547=ORIENTED_EDGE('',*,*,#820,.T.);
#5548=ORIENTED_EDGE('',*,*,#856,.T.);
#5549=ORIENTED_EDGE('',*,*,#887,.T.);
#5550=ORIENTED_EDGE('',*,*,#909,.T.);
#5551=EDGE_LOOP('',(#5547,#5548,#5549,#5550));
#5552=FACE_BOUND('',#5551,.T.);
#5553=ORIENTED_EDGE('',*,*,#684,.T.);
#5554=ORIENTED_EDGE('',*,*,#720,.T.);
#5555=ORIENTED_EDGE('',*,*,#751,.T.);
#5556=ORIENTED_EDGE('',*,*,#773,.T.);
#5557=EDGE_LOOP('',(#5553,#5554,#5555,#5556));
#5558=FACE_BOUND('',#5557,.T.);
#5559=ORIENTED_EDGE('',*,*,#548,.T.);
#5560=ORIENTED_EDGE('',*,*,#584,.T.);
#5561=ORIENTED_EDGE('',*,*,#615,.T.);
#5562=ORIENTED_EDGE('',*,*,#637,.T.);
#5563=EDGE_LOOP('',(#5559,#5560,#5561,#5562));
#5564=FACE_BOUND('',#5563,.T.);
#5565=ORIENTED_EDGE('',*,*,#5066,.T.);
#5566=EDGE_LOOP('',(#5565));
#5567=FACE_BOUND('',#5566,.T.);
#5568=ORIENTED_EDGE('',*,*,#5009,.T.);
#5569=EDGE_LOOP('',(#5568));
#5570=FACE_BOUND('',#5569,.T.);
#5571=ORIENTED_EDGE('',*,*,#5123,.T.);
#5572=EDGE_LOOP('',(#5571));
#5573=FACE_BOUND('',#5572,.T.);
#5574=ORIENTED_EDGE('',*,*,#4952,.T.);
#5575=EDGE_LOOP('',(#5574));
#5576=FACE_BOUND('',#5575,.T.);
#5577=ADVANCED_FACE('',(#5528,#5534,#5540,#5546,#5552,#5558,#5564,#5567,#5570,#5573,#5576),#5518,.F.);
#5578=CLOSED_SHELL('',(#226,#265,#296,#326,#343,#383,#414,#444,#468,#485,#518,#558,#589,#620,#642,#654,#694,#725,#756,#778,#790,#830,#861,#892,#914,#926,#966,#997,#1028,#1050,#1062,#1102,#1133,#1164,#1186,#1198,#1238,#1269,#1300,#1322,#1334,#1374,#1507,#1538,#1578,#1618,#1649,#1689,#1720,#1760,#1791,#1831,#1862,#1884,#1910,#1941,#1958,#1975,#1992,#2009,#2025,#2057,#2089,#2113,#2130,#2154,#2171,#2187,#2281,#2312,#2336,#2360,#2384,#2408,#2432,#2456,#2480,#2497,#2528,#2545,#2572,#2597,#2622,#2694,#2734,#2771,#2811,#2842,#2873,#2904,#2935,#2972,#3003,#3034,#3065,#3096,#3118,#3137,#3177,#3214,#3251,#3288,#3331,#3368,#3405,#3436,#3467,#3504,#3541,#3578,#3615,#3652,#3683,#3714,#3736,#3761,#3785,#3809,#3826,#3866,#3899,#3930,#3963,#3994,#4027,#4058,#4082,#4106,#4146,#4186,#4217,#4239,#4270,#4324,#4346,#4377,#4399,#4417,#4459,#4499,#4539,#4556,#4594,#4611,#4628,#4645,#4677,#4709,#4739,#4793,#4825,#4848,#4873,#4908,#4936,#4956,#4965,#4993,#5013,#5022,#5050,#5070,#5079,#5107,#5127,#5136,#5167,#5198,#5215,#5232,#5256,#5280,#5297,#5309,#5349,#5380,#5411,#5433,#5445,#5463,#5480,#5496,#5513,#5577));
#5579=MANIFOLD_SOLID_BREP('',#5578);
#5580=COLOUR_RGB('',0.75,0.75,0.75);
#5581=FILL_AREA_STYLE_COLOUR('',#5580);
#5582=FILL_AREA_STYLE('',(#5581));
#5583=SURFACE_STYLE_FILL_AREA(#5582);
#5584=SURFACE_SIDE_STYLE('',(#5583));
#5585=SURFACE_STYLE_USAGE(.BOTH.,#5584);
#5586=PRESENTATION_STYLE_ASSIGNMENT((#5585));
#5587=STYLED_ITEM('',(#5586),#5579);
#5588=MECHANICAL_DESIGN_GEOMETRIC_PRESENTATION_REPRESENTATION('',(#5587),#123);
#5589=ADVANCED_BREP_SHAPE_REPRESENTATION('ABSR',(#5579),#123);
#5590=SHAPE_REPRESENTATION_RELATIONSHIP('SRR','None',#5589,#128);
ENDSEC;
END-ISO-10303-21;
