ISO-10303-21;
HEADER;
/* Generated by software containing ST-Developer
 * from STEP Tools, Inc. (www.steptools.com) 
 */
/* OPTION: using custom renumber hook */

FILE_DESCRIPTION(
/* description */ ('STEP AP214'),
/* implementation_level */ '2;1');

FILE_NAME(
/* name */ 'TSM-106-02-T-SH-LC',
/* time_stamp */ '2026-10-08T16:40:32+02:00',
/* author */ ('License CC BY-ND 4.0'),
/* organization */ ('CADENAS'),
/* preprocessor_version */ 'ST-DEVELOPER v20',
/* originating_system */ 'PARTsolutions',
/* authorisation */ '  ');

FILE_SCHEMA (('AUTOMOTIVE_DESIGN {1 0 10303 214 3 1 1}'));
ENDSEC;

DATA;
#10=PROPERTY_DEFINITION_REPRESENTATION(#14,#12);
#11=PROPERTY_DEFINITION_REPRESENTATION(#15,#13);
#12=REPRESENTATION('',(#16),#8662);
#13=REPRESENTATION('',(#17),#8662);
#14=PROPERTY_DEFINITION('pmi validation property','',#8676);
#15=PROPERTY_DEFINITION('pmi validation property','',#8676);
#16=VALUE_REPRESENTATION_ITEM('number of annotations',COUNT_MEASURE(0.));
#17=VALUE_REPRESENTATION_ITEM('number of views',COUNT_MEASURE(0.));
#18=CYLINDRICAL_SURFACE('',#5640,0.025);
#19=CYLINDRICAL_SURFACE('',#5643,0.025);
#20=CYLINDRICAL_SURFACE('',#5646,0.025);
#21=CYLINDRICAL_SURFACE('',#5649,0.025);
#22=CYLINDRICAL_SURFACE('',#5656,0.0500000000000002);
#23=CYLINDRICAL_SURFACE('',#5659,0.0500000000000002);
#24=CYLINDRICAL_SURFACE('',#5662,0.0500000000000002);
#25=CYLINDRICAL_SURFACE('',#5665,0.0500000000000002);
#26=CYLINDRICAL_SURFACE('',#5668,0.025);
#27=CYLINDRICAL_SURFACE('',#5671,0.025);
#28=CYLINDRICAL_SURFACE('',#5674,0.025);
#29=CYLINDRICAL_SURFACE('',#5677,0.025);
#30=CYLINDRICAL_SURFACE('',#5684,0.0500000000000001);
#31=CYLINDRICAL_SURFACE('',#5687,0.0500000000000001);
#32=CYLINDRICAL_SURFACE('',#5690,0.0500000000000001);
#33=CYLINDRICAL_SURFACE('',#5693,0.0500000000000001);
#34=CYLINDRICAL_SURFACE('',#5698,0.025);
#35=CYLINDRICAL_SURFACE('',#5701,0.0500000000000002);
#36=CYLINDRICAL_SURFACE('',#5703,0.025);
#37=CYLINDRICAL_SURFACE('',#5706,0.0500000000000001);
#38=CYLINDRICAL_SURFACE('',#5710,0.025);
#39=CYLINDRICAL_SURFACE('',#5713,0.0500000000000002);
#40=CYLINDRICAL_SURFACE('',#5715,0.025);
#41=CYLINDRICAL_SURFACE('',#5718,0.0500000000000001);
#42=CIRCLE('',#5623,0.025);
#43=CIRCLE('',#5624,0.0500000000000001);
#44=CIRCLE('',#5625,0.025);
#45=CIRCLE('',#5626,0.0500000000000002);
#46=CIRCLE('',#5628,0.0500000000000002);
#47=CIRCLE('',#5629,0.025);
#48=CIRCLE('',#5630,0.0500000000000001);
#49=CIRCLE('',#5631,0.025);
#50=CIRCLE('',#5641,0.025);
#51=CIRCLE('',#5642,0.025);
#52=CIRCLE('',#5644,0.025);
#53=CIRCLE('',#5645,0.025);
#54=CIRCLE('',#5647,0.025);
#55=CIRCLE('',#5648,0.025);
#56=CIRCLE('',#5650,0.025);
#57=CIRCLE('',#5651,0.025);
#58=CIRCLE('',#5657,0.0500000000000002);
#59=CIRCLE('',#5658,0.0500000000000002);
#60=CIRCLE('',#5660,0.0500000000000002);
#61=CIRCLE('',#5661,0.0500000000000002);
#62=CIRCLE('',#5663,0.0500000000000002);
#63=CIRCLE('',#5664,0.0500000000000002);
#64=CIRCLE('',#5666,0.0500000000000002);
#65=CIRCLE('',#5667,0.0500000000000002);
#66=CIRCLE('',#5669,0.025);
#67=CIRCLE('',#5670,0.025);
#68=CIRCLE('',#5672,0.025);
#69=CIRCLE('',#5673,0.025);
#70=CIRCLE('',#5675,0.025);
#71=CIRCLE('',#5676,0.025);
#72=CIRCLE('',#5678,0.025);
#73=CIRCLE('',#5679,0.025);
#74=CIRCLE('',#5685,0.0500000000000001);
#75=CIRCLE('',#5686,0.0500000000000001);
#76=CIRCLE('',#5688,0.0500000000000001);
#77=CIRCLE('',#5689,0.0500000000000001);
#78=CIRCLE('',#5691,0.0500000000000001);
#79=CIRCLE('',#5692,0.0500000000000001);
#80=CIRCLE('',#5694,0.0500000000000001);
#81=CIRCLE('',#5695,0.0500000000000001);
#82=CIRCLE('',#5699,0.025);
#83=CIRCLE('',#5702,0.0500000000000002);
#84=CIRCLE('',#5704,0.025);
#85=CIRCLE('',#5707,0.0500000000000001);
#86=CIRCLE('',#5711,0.025);
#87=CIRCLE('',#5714,0.0500000000000002);
#88=CIRCLE('',#5716,0.025);
#89=CIRCLE('',#5719,0.0500000000000001);
#90=CONTEXT_DEPENDENT_SHAPE_REPRESENTATION(#96,#8678);
#91=CONTEXT_DEPENDENT_SHAPE_REPRESENTATION(#97,#8680);
#92=CONTEXT_DEPENDENT_SHAPE_REPRESENTATION(#98,#8682);
#93=NEXT_ASSEMBLY_USAGE_OCCURRENCE('NAUO1','TSM-106-02-SH-LC_body',
'TSM-106-02-SH-LC_body',#8683,#8684,'');
#94=NEXT_ASSEMBLY_USAGE_OCCURRENCE('NAUO2','T-1S6-15-T(-02-6-SH)',
'T-1S6-15-T(-02-6-SH)',#8683,#8685,'');
#95=NEXT_ASSEMBLY_USAGE_OCCURRENCE('NAUO3','T-1S6-15-T(-02-6-SH)2',
'T-1S6-15-T(-02-6-SH)2',#8683,#8686,'');
#96=(
REPRESENTATION_RELATIONSHIP(' ',' ',#5434,#5433)
REPRESENTATION_RELATIONSHIP_WITH_TRANSFORMATION(#99)
SHAPE_REPRESENTATION_RELATIONSHIP()
);
#97=(
REPRESENTATION_RELATIONSHIP(' ',' ',#5435,#5433)
REPRESENTATION_RELATIONSHIP_WITH_TRANSFORMATION(#100)
SHAPE_REPRESENTATION_RELATIONSHIP()
);
#98=(
REPRESENTATION_RELATIONSHIP(' ',' ',#5436,#5433)
REPRESENTATION_RELATIONSHIP_WITH_TRANSFORMATION(#101)
SHAPE_REPRESENTATION_RELATIONSHIP()
);
#99=ITEM_DEFINED_TRANSFORMATION(' ',' ',#5437,#5548);
#100=ITEM_DEFINED_TRANSFORMATION(' ',' ',#5437,#5619);
#101=ITEM_DEFINED_TRANSFORMATION(' ',' ',#5437,#5766);
#102=SHAPE_REPRESENTATION_RELATIONSHIP('','',#5434,#105);
#103=SHAPE_REPRESENTATION_RELATIONSHIP('','',#5435,#106);
#104=SHAPE_REPRESENTATION_RELATIONSHIP('','',#5436,#107);
#105=ADVANCED_BREP_SHAPE_REPRESENTATION('',(#5426),#8663);
#106=ADVANCED_BREP_SHAPE_REPRESENTATION('',(#5427),#8664);
#107=ADVANCED_BREP_SHAPE_REPRESENTATION('',(#5428),#8665);
#108=ORIENTED_EDGE('',*,*,#1620,.F.);
#109=ORIENTED_EDGE('',*,*,#1621,.T.);
#110=ORIENTED_EDGE('',*,*,#1622,.F.);
#111=ORIENTED_EDGE('',*,*,#1623,.F.);
#112=ORIENTED_EDGE('',*,*,#1624,.F.);
#113=ORIENTED_EDGE('',*,*,#1625,.T.);
#114=ORIENTED_EDGE('',*,*,#1626,.F.);
#115=ORIENTED_EDGE('',*,*,#1627,.F.);
#116=ORIENTED_EDGE('',*,*,#1628,.F.);
#117=ORIENTED_EDGE('',*,*,#1629,.T.);
#118=ORIENTED_EDGE('',*,*,#1630,.F.);
#119=ORIENTED_EDGE('',*,*,#1631,.F.);
#120=ORIENTED_EDGE('',*,*,#1632,.F.);
#121=ORIENTED_EDGE('',*,*,#1633,.T.);
#122=ORIENTED_EDGE('',*,*,#1634,.F.);
#123=ORIENTED_EDGE('',*,*,#1635,.F.);
#124=ORIENTED_EDGE('',*,*,#1636,.F.);
#125=ORIENTED_EDGE('',*,*,#1637,.F.);
#126=ORIENTED_EDGE('',*,*,#1638,.F.);
#127=ORIENTED_EDGE('',*,*,#1639,.F.);
#128=ORIENTED_EDGE('',*,*,#1640,.F.);
#129=ORIENTED_EDGE('',*,*,#1641,.F.);
#130=ORIENTED_EDGE('',*,*,#1642,.F.);
#131=ORIENTED_EDGE('',*,*,#1643,.F.);
#132=ORIENTED_EDGE('',*,*,#1644,.F.);
#133=ORIENTED_EDGE('',*,*,#1645,.F.);
#134=ORIENTED_EDGE('',*,*,#1646,.F.);
#135=ORIENTED_EDGE('',*,*,#1647,.F.);
#136=ORIENTED_EDGE('',*,*,#1648,.F.);
#137=ORIENTED_EDGE('',*,*,#1649,.F.);
#138=ORIENTED_EDGE('',*,*,#1650,.F.);
#139=ORIENTED_EDGE('',*,*,#1651,.F.);
#140=ORIENTED_EDGE('',*,*,#1652,.F.);
#141=ORIENTED_EDGE('',*,*,#1653,.F.);
#142=ORIENTED_EDGE('',*,*,#1654,.F.);
#143=ORIENTED_EDGE('',*,*,#1655,.F.);
#144=ORIENTED_EDGE('',*,*,#1656,.T.);
#145=ORIENTED_EDGE('',*,*,#1657,.T.);
#146=ORIENTED_EDGE('',*,*,#1658,.F.);
#147=ORIENTED_EDGE('',*,*,#1659,.F.);
#148=ORIENTED_EDGE('',*,*,#1660,.F.);
#149=ORIENTED_EDGE('',*,*,#1661,.T.);
#150=ORIENTED_EDGE('',*,*,#1662,.F.);
#151=ORIENTED_EDGE('',*,*,#1663,.F.);
#152=ORIENTED_EDGE('',*,*,#1664,.F.);
#153=ORIENTED_EDGE('',*,*,#1665,.T.);
#154=ORIENTED_EDGE('',*,*,#1666,.F.);
#155=ORIENTED_EDGE('',*,*,#1667,.F.);
#156=ORIENTED_EDGE('',*,*,#1668,.F.);
#157=ORIENTED_EDGE('',*,*,#1669,.T.);
#158=ORIENTED_EDGE('',*,*,#1670,.F.);
#159=ORIENTED_EDGE('',*,*,#1671,.F.);
#160=ORIENTED_EDGE('',*,*,#1672,.F.);
#161=ORIENTED_EDGE('',*,*,#1673,.T.);
#162=ORIENTED_EDGE('',*,*,#1674,.F.);
#163=ORIENTED_EDGE('',*,*,#1675,.F.);
#164=ORIENTED_EDGE('',*,*,#1676,.F.);
#165=ORIENTED_EDGE('',*,*,#1677,.T.);
#166=ORIENTED_EDGE('',*,*,#1678,.F.);
#167=ORIENTED_EDGE('',*,*,#1679,.F.);
#168=ORIENTED_EDGE('',*,*,#1680,.F.);
#169=ORIENTED_EDGE('',*,*,#1681,.T.);
#170=ORIENTED_EDGE('',*,*,#1682,.T.);
#171=ORIENTED_EDGE('',*,*,#1683,.T.);
#172=ORIENTED_EDGE('',*,*,#1684,.F.);
#173=ORIENTED_EDGE('',*,*,#1685,.T.);
#174=ORIENTED_EDGE('',*,*,#1686,.T.);
#175=ORIENTED_EDGE('',*,*,#1687,.T.);
#176=ORIENTED_EDGE('',*,*,#1688,.F.);
#177=ORIENTED_EDGE('',*,*,#1689,.T.);
#178=ORIENTED_EDGE('',*,*,#1690,.T.);
#179=ORIENTED_EDGE('',*,*,#1691,.T.);
#180=ORIENTED_EDGE('',*,*,#1692,.F.);
#181=ORIENTED_EDGE('',*,*,#1693,.T.);
#182=ORIENTED_EDGE('',*,*,#1694,.T.);
#183=ORIENTED_EDGE('',*,*,#1695,.T.);
#184=ORIENTED_EDGE('',*,*,#1696,.F.);
#185=ORIENTED_EDGE('',*,*,#1697,.T.);
#186=ORIENTED_EDGE('',*,*,#1698,.T.);
#187=ORIENTED_EDGE('',*,*,#1699,.T.);
#188=ORIENTED_EDGE('',*,*,#1700,.F.);
#189=ORIENTED_EDGE('',*,*,#1701,.F.);
#190=ORIENTED_EDGE('',*,*,#1702,.F.);
#191=ORIENTED_EDGE('',*,*,#1703,.F.);
#192=ORIENTED_EDGE('',*,*,#1655,.T.);
#193=ORIENTED_EDGE('',*,*,#1704,.F.);
#194=ORIENTED_EDGE('',*,*,#1705,.T.);
#195=ORIENTED_EDGE('',*,*,#1706,.T.);
#196=ORIENTED_EDGE('',*,*,#1707,.F.);
#197=ORIENTED_EDGE('',*,*,#1708,.F.);
#198=ORIENTED_EDGE('',*,*,#1709,.F.);
#199=ORIENTED_EDGE('',*,*,#1710,.F.);
#200=ORIENTED_EDGE('',*,*,#1711,.F.);
#201=ORIENTED_EDGE('',*,*,#1679,.T.);
#202=ORIENTED_EDGE('',*,*,#1712,.T.);
#203=ORIENTED_EDGE('',*,*,#1713,.T.);
#204=ORIENTED_EDGE('',*,*,#1714,.F.);
#205=ORIENTED_EDGE('',*,*,#1715,.F.);
#206=ORIENTED_EDGE('',*,*,#1716,.F.);
#207=ORIENTED_EDGE('',*,*,#1717,.F.);
#208=ORIENTED_EDGE('',*,*,#1639,.T.);
#209=ORIENTED_EDGE('',*,*,#1718,.F.);
#210=ORIENTED_EDGE('',*,*,#1719,.T.);
#211=ORIENTED_EDGE('',*,*,#1720,.F.);
#212=ORIENTED_EDGE('',*,*,#1721,.F.);
#213=ORIENTED_EDGE('',*,*,#1722,.F.);
#214=ORIENTED_EDGE('',*,*,#1723,.F.);
#215=ORIENTED_EDGE('',*,*,#1724,.F.);
#216=ORIENTED_EDGE('',*,*,#1643,.T.);
#217=ORIENTED_EDGE('',*,*,#1725,.F.);
#218=ORIENTED_EDGE('',*,*,#1726,.T.);
#219=ORIENTED_EDGE('',*,*,#1727,.F.);
#220=ORIENTED_EDGE('',*,*,#1728,.F.);
#221=ORIENTED_EDGE('',*,*,#1729,.F.);
#222=ORIENTED_EDGE('',*,*,#1730,.F.);
#223=ORIENTED_EDGE('',*,*,#1731,.F.);
#224=ORIENTED_EDGE('',*,*,#1647,.T.);
#225=ORIENTED_EDGE('',*,*,#1732,.F.);
#226=ORIENTED_EDGE('',*,*,#1733,.T.);
#227=ORIENTED_EDGE('',*,*,#1734,.F.);
#228=ORIENTED_EDGE('',*,*,#1735,.F.);
#229=ORIENTED_EDGE('',*,*,#1736,.F.);
#230=ORIENTED_EDGE('',*,*,#1737,.F.);
#231=ORIENTED_EDGE('',*,*,#1738,.F.);
#232=ORIENTED_EDGE('',*,*,#1651,.T.);
#233=ORIENTED_EDGE('',*,*,#1739,.F.);
#234=ORIENTED_EDGE('',*,*,#1740,.T.);
#235=ORIENTED_EDGE('',*,*,#1741,.F.);
#236=ORIENTED_EDGE('',*,*,#1742,.T.);
#237=ORIENTED_EDGE('',*,*,#1743,.T.);
#238=ORIENTED_EDGE('',*,*,#1744,.T.);
#239=ORIENTED_EDGE('',*,*,#1745,.T.);
#240=ORIENTED_EDGE('',*,*,#1746,.F.);
#241=ORIENTED_EDGE('',*,*,#1657,.F.);
#242=ORIENTED_EDGE('',*,*,#1747,.F.);
#243=ORIENTED_EDGE('',*,*,#1748,.F.);
#244=ORIENTED_EDGE('',*,*,#1749,.T.);
#245=ORIENTED_EDGE('',*,*,#1750,.T.);
#246=ORIENTED_EDGE('',*,*,#1751,.T.);
#247=ORIENTED_EDGE('',*,*,#1752,.T.);
#248=ORIENTED_EDGE('',*,*,#1661,.F.);
#249=ORIENTED_EDGE('',*,*,#1753,.T.);
#250=ORIENTED_EDGE('',*,*,#1754,.F.);
#251=ORIENTED_EDGE('',*,*,#1755,.F.);
#252=ORIENTED_EDGE('',*,*,#1756,.T.);
#253=ORIENTED_EDGE('',*,*,#1757,.T.);
#254=ORIENTED_EDGE('',*,*,#1758,.T.);
#255=ORIENTED_EDGE('',*,*,#1759,.T.);
#256=ORIENTED_EDGE('',*,*,#1665,.F.);
#257=ORIENTED_EDGE('',*,*,#1760,.T.);
#258=ORIENTED_EDGE('',*,*,#1761,.F.);
#259=ORIENTED_EDGE('',*,*,#1762,.F.);
#260=ORIENTED_EDGE('',*,*,#1763,.T.);
#261=ORIENTED_EDGE('',*,*,#1764,.T.);
#262=ORIENTED_EDGE('',*,*,#1765,.T.);
#263=ORIENTED_EDGE('',*,*,#1766,.T.);
#264=ORIENTED_EDGE('',*,*,#1669,.F.);
#265=ORIENTED_EDGE('',*,*,#1767,.T.);
#266=ORIENTED_EDGE('',*,*,#1768,.F.);
#267=ORIENTED_EDGE('',*,*,#1769,.F.);
#268=ORIENTED_EDGE('',*,*,#1770,.T.);
#269=ORIENTED_EDGE('',*,*,#1771,.T.);
#270=ORIENTED_EDGE('',*,*,#1772,.T.);
#271=ORIENTED_EDGE('',*,*,#1773,.T.);
#272=ORIENTED_EDGE('',*,*,#1673,.F.);
#273=ORIENTED_EDGE('',*,*,#1774,.T.);
#274=ORIENTED_EDGE('',*,*,#1775,.F.);
#275=ORIENTED_EDGE('',*,*,#1776,.F.);
#276=ORIENTED_EDGE('',*,*,#1777,.T.);
#277=ORIENTED_EDGE('',*,*,#1778,.T.);
#278=ORIENTED_EDGE('',*,*,#1779,.T.);
#279=ORIENTED_EDGE('',*,*,#1780,.T.);
#280=ORIENTED_EDGE('',*,*,#1677,.F.);
#281=ORIENTED_EDGE('',*,*,#1781,.T.);
#282=ORIENTED_EDGE('',*,*,#1782,.F.);
#283=ORIENTED_EDGE('',*,*,#1783,.F.);
#284=ORIENTED_EDGE('',*,*,#1784,.F.);
#285=ORIENTED_EDGE('',*,*,#1748,.T.);
#286=ORIENTED_EDGE('',*,*,#1785,.F.);
#287=ORIENTED_EDGE('',*,*,#1705,.F.);
#288=ORIENTED_EDGE('',*,*,#1786,.F.);
#289=ORIENTED_EDGE('',*,*,#1740,.F.);
#290=ORIENTED_EDGE('',*,*,#1787,.F.);
#291=ORIENTED_EDGE('',*,*,#1754,.T.);
#292=ORIENTED_EDGE('',*,*,#1788,.F.);
#293=ORIENTED_EDGE('',*,*,#1733,.F.);
#294=ORIENTED_EDGE('',*,*,#1789,.F.);
#295=ORIENTED_EDGE('',*,*,#1761,.T.);
#296=ORIENTED_EDGE('',*,*,#1790,.F.);
#297=ORIENTED_EDGE('',*,*,#1726,.F.);
#298=ORIENTED_EDGE('',*,*,#1791,.F.);
#299=ORIENTED_EDGE('',*,*,#1768,.T.);
#300=ORIENTED_EDGE('',*,*,#1792,.F.);
#301=ORIENTED_EDGE('',*,*,#1719,.F.);
#302=ORIENTED_EDGE('',*,*,#1793,.F.);
#303=ORIENTED_EDGE('',*,*,#1775,.T.);
#304=ORIENTED_EDGE('',*,*,#1794,.F.);
#305=ORIENTED_EDGE('',*,*,#1713,.F.);
#306=ORIENTED_EDGE('',*,*,#1795,.T.);
#307=ORIENTED_EDGE('',*,*,#1782,.T.);
#308=ORIENTED_EDGE('',*,*,#1747,.T.);
#309=ORIENTED_EDGE('',*,*,#1656,.F.);
#310=ORIENTED_EDGE('',*,*,#1706,.F.);
#311=ORIENTED_EDGE('',*,*,#1785,.T.);
#312=ORIENTED_EDGE('',*,*,#1777,.F.);
#313=ORIENTED_EDGE('',*,*,#1796,.F.);
#314=ORIENTED_EDGE('',*,*,#1707,.T.);
#315=ORIENTED_EDGE('',*,*,#1797,.T.);
#316=ORIENTED_EDGE('',*,*,#1780,.F.);
#317=ORIENTED_EDGE('',*,*,#1798,.F.);
#318=ORIENTED_EDGE('',*,*,#1708,.T.);
#319=ORIENTED_EDGE('',*,*,#1796,.T.);
#320=ORIENTED_EDGE('',*,*,#1779,.F.);
#321=ORIENTED_EDGE('',*,*,#1799,.F.);
#322=ORIENTED_EDGE('',*,*,#1709,.T.);
#323=ORIENTED_EDGE('',*,*,#1798,.T.);
#324=ORIENTED_EDGE('',*,*,#1770,.F.);
#325=ORIENTED_EDGE('',*,*,#1800,.F.);
#326=ORIENTED_EDGE('',*,*,#1714,.T.);
#327=ORIENTED_EDGE('',*,*,#1801,.T.);
#328=ORIENTED_EDGE('',*,*,#1773,.F.);
#329=ORIENTED_EDGE('',*,*,#1802,.F.);
#330=ORIENTED_EDGE('',*,*,#1715,.T.);
#331=ORIENTED_EDGE('',*,*,#1800,.T.);
#332=ORIENTED_EDGE('',*,*,#1772,.F.);
#333=ORIENTED_EDGE('',*,*,#1803,.F.);
#334=ORIENTED_EDGE('',*,*,#1716,.T.);
#335=ORIENTED_EDGE('',*,*,#1802,.T.);
#336=ORIENTED_EDGE('',*,*,#1763,.F.);
#337=ORIENTED_EDGE('',*,*,#1804,.F.);
#338=ORIENTED_EDGE('',*,*,#1721,.T.);
#339=ORIENTED_EDGE('',*,*,#1805,.T.);
#340=ORIENTED_EDGE('',*,*,#1766,.F.);
#341=ORIENTED_EDGE('',*,*,#1806,.F.);
#342=ORIENTED_EDGE('',*,*,#1722,.T.);
#343=ORIENTED_EDGE('',*,*,#1804,.T.);
#344=ORIENTED_EDGE('',*,*,#1765,.F.);
#345=ORIENTED_EDGE('',*,*,#1807,.F.);
#346=ORIENTED_EDGE('',*,*,#1723,.T.);
#347=ORIENTED_EDGE('',*,*,#1806,.T.);
#348=ORIENTED_EDGE('',*,*,#1756,.F.);
#349=ORIENTED_EDGE('',*,*,#1808,.F.);
#350=ORIENTED_EDGE('',*,*,#1728,.T.);
#351=ORIENTED_EDGE('',*,*,#1809,.T.);
#352=ORIENTED_EDGE('',*,*,#1759,.F.);
#353=ORIENTED_EDGE('',*,*,#1810,.F.);
#354=ORIENTED_EDGE('',*,*,#1729,.T.);
#355=ORIENTED_EDGE('',*,*,#1808,.T.);
#356=ORIENTED_EDGE('',*,*,#1758,.F.);
#357=ORIENTED_EDGE('',*,*,#1811,.F.);
#358=ORIENTED_EDGE('',*,*,#1730,.T.);
#359=ORIENTED_EDGE('',*,*,#1810,.T.);
#360=ORIENTED_EDGE('',*,*,#1749,.F.);
#361=ORIENTED_EDGE('',*,*,#1812,.F.);
#362=ORIENTED_EDGE('',*,*,#1735,.T.);
#363=ORIENTED_EDGE('',*,*,#1813,.T.);
#364=ORIENTED_EDGE('',*,*,#1752,.F.);
#365=ORIENTED_EDGE('',*,*,#1814,.F.);
#366=ORIENTED_EDGE('',*,*,#1736,.T.);
#367=ORIENTED_EDGE('',*,*,#1812,.T.);
#368=ORIENTED_EDGE('',*,*,#1751,.F.);
#369=ORIENTED_EDGE('',*,*,#1815,.F.);
#370=ORIENTED_EDGE('',*,*,#1737,.T.);
#371=ORIENTED_EDGE('',*,*,#1814,.T.);
#372=ORIENTED_EDGE('',*,*,#1742,.F.);
#373=ORIENTED_EDGE('',*,*,#1816,.F.);
#374=ORIENTED_EDGE('',*,*,#1700,.T.);
#375=ORIENTED_EDGE('',*,*,#1817,.T.);
#376=ORIENTED_EDGE('',*,*,#1745,.F.);
#377=ORIENTED_EDGE('',*,*,#1818,.F.);
#378=ORIENTED_EDGE('',*,*,#1701,.T.);
#379=ORIENTED_EDGE('',*,*,#1816,.T.);
#380=ORIENTED_EDGE('',*,*,#1744,.F.);
#381=ORIENTED_EDGE('',*,*,#1819,.F.);
#382=ORIENTED_EDGE('',*,*,#1702,.T.);
#383=ORIENTED_EDGE('',*,*,#1818,.T.);
#384=ORIENTED_EDGE('',*,*,#1778,.F.);
#385=ORIENTED_EDGE('',*,*,#1797,.F.);
#386=ORIENTED_EDGE('',*,*,#1710,.T.);
#387=ORIENTED_EDGE('',*,*,#1799,.T.);
#388=ORIENTED_EDGE('',*,*,#1771,.F.);
#389=ORIENTED_EDGE('',*,*,#1801,.F.);
#390=ORIENTED_EDGE('',*,*,#1717,.T.);
#391=ORIENTED_EDGE('',*,*,#1803,.T.);
#392=ORIENTED_EDGE('',*,*,#1764,.F.);
#393=ORIENTED_EDGE('',*,*,#1805,.F.);
#394=ORIENTED_EDGE('',*,*,#1724,.T.);
#395=ORIENTED_EDGE('',*,*,#1807,.T.);
#396=ORIENTED_EDGE('',*,*,#1757,.F.);
#397=ORIENTED_EDGE('',*,*,#1809,.F.);
#398=ORIENTED_EDGE('',*,*,#1731,.T.);
#399=ORIENTED_EDGE('',*,*,#1811,.T.);
#400=ORIENTED_EDGE('',*,*,#1750,.F.);
#401=ORIENTED_EDGE('',*,*,#1813,.F.);
#402=ORIENTED_EDGE('',*,*,#1738,.T.);
#403=ORIENTED_EDGE('',*,*,#1815,.T.);
#404=ORIENTED_EDGE('',*,*,#1743,.F.);
#405=ORIENTED_EDGE('',*,*,#1817,.F.);
#406=ORIENTED_EDGE('',*,*,#1703,.T.);
#407=ORIENTED_EDGE('',*,*,#1819,.T.);
#408=ORIENTED_EDGE('',*,*,#1783,.T.);
#409=ORIENTED_EDGE('',*,*,#1795,.F.);
#410=ORIENTED_EDGE('',*,*,#1712,.F.);
#411=ORIENTED_EDGE('',*,*,#1678,.T.);
#412=ORIENTED_EDGE('',*,*,#1794,.T.);
#413=ORIENTED_EDGE('',*,*,#1781,.F.);
#414=ORIENTED_EDGE('',*,*,#1676,.T.);
#415=ORIENTED_EDGE('',*,*,#1820,.F.);
#416=ORIENTED_EDGE('',*,*,#1682,.F.);
#417=ORIENTED_EDGE('',*,*,#1821,.T.);
#418=ORIENTED_EDGE('',*,*,#1636,.T.);
#419=ORIENTED_EDGE('',*,*,#1711,.T.);
#420=ORIENTED_EDGE('',*,*,#1718,.T.);
#421=ORIENTED_EDGE('',*,*,#1638,.T.);
#422=ORIENTED_EDGE('',*,*,#1822,.F.);
#423=ORIENTED_EDGE('',*,*,#1680,.T.);
#424=ORIENTED_EDGE('',*,*,#1823,.T.);
#425=ORIENTED_EDGE('',*,*,#1674,.T.);
#426=ORIENTED_EDGE('',*,*,#1776,.T.);
#427=ORIENTED_EDGE('',*,*,#1793,.T.);
#428=ORIENTED_EDGE('',*,*,#1792,.T.);
#429=ORIENTED_EDGE('',*,*,#1774,.F.);
#430=ORIENTED_EDGE('',*,*,#1672,.T.);
#431=ORIENTED_EDGE('',*,*,#1824,.F.);
#432=ORIENTED_EDGE('',*,*,#1686,.F.);
#433=ORIENTED_EDGE('',*,*,#1825,.T.);
#434=ORIENTED_EDGE('',*,*,#1640,.T.);
#435=ORIENTED_EDGE('',*,*,#1720,.T.);
#436=ORIENTED_EDGE('',*,*,#1725,.T.);
#437=ORIENTED_EDGE('',*,*,#1642,.T.);
#438=ORIENTED_EDGE('',*,*,#1826,.F.);
#439=ORIENTED_EDGE('',*,*,#1684,.T.);
#440=ORIENTED_EDGE('',*,*,#1827,.T.);
#441=ORIENTED_EDGE('',*,*,#1670,.T.);
#442=ORIENTED_EDGE('',*,*,#1769,.T.);
#443=ORIENTED_EDGE('',*,*,#1791,.T.);
#444=ORIENTED_EDGE('',*,*,#1790,.T.);
#445=ORIENTED_EDGE('',*,*,#1767,.F.);
#446=ORIENTED_EDGE('',*,*,#1668,.T.);
#447=ORIENTED_EDGE('',*,*,#1828,.F.);
#448=ORIENTED_EDGE('',*,*,#1690,.F.);
#449=ORIENTED_EDGE('',*,*,#1829,.T.);
#450=ORIENTED_EDGE('',*,*,#1644,.T.);
#451=ORIENTED_EDGE('',*,*,#1727,.T.);
#452=ORIENTED_EDGE('',*,*,#1732,.T.);
#453=ORIENTED_EDGE('',*,*,#1646,.T.);
#454=ORIENTED_EDGE('',*,*,#1830,.F.);
#455=ORIENTED_EDGE('',*,*,#1688,.T.);
#456=ORIENTED_EDGE('',*,*,#1831,.T.);
#457=ORIENTED_EDGE('',*,*,#1666,.T.);
#458=ORIENTED_EDGE('',*,*,#1762,.T.);
#459=ORIENTED_EDGE('',*,*,#1789,.T.);
#460=ORIENTED_EDGE('',*,*,#1788,.T.);
#461=ORIENTED_EDGE('',*,*,#1760,.F.);
#462=ORIENTED_EDGE('',*,*,#1664,.T.);
#463=ORIENTED_EDGE('',*,*,#1832,.F.);
#464=ORIENTED_EDGE('',*,*,#1694,.F.);
#465=ORIENTED_EDGE('',*,*,#1833,.T.);
#466=ORIENTED_EDGE('',*,*,#1648,.T.);
#467=ORIENTED_EDGE('',*,*,#1734,.T.);
#468=ORIENTED_EDGE('',*,*,#1739,.T.);
#469=ORIENTED_EDGE('',*,*,#1650,.T.);
#470=ORIENTED_EDGE('',*,*,#1834,.F.);
#471=ORIENTED_EDGE('',*,*,#1692,.T.);
#472=ORIENTED_EDGE('',*,*,#1835,.T.);
#473=ORIENTED_EDGE('',*,*,#1662,.T.);
#474=ORIENTED_EDGE('',*,*,#1755,.T.);
#475=ORIENTED_EDGE('',*,*,#1787,.T.);
#476=ORIENTED_EDGE('',*,*,#1704,.T.);
#477=ORIENTED_EDGE('',*,*,#1654,.T.);
#478=ORIENTED_EDGE('',*,*,#1836,.F.);
#479=ORIENTED_EDGE('',*,*,#1696,.T.);
#480=ORIENTED_EDGE('',*,*,#1837,.T.);
#481=ORIENTED_EDGE('',*,*,#1658,.T.);
#482=ORIENTED_EDGE('',*,*,#1746,.T.);
#483=ORIENTED_EDGE('',*,*,#1784,.T.);
#484=ORIENTED_EDGE('',*,*,#1786,.T.);
#485=ORIENTED_EDGE('',*,*,#1753,.F.);
#486=ORIENTED_EDGE('',*,*,#1660,.T.);
#487=ORIENTED_EDGE('',*,*,#1838,.F.);
#488=ORIENTED_EDGE('',*,*,#1698,.F.);
#489=ORIENTED_EDGE('',*,*,#1839,.T.);
#490=ORIENTED_EDGE('',*,*,#1652,.T.);
#491=ORIENTED_EDGE('',*,*,#1741,.T.);
#492=ORIENTED_EDGE('',*,*,#1659,.T.);
#493=ORIENTED_EDGE('',*,*,#1837,.F.);
#494=ORIENTED_EDGE('',*,*,#1699,.F.);
#495=ORIENTED_EDGE('',*,*,#1838,.T.);
#496=ORIENTED_EDGE('',*,*,#1663,.T.);
#497=ORIENTED_EDGE('',*,*,#1835,.F.);
#498=ORIENTED_EDGE('',*,*,#1695,.F.);
#499=ORIENTED_EDGE('',*,*,#1832,.T.);
#500=ORIENTED_EDGE('',*,*,#1667,.T.);
#501=ORIENTED_EDGE('',*,*,#1831,.F.);
#502=ORIENTED_EDGE('',*,*,#1691,.F.);
#503=ORIENTED_EDGE('',*,*,#1828,.T.);
#504=ORIENTED_EDGE('',*,*,#1671,.T.);
#505=ORIENTED_EDGE('',*,*,#1827,.F.);
#506=ORIENTED_EDGE('',*,*,#1687,.F.);
#507=ORIENTED_EDGE('',*,*,#1824,.T.);
#508=ORIENTED_EDGE('',*,*,#1675,.T.);
#509=ORIENTED_EDGE('',*,*,#1823,.F.);
#510=ORIENTED_EDGE('',*,*,#1683,.F.);
#511=ORIENTED_EDGE('',*,*,#1820,.T.);
#512=ORIENTED_EDGE('',*,*,#1653,.T.);
#513=ORIENTED_EDGE('',*,*,#1839,.F.);
#514=ORIENTED_EDGE('',*,*,#1697,.F.);
#515=ORIENTED_EDGE('',*,*,#1836,.T.);
#516=ORIENTED_EDGE('',*,*,#1649,.T.);
#517=ORIENTED_EDGE('',*,*,#1833,.F.);
#518=ORIENTED_EDGE('',*,*,#1693,.F.);
#519=ORIENTED_EDGE('',*,*,#1834,.T.);
#520=ORIENTED_EDGE('',*,*,#1645,.T.);
#521=ORIENTED_EDGE('',*,*,#1829,.F.);
#522=ORIENTED_EDGE('',*,*,#1689,.F.);
#523=ORIENTED_EDGE('',*,*,#1830,.T.);
#524=ORIENTED_EDGE('',*,*,#1641,.T.);
#525=ORIENTED_EDGE('',*,*,#1825,.F.);
#526=ORIENTED_EDGE('',*,*,#1685,.F.);
#527=ORIENTED_EDGE('',*,*,#1826,.T.);
#528=ORIENTED_EDGE('',*,*,#1637,.T.);
#529=ORIENTED_EDGE('',*,*,#1821,.F.);
#530=ORIENTED_EDGE('',*,*,#1681,.F.);
#531=ORIENTED_EDGE('',*,*,#1822,.T.);
#532=ORIENTED_EDGE('',*,*,#1840,.T.);
#533=ORIENTED_EDGE('',*,*,#1841,.F.);
#534=ORIENTED_EDGE('',*,*,#1842,.F.);
#535=ORIENTED_EDGE('',*,*,#1843,.T.);
#536=ORIENTED_EDGE('',*,*,#1844,.T.);
#537=ORIENTED_EDGE('',*,*,#1845,.F.);
#538=ORIENTED_EDGE('',*,*,#1846,.F.);
#539=ORIENTED_EDGE('',*,*,#1841,.T.);
#540=ORIENTED_EDGE('',*,*,#1847,.T.);
#541=ORIENTED_EDGE('',*,*,#1848,.F.);
#542=ORIENTED_EDGE('',*,*,#1849,.F.);
#543=ORIENTED_EDGE('',*,*,#1845,.T.);
#544=ORIENTED_EDGE('',*,*,#1850,.T.);
#545=ORIENTED_EDGE('',*,*,#1851,.F.);
#546=ORIENTED_EDGE('',*,*,#1852,.F.);
#547=ORIENTED_EDGE('',*,*,#1848,.T.);
#548=ORIENTED_EDGE('',*,*,#1853,.T.);
#549=ORIENTED_EDGE('',*,*,#1854,.F.);
#550=ORIENTED_EDGE('',*,*,#1855,.F.);
#551=ORIENTED_EDGE('',*,*,#1851,.T.);
#552=ORIENTED_EDGE('',*,*,#1856,.T.);
#553=ORIENTED_EDGE('',*,*,#1857,.F.);
#554=ORIENTED_EDGE('',*,*,#1858,.F.);
#555=ORIENTED_EDGE('',*,*,#1854,.T.);
#556=ORIENTED_EDGE('',*,*,#1633,.F.);
#557=ORIENTED_EDGE('',*,*,#1859,.T.);
#558=ORIENTED_EDGE('',*,*,#1842,.T.);
#559=ORIENTED_EDGE('',*,*,#1846,.T.);
#560=ORIENTED_EDGE('',*,*,#1849,.T.);
#561=ORIENTED_EDGE('',*,*,#1852,.T.);
#562=ORIENTED_EDGE('',*,*,#1855,.T.);
#563=ORIENTED_EDGE('',*,*,#1858,.T.);
#564=ORIENTED_EDGE('',*,*,#1860,.T.);
#565=ORIENTED_EDGE('',*,*,#1861,.F.);
#566=ORIENTED_EDGE('',*,*,#1635,.T.);
#567=ORIENTED_EDGE('',*,*,#1862,.F.);
#568=ORIENTED_EDGE('',*,*,#1856,.F.);
#569=ORIENTED_EDGE('',*,*,#1853,.F.);
#570=ORIENTED_EDGE('',*,*,#1850,.F.);
#571=ORIENTED_EDGE('',*,*,#1847,.F.);
#572=ORIENTED_EDGE('',*,*,#1844,.F.);
#573=ORIENTED_EDGE('',*,*,#1840,.F.);
#574=ORIENTED_EDGE('',*,*,#1862,.T.);
#575=ORIENTED_EDGE('',*,*,#1634,.T.);
#576=ORIENTED_EDGE('',*,*,#1860,.F.);
#577=ORIENTED_EDGE('',*,*,#1857,.T.);
#578=ORIENTED_EDGE('',*,*,#1859,.F.);
#579=ORIENTED_EDGE('',*,*,#1632,.T.);
#580=ORIENTED_EDGE('',*,*,#1861,.T.);
#581=ORIENTED_EDGE('',*,*,#1843,.F.);
#582=ORIENTED_EDGE('',*,*,#1863,.T.);
#583=ORIENTED_EDGE('',*,*,#1630,.T.);
#584=ORIENTED_EDGE('',*,*,#1864,.F.);
#585=ORIENTED_EDGE('',*,*,#1865,.T.);
#586=ORIENTED_EDGE('',*,*,#1866,.F.);
#587=ORIENTED_EDGE('',*,*,#1628,.T.);
#588=ORIENTED_EDGE('',*,*,#1867,.T.);
#589=ORIENTED_EDGE('',*,*,#1868,.F.);
#590=ORIENTED_EDGE('',*,*,#1629,.F.);
#591=ORIENTED_EDGE('',*,*,#1866,.T.);
#592=ORIENTED_EDGE('',*,*,#1869,.T.);
#593=ORIENTED_EDGE('',*,*,#1870,.T.);
#594=ORIENTED_EDGE('',*,*,#1871,.T.);
#595=ORIENTED_EDGE('',*,*,#1872,.T.);
#596=ORIENTED_EDGE('',*,*,#1873,.T.);
#597=ORIENTED_EDGE('',*,*,#1874,.T.);
#598=ORIENTED_EDGE('',*,*,#1864,.T.);
#599=ORIENTED_EDGE('',*,*,#1867,.F.);
#600=ORIENTED_EDGE('',*,*,#1631,.T.);
#601=ORIENTED_EDGE('',*,*,#1863,.F.);
#602=ORIENTED_EDGE('',*,*,#1875,.F.);
#603=ORIENTED_EDGE('',*,*,#1876,.F.);
#604=ORIENTED_EDGE('',*,*,#1877,.F.);
#605=ORIENTED_EDGE('',*,*,#1878,.F.);
#606=ORIENTED_EDGE('',*,*,#1879,.F.);
#607=ORIENTED_EDGE('',*,*,#1880,.F.);
#608=ORIENTED_EDGE('',*,*,#1880,.T.);
#609=ORIENTED_EDGE('',*,*,#1881,.F.);
#610=ORIENTED_EDGE('',*,*,#1869,.F.);
#611=ORIENTED_EDGE('',*,*,#1868,.T.);
#612=ORIENTED_EDGE('',*,*,#1879,.T.);
#613=ORIENTED_EDGE('',*,*,#1882,.F.);
#614=ORIENTED_EDGE('',*,*,#1870,.F.);
#615=ORIENTED_EDGE('',*,*,#1881,.T.);
#616=ORIENTED_EDGE('',*,*,#1878,.T.);
#617=ORIENTED_EDGE('',*,*,#1883,.F.);
#618=ORIENTED_EDGE('',*,*,#1871,.F.);
#619=ORIENTED_EDGE('',*,*,#1882,.T.);
#620=ORIENTED_EDGE('',*,*,#1877,.T.);
#621=ORIENTED_EDGE('',*,*,#1884,.F.);
#622=ORIENTED_EDGE('',*,*,#1872,.F.);
#623=ORIENTED_EDGE('',*,*,#1883,.T.);
#624=ORIENTED_EDGE('',*,*,#1876,.T.);
#625=ORIENTED_EDGE('',*,*,#1885,.F.);
#626=ORIENTED_EDGE('',*,*,#1873,.F.);
#627=ORIENTED_EDGE('',*,*,#1884,.T.);
#628=ORIENTED_EDGE('',*,*,#1875,.T.);
#629=ORIENTED_EDGE('',*,*,#1865,.F.);
#630=ORIENTED_EDGE('',*,*,#1874,.F.);
#631=ORIENTED_EDGE('',*,*,#1885,.T.);
#632=ORIENTED_EDGE('',*,*,#1886,.T.);
#633=ORIENTED_EDGE('',*,*,#1887,.F.);
#634=ORIENTED_EDGE('',*,*,#1888,.F.);
#635=ORIENTED_EDGE('',*,*,#1889,.T.);
#636=ORIENTED_EDGE('',*,*,#1890,.T.);
#637=ORIENTED_EDGE('',*,*,#1891,.F.);
#638=ORIENTED_EDGE('',*,*,#1892,.F.);
#639=ORIENTED_EDGE('',*,*,#1887,.T.);
#640=ORIENTED_EDGE('',*,*,#1893,.T.);
#641=ORIENTED_EDGE('',*,*,#1894,.F.);
#642=ORIENTED_EDGE('',*,*,#1895,.F.);
#643=ORIENTED_EDGE('',*,*,#1891,.T.);
#644=ORIENTED_EDGE('',*,*,#1896,.T.);
#645=ORIENTED_EDGE('',*,*,#1897,.F.);
#646=ORIENTED_EDGE('',*,*,#1898,.F.);
#647=ORIENTED_EDGE('',*,*,#1894,.T.);
#648=ORIENTED_EDGE('',*,*,#1899,.T.);
#649=ORIENTED_EDGE('',*,*,#1900,.F.);
#650=ORIENTED_EDGE('',*,*,#1901,.F.);
#651=ORIENTED_EDGE('',*,*,#1897,.T.);
#652=ORIENTED_EDGE('',*,*,#1902,.T.);
#653=ORIENTED_EDGE('',*,*,#1903,.F.);
#654=ORIENTED_EDGE('',*,*,#1904,.F.);
#655=ORIENTED_EDGE('',*,*,#1900,.T.);
#656=ORIENTED_EDGE('',*,*,#1625,.F.);
#657=ORIENTED_EDGE('',*,*,#1905,.T.);
#658=ORIENTED_EDGE('',*,*,#1888,.T.);
#659=ORIENTED_EDGE('',*,*,#1892,.T.);
#660=ORIENTED_EDGE('',*,*,#1895,.T.);
#661=ORIENTED_EDGE('',*,*,#1898,.T.);
#662=ORIENTED_EDGE('',*,*,#1901,.T.);
#663=ORIENTED_EDGE('',*,*,#1904,.T.);
#664=ORIENTED_EDGE('',*,*,#1906,.T.);
#665=ORIENTED_EDGE('',*,*,#1907,.F.);
#666=ORIENTED_EDGE('',*,*,#1627,.T.);
#667=ORIENTED_EDGE('',*,*,#1908,.F.);
#668=ORIENTED_EDGE('',*,*,#1902,.F.);
#669=ORIENTED_EDGE('',*,*,#1899,.F.);
#670=ORIENTED_EDGE('',*,*,#1896,.F.);
#671=ORIENTED_EDGE('',*,*,#1893,.F.);
#672=ORIENTED_EDGE('',*,*,#1890,.F.);
#673=ORIENTED_EDGE('',*,*,#1886,.F.);
#674=ORIENTED_EDGE('',*,*,#1908,.T.);
#675=ORIENTED_EDGE('',*,*,#1626,.T.);
#676=ORIENTED_EDGE('',*,*,#1906,.F.);
#677=ORIENTED_EDGE('',*,*,#1903,.T.);
#678=ORIENTED_EDGE('',*,*,#1905,.F.);
#679=ORIENTED_EDGE('',*,*,#1624,.T.);
#680=ORIENTED_EDGE('',*,*,#1907,.T.);
#681=ORIENTED_EDGE('',*,*,#1889,.F.);
#682=ORIENTED_EDGE('',*,*,#1909,.T.);
#683=ORIENTED_EDGE('',*,*,#1622,.T.);
#684=ORIENTED_EDGE('',*,*,#1910,.F.);
#685=ORIENTED_EDGE('',*,*,#1911,.T.);
#686=ORIENTED_EDGE('',*,*,#1912,.F.);
#687=ORIENTED_EDGE('',*,*,#1620,.T.);
#688=ORIENTED_EDGE('',*,*,#1913,.T.);
#689=ORIENTED_EDGE('',*,*,#1914,.F.);
#690=ORIENTED_EDGE('',*,*,#1621,.F.);
#691=ORIENTED_EDGE('',*,*,#1912,.T.);
#692=ORIENTED_EDGE('',*,*,#1915,.T.);
#693=ORIENTED_EDGE('',*,*,#1916,.T.);
#694=ORIENTED_EDGE('',*,*,#1917,.T.);
#695=ORIENTED_EDGE('',*,*,#1918,.T.);
#696=ORIENTED_EDGE('',*,*,#1919,.T.);
#697=ORIENTED_EDGE('',*,*,#1920,.T.);
#698=ORIENTED_EDGE('',*,*,#1910,.T.);
#699=ORIENTED_EDGE('',*,*,#1913,.F.);
#700=ORIENTED_EDGE('',*,*,#1623,.T.);
#701=ORIENTED_EDGE('',*,*,#1909,.F.);
#702=ORIENTED_EDGE('',*,*,#1921,.F.);
#703=ORIENTED_EDGE('',*,*,#1922,.F.);
#704=ORIENTED_EDGE('',*,*,#1923,.F.);
#705=ORIENTED_EDGE('',*,*,#1924,.F.);
#706=ORIENTED_EDGE('',*,*,#1925,.F.);
#707=ORIENTED_EDGE('',*,*,#1926,.F.);
#708=ORIENTED_EDGE('',*,*,#1926,.T.);
#709=ORIENTED_EDGE('',*,*,#1927,.F.);
#710=ORIENTED_EDGE('',*,*,#1915,.F.);
#711=ORIENTED_EDGE('',*,*,#1914,.T.);
#712=ORIENTED_EDGE('',*,*,#1925,.T.);
#713=ORIENTED_EDGE('',*,*,#1928,.F.);
#714=ORIENTED_EDGE('',*,*,#1916,.F.);
#715=ORIENTED_EDGE('',*,*,#1927,.T.);
#716=ORIENTED_EDGE('',*,*,#1924,.T.);
#717=ORIENTED_EDGE('',*,*,#1929,.F.);
#718=ORIENTED_EDGE('',*,*,#1917,.F.);
#719=ORIENTED_EDGE('',*,*,#1928,.T.);
#720=ORIENTED_EDGE('',*,*,#1923,.T.);
#721=ORIENTED_EDGE('',*,*,#1930,.F.);
#722=ORIENTED_EDGE('',*,*,#1918,.F.);
#723=ORIENTED_EDGE('',*,*,#1929,.T.);
#724=ORIENTED_EDGE('',*,*,#1922,.T.);
#725=ORIENTED_EDGE('',*,*,#1931,.F.);
#726=ORIENTED_EDGE('',*,*,#1919,.F.);
#727=ORIENTED_EDGE('',*,*,#1930,.T.);
#728=ORIENTED_EDGE('',*,*,#1921,.T.);
#729=ORIENTED_EDGE('',*,*,#1911,.F.);
#730=ORIENTED_EDGE('',*,*,#1920,.F.);
#731=ORIENTED_EDGE('',*,*,#1931,.T.);
#732=ORIENTED_EDGE('',*,*,#1932,.F.);
#733=ORIENTED_EDGE('',*,*,#1933,.T.);
#734=ORIENTED_EDGE('',*,*,#1934,.F.);
#735=ORIENTED_EDGE('',*,*,#1935,.T.);
#736=ORIENTED_EDGE('',*,*,#1936,.T.);
#737=ORIENTED_EDGE('',*,*,#1937,.T.);
#738=ORIENTED_EDGE('',*,*,#1938,.F.);
#739=ORIENTED_EDGE('',*,*,#1939,.T.);
#740=ORIENTED_EDGE('',*,*,#1940,.T.);
#741=ORIENTED_EDGE('',*,*,#1941,.T.);
#742=ORIENTED_EDGE('',*,*,#1942,.F.);
#743=ORIENTED_EDGE('',*,*,#1943,.T.);
#744=ORIENTED_EDGE('',*,*,#1944,.T.);
#745=ORIENTED_EDGE('',*,*,#1945,.T.);
#746=ORIENTED_EDGE('',*,*,#1946,.F.);
#747=ORIENTED_EDGE('',*,*,#1947,.T.);
#748=ORIENTED_EDGE('',*,*,#1948,.T.);
#749=ORIENTED_EDGE('',*,*,#1949,.T.);
#750=ORIENTED_EDGE('',*,*,#1950,.F.);
#751=ORIENTED_EDGE('',*,*,#1951,.T.);
#752=ORIENTED_EDGE('',*,*,#1952,.T.);
#753=ORIENTED_EDGE('',*,*,#1953,.T.);
#754=ORIENTED_EDGE('',*,*,#1954,.F.);
#755=ORIENTED_EDGE('',*,*,#1955,.F.);
#756=ORIENTED_EDGE('',*,*,#1956,.F.);
#757=ORIENTED_EDGE('',*,*,#1957,.T.);
#758=ORIENTED_EDGE('',*,*,#1958,.T.);
#759=ORIENTED_EDGE('',*,*,#1959,.T.);
#760=ORIENTED_EDGE('',*,*,#1960,.F.);
#761=ORIENTED_EDGE('',*,*,#1961,.T.);
#762=ORIENTED_EDGE('',*,*,#1962,.T.);
#763=ORIENTED_EDGE('',*,*,#1963,.T.);
#764=ORIENTED_EDGE('',*,*,#1964,.F.);
#765=ORIENTED_EDGE('',*,*,#1965,.T.);
#766=ORIENTED_EDGE('',*,*,#1966,.T.);
#767=ORIENTED_EDGE('',*,*,#1967,.T.);
#768=ORIENTED_EDGE('',*,*,#1968,.F.);
#769=ORIENTED_EDGE('',*,*,#1969,.T.);
#770=ORIENTED_EDGE('',*,*,#1970,.T.);
#771=ORIENTED_EDGE('',*,*,#1971,.T.);
#772=ORIENTED_EDGE('',*,*,#1972,.F.);
#773=ORIENTED_EDGE('',*,*,#1973,.T.);
#774=ORIENTED_EDGE('',*,*,#1974,.T.);
#775=ORIENTED_EDGE('',*,*,#1975,.T.);
#776=ORIENTED_EDGE('',*,*,#1976,.F.);
#777=ORIENTED_EDGE('',*,*,#1977,.F.);
#778=ORIENTED_EDGE('',*,*,#1978,.T.);
#779=ORIENTED_EDGE('',*,*,#1979,.T.);
#780=ORIENTED_EDGE('',*,*,#1980,.T.);
#781=ORIENTED_EDGE('',*,*,#1981,.T.);
#782=ORIENTED_EDGE('',*,*,#1982,.T.);
#783=ORIENTED_EDGE('',*,*,#1983,.T.);
#784=ORIENTED_EDGE('',*,*,#1984,.T.);
#785=ORIENTED_EDGE('',*,*,#1985,.T.);
#786=ORIENTED_EDGE('',*,*,#1986,.T.);
#787=ORIENTED_EDGE('',*,*,#1987,.T.);
#788=ORIENTED_EDGE('',*,*,#1988,.T.);
#789=ORIENTED_EDGE('',*,*,#1989,.T.);
#790=ORIENTED_EDGE('',*,*,#1990,.T.);
#791=ORIENTED_EDGE('',*,*,#1991,.T.);
#792=ORIENTED_EDGE('',*,*,#1992,.T.);
#793=ORIENTED_EDGE('',*,*,#1993,.T.);
#794=ORIENTED_EDGE('',*,*,#1994,.T.);
#795=ORIENTED_EDGE('',*,*,#1995,.T.);
#796=ORIENTED_EDGE('',*,*,#1996,.T.);
#797=ORIENTED_EDGE('',*,*,#1997,.T.);
#798=ORIENTED_EDGE('',*,*,#1998,.T.);
#799=ORIENTED_EDGE('',*,*,#1999,.T.);
#800=ORIENTED_EDGE('',*,*,#2000,.F.);
#801=ORIENTED_EDGE('',*,*,#2001,.T.);
#802=ORIENTED_EDGE('',*,*,#2002,.T.);
#803=ORIENTED_EDGE('',*,*,#2003,.T.);
#804=ORIENTED_EDGE('',*,*,#2004,.F.);
#805=ORIENTED_EDGE('',*,*,#2005,.T.);
#806=ORIENTED_EDGE('',*,*,#2006,.T.);
#807=ORIENTED_EDGE('',*,*,#2007,.T.);
#808=ORIENTED_EDGE('',*,*,#2008,.F.);
#809=ORIENTED_EDGE('',*,*,#2009,.T.);
#810=ORIENTED_EDGE('',*,*,#2010,.T.);
#811=ORIENTED_EDGE('',*,*,#2011,.T.);
#812=ORIENTED_EDGE('',*,*,#2012,.F.);
#813=ORIENTED_EDGE('',*,*,#2013,.T.);
#814=ORIENTED_EDGE('',*,*,#2014,.T.);
#815=ORIENTED_EDGE('',*,*,#2015,.T.);
#816=ORIENTED_EDGE('',*,*,#2016,.F.);
#817=ORIENTED_EDGE('',*,*,#2017,.T.);
#818=ORIENTED_EDGE('',*,*,#2018,.T.);
#819=ORIENTED_EDGE('',*,*,#2019,.T.);
#820=ORIENTED_EDGE('',*,*,#1977,.T.);
#821=ORIENTED_EDGE('',*,*,#2020,.T.);
#822=ORIENTED_EDGE('',*,*,#1955,.T.);
#823=ORIENTED_EDGE('',*,*,#2021,.T.);
#824=ORIENTED_EDGE('',*,*,#2022,.F.);
#825=ORIENTED_EDGE('',*,*,#1999,.F.);
#826=ORIENTED_EDGE('',*,*,#2023,.F.);
#827=ORIENTED_EDGE('',*,*,#1933,.F.);
#828=ORIENTED_EDGE('',*,*,#2024,.F.);
#829=ORIENTED_EDGE('',*,*,#1975,.F.);
#830=ORIENTED_EDGE('',*,*,#2025,.T.);
#831=ORIENTED_EDGE('',*,*,#2001,.F.);
#832=ORIENTED_EDGE('',*,*,#2026,.F.);
#833=ORIENTED_EDGE('',*,*,#2003,.F.);
#834=ORIENTED_EDGE('',*,*,#2027,.F.);
#835=ORIENTED_EDGE('',*,*,#1973,.F.);
#836=ORIENTED_EDGE('',*,*,#2028,.F.);
#837=ORIENTED_EDGE('',*,*,#1959,.F.);
#838=ORIENTED_EDGE('',*,*,#2029,.T.);
#839=ORIENTED_EDGE('',*,*,#2017,.F.);
#840=ORIENTED_EDGE('',*,*,#2030,.F.);
#841=ORIENTED_EDGE('',*,*,#2019,.F.);
#842=ORIENTED_EDGE('',*,*,#2031,.F.);
#843=ORIENTED_EDGE('',*,*,#1957,.F.);
#844=ORIENTED_EDGE('',*,*,#2032,.F.);
#845=ORIENTED_EDGE('',*,*,#1963,.F.);
#846=ORIENTED_EDGE('',*,*,#2033,.T.);
#847=ORIENTED_EDGE('',*,*,#2013,.F.);
#848=ORIENTED_EDGE('',*,*,#2034,.F.);
#849=ORIENTED_EDGE('',*,*,#2015,.F.);
#850=ORIENTED_EDGE('',*,*,#2035,.F.);
#851=ORIENTED_EDGE('',*,*,#1961,.F.);
#852=ORIENTED_EDGE('',*,*,#2036,.F.);
#853=ORIENTED_EDGE('',*,*,#1967,.F.);
#854=ORIENTED_EDGE('',*,*,#2037,.T.);
#855=ORIENTED_EDGE('',*,*,#2009,.F.);
#856=ORIENTED_EDGE('',*,*,#2038,.F.);
#857=ORIENTED_EDGE('',*,*,#2011,.F.);
#858=ORIENTED_EDGE('',*,*,#2039,.F.);
#859=ORIENTED_EDGE('',*,*,#1965,.F.);
#860=ORIENTED_EDGE('',*,*,#2040,.F.);
#861=ORIENTED_EDGE('',*,*,#1971,.F.);
#862=ORIENTED_EDGE('',*,*,#2041,.T.);
#863=ORIENTED_EDGE('',*,*,#2005,.F.);
#864=ORIENTED_EDGE('',*,*,#2042,.F.);
#865=ORIENTED_EDGE('',*,*,#2007,.F.);
#866=ORIENTED_EDGE('',*,*,#2043,.F.);
#867=ORIENTED_EDGE('',*,*,#1969,.F.);
#868=ORIENTED_EDGE('',*,*,#2044,.F.);
#869=ORIENTED_EDGE('',*,*,#1997,.F.);
#870=ORIENTED_EDGE('',*,*,#2045,.F.);
#871=ORIENTED_EDGE('',*,*,#1935,.F.);
#872=ORIENTED_EDGE('',*,*,#2045,.T.);
#873=ORIENTED_EDGE('',*,*,#1996,.F.);
#874=ORIENTED_EDGE('',*,*,#2046,.F.);
#875=ORIENTED_EDGE('',*,*,#1936,.F.);
#876=ORIENTED_EDGE('',*,*,#2046,.T.);
#877=ORIENTED_EDGE('',*,*,#1995,.F.);
#878=ORIENTED_EDGE('',*,*,#2047,.F.);
#879=ORIENTED_EDGE('',*,*,#1937,.F.);
#880=ORIENTED_EDGE('',*,*,#2048,.F.);
#881=ORIENTED_EDGE('',*,*,#1981,.F.);
#882=ORIENTED_EDGE('',*,*,#2049,.F.);
#883=ORIENTED_EDGE('',*,*,#1951,.F.);
#884=ORIENTED_EDGE('',*,*,#2049,.T.);
#885=ORIENTED_EDGE('',*,*,#1980,.F.);
#886=ORIENTED_EDGE('',*,*,#2050,.F.);
#887=ORIENTED_EDGE('',*,*,#1952,.F.);
#888=ORIENTED_EDGE('',*,*,#2050,.T.);
#889=ORIENTED_EDGE('',*,*,#1979,.F.);
#890=ORIENTED_EDGE('',*,*,#2051,.F.);
#891=ORIENTED_EDGE('',*,*,#1953,.F.);
#892=ORIENTED_EDGE('',*,*,#2052,.F.);
#893=ORIENTED_EDGE('',*,*,#1985,.F.);
#894=ORIENTED_EDGE('',*,*,#2053,.F.);
#895=ORIENTED_EDGE('',*,*,#1947,.F.);
#896=ORIENTED_EDGE('',*,*,#2053,.T.);
#897=ORIENTED_EDGE('',*,*,#1984,.F.);
#898=ORIENTED_EDGE('',*,*,#2054,.F.);
#899=ORIENTED_EDGE('',*,*,#1948,.F.);
#900=ORIENTED_EDGE('',*,*,#2054,.T.);
#901=ORIENTED_EDGE('',*,*,#1983,.F.);
#902=ORIENTED_EDGE('',*,*,#2055,.F.);
#903=ORIENTED_EDGE('',*,*,#1949,.F.);
#904=ORIENTED_EDGE('',*,*,#2056,.F.);
#905=ORIENTED_EDGE('',*,*,#1989,.F.);
#906=ORIENTED_EDGE('',*,*,#2057,.F.);
#907=ORIENTED_EDGE('',*,*,#1943,.F.);
#908=ORIENTED_EDGE('',*,*,#2057,.T.);
#909=ORIENTED_EDGE('',*,*,#1988,.F.);
#910=ORIENTED_EDGE('',*,*,#2058,.F.);
#911=ORIENTED_EDGE('',*,*,#1944,.F.);
#912=ORIENTED_EDGE('',*,*,#2058,.T.);
#913=ORIENTED_EDGE('',*,*,#1987,.F.);
#914=ORIENTED_EDGE('',*,*,#2059,.F.);
#915=ORIENTED_EDGE('',*,*,#1945,.F.);
#916=ORIENTED_EDGE('',*,*,#2060,.F.);
#917=ORIENTED_EDGE('',*,*,#1993,.F.);
#918=ORIENTED_EDGE('',*,*,#2061,.F.);
#919=ORIENTED_EDGE('',*,*,#1939,.F.);
#920=ORIENTED_EDGE('',*,*,#2061,.T.);
#921=ORIENTED_EDGE('',*,*,#1992,.F.);
#922=ORIENTED_EDGE('',*,*,#2062,.F.);
#923=ORIENTED_EDGE('',*,*,#1940,.F.);
#924=ORIENTED_EDGE('',*,*,#2062,.T.);
#925=ORIENTED_EDGE('',*,*,#1991,.F.);
#926=ORIENTED_EDGE('',*,*,#2063,.F.);
#927=ORIENTED_EDGE('',*,*,#1941,.F.);
#928=ORIENTED_EDGE('',*,*,#2027,.T.);
#929=ORIENTED_EDGE('',*,*,#2002,.F.);
#930=ORIENTED_EDGE('',*,*,#2025,.F.);
#931=ORIENTED_EDGE('',*,*,#1974,.F.);
#932=ORIENTED_EDGE('',*,*,#2031,.T.);
#933=ORIENTED_EDGE('',*,*,#2018,.F.);
#934=ORIENTED_EDGE('',*,*,#2029,.F.);
#935=ORIENTED_EDGE('',*,*,#1958,.F.);
#936=ORIENTED_EDGE('',*,*,#2035,.T.);
#937=ORIENTED_EDGE('',*,*,#2014,.F.);
#938=ORIENTED_EDGE('',*,*,#2033,.F.);
#939=ORIENTED_EDGE('',*,*,#1962,.F.);
#940=ORIENTED_EDGE('',*,*,#2039,.T.);
#941=ORIENTED_EDGE('',*,*,#2010,.F.);
#942=ORIENTED_EDGE('',*,*,#2037,.F.);
#943=ORIENTED_EDGE('',*,*,#1966,.F.);
#944=ORIENTED_EDGE('',*,*,#2043,.T.);
#945=ORIENTED_EDGE('',*,*,#2006,.F.);
#946=ORIENTED_EDGE('',*,*,#2041,.F.);
#947=ORIENTED_EDGE('',*,*,#1970,.F.);
#948=ORIENTED_EDGE('',*,*,#2023,.T.);
#949=ORIENTED_EDGE('',*,*,#2064,.F.);
#950=ORIENTED_EDGE('',*,*,#2065,.F.);
#951=ORIENTED_EDGE('',*,*,#2066,.T.);
#952=ORIENTED_EDGE('',*,*,#1998,.F.);
#953=ORIENTED_EDGE('',*,*,#2067,.F.);
#954=ORIENTED_EDGE('',*,*,#2068,.F.);
#955=ORIENTED_EDGE('',*,*,#2064,.T.);
#956=ORIENTED_EDGE('',*,*,#2044,.T.);
#957=ORIENTED_EDGE('',*,*,#2069,.F.);
#958=ORIENTED_EDGE('',*,*,#2070,.F.);
#959=ORIENTED_EDGE('',*,*,#2067,.T.);
#960=ORIENTED_EDGE('',*,*,#1934,.T.);
#961=ORIENTED_EDGE('',*,*,#2066,.F.);
#962=ORIENTED_EDGE('',*,*,#2071,.F.);
#963=ORIENTED_EDGE('',*,*,#2069,.T.);
#964=ORIENTED_EDGE('',*,*,#2065,.T.);
#965=ORIENTED_EDGE('',*,*,#2068,.T.);
#966=ORIENTED_EDGE('',*,*,#2070,.T.);
#967=ORIENTED_EDGE('',*,*,#2071,.T.);
#968=ORIENTED_EDGE('',*,*,#2063,.T.);
#969=ORIENTED_EDGE('',*,*,#2072,.F.);
#970=ORIENTED_EDGE('',*,*,#2073,.F.);
#971=ORIENTED_EDGE('',*,*,#2074,.T.);
#972=ORIENTED_EDGE('',*,*,#1990,.F.);
#973=ORIENTED_EDGE('',*,*,#2075,.F.);
#974=ORIENTED_EDGE('',*,*,#2076,.F.);
#975=ORIENTED_EDGE('',*,*,#2072,.T.);
#976=ORIENTED_EDGE('',*,*,#2056,.T.);
#977=ORIENTED_EDGE('',*,*,#2077,.F.);
#978=ORIENTED_EDGE('',*,*,#2078,.F.);
#979=ORIENTED_EDGE('',*,*,#2075,.T.);
#980=ORIENTED_EDGE('',*,*,#1942,.T.);
#981=ORIENTED_EDGE('',*,*,#2074,.F.);
#982=ORIENTED_EDGE('',*,*,#2079,.F.);
#983=ORIENTED_EDGE('',*,*,#2077,.T.);
#984=ORIENTED_EDGE('',*,*,#2073,.T.);
#985=ORIENTED_EDGE('',*,*,#2076,.T.);
#986=ORIENTED_EDGE('',*,*,#2078,.T.);
#987=ORIENTED_EDGE('',*,*,#2079,.T.);
#988=ORIENTED_EDGE('',*,*,#2047,.T.);
#989=ORIENTED_EDGE('',*,*,#2080,.F.);
#990=ORIENTED_EDGE('',*,*,#2081,.F.);
#991=ORIENTED_EDGE('',*,*,#2082,.T.);
#992=ORIENTED_EDGE('',*,*,#1994,.F.);
#993=ORIENTED_EDGE('',*,*,#2083,.F.);
#994=ORIENTED_EDGE('',*,*,#2084,.F.);
#995=ORIENTED_EDGE('',*,*,#2080,.T.);
#996=ORIENTED_EDGE('',*,*,#2060,.T.);
#997=ORIENTED_EDGE('',*,*,#2085,.F.);
#998=ORIENTED_EDGE('',*,*,#2086,.F.);
#999=ORIENTED_EDGE('',*,*,#2083,.T.);
#1000=ORIENTED_EDGE('',*,*,#1938,.T.);
#1001=ORIENTED_EDGE('',*,*,#2082,.F.);
#1002=ORIENTED_EDGE('',*,*,#2087,.F.);
#1003=ORIENTED_EDGE('',*,*,#2085,.T.);
#1004=ORIENTED_EDGE('',*,*,#2081,.T.);
#1005=ORIENTED_EDGE('',*,*,#2084,.T.);
#1006=ORIENTED_EDGE('',*,*,#2086,.T.);
#1007=ORIENTED_EDGE('',*,*,#2087,.T.);
#1008=ORIENTED_EDGE('',*,*,#2059,.T.);
#1009=ORIENTED_EDGE('',*,*,#2088,.F.);
#1010=ORIENTED_EDGE('',*,*,#2089,.F.);
#1011=ORIENTED_EDGE('',*,*,#2090,.T.);
#1012=ORIENTED_EDGE('',*,*,#1986,.F.);
#1013=ORIENTED_EDGE('',*,*,#2091,.F.);
#1014=ORIENTED_EDGE('',*,*,#2092,.F.);
#1015=ORIENTED_EDGE('',*,*,#2088,.T.);
#1016=ORIENTED_EDGE('',*,*,#2052,.T.);
#1017=ORIENTED_EDGE('',*,*,#2093,.F.);
#1018=ORIENTED_EDGE('',*,*,#2094,.F.);
#1019=ORIENTED_EDGE('',*,*,#2091,.T.);
#1020=ORIENTED_EDGE('',*,*,#1946,.T.);
#1021=ORIENTED_EDGE('',*,*,#2090,.F.);
#1022=ORIENTED_EDGE('',*,*,#2095,.F.);
#1023=ORIENTED_EDGE('',*,*,#2093,.T.);
#1024=ORIENTED_EDGE('',*,*,#2089,.T.);
#1025=ORIENTED_EDGE('',*,*,#2092,.T.);
#1026=ORIENTED_EDGE('',*,*,#2094,.T.);
#1027=ORIENTED_EDGE('',*,*,#2095,.T.);
#1028=ORIENTED_EDGE('',*,*,#2055,.T.);
#1029=ORIENTED_EDGE('',*,*,#2096,.F.);
#1030=ORIENTED_EDGE('',*,*,#2097,.F.);
#1031=ORIENTED_EDGE('',*,*,#2098,.T.);
#1032=ORIENTED_EDGE('',*,*,#1982,.F.);
#1033=ORIENTED_EDGE('',*,*,#2099,.F.);
#1034=ORIENTED_EDGE('',*,*,#2100,.F.);
#1035=ORIENTED_EDGE('',*,*,#2096,.T.);
#1036=ORIENTED_EDGE('',*,*,#2048,.T.);
#1037=ORIENTED_EDGE('',*,*,#2101,.F.);
#1038=ORIENTED_EDGE('',*,*,#2102,.F.);
#1039=ORIENTED_EDGE('',*,*,#2099,.T.);
#1040=ORIENTED_EDGE('',*,*,#1950,.T.);
#1041=ORIENTED_EDGE('',*,*,#2098,.F.);
#1042=ORIENTED_EDGE('',*,*,#2103,.F.);
#1043=ORIENTED_EDGE('',*,*,#2101,.T.);
#1044=ORIENTED_EDGE('',*,*,#2097,.T.);
#1045=ORIENTED_EDGE('',*,*,#2100,.T.);
#1046=ORIENTED_EDGE('',*,*,#2102,.T.);
#1047=ORIENTED_EDGE('',*,*,#2103,.T.);
#1048=ORIENTED_EDGE('',*,*,#2051,.T.);
#1049=ORIENTED_EDGE('',*,*,#2104,.F.);
#1050=ORIENTED_EDGE('',*,*,#2105,.F.);
#1051=ORIENTED_EDGE('',*,*,#2106,.T.);
#1052=ORIENTED_EDGE('',*,*,#1978,.F.);
#1053=ORIENTED_EDGE('',*,*,#2107,.F.);
#1054=ORIENTED_EDGE('',*,*,#2108,.F.);
#1055=ORIENTED_EDGE('',*,*,#2104,.T.);
#1056=ORIENTED_EDGE('',*,*,#2021,.F.);
#1057=ORIENTED_EDGE('',*,*,#2109,.F.);
#1058=ORIENTED_EDGE('',*,*,#2110,.F.);
#1059=ORIENTED_EDGE('',*,*,#2107,.T.);
#1060=ORIENTED_EDGE('',*,*,#1954,.T.);
#1061=ORIENTED_EDGE('',*,*,#2106,.F.);
#1062=ORIENTED_EDGE('',*,*,#2111,.F.);
#1063=ORIENTED_EDGE('',*,*,#2109,.T.);
#1064=ORIENTED_EDGE('',*,*,#2105,.T.);
#1065=ORIENTED_EDGE('',*,*,#2108,.T.);
#1066=ORIENTED_EDGE('',*,*,#2110,.T.);
#1067=ORIENTED_EDGE('',*,*,#2111,.T.);
#1068=ORIENTED_EDGE('',*,*,#2036,.T.);
#1069=ORIENTED_EDGE('',*,*,#2008,.T.);
#1070=ORIENTED_EDGE('',*,*,#2042,.T.);
#1071=ORIENTED_EDGE('',*,*,#1968,.T.);
#1072=ORIENTED_EDGE('',*,*,#2026,.T.);
#1073=ORIENTED_EDGE('',*,*,#1972,.T.);
#1074=ORIENTED_EDGE('',*,*,#2040,.T.);
#1075=ORIENTED_EDGE('',*,*,#2004,.T.);
#1076=ORIENTED_EDGE('',*,*,#2032,.T.);
#1077=ORIENTED_EDGE('',*,*,#2012,.T.);
#1078=ORIENTED_EDGE('',*,*,#2038,.T.);
#1079=ORIENTED_EDGE('',*,*,#1964,.T.);
#1080=ORIENTED_EDGE('',*,*,#2028,.T.);
#1081=ORIENTED_EDGE('',*,*,#2016,.T.);
#1082=ORIENTED_EDGE('',*,*,#2034,.T.);
#1083=ORIENTED_EDGE('',*,*,#1960,.T.);
#1084=ORIENTED_EDGE('',*,*,#1976,.T.);
#1085=ORIENTED_EDGE('',*,*,#2030,.T.);
#1086=ORIENTED_EDGE('',*,*,#1956,.T.);
#1087=ORIENTED_EDGE('',*,*,#2020,.F.);
#1088=ORIENTED_EDGE('',*,*,#2022,.T.);
#1089=ORIENTED_EDGE('',*,*,#1932,.T.);
#1090=ORIENTED_EDGE('',*,*,#2024,.T.);
#1091=ORIENTED_EDGE('',*,*,#2000,.T.);
#1092=ORIENTED_EDGE('',*,*,#2112,.F.);
#1093=ORIENTED_EDGE('',*,*,#2113,.F.);
#1094=ORIENTED_EDGE('',*,*,#2114,.T.);
#1095=ORIENTED_EDGE('',*,*,#2115,.T.);
#1096=ORIENTED_EDGE('',*,*,#2116,.T.);
#1097=ORIENTED_EDGE('',*,*,#2117,.T.);
#1098=ORIENTED_EDGE('',*,*,#2118,.T.);
#1099=ORIENTED_EDGE('',*,*,#2119,.T.);
#1100=ORIENTED_EDGE('',*,*,#2120,.T.);
#1101=ORIENTED_EDGE('',*,*,#2121,.T.);
#1102=ORIENTED_EDGE('',*,*,#2122,.T.);
#1103=ORIENTED_EDGE('',*,*,#2123,.T.);
#1104=ORIENTED_EDGE('',*,*,#2124,.T.);
#1105=ORIENTED_EDGE('',*,*,#2125,.T.);
#1106=ORIENTED_EDGE('',*,*,#2126,.T.);
#1107=ORIENTED_EDGE('',*,*,#2127,.T.);
#1108=ORIENTED_EDGE('',*,*,#2128,.T.);
#1109=ORIENTED_EDGE('',*,*,#2129,.T.);
#1110=ORIENTED_EDGE('',*,*,#2130,.T.);
#1111=ORIENTED_EDGE('',*,*,#2131,.T.);
#1112=ORIENTED_EDGE('',*,*,#2132,.T.);
#1113=ORIENTED_EDGE('',*,*,#2133,.T.);
#1114=ORIENTED_EDGE('',*,*,#2134,.T.);
#1115=ORIENTED_EDGE('',*,*,#2135,.T.);
#1116=ORIENTED_EDGE('',*,*,#2136,.F.);
#1117=ORIENTED_EDGE('',*,*,#2137,.T.);
#1118=ORIENTED_EDGE('',*,*,#2138,.F.);
#1119=ORIENTED_EDGE('',*,*,#2139,.T.);
#1120=ORIENTED_EDGE('',*,*,#2140,.T.);
#1121=ORIENTED_EDGE('',*,*,#2141,.T.);
#1122=ORIENTED_EDGE('',*,*,#2142,.F.);
#1123=ORIENTED_EDGE('',*,*,#2143,.T.);
#1124=ORIENTED_EDGE('',*,*,#2144,.T.);
#1125=ORIENTED_EDGE('',*,*,#2145,.T.);
#1126=ORIENTED_EDGE('',*,*,#2146,.F.);
#1127=ORIENTED_EDGE('',*,*,#2147,.T.);
#1128=ORIENTED_EDGE('',*,*,#2148,.T.);
#1129=ORIENTED_EDGE('',*,*,#2149,.T.);
#1130=ORIENTED_EDGE('',*,*,#2150,.F.);
#1131=ORIENTED_EDGE('',*,*,#2151,.T.);
#1132=ORIENTED_EDGE('',*,*,#2152,.T.);
#1133=ORIENTED_EDGE('',*,*,#2153,.T.);
#1134=ORIENTED_EDGE('',*,*,#2154,.F.);
#1135=ORIENTED_EDGE('',*,*,#2155,.T.);
#1136=ORIENTED_EDGE('',*,*,#2156,.T.);
#1137=ORIENTED_EDGE('',*,*,#2157,.T.);
#1138=ORIENTED_EDGE('',*,*,#2158,.F.);
#1139=ORIENTED_EDGE('',*,*,#2159,.F.);
#1140=ORIENTED_EDGE('',*,*,#2113,.T.);
#1141=ORIENTED_EDGE('',*,*,#2160,.T.);
#1142=ORIENTED_EDGE('',*,*,#2159,.T.);
#1143=ORIENTED_EDGE('',*,*,#2161,.F.);
#1144=ORIENTED_EDGE('',*,*,#2162,.T.);
#1145=ORIENTED_EDGE('',*,*,#2163,.T.);
#1146=ORIENTED_EDGE('',*,*,#2164,.T.);
#1147=ORIENTED_EDGE('',*,*,#2165,.T.);
#1148=ORIENTED_EDGE('',*,*,#2166,.T.);
#1149=ORIENTED_EDGE('',*,*,#2167,.F.);
#1150=ORIENTED_EDGE('',*,*,#2168,.T.);
#1151=ORIENTED_EDGE('',*,*,#2169,.T.);
#1152=ORIENTED_EDGE('',*,*,#2170,.F.);
#1153=ORIENTED_EDGE('',*,*,#2135,.F.);
#1154=ORIENTED_EDGE('',*,*,#2171,.F.);
#1155=ORIENTED_EDGE('',*,*,#2172,.F.);
#1156=ORIENTED_EDGE('',*,*,#2173,.T.);
#1157=ORIENTED_EDGE('',*,*,#2174,.F.);
#1158=ORIENTED_EDGE('',*,*,#2175,.F.);
#1159=ORIENTED_EDGE('',*,*,#2176,.F.);
#1160=ORIENTED_EDGE('',*,*,#2177,.F.);
#1161=ORIENTED_EDGE('',*,*,#2178,.F.);
#1162=ORIENTED_EDGE('',*,*,#2179,.T.);
#1163=ORIENTED_EDGE('',*,*,#2137,.F.);
#1164=ORIENTED_EDGE('',*,*,#2180,.F.);
#1165=ORIENTED_EDGE('',*,*,#2181,.F.);
#1166=ORIENTED_EDGE('',*,*,#2182,.T.);
#1167=ORIENTED_EDGE('',*,*,#2183,.F.);
#1168=ORIENTED_EDGE('',*,*,#2184,.T.);
#1169=ORIENTED_EDGE('',*,*,#2185,.F.);
#1170=ORIENTED_EDGE('',*,*,#2186,.F.);
#1171=ORIENTED_EDGE('',*,*,#2187,.F.);
#1172=ORIENTED_EDGE('',*,*,#2188,.T.);
#1173=ORIENTED_EDGE('',*,*,#2189,.F.);
#1174=ORIENTED_EDGE('',*,*,#2190,.F.);
#1175=ORIENTED_EDGE('',*,*,#2191,.F.);
#1176=ORIENTED_EDGE('',*,*,#2192,.T.);
#1177=ORIENTED_EDGE('',*,*,#2193,.F.);
#1178=ORIENTED_EDGE('',*,*,#2194,.F.);
#1179=ORIENTED_EDGE('',*,*,#2195,.F.);
#1180=ORIENTED_EDGE('',*,*,#2196,.F.);
#1181=ORIENTED_EDGE('',*,*,#2197,.T.);
#1182=ORIENTED_EDGE('',*,*,#2198,.T.);
#1183=ORIENTED_EDGE('',*,*,#2199,.T.);
#1184=ORIENTED_EDGE('',*,*,#2200,.T.);
#1185=ORIENTED_EDGE('',*,*,#2201,.T.);
#1186=ORIENTED_EDGE('',*,*,#2202,.F.);
#1187=ORIENTED_EDGE('',*,*,#2203,.T.);
#1188=ORIENTED_EDGE('',*,*,#2204,.T.);
#1189=ORIENTED_EDGE('',*,*,#2205,.T.);
#1190=ORIENTED_EDGE('',*,*,#2206,.F.);
#1191=ORIENTED_EDGE('',*,*,#2207,.T.);
#1192=ORIENTED_EDGE('',*,*,#2208,.T.);
#1193=ORIENTED_EDGE('',*,*,#2209,.T.);
#1194=ORIENTED_EDGE('',*,*,#2210,.F.);
#1195=ORIENTED_EDGE('',*,*,#2211,.T.);
#1196=ORIENTED_EDGE('',*,*,#2212,.F.);
#1197=ORIENTED_EDGE('',*,*,#2196,.T.);
#1198=ORIENTED_EDGE('',*,*,#2213,.F.);
#1199=ORIENTED_EDGE('',*,*,#2214,.F.);
#1200=ORIENTED_EDGE('',*,*,#2215,.F.);
#1201=ORIENTED_EDGE('',*,*,#2216,.F.);
#1202=ORIENTED_EDGE('',*,*,#2217,.F.);
#1203=ORIENTED_EDGE('',*,*,#2202,.T.);
#1204=ORIENTED_EDGE('',*,*,#2218,.F.);
#1205=ORIENTED_EDGE('',*,*,#2219,.F.);
#1206=ORIENTED_EDGE('',*,*,#2220,.F.);
#1207=ORIENTED_EDGE('',*,*,#2206,.T.);
#1208=ORIENTED_EDGE('',*,*,#2221,.F.);
#1209=ORIENTED_EDGE('',*,*,#2222,.F.);
#1210=ORIENTED_EDGE('',*,*,#2223,.F.);
#1211=ORIENTED_EDGE('',*,*,#2210,.T.);
#1212=ORIENTED_EDGE('',*,*,#2224,.F.);
#1213=ORIENTED_EDGE('',*,*,#2225,.T.);
#1214=ORIENTED_EDGE('',*,*,#2214,.T.);
#1215=ORIENTED_EDGE('',*,*,#2226,.T.);
#1216=ORIENTED_EDGE('',*,*,#2216,.T.);
#1217=ORIENTED_EDGE('',*,*,#2227,.T.);
#1218=ORIENTED_EDGE('',*,*,#2228,.F.);
#1219=ORIENTED_EDGE('',*,*,#2229,.T.);
#1220=ORIENTED_EDGE('',*,*,#2219,.T.);
#1221=ORIENTED_EDGE('',*,*,#2230,.T.);
#1222=ORIENTED_EDGE('',*,*,#2231,.F.);
#1223=ORIENTED_EDGE('',*,*,#2232,.T.);
#1224=ORIENTED_EDGE('',*,*,#2222,.T.);
#1225=ORIENTED_EDGE('',*,*,#2233,.T.);
#1226=ORIENTED_EDGE('',*,*,#2234,.F.);
#1227=ORIENTED_EDGE('',*,*,#2235,.T.);
#1228=ORIENTED_EDGE('',*,*,#2130,.F.);
#1229=ORIENTED_EDGE('',*,*,#2236,.T.);
#1230=ORIENTED_EDGE('',*,*,#2224,.T.);
#1231=ORIENTED_EDGE('',*,*,#2237,.T.);
#1232=ORIENTED_EDGE('',*,*,#2228,.T.);
#1233=ORIENTED_EDGE('',*,*,#2238,.T.);
#1234=ORIENTED_EDGE('',*,*,#2126,.F.);
#1235=ORIENTED_EDGE('',*,*,#2239,.T.);
#1236=ORIENTED_EDGE('',*,*,#2231,.T.);
#1237=ORIENTED_EDGE('',*,*,#2240,.T.);
#1238=ORIENTED_EDGE('',*,*,#2122,.F.);
#1239=ORIENTED_EDGE('',*,*,#2241,.T.);
#1240=ORIENTED_EDGE('',*,*,#2234,.T.);
#1241=ORIENTED_EDGE('',*,*,#2242,.T.);
#1242=ORIENTED_EDGE('',*,*,#2118,.F.);
#1243=ORIENTED_EDGE('',*,*,#2243,.T.);
#1244=ORIENTED_EDGE('',*,*,#2244,.F.);
#1245=ORIENTED_EDGE('',*,*,#2142,.T.);
#1246=ORIENTED_EDGE('',*,*,#2245,.F.);
#1247=ORIENTED_EDGE('',*,*,#2246,.F.);
#1248=ORIENTED_EDGE('',*,*,#2247,.F.);
#1249=ORIENTED_EDGE('',*,*,#2248,.F.);
#1250=ORIENTED_EDGE('',*,*,#2249,.F.);
#1251=ORIENTED_EDGE('',*,*,#2146,.T.);
#1252=ORIENTED_EDGE('',*,*,#2250,.F.);
#1253=ORIENTED_EDGE('',*,*,#2251,.F.);
#1254=ORIENTED_EDGE('',*,*,#2252,.F.);
#1255=ORIENTED_EDGE('',*,*,#2150,.T.);
#1256=ORIENTED_EDGE('',*,*,#2253,.F.);
#1257=ORIENTED_EDGE('',*,*,#2254,.F.);
#1258=ORIENTED_EDGE('',*,*,#2255,.F.);
#1259=ORIENTED_EDGE('',*,*,#2154,.T.);
#1260=ORIENTED_EDGE('',*,*,#2256,.F.);
#1261=ORIENTED_EDGE('',*,*,#2257,.T.);
#1262=ORIENTED_EDGE('',*,*,#2246,.T.);
#1263=ORIENTED_EDGE('',*,*,#2258,.T.);
#1264=ORIENTED_EDGE('',*,*,#2248,.T.);
#1265=ORIENTED_EDGE('',*,*,#2259,.T.);
#1266=ORIENTED_EDGE('',*,*,#2260,.F.);
#1267=ORIENTED_EDGE('',*,*,#2261,.T.);
#1268=ORIENTED_EDGE('',*,*,#2251,.T.);
#1269=ORIENTED_EDGE('',*,*,#2262,.T.);
#1270=ORIENTED_EDGE('',*,*,#2263,.F.);
#1271=ORIENTED_EDGE('',*,*,#2264,.T.);
#1272=ORIENTED_EDGE('',*,*,#2254,.T.);
#1273=ORIENTED_EDGE('',*,*,#2265,.T.);
#1274=ORIENTED_EDGE('',*,*,#2266,.F.);
#1275=ORIENTED_EDGE('',*,*,#2267,.T.);
#1276=ORIENTED_EDGE('',*,*,#2182,.F.);
#1277=ORIENTED_EDGE('',*,*,#2268,.T.);
#1278=ORIENTED_EDGE('',*,*,#2256,.T.);
#1279=ORIENTED_EDGE('',*,*,#2269,.T.);
#1280=ORIENTED_EDGE('',*,*,#2260,.T.);
#1281=ORIENTED_EDGE('',*,*,#2270,.T.);
#1282=ORIENTED_EDGE('',*,*,#2184,.F.);
#1283=ORIENTED_EDGE('',*,*,#2271,.T.);
#1284=ORIENTED_EDGE('',*,*,#2263,.T.);
#1285=ORIENTED_EDGE('',*,*,#2272,.T.);
#1286=ORIENTED_EDGE('',*,*,#2188,.F.);
#1287=ORIENTED_EDGE('',*,*,#2273,.T.);
#1288=ORIENTED_EDGE('',*,*,#2266,.T.);
#1289=ORIENTED_EDGE('',*,*,#2274,.T.);
#1290=ORIENTED_EDGE('',*,*,#2192,.F.);
#1291=ORIENTED_EDGE('',*,*,#2275,.T.);
#1292=ORIENTED_EDGE('',*,*,#2276,.F.);
#1293=ORIENTED_EDGE('',*,*,#2277,.F.);
#1294=ORIENTED_EDGE('',*,*,#2278,.T.);
#1295=ORIENTED_EDGE('',*,*,#2176,.T.);
#1296=ORIENTED_EDGE('',*,*,#2279,.F.);
#1297=ORIENTED_EDGE('',*,*,#2280,.T.);
#1298=ORIENTED_EDGE('',*,*,#2281,.T.);
#1299=ORIENTED_EDGE('',*,*,#2174,.T.);
#1300=ORIENTED_EDGE('',*,*,#2282,.F.);
#1301=ORIENTED_EDGE('',*,*,#2279,.T.);
#1302=ORIENTED_EDGE('',*,*,#2173,.F.);
#1303=ORIENTED_EDGE('',*,*,#2283,.F.);
#1304=ORIENTED_EDGE('',*,*,#2284,.F.);
#1305=ORIENTED_EDGE('',*,*,#2285,.T.);
#1306=ORIENTED_EDGE('',*,*,#2283,.T.);
#1307=ORIENTED_EDGE('',*,*,#2172,.T.);
#1308=ORIENTED_EDGE('',*,*,#2134,.F.);
#1309=ORIENTED_EDGE('',*,*,#2286,.T.);
#1310=ORIENTED_EDGE('',*,*,#2284,.T.);
#1311=ORIENTED_EDGE('',*,*,#2171,.T.);
#1312=ORIENTED_EDGE('',*,*,#2287,.F.);
#1313=ORIENTED_EDGE('',*,*,#2138,.T.);
#1314=ORIENTED_EDGE('',*,*,#2179,.F.);
#1315=ORIENTED_EDGE('',*,*,#2288,.F.);
#1316=ORIENTED_EDGE('',*,*,#2289,.F.);
#1317=ORIENTED_EDGE('',*,*,#2290,.T.);
#1318=ORIENTED_EDGE('',*,*,#2288,.T.);
#1319=ORIENTED_EDGE('',*,*,#2178,.T.);
#1320=ORIENTED_EDGE('',*,*,#2278,.F.);
#1321=ORIENTED_EDGE('',*,*,#2291,.T.);
#1322=ORIENTED_EDGE('',*,*,#2289,.T.);
#1323=ORIENTED_EDGE('',*,*,#2177,.T.);
#1324=ORIENTED_EDGE('',*,*,#2292,.T.);
#1325=ORIENTED_EDGE('',*,*,#2293,.F.);
#1326=ORIENTED_EDGE('',*,*,#2294,.F.);
#1327=ORIENTED_EDGE('',*,*,#2164,.F.);
#1328=ORIENTED_EDGE('',*,*,#2295,.T.);
#1329=ORIENTED_EDGE('',*,*,#2296,.T.);
#1330=ORIENTED_EDGE('',*,*,#2297,.F.);
#1331=ORIENTED_EDGE('',*,*,#2166,.F.);
#1332=ORIENTED_EDGE('',*,*,#2298,.F.);
#1333=ORIENTED_EDGE('',*,*,#2299,.F.);
#1334=ORIENTED_EDGE('',*,*,#2167,.T.);
#1335=ORIENTED_EDGE('',*,*,#2297,.T.);
#1336=ORIENTED_EDGE('',*,*,#2299,.T.);
#1337=ORIENTED_EDGE('',*,*,#2300,.T.);
#1338=ORIENTED_EDGE('',*,*,#2301,.F.);
#1339=ORIENTED_EDGE('',*,*,#2168,.F.);
#1340=ORIENTED_EDGE('',*,*,#2301,.T.);
#1341=ORIENTED_EDGE('',*,*,#2302,.T.);
#1342=ORIENTED_EDGE('',*,*,#2114,.F.);
#1343=ORIENTED_EDGE('',*,*,#2169,.F.);
#1344=ORIENTED_EDGE('',*,*,#2303,.F.);
#1345=ORIENTED_EDGE('',*,*,#2304,.F.);
#1346=ORIENTED_EDGE('',*,*,#2161,.T.);
#1347=ORIENTED_EDGE('',*,*,#2158,.T.);
#1348=ORIENTED_EDGE('',*,*,#2304,.T.);
#1349=ORIENTED_EDGE('',*,*,#2305,.T.);
#1350=ORIENTED_EDGE('',*,*,#2306,.F.);
#1351=ORIENTED_EDGE('',*,*,#2162,.F.);
#1352=ORIENTED_EDGE('',*,*,#2306,.T.);
#1353=ORIENTED_EDGE('',*,*,#2307,.T.);
#1354=ORIENTED_EDGE('',*,*,#2292,.F.);
#1355=ORIENTED_EDGE('',*,*,#2163,.F.);
#1356=ORIENTED_EDGE('',*,*,#2308,.T.);
#1357=ORIENTED_EDGE('',*,*,#2140,.F.);
#1358=ORIENTED_EDGE('',*,*,#2309,.F.);
#1359=ORIENTED_EDGE('',*,*,#2132,.F.);
#1360=ORIENTED_EDGE('',*,*,#2280,.F.);
#1361=ORIENTED_EDGE('',*,*,#2282,.T.);
#1362=ORIENTED_EDGE('',*,*,#2285,.F.);
#1363=ORIENTED_EDGE('',*,*,#2286,.F.);
#1364=ORIENTED_EDGE('',*,*,#2133,.F.);
#1365=ORIENTED_EDGE('',*,*,#2309,.T.);
#1366=ORIENTED_EDGE('',*,*,#2139,.F.);
#1367=ORIENTED_EDGE('',*,*,#2287,.T.);
#1368=ORIENTED_EDGE('',*,*,#2290,.F.);
#1369=ORIENTED_EDGE('',*,*,#2291,.F.);
#1370=ORIENTED_EDGE('',*,*,#2277,.T.);
#1371=ORIENTED_EDGE('',*,*,#2310,.F.);
#1372=ORIENTED_EDGE('',*,*,#2183,.T.);
#1373=ORIENTED_EDGE('',*,*,#2269,.F.);
#1374=ORIENTED_EDGE('',*,*,#2258,.F.);
#1375=ORIENTED_EDGE('',*,*,#2245,.T.);
#1376=ORIENTED_EDGE('',*,*,#2141,.F.);
#1377=ORIENTED_EDGE('',*,*,#2308,.F.);
#1378=ORIENTED_EDGE('',*,*,#2131,.F.);
#1379=ORIENTED_EDGE('',*,*,#2237,.F.);
#1380=ORIENTED_EDGE('',*,*,#2226,.F.);
#1381=ORIENTED_EDGE('',*,*,#2213,.T.);
#1382=ORIENTED_EDGE('',*,*,#2199,.F.);
#1383=ORIENTED_EDGE('',*,*,#2311,.F.);
#1384=ORIENTED_EDGE('',*,*,#2312,.T.);
#1385=ORIENTED_EDGE('',*,*,#2156,.F.);
#1386=ORIENTED_EDGE('',*,*,#2313,.F.);
#1387=ORIENTED_EDGE('',*,*,#2116,.F.);
#1388=ORIENTED_EDGE('',*,*,#2211,.F.);
#1389=ORIENTED_EDGE('',*,*,#2223,.T.);
#1390=ORIENTED_EDGE('',*,*,#2235,.F.);
#1391=ORIENTED_EDGE('',*,*,#2243,.F.);
#1392=ORIENTED_EDGE('',*,*,#2117,.F.);
#1393=ORIENTED_EDGE('',*,*,#2313,.T.);
#1394=ORIENTED_EDGE('',*,*,#2155,.F.);
#1395=ORIENTED_EDGE('',*,*,#2255,.T.);
#1396=ORIENTED_EDGE('',*,*,#2267,.F.);
#1397=ORIENTED_EDGE('',*,*,#2275,.F.);
#1398=ORIENTED_EDGE('',*,*,#2195,.T.);
#1399=ORIENTED_EDGE('',*,*,#2314,.F.);
#1400=ORIENTED_EDGE('',*,*,#2293,.T.);
#1401=ORIENTED_EDGE('',*,*,#2307,.F.);
#1402=ORIENTED_EDGE('',*,*,#2305,.F.);
#1403=ORIENTED_EDGE('',*,*,#2303,.T.);
#1404=ORIENTED_EDGE('',*,*,#2157,.F.);
#1405=ORIENTED_EDGE('',*,*,#2312,.F.);
#1406=ORIENTED_EDGE('',*,*,#2115,.F.);
#1407=ORIENTED_EDGE('',*,*,#2302,.F.);
#1408=ORIENTED_EDGE('',*,*,#2300,.F.);
#1409=ORIENTED_EDGE('',*,*,#2298,.T.);
#1410=ORIENTED_EDGE('',*,*,#2296,.F.);
#1411=ORIENTED_EDGE('',*,*,#2315,.F.);
#1412=ORIENTED_EDGE('',*,*,#2316,.T.);
#1413=ORIENTED_EDGE('',*,*,#2152,.F.);
#1414=ORIENTED_EDGE('',*,*,#2317,.F.);
#1415=ORIENTED_EDGE('',*,*,#2120,.F.);
#1416=ORIENTED_EDGE('',*,*,#2207,.F.);
#1417=ORIENTED_EDGE('',*,*,#2220,.T.);
#1418=ORIENTED_EDGE('',*,*,#2232,.F.);
#1419=ORIENTED_EDGE('',*,*,#2241,.F.);
#1420=ORIENTED_EDGE('',*,*,#2121,.F.);
#1421=ORIENTED_EDGE('',*,*,#2317,.T.);
#1422=ORIENTED_EDGE('',*,*,#2151,.F.);
#1423=ORIENTED_EDGE('',*,*,#2252,.T.);
#1424=ORIENTED_EDGE('',*,*,#2264,.F.);
#1425=ORIENTED_EDGE('',*,*,#2273,.F.);
#1426=ORIENTED_EDGE('',*,*,#2191,.T.);
#1427=ORIENTED_EDGE('',*,*,#2318,.F.);
#1428=ORIENTED_EDGE('',*,*,#2193,.T.);
#1429=ORIENTED_EDGE('',*,*,#2274,.F.);
#1430=ORIENTED_EDGE('',*,*,#2265,.F.);
#1431=ORIENTED_EDGE('',*,*,#2253,.T.);
#1432=ORIENTED_EDGE('',*,*,#2153,.F.);
#1433=ORIENTED_EDGE('',*,*,#2316,.F.);
#1434=ORIENTED_EDGE('',*,*,#2119,.F.);
#1435=ORIENTED_EDGE('',*,*,#2242,.F.);
#1436=ORIENTED_EDGE('',*,*,#2233,.F.);
#1437=ORIENTED_EDGE('',*,*,#2221,.T.);
#1438=ORIENTED_EDGE('',*,*,#2209,.F.);
#1439=ORIENTED_EDGE('',*,*,#2319,.F.);
#1440=ORIENTED_EDGE('',*,*,#2320,.T.);
#1441=ORIENTED_EDGE('',*,*,#2148,.F.);
#1442=ORIENTED_EDGE('',*,*,#2321,.F.);
#1443=ORIENTED_EDGE('',*,*,#2124,.F.);
#1444=ORIENTED_EDGE('',*,*,#2203,.F.);
#1445=ORIENTED_EDGE('',*,*,#2217,.T.);
#1446=ORIENTED_EDGE('',*,*,#2229,.F.);
#1447=ORIENTED_EDGE('',*,*,#2239,.F.);
#1448=ORIENTED_EDGE('',*,*,#2125,.F.);
#1449=ORIENTED_EDGE('',*,*,#2321,.T.);
#1450=ORIENTED_EDGE('',*,*,#2147,.F.);
#1451=ORIENTED_EDGE('',*,*,#2249,.T.);
#1452=ORIENTED_EDGE('',*,*,#2261,.F.);
#1453=ORIENTED_EDGE('',*,*,#2271,.F.);
#1454=ORIENTED_EDGE('',*,*,#2187,.T.);
#1455=ORIENTED_EDGE('',*,*,#2322,.F.);
#1456=ORIENTED_EDGE('',*,*,#2189,.T.);
#1457=ORIENTED_EDGE('',*,*,#2272,.F.);
#1458=ORIENTED_EDGE('',*,*,#2262,.F.);
#1459=ORIENTED_EDGE('',*,*,#2250,.T.);
#1460=ORIENTED_EDGE('',*,*,#2149,.F.);
#1461=ORIENTED_EDGE('',*,*,#2320,.F.);
#1462=ORIENTED_EDGE('',*,*,#2123,.F.);
#1463=ORIENTED_EDGE('',*,*,#2240,.F.);
#1464=ORIENTED_EDGE('',*,*,#2230,.F.);
#1465=ORIENTED_EDGE('',*,*,#2218,.T.);
#1466=ORIENTED_EDGE('',*,*,#2205,.F.);
#1467=ORIENTED_EDGE('',*,*,#2323,.F.);
#1468=ORIENTED_EDGE('',*,*,#2324,.T.);
#1469=ORIENTED_EDGE('',*,*,#2144,.F.);
#1470=ORIENTED_EDGE('',*,*,#2325,.F.);
#1471=ORIENTED_EDGE('',*,*,#2128,.F.);
#1472=ORIENTED_EDGE('',*,*,#2197,.F.);
#1473=ORIENTED_EDGE('',*,*,#2212,.T.);
#1474=ORIENTED_EDGE('',*,*,#2225,.F.);
#1475=ORIENTED_EDGE('',*,*,#2236,.F.);
#1476=ORIENTED_EDGE('',*,*,#2129,.F.);
#1477=ORIENTED_EDGE('',*,*,#2325,.T.);
#1478=ORIENTED_EDGE('',*,*,#2143,.F.);
#1479=ORIENTED_EDGE('',*,*,#2244,.T.);
#1480=ORIENTED_EDGE('',*,*,#2257,.F.);
#1481=ORIENTED_EDGE('',*,*,#2268,.F.);
#1482=ORIENTED_EDGE('',*,*,#2181,.T.);
#1483=ORIENTED_EDGE('',*,*,#2326,.F.);
#1484=ORIENTED_EDGE('',*,*,#2185,.T.);
#1485=ORIENTED_EDGE('',*,*,#2270,.F.);
#1486=ORIENTED_EDGE('',*,*,#2259,.F.);
#1487=ORIENTED_EDGE('',*,*,#2247,.T.);
#1488=ORIENTED_EDGE('',*,*,#2145,.F.);
#1489=ORIENTED_EDGE('',*,*,#2324,.F.);
#1490=ORIENTED_EDGE('',*,*,#2127,.F.);
#1491=ORIENTED_EDGE('',*,*,#2238,.F.);
#1492=ORIENTED_EDGE('',*,*,#2227,.F.);
#1493=ORIENTED_EDGE('',*,*,#2215,.T.);
#1494=ORIENTED_EDGE('',*,*,#2201,.F.);
#1495=ORIENTED_EDGE('',*,*,#2327,.F.);
#1496=ORIENTED_EDGE('',*,*,#2175,.T.);
#1497=ORIENTED_EDGE('',*,*,#2328,.F.);
#1498=ORIENTED_EDGE('',*,*,#2329,.T.);
#1499=ORIENTED_EDGE('',*,*,#2330,.T.);
#1500=ORIENTED_EDGE('',*,*,#2276,.T.);
#1501=ORIENTED_EDGE('',*,*,#2330,.F.);
#1502=ORIENTED_EDGE('',*,*,#2331,.T.);
#1503=ORIENTED_EDGE('',*,*,#2332,.T.);
#1504=ORIENTED_EDGE('',*,*,#2310,.T.);
#1505=ORIENTED_EDGE('',*,*,#2332,.F.);
#1506=ORIENTED_EDGE('',*,*,#2333,.T.);
#1507=ORIENTED_EDGE('',*,*,#2334,.T.);
#1508=ORIENTED_EDGE('',*,*,#2281,.F.);
#1509=ORIENTED_EDGE('',*,*,#2334,.F.);
#1510=ORIENTED_EDGE('',*,*,#2335,.T.);
#1511=ORIENTED_EDGE('',*,*,#2328,.T.);
#1512=ORIENTED_EDGE('',*,*,#2329,.F.);
#1513=ORIENTED_EDGE('',*,*,#2335,.F.);
#1514=ORIENTED_EDGE('',*,*,#2333,.F.);
#1515=ORIENTED_EDGE('',*,*,#2331,.F.);
#1516=ORIENTED_EDGE('',*,*,#2315,.T.);
#1517=ORIENTED_EDGE('',*,*,#2336,.F.);
#1518=ORIENTED_EDGE('',*,*,#2337,.T.);
#1519=ORIENTED_EDGE('',*,*,#2338,.T.);
#1520=ORIENTED_EDGE('',*,*,#2294,.T.);
#1521=ORIENTED_EDGE('',*,*,#2338,.F.);
#1522=ORIENTED_EDGE('',*,*,#2339,.T.);
#1523=ORIENTED_EDGE('',*,*,#2340,.T.);
#1524=ORIENTED_EDGE('',*,*,#2165,.F.);
#1525=ORIENTED_EDGE('',*,*,#2340,.F.);
#1526=ORIENTED_EDGE('',*,*,#2341,.T.);
#1527=ORIENTED_EDGE('',*,*,#2342,.T.);
#1528=ORIENTED_EDGE('',*,*,#2295,.F.);
#1529=ORIENTED_EDGE('',*,*,#2342,.F.);
#1530=ORIENTED_EDGE('',*,*,#2343,.T.);
#1531=ORIENTED_EDGE('',*,*,#2336,.T.);
#1532=ORIENTED_EDGE('',*,*,#2337,.F.);
#1533=ORIENTED_EDGE('',*,*,#2343,.F.);
#1534=ORIENTED_EDGE('',*,*,#2341,.F.);
#1535=ORIENTED_EDGE('',*,*,#2339,.F.);
#1536=ORIENTED_EDGE('',*,*,#2319,.T.);
#1537=ORIENTED_EDGE('',*,*,#2344,.F.);
#1538=ORIENTED_EDGE('',*,*,#2345,.T.);
#1539=ORIENTED_EDGE('',*,*,#2346,.T.);
#1540=ORIENTED_EDGE('',*,*,#2194,.T.);
#1541=ORIENTED_EDGE('',*,*,#2346,.F.);
#1542=ORIENTED_EDGE('',*,*,#2347,.T.);
#1543=ORIENTED_EDGE('',*,*,#2348,.T.);
#1544=ORIENTED_EDGE('',*,*,#2314,.T.);
#1545=ORIENTED_EDGE('',*,*,#2348,.F.);
#1546=ORIENTED_EDGE('',*,*,#2349,.T.);
#1547=ORIENTED_EDGE('',*,*,#2350,.T.);
#1548=ORIENTED_EDGE('',*,*,#2208,.F.);
#1549=ORIENTED_EDGE('',*,*,#2350,.F.);
#1550=ORIENTED_EDGE('',*,*,#2351,.T.);
#1551=ORIENTED_EDGE('',*,*,#2344,.T.);
#1552=ORIENTED_EDGE('',*,*,#2345,.F.);
#1553=ORIENTED_EDGE('',*,*,#2351,.F.);
#1554=ORIENTED_EDGE('',*,*,#2349,.F.);
#1555=ORIENTED_EDGE('',*,*,#2347,.F.);
#1556=ORIENTED_EDGE('',*,*,#2323,.T.);
#1557=ORIENTED_EDGE('',*,*,#2352,.F.);
#1558=ORIENTED_EDGE('',*,*,#2353,.T.);
#1559=ORIENTED_EDGE('',*,*,#2354,.T.);
#1560=ORIENTED_EDGE('',*,*,#2190,.T.);
#1561=ORIENTED_EDGE('',*,*,#2354,.F.);
#1562=ORIENTED_EDGE('',*,*,#2355,.T.);
#1563=ORIENTED_EDGE('',*,*,#2356,.T.);
#1564=ORIENTED_EDGE('',*,*,#2318,.T.);
#1565=ORIENTED_EDGE('',*,*,#2356,.F.);
#1566=ORIENTED_EDGE('',*,*,#2357,.T.);
#1567=ORIENTED_EDGE('',*,*,#2358,.T.);
#1568=ORIENTED_EDGE('',*,*,#2204,.F.);
#1569=ORIENTED_EDGE('',*,*,#2358,.F.);
#1570=ORIENTED_EDGE('',*,*,#2359,.T.);
#1571=ORIENTED_EDGE('',*,*,#2352,.T.);
#1572=ORIENTED_EDGE('',*,*,#2353,.F.);
#1573=ORIENTED_EDGE('',*,*,#2359,.F.);
#1574=ORIENTED_EDGE('',*,*,#2357,.F.);
#1575=ORIENTED_EDGE('',*,*,#2355,.F.);
#1576=ORIENTED_EDGE('',*,*,#2327,.T.);
#1577=ORIENTED_EDGE('',*,*,#2360,.F.);
#1578=ORIENTED_EDGE('',*,*,#2361,.T.);
#1579=ORIENTED_EDGE('',*,*,#2362,.T.);
#1580=ORIENTED_EDGE('',*,*,#2186,.T.);
#1581=ORIENTED_EDGE('',*,*,#2362,.F.);
#1582=ORIENTED_EDGE('',*,*,#2363,.T.);
#1583=ORIENTED_EDGE('',*,*,#2364,.T.);
#1584=ORIENTED_EDGE('',*,*,#2322,.T.);
#1585=ORIENTED_EDGE('',*,*,#2364,.F.);
#1586=ORIENTED_EDGE('',*,*,#2365,.T.);
#1587=ORIENTED_EDGE('',*,*,#2366,.T.);
#1588=ORIENTED_EDGE('',*,*,#2200,.F.);
#1589=ORIENTED_EDGE('',*,*,#2366,.F.);
#1590=ORIENTED_EDGE('',*,*,#2367,.T.);
#1591=ORIENTED_EDGE('',*,*,#2360,.T.);
#1592=ORIENTED_EDGE('',*,*,#2361,.F.);
#1593=ORIENTED_EDGE('',*,*,#2367,.F.);
#1594=ORIENTED_EDGE('',*,*,#2365,.F.);
#1595=ORIENTED_EDGE('',*,*,#2363,.F.);
#1596=ORIENTED_EDGE('',*,*,#2311,.T.);
#1597=ORIENTED_EDGE('',*,*,#2368,.F.);
#1598=ORIENTED_EDGE('',*,*,#2369,.T.);
#1599=ORIENTED_EDGE('',*,*,#2370,.T.);
#1600=ORIENTED_EDGE('',*,*,#2180,.T.);
#1601=ORIENTED_EDGE('',*,*,#2370,.F.);
#1602=ORIENTED_EDGE('',*,*,#2371,.T.);
#1603=ORIENTED_EDGE('',*,*,#2372,.T.);
#1604=ORIENTED_EDGE('',*,*,#2326,.T.);
#1605=ORIENTED_EDGE('',*,*,#2372,.F.);
#1606=ORIENTED_EDGE('',*,*,#2373,.T.);
#1607=ORIENTED_EDGE('',*,*,#2374,.T.);
#1608=ORIENTED_EDGE('',*,*,#2198,.F.);
#1609=ORIENTED_EDGE('',*,*,#2374,.F.);
#1610=ORIENTED_EDGE('',*,*,#2375,.T.);
#1611=ORIENTED_EDGE('',*,*,#2368,.T.);
#1612=ORIENTED_EDGE('',*,*,#2369,.F.);
#1613=ORIENTED_EDGE('',*,*,#2375,.F.);
#1614=ORIENTED_EDGE('',*,*,#2373,.F.);
#1615=ORIENTED_EDGE('',*,*,#2371,.F.);
#1616=ORIENTED_EDGE('',*,*,#2112,.T.);
#1617=ORIENTED_EDGE('',*,*,#2170,.T.);
#1618=ORIENTED_EDGE('',*,*,#2136,.T.);
#1619=ORIENTED_EDGE('',*,*,#2160,.F.);
#1620=EDGE_CURVE('',#2376,#2377,#2864,.T.);
#1621=EDGE_CURVE('',#2376,#2378,#2865,.T.);
#1622=EDGE_CURVE('',#2379,#2378,#2866,.T.);
#1623=EDGE_CURVE('',#2377,#2379,#2867,.T.);
#1624=EDGE_CURVE('',#2380,#2381,#2868,.T.);
#1625=EDGE_CURVE('',#2380,#2382,#2869,.T.);
#1626=EDGE_CURVE('',#2383,#2382,#2870,.T.);
#1627=EDGE_CURVE('',#2381,#2383,#2871,.T.);
#1628=EDGE_CURVE('',#2384,#2385,#2872,.T.);
#1629=EDGE_CURVE('',#2384,#2386,#2873,.T.);
#1630=EDGE_CURVE('',#2387,#2386,#2874,.T.);
#1631=EDGE_CURVE('',#2385,#2387,#2875,.T.);
#1632=EDGE_CURVE('',#2388,#2389,#2876,.T.);
#1633=EDGE_CURVE('',#2388,#2390,#2877,.T.);
#1634=EDGE_CURVE('',#2391,#2390,#2878,.T.);
#1635=EDGE_CURVE('',#2389,#2391,#2879,.T.);
#1636=EDGE_CURVE('',#2392,#2393,#2880,.T.);
#1637=EDGE_CURVE('',#2394,#2392,#2881,.T.);
#1638=EDGE_CURVE('',#2395,#2394,#2882,.T.);
#1639=EDGE_CURVE('',#2396,#2395,#2883,.T.);
#1640=EDGE_CURVE('',#2397,#2396,#2884,.T.);
#1641=EDGE_CURVE('',#2398,#2397,#2885,.T.);
#1642=EDGE_CURVE('',#2399,#2398,#2886,.T.);
#1643=EDGE_CURVE('',#2400,#2399,#2887,.T.);
#1644=EDGE_CURVE('',#2401,#2400,#2888,.T.);
#1645=EDGE_CURVE('',#2402,#2401,#2889,.T.);
#1646=EDGE_CURVE('',#2403,#2402,#2890,.T.);
#1647=EDGE_CURVE('',#2404,#2403,#2891,.T.);
#1648=EDGE_CURVE('',#2405,#2404,#2892,.T.);
#1649=EDGE_CURVE('',#2406,#2405,#2893,.T.);
#1650=EDGE_CURVE('',#2407,#2406,#2894,.T.);
#1651=EDGE_CURVE('',#2408,#2407,#2895,.T.);
#1652=EDGE_CURVE('',#2409,#2408,#2896,.T.);
#1653=EDGE_CURVE('',#2410,#2409,#2897,.T.);
#1654=EDGE_CURVE('',#2411,#2410,#2898,.T.);
#1655=EDGE_CURVE('',#2412,#2411,#2899,.T.);
#1656=EDGE_CURVE('',#2412,#2413,#2900,.T.);
#1657=EDGE_CURVE('',#2413,#2414,#2901,.T.);
#1658=EDGE_CURVE('',#2415,#2414,#2902,.T.);
#1659=EDGE_CURVE('',#2416,#2415,#2903,.T.);
#1660=EDGE_CURVE('',#2417,#2416,#2904,.T.);
#1661=EDGE_CURVE('',#2417,#2418,#2905,.T.);
#1662=EDGE_CURVE('',#2419,#2418,#2906,.T.);
#1663=EDGE_CURVE('',#2420,#2419,#2907,.T.);
#1664=EDGE_CURVE('',#2421,#2420,#2908,.T.);
#1665=EDGE_CURVE('',#2421,#2422,#2909,.T.);
#1666=EDGE_CURVE('',#2423,#2422,#2910,.T.);
#1667=EDGE_CURVE('',#2424,#2423,#2911,.T.);
#1668=EDGE_CURVE('',#2425,#2424,#2912,.T.);
#1669=EDGE_CURVE('',#2425,#2426,#2913,.T.);
#1670=EDGE_CURVE('',#2427,#2426,#2914,.T.);
#1671=EDGE_CURVE('',#2428,#2427,#2915,.T.);
#1672=EDGE_CURVE('',#2429,#2428,#2916,.T.);
#1673=EDGE_CURVE('',#2429,#2430,#2917,.T.);
#1674=EDGE_CURVE('',#2431,#2430,#2918,.T.);
#1675=EDGE_CURVE('',#2432,#2431,#2919,.T.);
#1676=EDGE_CURVE('',#2433,#2432,#2920,.T.);
#1677=EDGE_CURVE('',#2433,#2434,#2921,.T.);
#1678=EDGE_CURVE('',#2435,#2434,#2922,.T.);
#1679=EDGE_CURVE('',#2393,#2435,#2923,.T.);
#1680=EDGE_CURVE('',#2436,#2437,#2924,.T.);
#1681=EDGE_CURVE('',#2436,#2438,#2925,.T.);
#1682=EDGE_CURVE('',#2438,#2439,#2926,.T.);
#1683=EDGE_CURVE('',#2439,#2437,#2927,.T.);
#1684=EDGE_CURVE('',#2440,#2441,#2928,.T.);
#1685=EDGE_CURVE('',#2440,#2442,#2929,.T.);
#1686=EDGE_CURVE('',#2442,#2443,#2930,.T.);
#1687=EDGE_CURVE('',#2443,#2441,#2931,.T.);
#1688=EDGE_CURVE('',#2444,#2445,#2932,.T.);
#1689=EDGE_CURVE('',#2444,#2446,#2933,.T.);
#1690=EDGE_CURVE('',#2446,#2447,#2934,.T.);
#1691=EDGE_CURVE('',#2447,#2445,#2935,.T.);
#1692=EDGE_CURVE('',#2448,#2449,#2936,.T.);
#1693=EDGE_CURVE('',#2448,#2450,#2937,.T.);
#1694=EDGE_CURVE('',#2450,#2451,#2938,.T.);
#1695=EDGE_CURVE('',#2451,#2449,#2939,.T.);
#1696=EDGE_CURVE('',#2452,#2453,#2940,.T.);
#1697=EDGE_CURVE('',#2452,#2454,#2941,.T.);
#1698=EDGE_CURVE('',#2454,#2455,#2942,.T.);
#1699=EDGE_CURVE('',#2455,#2453,#2943,.T.);
#1700=EDGE_CURVE('',#2456,#2457,#2944,.T.);
#1701=EDGE_CURVE('',#2458,#2456,#2945,.T.);
#1702=EDGE_CURVE('',#2459,#2458,#2946,.T.);
#1703=EDGE_CURVE('',#2457,#2459,#2947,.T.);
#1704=EDGE_CURVE('',#2460,#2411,#2948,.T.);
#1705=EDGE_CURVE('',#2460,#2461,#2949,.T.);
#1706=EDGE_CURVE('',#2461,#2412,#2950,.T.);
#1707=EDGE_CURVE('',#2462,#2463,#2951,.T.);
#1708=EDGE_CURVE('',#2464,#2462,#2952,.T.);
#1709=EDGE_CURVE('',#2465,#2464,#2953,.T.);
#1710=EDGE_CURVE('',#2463,#2465,#2954,.T.);
#1711=EDGE_CURVE('',#2393,#2466,#2955,.T.);
#1712=EDGE_CURVE('',#2435,#2467,#2956,.T.);
#1713=EDGE_CURVE('',#2467,#2466,#2957,.T.);
#1714=EDGE_CURVE('',#2468,#2469,#2958,.T.);
#1715=EDGE_CURVE('',#2470,#2468,#2959,.T.);
#1716=EDGE_CURVE('',#2471,#2470,#2960,.T.);
#1717=EDGE_CURVE('',#2469,#2471,#2961,.T.);
#1718=EDGE_CURVE('',#2472,#2395,#2962,.T.);
#1719=EDGE_CURVE('',#2472,#2473,#2963,.T.);
#1720=EDGE_CURVE('',#2396,#2473,#2964,.T.);
#1721=EDGE_CURVE('',#2474,#2475,#2965,.T.);
#1722=EDGE_CURVE('',#2476,#2474,#2966,.T.);
#1723=EDGE_CURVE('',#2477,#2476,#2967,.T.);
#1724=EDGE_CURVE('',#2475,#2477,#2968,.T.);
#1725=EDGE_CURVE('',#2478,#2399,#2969,.T.);
#1726=EDGE_CURVE('',#2478,#2479,#2970,.T.);
#1727=EDGE_CURVE('',#2400,#2479,#2971,.T.);
#1728=EDGE_CURVE('',#2480,#2481,#2972,.T.);
#1729=EDGE_CURVE('',#2482,#2480,#2973,.T.);
#1730=EDGE_CURVE('',#2483,#2482,#2974,.T.);
#1731=EDGE_CURVE('',#2481,#2483,#2975,.T.);
#1732=EDGE_CURVE('',#2484,#2403,#2976,.T.);
#1733=EDGE_CURVE('',#2484,#2485,#2977,.T.);
#1734=EDGE_CURVE('',#2404,#2485,#2978,.T.);
#1735=EDGE_CURVE('',#2486,#2487,#2979,.T.);
#1736=EDGE_CURVE('',#2488,#2486,#2980,.T.);
#1737=EDGE_CURVE('',#2489,#2488,#2981,.T.);
#1738=EDGE_CURVE('',#2487,#2489,#2982,.T.);
#1739=EDGE_CURVE('',#2490,#2407,#2983,.T.);
#1740=EDGE_CURVE('',#2490,#2491,#2984,.T.);
#1741=EDGE_CURVE('',#2408,#2491,#2985,.T.);
#1742=EDGE_CURVE('',#2492,#2493,#2986,.T.);
#1743=EDGE_CURVE('',#2493,#2494,#2987,.T.);
#1744=EDGE_CURVE('',#2494,#2495,#2988,.T.);
#1745=EDGE_CURVE('',#2495,#2492,#2989,.T.);
#1746=EDGE_CURVE('',#2414,#2496,#2990,.T.);
#1747=EDGE_CURVE('',#2497,#2413,#2991,.T.);
#1748=EDGE_CURVE('',#2496,#2497,#2992,.T.);
#1749=EDGE_CURVE('',#2498,#2499,#2993,.T.);
#1750=EDGE_CURVE('',#2499,#2500,#2994,.T.);
#1751=EDGE_CURVE('',#2500,#2501,#2995,.T.);
#1752=EDGE_CURVE('',#2501,#2498,#2996,.T.);
#1753=EDGE_CURVE('',#2417,#2502,#2997,.T.);
#1754=EDGE_CURVE('',#2503,#2502,#2998,.T.);
#1755=EDGE_CURVE('',#2418,#2503,#2999,.T.);
#1756=EDGE_CURVE('',#2504,#2505,#3000,.T.);
#1757=EDGE_CURVE('',#2505,#2506,#3001,.T.);
#1758=EDGE_CURVE('',#2506,#2507,#3002,.T.);
#1759=EDGE_CURVE('',#2507,#2504,#3003,.T.);
#1760=EDGE_CURVE('',#2421,#2508,#3004,.T.);
#1761=EDGE_CURVE('',#2509,#2508,#3005,.T.);
#1762=EDGE_CURVE('',#2422,#2509,#3006,.T.);
#1763=EDGE_CURVE('',#2510,#2511,#3007,.T.);
#1764=EDGE_CURVE('',#2511,#2512,#3008,.T.);
#1765=EDGE_CURVE('',#2512,#2513,#3009,.T.);
#1766=EDGE_CURVE('',#2513,#2510,#3010,.T.);
#1767=EDGE_CURVE('',#2425,#2514,#3011,.T.);
#1768=EDGE_CURVE('',#2515,#2514,#3012,.T.);
#1769=EDGE_CURVE('',#2426,#2515,#3013,.T.);
#1770=EDGE_CURVE('',#2516,#2517,#3014,.T.);
#1771=EDGE_CURVE('',#2517,#2518,#3015,.T.);
#1772=EDGE_CURVE('',#2518,#2519,#3016,.T.);
#1773=EDGE_CURVE('',#2519,#2516,#3017,.T.);
#1774=EDGE_CURVE('',#2429,#2520,#3018,.T.);
#1775=EDGE_CURVE('',#2521,#2520,#3019,.T.);
#1776=EDGE_CURVE('',#2430,#2521,#3020,.T.);
#1777=EDGE_CURVE('',#2522,#2523,#3021,.T.);
#1778=EDGE_CURVE('',#2523,#2524,#3022,.T.);
#1779=EDGE_CURVE('',#2524,#2525,#3023,.T.);
#1780=EDGE_CURVE('',#2525,#2522,#3024,.T.);
#1781=EDGE_CURVE('',#2433,#2526,#3025,.T.);
#1782=EDGE_CURVE('',#2527,#2526,#3026,.T.);
#1783=EDGE_CURVE('',#2434,#2527,#3027,.T.);
#1784=EDGE_CURVE('',#2496,#2460,#3028,.T.);
#1785=EDGE_CURVE('',#2461,#2497,#3029,.T.);
#1786=EDGE_CURVE('',#2491,#2502,#3030,.T.);
#1787=EDGE_CURVE('',#2503,#2490,#3031,.T.);
#1788=EDGE_CURVE('',#2485,#2508,#3032,.T.);
#1789=EDGE_CURVE('',#2509,#2484,#3033,.T.);
#1790=EDGE_CURVE('',#2479,#2514,#3034,.T.);
#1791=EDGE_CURVE('',#2515,#2478,#3035,.T.);
#1792=EDGE_CURVE('',#2473,#2520,#3036,.T.);
#1793=EDGE_CURVE('',#2521,#2472,#3037,.T.);
#1794=EDGE_CURVE('',#2466,#2526,#3038,.T.);
#1795=EDGE_CURVE('',#2467,#2527,#3039,.T.);
#1796=EDGE_CURVE('',#2462,#2522,#3040,.T.);
#1797=EDGE_CURVE('',#2463,#2523,#3041,.T.);
#1798=EDGE_CURVE('',#2464,#2525,#3042,.T.);
#1799=EDGE_CURVE('',#2465,#2524,#3043,.T.);
#1800=EDGE_CURVE('',#2468,#2516,#3044,.T.);
#1801=EDGE_CURVE('',#2469,#2517,#3045,.T.);
#1802=EDGE_CURVE('',#2470,#2519,#3046,.T.);
#1803=EDGE_CURVE('',#2471,#2518,#3047,.T.);
#1804=EDGE_CURVE('',#2474,#2510,#3048,.T.);
#1805=EDGE_CURVE('',#2475,#2511,#3049,.T.);
#1806=EDGE_CURVE('',#2476,#2513,#3050,.T.);
#1807=EDGE_CURVE('',#2477,#2512,#3051,.T.);
#1808=EDGE_CURVE('',#2480,#2504,#3052,.T.);
#1809=EDGE_CURVE('',#2481,#2505,#3053,.T.);
#1810=EDGE_CURVE('',#2482,#2507,#3054,.T.);
#1811=EDGE_CURVE('',#2483,#2506,#3055,.T.);
#1812=EDGE_CURVE('',#2486,#2498,#3056,.T.);
#1813=EDGE_CURVE('',#2487,#2499,#3057,.T.);
#1814=EDGE_CURVE('',#2488,#2501,#3058,.T.);
#1815=EDGE_CURVE('',#2489,#2500,#3059,.T.);
#1816=EDGE_CURVE('',#2456,#2492,#3060,.T.);
#1817=EDGE_CURVE('',#2457,#2493,#3061,.T.);
#1818=EDGE_CURVE('',#2458,#2495,#3062,.T.);
#1819=EDGE_CURVE('',#2459,#2494,#3063,.T.);
#1820=EDGE_CURVE('',#2439,#2432,#3064,.T.);
#1821=EDGE_CURVE('',#2438,#2392,#3065,.T.);
#1822=EDGE_CURVE('',#2436,#2394,#3066,.T.);
#1823=EDGE_CURVE('',#2437,#2431,#3067,.T.);
#1824=EDGE_CURVE('',#2443,#2428,#3068,.T.);
#1825=EDGE_CURVE('',#2442,#2397,#3069,.T.);
#1826=EDGE_CURVE('',#2440,#2398,#3070,.T.);
#1827=EDGE_CURVE('',#2441,#2427,#3071,.T.);
#1828=EDGE_CURVE('',#2447,#2424,#3072,.T.);
#1829=EDGE_CURVE('',#2446,#2401,#3073,.T.);
#1830=EDGE_CURVE('',#2444,#2402,#3074,.T.);
#1831=EDGE_CURVE('',#2445,#2423,#3075,.T.);
#1832=EDGE_CURVE('',#2451,#2420,#3076,.T.);
#1833=EDGE_CURVE('',#2450,#2405,#3077,.T.);
#1834=EDGE_CURVE('',#2448,#2406,#3078,.T.);
#1835=EDGE_CURVE('',#2449,#2419,#3079,.T.);
#1836=EDGE_CURVE('',#2452,#2410,#3080,.T.);
#1837=EDGE_CURVE('',#2453,#2415,#3081,.T.);
#1838=EDGE_CURVE('',#2455,#2416,#3082,.T.);
#1839=EDGE_CURVE('',#2454,#2409,#3083,.T.);
#1840=EDGE_CURVE('',#2528,#2529,#3084,.T.);
#1841=EDGE_CURVE('',#2530,#2529,#3085,.T.);
#1842=EDGE_CURVE('',#2531,#2530,#3086,.T.);
#1843=EDGE_CURVE('',#2531,#2528,#3087,.T.);
#1844=EDGE_CURVE('',#2529,#2532,#3088,.T.);
#1845=EDGE_CURVE('',#2533,#2532,#3089,.T.);
#1846=EDGE_CURVE('',#2530,#2533,#3090,.T.);
#1847=EDGE_CURVE('',#2532,#2534,#3091,.T.);
#1848=EDGE_CURVE('',#2535,#2534,#3092,.T.);
#1849=EDGE_CURVE('',#2533,#2535,#3093,.T.);
#1850=EDGE_CURVE('',#2534,#2536,#3094,.T.);
#1851=EDGE_CURVE('',#2537,#2536,#3095,.T.);
#1852=EDGE_CURVE('',#2535,#2537,#3096,.T.);
#1853=EDGE_CURVE('',#2536,#2538,#3097,.T.);
#1854=EDGE_CURVE('',#2539,#2538,#3098,.T.);
#1855=EDGE_CURVE('',#2537,#2539,#3099,.T.);
#1856=EDGE_CURVE('',#2538,#2540,#3100,.T.);
#1857=EDGE_CURVE('',#2541,#2540,#3101,.T.);
#1858=EDGE_CURVE('',#2539,#2541,#3102,.T.);
#1859=EDGE_CURVE('',#2388,#2531,#3103,.T.);
#1860=EDGE_CURVE('',#2541,#2390,#3104,.T.);
#1861=EDGE_CURVE('',#2389,#2528,#3105,.T.);
#1862=EDGE_CURVE('',#2540,#2391,#3106,.T.);
#1863=EDGE_CURVE('',#2542,#2387,#3107,.T.);
#1864=EDGE_CURVE('',#2543,#2386,#3108,.T.);
#1865=EDGE_CURVE('',#2543,#2542,#3109,.T.);
#1866=EDGE_CURVE('',#2384,#2544,#3110,.T.);
#1867=EDGE_CURVE('',#2385,#2545,#3111,.T.);
#1868=EDGE_CURVE('',#2544,#2545,#3112,.T.);
#1869=EDGE_CURVE('',#2544,#2546,#3113,.T.);
#1870=EDGE_CURVE('',#2546,#2547,#3114,.T.);
#1871=EDGE_CURVE('',#2547,#2548,#3115,.T.);
#1872=EDGE_CURVE('',#2548,#2549,#3116,.T.);
#1873=EDGE_CURVE('',#2549,#2550,#3117,.T.);
#1874=EDGE_CURVE('',#2550,#2543,#3118,.T.);
#1875=EDGE_CURVE('',#2551,#2542,#3119,.T.);
#1876=EDGE_CURVE('',#2552,#2551,#3120,.T.);
#1877=EDGE_CURVE('',#2553,#2552,#3121,.T.);
#1878=EDGE_CURVE('',#2554,#2553,#3122,.T.);
#1879=EDGE_CURVE('',#2555,#2554,#3123,.T.);
#1880=EDGE_CURVE('',#2545,#2555,#3124,.T.);
#1881=EDGE_CURVE('',#2546,#2555,#3125,.T.);
#1882=EDGE_CURVE('',#2547,#2554,#3126,.T.);
#1883=EDGE_CURVE('',#2548,#2553,#3127,.T.);
#1884=EDGE_CURVE('',#2549,#2552,#3128,.T.);
#1885=EDGE_CURVE('',#2550,#2551,#3129,.T.);
#1886=EDGE_CURVE('',#2556,#2557,#3130,.T.);
#1887=EDGE_CURVE('',#2558,#2557,#3131,.T.);
#1888=EDGE_CURVE('',#2559,#2558,#3132,.T.);
#1889=EDGE_CURVE('',#2559,#2556,#3133,.T.);
#1890=EDGE_CURVE('',#2557,#2560,#3134,.T.);
#1891=EDGE_CURVE('',#2561,#2560,#3135,.T.);
#1892=EDGE_CURVE('',#2558,#2561,#3136,.T.);
#1893=EDGE_CURVE('',#2560,#2562,#3137,.T.);
#1894=EDGE_CURVE('',#2563,#2562,#3138,.T.);
#1895=EDGE_CURVE('',#2561,#2563,#3139,.T.);
#1896=EDGE_CURVE('',#2562,#2564,#3140,.T.);
#1897=EDGE_CURVE('',#2565,#2564,#3141,.T.);
#1898=EDGE_CURVE('',#2563,#2565,#3142,.T.);
#1899=EDGE_CURVE('',#2564,#2566,#3143,.T.);
#1900=EDGE_CURVE('',#2567,#2566,#3144,.T.);
#1901=EDGE_CURVE('',#2565,#2567,#3145,.T.);
#1902=EDGE_CURVE('',#2566,#2568,#3146,.T.);
#1903=EDGE_CURVE('',#2569,#2568,#3147,.T.);
#1904=EDGE_CURVE('',#2567,#2569,#3148,.T.);
#1905=EDGE_CURVE('',#2380,#2559,#3149,.T.);
#1906=EDGE_CURVE('',#2569,#2382,#3150,.T.);
#1907=EDGE_CURVE('',#2381,#2556,#3151,.T.);
#1908=EDGE_CURVE('',#2568,#2383,#3152,.T.);
#1909=EDGE_CURVE('',#2570,#2379,#3153,.T.);
#1910=EDGE_CURVE('',#2571,#2378,#3154,.T.);
#1911=EDGE_CURVE('',#2571,#2570,#3155,.T.);
#1912=EDGE_CURVE('',#2376,#2572,#3156,.T.);
#1913=EDGE_CURVE('',#2377,#2573,#3157,.T.);
#1914=EDGE_CURVE('',#2572,#2573,#3158,.T.);
#1915=EDGE_CURVE('',#2572,#2574,#3159,.T.);
#1916=EDGE_CURVE('',#2574,#2575,#3160,.T.);
#1917=EDGE_CURVE('',#2575,#2576,#3161,.T.);
#1918=EDGE_CURVE('',#2576,#2577,#3162,.T.);
#1919=EDGE_CURVE('',#2577,#2578,#3163,.T.);
#1920=EDGE_CURVE('',#2578,#2571,#3164,.T.);
#1921=EDGE_CURVE('',#2579,#2570,#3165,.T.);
#1922=EDGE_CURVE('',#2580,#2579,#3166,.T.);
#1923=EDGE_CURVE('',#2581,#2580,#3167,.T.);
#1924=EDGE_CURVE('',#2582,#2581,#3168,.T.);
#1925=EDGE_CURVE('',#2583,#2582,#3169,.T.);
#1926=EDGE_CURVE('',#2573,#2583,#3170,.T.);
#1927=EDGE_CURVE('',#2574,#2583,#3171,.T.);
#1928=EDGE_CURVE('',#2575,#2582,#3172,.T.);
#1929=EDGE_CURVE('',#2576,#2581,#3173,.T.);
#1930=EDGE_CURVE('',#2577,#2580,#3174,.T.);
#1931=EDGE_CURVE('',#2578,#2579,#3175,.T.);
#1932=EDGE_CURVE('',#2584,#2585,#3176,.T.);
#1933=EDGE_CURVE('',#2584,#2586,#3177,.T.);
#1934=EDGE_CURVE('',#2587,#2586,#3178,.T.);
#1935=EDGE_CURVE('',#2587,#2588,#3179,.T.);
#1936=EDGE_CURVE('',#2588,#2589,#3180,.T.);
#1937=EDGE_CURVE('',#2589,#2590,#3181,.T.);
#1938=EDGE_CURVE('',#2591,#2590,#3182,.T.);
#1939=EDGE_CURVE('',#2591,#2592,#3183,.T.);
#1940=EDGE_CURVE('',#2592,#2593,#3184,.T.);
#1941=EDGE_CURVE('',#2593,#2594,#3185,.T.);
#1942=EDGE_CURVE('',#2595,#2594,#3186,.T.);
#1943=EDGE_CURVE('',#2595,#2596,#3187,.T.);
#1944=EDGE_CURVE('',#2596,#2597,#3188,.T.);
#1945=EDGE_CURVE('',#2597,#2598,#3189,.T.);
#1946=EDGE_CURVE('',#2599,#2598,#3190,.T.);
#1947=EDGE_CURVE('',#2599,#2600,#3191,.T.);
#1948=EDGE_CURVE('',#2600,#2601,#3192,.T.);
#1949=EDGE_CURVE('',#2601,#2602,#3193,.T.);
#1950=EDGE_CURVE('',#2603,#2602,#3194,.T.);
#1951=EDGE_CURVE('',#2603,#2604,#3195,.T.);
#1952=EDGE_CURVE('',#2604,#2605,#3196,.T.);
#1953=EDGE_CURVE('',#2605,#2606,#3197,.T.);
#1954=EDGE_CURVE('',#2607,#2606,#3198,.T.);
#1955=EDGE_CURVE('',#2608,#2607,#3199,.T.);
#1956=EDGE_CURVE('',#2609,#2608,#3200,.T.);
#1957=EDGE_CURVE('',#2609,#2610,#3201,.T.);
#1958=EDGE_CURVE('',#2610,#2611,#3202,.T.);
#1959=EDGE_CURVE('',#2611,#2612,#3203,.T.);
#1960=EDGE_CURVE('',#2613,#2612,#3204,.T.);
#1961=EDGE_CURVE('',#2613,#2614,#3205,.T.);
#1962=EDGE_CURVE('',#2614,#2615,#3206,.T.);
#1963=EDGE_CURVE('',#2615,#2616,#3207,.T.);
#1964=EDGE_CURVE('',#2617,#2616,#3208,.T.);
#1965=EDGE_CURVE('',#2617,#2618,#3209,.T.);
#1966=EDGE_CURVE('',#2618,#2619,#3210,.T.);
#1967=EDGE_CURVE('',#2619,#2620,#3211,.T.);
#1968=EDGE_CURVE('',#2621,#2620,#3212,.T.);
#1969=EDGE_CURVE('',#2621,#2622,#3213,.T.);
#1970=EDGE_CURVE('',#2622,#2623,#3214,.T.);
#1971=EDGE_CURVE('',#2623,#2624,#3215,.T.);
#1972=EDGE_CURVE('',#2625,#2624,#3216,.T.);
#1973=EDGE_CURVE('',#2625,#2626,#3217,.T.);
#1974=EDGE_CURVE('',#2626,#2627,#3218,.T.);
#1975=EDGE_CURVE('',#2627,#2585,#3219,.T.);
#1976=EDGE_CURVE('',#2628,#2629,#3220,.T.);
#1977=EDGE_CURVE('',#2630,#2628,#3221,.T.);
#1978=EDGE_CURVE('',#2630,#2631,#3222,.T.);
#1979=EDGE_CURVE('',#2631,#2632,#3223,.T.);
#1980=EDGE_CURVE('',#2632,#2633,#3224,.T.);
#1981=EDGE_CURVE('',#2633,#2634,#3225,.T.);
#1982=EDGE_CURVE('',#2634,#2635,#3226,.T.);
#1983=EDGE_CURVE('',#2635,#2636,#3227,.T.);
#1984=EDGE_CURVE('',#2636,#2637,#3228,.T.);
#1985=EDGE_CURVE('',#2637,#2638,#3229,.T.);
#1986=EDGE_CURVE('',#2638,#2639,#3230,.T.);
#1987=EDGE_CURVE('',#2639,#2640,#3231,.T.);
#1988=EDGE_CURVE('',#2640,#2641,#3232,.T.);
#1989=EDGE_CURVE('',#2641,#2642,#3233,.T.);
#1990=EDGE_CURVE('',#2642,#2643,#3234,.T.);
#1991=EDGE_CURVE('',#2643,#2644,#3235,.T.);
#1992=EDGE_CURVE('',#2644,#2645,#3236,.T.);
#1993=EDGE_CURVE('',#2645,#2646,#3237,.T.);
#1994=EDGE_CURVE('',#2646,#2647,#3238,.T.);
#1995=EDGE_CURVE('',#2647,#2648,#3239,.T.);
#1996=EDGE_CURVE('',#2648,#2649,#3240,.T.);
#1997=EDGE_CURVE('',#2649,#2650,#3241,.T.);
#1998=EDGE_CURVE('',#2650,#2651,#3242,.T.);
#1999=EDGE_CURVE('',#2651,#2652,#3243,.T.);
#2000=EDGE_CURVE('',#2653,#2652,#3244,.T.);
#2001=EDGE_CURVE('',#2653,#2654,#3245,.T.);
#2002=EDGE_CURVE('',#2654,#2655,#3246,.T.);
#2003=EDGE_CURVE('',#2655,#2656,#3247,.T.);
#2004=EDGE_CURVE('',#2657,#2656,#3248,.T.);
#2005=EDGE_CURVE('',#2657,#2658,#3249,.T.);
#2006=EDGE_CURVE('',#2658,#2659,#3250,.T.);
#2007=EDGE_CURVE('',#2659,#2660,#3251,.T.);
#2008=EDGE_CURVE('',#2661,#2660,#3252,.T.);
#2009=EDGE_CURVE('',#2661,#2662,#3253,.T.);
#2010=EDGE_CURVE('',#2662,#2663,#3254,.T.);
#2011=EDGE_CURVE('',#2663,#2664,#3255,.T.);
#2012=EDGE_CURVE('',#2665,#2664,#3256,.T.);
#2013=EDGE_CURVE('',#2665,#2666,#3257,.T.);
#2014=EDGE_CURVE('',#2666,#2667,#3258,.T.);
#2015=EDGE_CURVE('',#2667,#2668,#3259,.T.);
#2016=EDGE_CURVE('',#2669,#2668,#3260,.T.);
#2017=EDGE_CURVE('',#2669,#2670,#3261,.T.);
#2018=EDGE_CURVE('',#2670,#2671,#3262,.T.);
#2019=EDGE_CURVE('',#2671,#2629,#3263,.T.);
#2020=EDGE_CURVE('',#2628,#2608,#3264,.T.);
#2021=EDGE_CURVE('',#2607,#2630,#3265,.T.);
#2022=EDGE_CURVE('',#2652,#2584,#3266,.T.);
#2023=EDGE_CURVE('',#2586,#2651,#3267,.T.);
#2024=EDGE_CURVE('',#2585,#2653,#3268,.T.);
#2025=EDGE_CURVE('',#2627,#2654,#3269,.T.);
#2026=EDGE_CURVE('',#2656,#2625,#3270,.T.);
#2027=EDGE_CURVE('',#2626,#2655,#3271,.T.);
#2028=EDGE_CURVE('',#2612,#2669,#3272,.T.);
#2029=EDGE_CURVE('',#2611,#2670,#3273,.T.);
#2030=EDGE_CURVE('',#2629,#2609,#3274,.T.);
#2031=EDGE_CURVE('',#2610,#2671,#3275,.T.);
#2032=EDGE_CURVE('',#2616,#2665,#3276,.T.);
#2033=EDGE_CURVE('',#2615,#2666,#3277,.T.);
#2034=EDGE_CURVE('',#2668,#2613,#3278,.T.);
#2035=EDGE_CURVE('',#2614,#2667,#3279,.T.);
#2036=EDGE_CURVE('',#2620,#2661,#3280,.T.);
#2037=EDGE_CURVE('',#2619,#2662,#3281,.T.);
#2038=EDGE_CURVE('',#2664,#2617,#3282,.T.);
#2039=EDGE_CURVE('',#2618,#2663,#3283,.T.);
#2040=EDGE_CURVE('',#2624,#2657,#3284,.T.);
#2041=EDGE_CURVE('',#2623,#2658,#3285,.T.);
#2042=EDGE_CURVE('',#2660,#2621,#3286,.T.);
#2043=EDGE_CURVE('',#2622,#2659,#3287,.T.);
#2044=EDGE_CURVE('',#2650,#2587,#3288,.T.);
#2045=EDGE_CURVE('',#2588,#2649,#3289,.T.);
#2046=EDGE_CURVE('',#2589,#2648,#3290,.T.);
#2047=EDGE_CURVE('',#2590,#2647,#3291,.T.);
#2048=EDGE_CURVE('',#2634,#2603,#3292,.T.);
#2049=EDGE_CURVE('',#2604,#2633,#3293,.T.);
#2050=EDGE_CURVE('',#2605,#2632,#3294,.T.);
#2051=EDGE_CURVE('',#2606,#2631,#3295,.T.);
#2052=EDGE_CURVE('',#2638,#2599,#3296,.T.);
#2053=EDGE_CURVE('',#2600,#2637,#3297,.T.);
#2054=EDGE_CURVE('',#2601,#2636,#3298,.T.);
#2055=EDGE_CURVE('',#2602,#2635,#3299,.T.);
#2056=EDGE_CURVE('',#2642,#2595,#3300,.T.);
#2057=EDGE_CURVE('',#2596,#2641,#3301,.T.);
#2058=EDGE_CURVE('',#2597,#2640,#3302,.T.);
#2059=EDGE_CURVE('',#2598,#2639,#3303,.T.);
#2060=EDGE_CURVE('',#2646,#2591,#3304,.T.);
#2061=EDGE_CURVE('',#2592,#2645,#3305,.T.);
#2062=EDGE_CURVE('',#2593,#2644,#3306,.T.);
#2063=EDGE_CURVE('',#2594,#2643,#3307,.T.);
#2064=EDGE_CURVE('',#2672,#2651,#3308,.T.);
#2065=EDGE_CURVE('',#2673,#2672,#3309,.F.);
#2066=EDGE_CURVE('',#2673,#2586,#3310,.T.);
#2067=EDGE_CURVE('',#2674,#2650,#3311,.T.);
#2068=EDGE_CURVE('',#2672,#2674,#3312,.F.);
#2069=EDGE_CURVE('',#2675,#2587,#3313,.T.);
#2070=EDGE_CURVE('',#2674,#2675,#3314,.F.);
#2071=EDGE_CURVE('',#2675,#2673,#3315,.F.);
#2072=EDGE_CURVE('',#2676,#2643,#3316,.T.);
#2073=EDGE_CURVE('',#2677,#2676,#3317,.F.);
#2074=EDGE_CURVE('',#2677,#2594,#3318,.T.);
#2075=EDGE_CURVE('',#2678,#2642,#3319,.T.);
#2076=EDGE_CURVE('',#2676,#2678,#3320,.F.);
#2077=EDGE_CURVE('',#2679,#2595,#3321,.T.);
#2078=EDGE_CURVE('',#2678,#2679,#3322,.F.);
#2079=EDGE_CURVE('',#2679,#2677,#3323,.F.);
#2080=EDGE_CURVE('',#2680,#2647,#3324,.T.);
#2081=EDGE_CURVE('',#2681,#2680,#3325,.F.);
#2082=EDGE_CURVE('',#2681,#2590,#3326,.T.);
#2083=EDGE_CURVE('',#2682,#2646,#3327,.T.);
#2084=EDGE_CURVE('',#2680,#2682,#3328,.F.);
#2085=EDGE_CURVE('',#2683,#2591,#3329,.T.);
#2086=EDGE_CURVE('',#2682,#2683,#3330,.F.);
#2087=EDGE_CURVE('',#2683,#2681,#3331,.F.);
#2088=EDGE_CURVE('',#2684,#2639,#3332,.T.);
#2089=EDGE_CURVE('',#2685,#2684,#3333,.F.);
#2090=EDGE_CURVE('',#2685,#2598,#3334,.T.);
#2091=EDGE_CURVE('',#2686,#2638,#3335,.T.);
#2092=EDGE_CURVE('',#2684,#2686,#3336,.F.);
#2093=EDGE_CURVE('',#2687,#2599,#3337,.T.);
#2094=EDGE_CURVE('',#2686,#2687,#3338,.F.);
#2095=EDGE_CURVE('',#2687,#2685,#3339,.F.);
#2096=EDGE_CURVE('',#2688,#2635,#3340,.T.);
#2097=EDGE_CURVE('',#2689,#2688,#3341,.F.);
#2098=EDGE_CURVE('',#2689,#2602,#3342,.T.);
#2099=EDGE_CURVE('',#2690,#2634,#3343,.T.);
#2100=EDGE_CURVE('',#2688,#2690,#3344,.F.);
#2101=EDGE_CURVE('',#2691,#2603,#3345,.T.);
#2102=EDGE_CURVE('',#2690,#2691,#3346,.F.);
#2103=EDGE_CURVE('',#2691,#2689,#3347,.F.);
#2104=EDGE_CURVE('',#2692,#2631,#3348,.T.);
#2105=EDGE_CURVE('',#2693,#2692,#3349,.F.);
#2106=EDGE_CURVE('',#2693,#2606,#3350,.T.);
#2107=EDGE_CURVE('',#2694,#2630,#3351,.T.);
#2108=EDGE_CURVE('',#2692,#2694,#3352,.F.);
#2109=EDGE_CURVE('',#2695,#2607,#3353,.T.);
#2110=EDGE_CURVE('',#2694,#2695,#3354,.F.);
#2111=EDGE_CURVE('',#2695,#2693,#3355,.F.);
#2112=EDGE_CURVE('',#2696,#2697,#3356,.T.);
#2113=EDGE_CURVE('',#2698,#2696,#3357,.T.);
#2114=EDGE_CURVE('',#2698,#2699,#3358,.T.);
#2115=EDGE_CURVE('',#2699,#2700,#3359,.T.);
#2116=EDGE_CURVE('',#2700,#2701,#3360,.T.);
#2117=EDGE_CURVE('',#2701,#2702,#3361,.T.);
#2118=EDGE_CURVE('',#2702,#2703,#3362,.T.);
#2119=EDGE_CURVE('',#2703,#2704,#3363,.T.);
#2120=EDGE_CURVE('',#2704,#2705,#3364,.T.);
#2121=EDGE_CURVE('',#2705,#2706,#3365,.T.);
#2122=EDGE_CURVE('',#2706,#2707,#3366,.T.);
#2123=EDGE_CURVE('',#2707,#2708,#3367,.T.);
#2124=EDGE_CURVE('',#2708,#2709,#3368,.T.);
#2125=EDGE_CURVE('',#2709,#2710,#3369,.T.);
#2126=EDGE_CURVE('',#2710,#2711,#3370,.T.);
#2127=EDGE_CURVE('',#2711,#2712,#3371,.T.);
#2128=EDGE_CURVE('',#2712,#2713,#3372,.T.);
#2129=EDGE_CURVE('',#2713,#2714,#3373,.T.);
#2130=EDGE_CURVE('',#2714,#2715,#3374,.T.);
#2131=EDGE_CURVE('',#2715,#2716,#3375,.T.);
#2132=EDGE_CURVE('',#2716,#2717,#3376,.T.);
#2133=EDGE_CURVE('',#2717,#2718,#3377,.T.);
#2134=EDGE_CURVE('',#2718,#2719,#3378,.T.);
#2135=EDGE_CURVE('',#2719,#2697,#3379,.T.);
#2136=EDGE_CURVE('',#2720,#2721,#3380,.T.);
#2137=EDGE_CURVE('',#2720,#2722,#3381,.T.);
#2138=EDGE_CURVE('',#2723,#2722,#3382,.T.);
#2139=EDGE_CURVE('',#2723,#2724,#3383,.T.);
#2140=EDGE_CURVE('',#2724,#2725,#3384,.T.);
#2141=EDGE_CURVE('',#2725,#2726,#3385,.T.);
#2142=EDGE_CURVE('',#2727,#2726,#3386,.T.);
#2143=EDGE_CURVE('',#2727,#2728,#3387,.T.);
#2144=EDGE_CURVE('',#2728,#2729,#3388,.T.);
#2145=EDGE_CURVE('',#2729,#2730,#3389,.T.);
#2146=EDGE_CURVE('',#2731,#2730,#3390,.T.);
#2147=EDGE_CURVE('',#2731,#2732,#3391,.T.);
#2148=EDGE_CURVE('',#2732,#2733,#3392,.T.);
#2149=EDGE_CURVE('',#2733,#2734,#3393,.T.);
#2150=EDGE_CURVE('',#2735,#2734,#3394,.T.);
#2151=EDGE_CURVE('',#2735,#2736,#3395,.T.);
#2152=EDGE_CURVE('',#2736,#2737,#3396,.T.);
#2153=EDGE_CURVE('',#2737,#2738,#3397,.T.);
#2154=EDGE_CURVE('',#2739,#2738,#3398,.T.);
#2155=EDGE_CURVE('',#2739,#2740,#3399,.T.);
#2156=EDGE_CURVE('',#2740,#2741,#3400,.T.);
#2157=EDGE_CURVE('',#2741,#2742,#3401,.T.);
#2158=EDGE_CURVE('',#2743,#2742,#3402,.T.);
#2159=EDGE_CURVE('',#2721,#2743,#3403,.T.);
#2160=EDGE_CURVE('',#2696,#2721,#3404,.T.);
#2161=EDGE_CURVE('',#2744,#2743,#42,.T.);
#2162=EDGE_CURVE('',#2744,#2745,#3405,.T.);
#2163=EDGE_CURVE('',#2745,#2746,#43,.T.);
#2164=EDGE_CURVE('',#2746,#2747,#3406,.T.);
#2165=EDGE_CURVE('',#2747,#2748,#3407,.T.);
#2166=EDGE_CURVE('',#2748,#2749,#3408,.T.);
#2167=EDGE_CURVE('',#2750,#2749,#44,.T.);
#2168=EDGE_CURVE('',#2750,#2751,#3409,.T.);
#2169=EDGE_CURVE('',#2751,#2698,#45,.T.);
#2170=EDGE_CURVE('',#2697,#2720,#3410,.T.);
#2171=EDGE_CURVE('',#2752,#2719,#46,.T.);
#2172=EDGE_CURVE('',#2753,#2752,#3411,.T.);
#2173=EDGE_CURVE('',#2753,#2754,#47,.T.);
#2174=EDGE_CURVE('',#2755,#2754,#3412,.T.);
#2175=EDGE_CURVE('',#2756,#2755,#3413,.T.);
#2176=EDGE_CURVE('',#2757,#2756,#3414,.T.);
#2177=EDGE_CURVE('',#2758,#2757,#48,.T.);
#2178=EDGE_CURVE('',#2759,#2758,#3415,.T.);
#2179=EDGE_CURVE('',#2759,#2722,#49,.T.);
#2180=EDGE_CURVE('',#2760,#2761,#3416,.T.);
#2181=EDGE_CURVE('',#2762,#2760,#3417,.T.);
#2182=EDGE_CURVE('',#2762,#2763,#3418,.T.);
#2183=EDGE_CURVE('',#2761,#2763,#3419,.T.);
#2184=EDGE_CURVE('',#2764,#2765,#3420,.T.);
#2185=EDGE_CURVE('',#2766,#2765,#3421,.T.);
#2186=EDGE_CURVE('',#2767,#2766,#3422,.T.);
#2187=EDGE_CURVE('',#2764,#2767,#3423,.T.);
#2188=EDGE_CURVE('',#2768,#2769,#3424,.T.);
#2189=EDGE_CURVE('',#2770,#2769,#3425,.T.);
#2190=EDGE_CURVE('',#2771,#2770,#3426,.T.);
#2191=EDGE_CURVE('',#2768,#2771,#3427,.T.);
#2192=EDGE_CURVE('',#2772,#2773,#3428,.T.);
#2193=EDGE_CURVE('',#2774,#2773,#3429,.T.);
#2194=EDGE_CURVE('',#2775,#2774,#3430,.T.);
#2195=EDGE_CURVE('',#2772,#2775,#3431,.T.);
#2196=EDGE_CURVE('',#2776,#2777,#3432,.T.);
#2197=EDGE_CURVE('',#2776,#2778,#3433,.T.);
#2198=EDGE_CURVE('',#2778,#2779,#3434,.T.);
#2199=EDGE_CURVE('',#2779,#2777,#3435,.T.);
#2200=EDGE_CURVE('',#2780,#2781,#3436,.T.);
#2201=EDGE_CURVE('',#2781,#2782,#3437,.T.);
#2202=EDGE_CURVE('',#2783,#2782,#3438,.T.);
#2203=EDGE_CURVE('',#2783,#2780,#3439,.T.);
#2204=EDGE_CURVE('',#2784,#2785,#3440,.T.);
#2205=EDGE_CURVE('',#2785,#2786,#3441,.T.);
#2206=EDGE_CURVE('',#2787,#2786,#3442,.T.);
#2207=EDGE_CURVE('',#2787,#2784,#3443,.T.);
#2208=EDGE_CURVE('',#2788,#2789,#3444,.T.);
#2209=EDGE_CURVE('',#2789,#2790,#3445,.T.);
#2210=EDGE_CURVE('',#2791,#2790,#3446,.T.);
#2211=EDGE_CURVE('',#2791,#2788,#3447,.T.);
#2212=EDGE_CURVE('',#2776,#2792,#50,.T.);
#2213=EDGE_CURVE('',#2793,#2777,#51,.T.);
#2214=EDGE_CURVE('',#2792,#2793,#3448,.T.);
#2215=EDGE_CURVE('',#2794,#2782,#52,.T.);
#2216=EDGE_CURVE('',#2795,#2794,#3449,.T.);
#2217=EDGE_CURVE('',#2783,#2795,#53,.T.);
#2218=EDGE_CURVE('',#2796,#2786,#54,.T.);
#2219=EDGE_CURVE('',#2797,#2796,#3450,.T.);
#2220=EDGE_CURVE('',#2787,#2797,#55,.T.);
#2221=EDGE_CURVE('',#2798,#2790,#56,.T.);
#2222=EDGE_CURVE('',#2799,#2798,#3451,.T.);
#2223=EDGE_CURVE('',#2791,#2799,#57,.T.);
#2224=EDGE_CURVE('',#2800,#2801,#3452,.T.);
#2225=EDGE_CURVE('',#2800,#2792,#3453,.T.);
#2226=EDGE_CURVE('',#2793,#2801,#3454,.T.);
#2227=EDGE_CURVE('',#2794,#2802,#3455,.T.);
#2228=EDGE_CURVE('',#2803,#2802,#3456,.T.);
#2229=EDGE_CURVE('',#2803,#2795,#3457,.T.);
#2230=EDGE_CURVE('',#2796,#2804,#3458,.T.);
#2231=EDGE_CURVE('',#2805,#2804,#3459,.T.);
#2232=EDGE_CURVE('',#2805,#2797,#3460,.T.);
#2233=EDGE_CURVE('',#2798,#2806,#3461,.T.);
#2234=EDGE_CURVE('',#2807,#2806,#3462,.T.);
#2235=EDGE_CURVE('',#2807,#2799,#3463,.T.);
#2236=EDGE_CURVE('',#2714,#2800,#58,.T.);
#2237=EDGE_CURVE('',#2801,#2715,#59,.T.);
#2238=EDGE_CURVE('',#2802,#2711,#60,.T.);
#2239=EDGE_CURVE('',#2710,#2803,#61,.T.);
#2240=EDGE_CURVE('',#2804,#2707,#62,.T.);
#2241=EDGE_CURVE('',#2706,#2805,#63,.T.);
#2242=EDGE_CURVE('',#2806,#2703,#64,.T.);
#2243=EDGE_CURVE('',#2702,#2807,#65,.T.);
#2244=EDGE_CURVE('',#2727,#2808,#66,.T.);
#2245=EDGE_CURVE('',#2809,#2726,#67,.T.);
#2246=EDGE_CURVE('',#2808,#2809,#3464,.T.);
#2247=EDGE_CURVE('',#2810,#2730,#68,.T.);
#2248=EDGE_CURVE('',#2811,#2810,#3465,.T.);
#2249=EDGE_CURVE('',#2731,#2811,#69,.T.);
#2250=EDGE_CURVE('',#2812,#2734,#70,.T.);
#2251=EDGE_CURVE('',#2813,#2812,#3466,.T.);
#2252=EDGE_CURVE('',#2735,#2813,#71,.T.);
#2253=EDGE_CURVE('',#2814,#2738,#72,.T.);
#2254=EDGE_CURVE('',#2815,#2814,#3467,.T.);
#2255=EDGE_CURVE('',#2739,#2815,#73,.T.);
#2256=EDGE_CURVE('',#2816,#2817,#3468,.T.);
#2257=EDGE_CURVE('',#2816,#2808,#3469,.T.);
#2258=EDGE_CURVE('',#2809,#2817,#3470,.T.);
#2259=EDGE_CURVE('',#2810,#2818,#3471,.T.);
#2260=EDGE_CURVE('',#2819,#2818,#3472,.T.);
#2261=EDGE_CURVE('',#2819,#2811,#3473,.T.);
#2262=EDGE_CURVE('',#2812,#2820,#3474,.T.);
#2263=EDGE_CURVE('',#2821,#2820,#3475,.T.);
#2264=EDGE_CURVE('',#2821,#2813,#3476,.T.);
#2265=EDGE_CURVE('',#2814,#2822,#3477,.T.);
#2266=EDGE_CURVE('',#2823,#2822,#3478,.T.);
#2267=EDGE_CURVE('',#2823,#2815,#3479,.T.);
#2268=EDGE_CURVE('',#2762,#2816,#74,.T.);
#2269=EDGE_CURVE('',#2817,#2763,#75,.T.);
#2270=EDGE_CURVE('',#2818,#2765,#76,.T.);
#2271=EDGE_CURVE('',#2764,#2819,#77,.T.);
#2272=EDGE_CURVE('',#2820,#2769,#78,.T.);
#2273=EDGE_CURVE('',#2768,#2821,#79,.T.);
#2274=EDGE_CURVE('',#2822,#2773,#80,.T.);
#2275=EDGE_CURVE('',#2772,#2823,#81,.T.);
#2276=EDGE_CURVE('',#2824,#2756,#3480,.T.);
#2277=EDGE_CURVE('',#2825,#2824,#3481,.T.);
#2278=EDGE_CURVE('',#2825,#2757,#3482,.T.);
#2279=EDGE_CURVE('',#2826,#2754,#3483,.T.);
#2280=EDGE_CURVE('',#2826,#2827,#3484,.T.);
#2281=EDGE_CURVE('',#2827,#2755,#3485,.T.);
#2282=EDGE_CURVE('',#2826,#2828,#82,.T.);
#2283=EDGE_CURVE('',#2828,#2753,#3486,.T.);
#2284=EDGE_CURVE('',#2829,#2752,#3487,.T.);
#2285=EDGE_CURVE('',#2829,#2828,#3488,.T.);
#2286=EDGE_CURVE('',#2718,#2829,#83,.T.);
#2287=EDGE_CURVE('',#2723,#2830,#84,.T.);
#2288=EDGE_CURVE('',#2830,#2759,#3489,.T.);
#2289=EDGE_CURVE('',#2831,#2758,#3490,.T.);
#2290=EDGE_CURVE('',#2831,#2830,#3491,.T.);
#2291=EDGE_CURVE('',#2825,#2831,#85,.T.);
#2292=EDGE_CURVE('',#2746,#2832,#3492,.T.);
#2293=EDGE_CURVE('',#2833,#2832,#3493,.T.);
#2294=EDGE_CURVE('',#2747,#2833,#3494,.T.);
#2295=EDGE_CURVE('',#2748,#2834,#3495,.T.);
#2296=EDGE_CURVE('',#2834,#2835,#3496,.T.);
#2297=EDGE_CURVE('',#2749,#2835,#3497,.T.);
#2298=EDGE_CURVE('',#2836,#2835,#86,.T.);
#2299=EDGE_CURVE('',#2750,#2836,#3498,.T.);
#2300=EDGE_CURVE('',#2836,#2837,#3499,.T.);
#2301=EDGE_CURVE('',#2751,#2837,#3500,.T.);
#2302=EDGE_CURVE('',#2837,#2699,#87,.T.);
#2303=EDGE_CURVE('',#2838,#2742,#88,.T.);
#2304=EDGE_CURVE('',#2744,#2838,#3501,.T.);
#2305=EDGE_CURVE('',#2838,#2839,#3502,.T.);
#2306=EDGE_CURVE('',#2745,#2839,#3503,.T.);
#2307=EDGE_CURVE('',#2839,#2832,#89,.T.);
#2308=EDGE_CURVE('',#2716,#2725,#3504,.T.);
#2309=EDGE_CURVE('',#2717,#2724,#3505,.T.);
#2310=EDGE_CURVE('',#2827,#2824,#3506,.T.);
#2311=EDGE_CURVE('',#2761,#2779,#3507,.T.);
#2312=EDGE_CURVE('',#2700,#2741,#3508,.T.);
#2313=EDGE_CURVE('',#2701,#2740,#3509,.T.);
#2314=EDGE_CURVE('',#2788,#2775,#3510,.T.);
#2315=EDGE_CURVE('',#2833,#2834,#3511,.T.);
#2316=EDGE_CURVE('',#2704,#2737,#3512,.T.);
#2317=EDGE_CURVE('',#2705,#2736,#3513,.T.);
#2318=EDGE_CURVE('',#2784,#2771,#3514,.T.);
#2319=EDGE_CURVE('',#2774,#2789,#3515,.T.);
#2320=EDGE_CURVE('',#2708,#2733,#3516,.T.);
#2321=EDGE_CURVE('',#2709,#2732,#3517,.T.);
#2322=EDGE_CURVE('',#2780,#2767,#3518,.T.);
#2323=EDGE_CURVE('',#2770,#2785,#3519,.T.);
#2324=EDGE_CURVE('',#2712,#2729,#3520,.T.);
#2325=EDGE_CURVE('',#2713,#2728,#3521,.T.);
#2326=EDGE_CURVE('',#2778,#2760,#3522,.T.);
#2327=EDGE_CURVE('',#2766,#2781,#3523,.T.);
#2328=EDGE_CURVE('',#2840,#2755,#3524,.T.);
#2329=EDGE_CURVE('',#2840,#2841,#3525,.T.);
#2330=EDGE_CURVE('',#2841,#2756,#3526,.T.);
#2331=EDGE_CURVE('',#2841,#2842,#3527,.T.);
#2332=EDGE_CURVE('',#2842,#2824,#3528,.T.);
#2333=EDGE_CURVE('',#2842,#2843,#3529,.T.);
#2334=EDGE_CURVE('',#2843,#2827,#3530,.T.);
#2335=EDGE_CURVE('',#2843,#2840,#3531,.T.);
#2336=EDGE_CURVE('',#2844,#2834,#3532,.T.);
#2337=EDGE_CURVE('',#2844,#2845,#3533,.T.);
#2338=EDGE_CURVE('',#2845,#2833,#3534,.T.);
#2339=EDGE_CURVE('',#2845,#2846,#3535,.T.);
#2340=EDGE_CURVE('',#2846,#2747,#3536,.T.);
#2341=EDGE_CURVE('',#2846,#2847,#3537,.T.);
#2342=EDGE_CURVE('',#2847,#2748,#3538,.T.);
#2343=EDGE_CURVE('',#2847,#2844,#3539,.T.);
#2344=EDGE_CURVE('',#2848,#2789,#3540,.T.);
#2345=EDGE_CURVE('',#2848,#2849,#3541,.T.);
#2346=EDGE_CURVE('',#2849,#2774,#3542,.T.);
#2347=EDGE_CURVE('',#2849,#2850,#3543,.T.);
#2348=EDGE_CURVE('',#2850,#2775,#3544,.T.);
#2349=EDGE_CURVE('',#2850,#2851,#3545,.T.);
#2350=EDGE_CURVE('',#2851,#2788,#3546,.T.);
#2351=EDGE_CURVE('',#2851,#2848,#3547,.T.);
#2352=EDGE_CURVE('',#2852,#2785,#3548,.T.);
#2353=EDGE_CURVE('',#2852,#2853,#3549,.T.);
#2354=EDGE_CURVE('',#2853,#2770,#3550,.T.);
#2355=EDGE_CURVE('',#2853,#2854,#3551,.T.);
#2356=EDGE_CURVE('',#2854,#2771,#3552,.T.);
#2357=EDGE_CURVE('',#2854,#2855,#3553,.T.);
#2358=EDGE_CURVE('',#2855,#2784,#3554,.T.);
#2359=EDGE_CURVE('',#2855,#2852,#3555,.T.);
#2360=EDGE_CURVE('',#2856,#2781,#3556,.T.);
#2361=EDGE_CURVE('',#2856,#2857,#3557,.T.);
#2362=EDGE_CURVE('',#2857,#2766,#3558,.T.);
#2363=EDGE_CURVE('',#2857,#2858,#3559,.T.);
#2364=EDGE_CURVE('',#2858,#2767,#3560,.T.);
#2365=EDGE_CURVE('',#2858,#2859,#3561,.T.);
#2366=EDGE_CURVE('',#2859,#2780,#3562,.T.);
#2367=EDGE_CURVE('',#2859,#2856,#3563,.T.);
#2368=EDGE_CURVE('',#2860,#2779,#3564,.T.);
#2369=EDGE_CURVE('',#2860,#2861,#3565,.T.);
#2370=EDGE_CURVE('',#2861,#2761,#3566,.T.);
#2371=EDGE_CURVE('',#2861,#2862,#3567,.T.);
#2372=EDGE_CURVE('',#2862,#2760,#3568,.T.);
#2373=EDGE_CURVE('',#2862,#2863,#3569,.T.);
#2374=EDGE_CURVE('',#2863,#2778,#3570,.T.);
#2375=EDGE_CURVE('',#2863,#2860,#3571,.T.);
#2376=VERTEX_POINT('',#7138);
#2377=VERTEX_POINT('',#7139);
#2378=VERTEX_POINT('',#7141);
#2379=VERTEX_POINT('',#7143);
#2380=VERTEX_POINT('',#7146);
#2381=VERTEX_POINT('',#7147);
#2382=VERTEX_POINT('',#7149);
#2383=VERTEX_POINT('',#7151);
#2384=VERTEX_POINT('',#7154);
#2385=VERTEX_POINT('',#7155);
#2386=VERTEX_POINT('',#7157);
#2387=VERTEX_POINT('',#7159);
#2388=VERTEX_POINT('',#7162);
#2389=VERTEX_POINT('',#7163);
#2390=VERTEX_POINT('',#7165);
#2391=VERTEX_POINT('',#7167);
#2392=VERTEX_POINT('',#7170);
#2393=VERTEX_POINT('',#7171);
#2394=VERTEX_POINT('',#7173);
#2395=VERTEX_POINT('',#7175);
#2396=VERTEX_POINT('',#7177);
#2397=VERTEX_POINT('',#7179);
#2398=VERTEX_POINT('',#7181);
#2399=VERTEX_POINT('',#7183);
#2400=VERTEX_POINT('',#7185);
#2401=VERTEX_POINT('',#7187);
#2402=VERTEX_POINT('',#7189);
#2403=VERTEX_POINT('',#7191);
#2404=VERTEX_POINT('',#7193);
#2405=VERTEX_POINT('',#7195);
#2406=VERTEX_POINT('',#7197);
#2407=VERTEX_POINT('',#7199);
#2408=VERTEX_POINT('',#7201);
#2409=VERTEX_POINT('',#7203);
#2410=VERTEX_POINT('',#7205);
#2411=VERTEX_POINT('',#7207);
#2412=VERTEX_POINT('',#7209);
#2413=VERTEX_POINT('',#7211);
#2414=VERTEX_POINT('',#7213);
#2415=VERTEX_POINT('',#7215);
#2416=VERTEX_POINT('',#7217);
#2417=VERTEX_POINT('',#7219);
#2418=VERTEX_POINT('',#7221);
#2419=VERTEX_POINT('',#7223);
#2420=VERTEX_POINT('',#7225);
#2421=VERTEX_POINT('',#7227);
#2422=VERTEX_POINT('',#7229);
#2423=VERTEX_POINT('',#7231);
#2424=VERTEX_POINT('',#7233);
#2425=VERTEX_POINT('',#7235);
#2426=VERTEX_POINT('',#7237);
#2427=VERTEX_POINT('',#7239);
#2428=VERTEX_POINT('',#7241);
#2429=VERTEX_POINT('',#7243);
#2430=VERTEX_POINT('',#7245);
#2431=VERTEX_POINT('',#7247);
#2432=VERTEX_POINT('',#7249);
#2433=VERTEX_POINT('',#7251);
#2434=VERTEX_POINT('',#7253);
#2435=VERTEX_POINT('',#7255);
#2436=VERTEX_POINT('',#7259);
#2437=VERTEX_POINT('',#7260);
#2438=VERTEX_POINT('',#7262);
#2439=VERTEX_POINT('',#7264);
#2440=VERTEX_POINT('',#7268);
#2441=VERTEX_POINT('',#7269);
#2442=VERTEX_POINT('',#7271);
#2443=VERTEX_POINT('',#7273);
#2444=VERTEX_POINT('',#7277);
#2445=VERTEX_POINT('',#7278);
#2446=VERTEX_POINT('',#7280);
#2447=VERTEX_POINT('',#7282);
#2448=VERTEX_POINT('',#7286);
#2449=VERTEX_POINT('',#7287);
#2450=VERTEX_POINT('',#7289);
#2451=VERTEX_POINT('',#7291);
#2452=VERTEX_POINT('',#7295);
#2453=VERTEX_POINT('',#7296);
#2454=VERTEX_POINT('',#7298);
#2455=VERTEX_POINT('',#7300);
#2456=VERTEX_POINT('',#7304);
#2457=VERTEX_POINT('',#7305);
#2458=VERTEX_POINT('',#7307);
#2459=VERTEX_POINT('',#7309);
#2460=VERTEX_POINT('',#7312);
#2461=VERTEX_POINT('',#7314);
#2462=VERTEX_POINT('',#7318);
#2463=VERTEX_POINT('',#7319);
#2464=VERTEX_POINT('',#7321);
#2465=VERTEX_POINT('',#7323);
#2466=VERTEX_POINT('',#7326);
#2467=VERTEX_POINT('',#7328);
#2468=VERTEX_POINT('',#7332);
#2469=VERTEX_POINT('',#7333);
#2470=VERTEX_POINT('',#7335);
#2471=VERTEX_POINT('',#7337);
#2472=VERTEX_POINT('',#7340);
#2473=VERTEX_POINT('',#7342);
#2474=VERTEX_POINT('',#7346);
#2475=VERTEX_POINT('',#7347);
#2476=VERTEX_POINT('',#7349);
#2477=VERTEX_POINT('',#7351);
#2478=VERTEX_POINT('',#7354);
#2479=VERTEX_POINT('',#7356);
#2480=VERTEX_POINT('',#7360);
#2481=VERTEX_POINT('',#7361);
#2482=VERTEX_POINT('',#7363);
#2483=VERTEX_POINT('',#7365);
#2484=VERTEX_POINT('',#7368);
#2485=VERTEX_POINT('',#7370);
#2486=VERTEX_POINT('',#7374);
#2487=VERTEX_POINT('',#7375);
#2488=VERTEX_POINT('',#7377);
#2489=VERTEX_POINT('',#7379);
#2490=VERTEX_POINT('',#7382);
#2491=VERTEX_POINT('',#7384);
#2492=VERTEX_POINT('',#7388);
#2493=VERTEX_POINT('',#7389);
#2494=VERTEX_POINT('',#7391);
#2495=VERTEX_POINT('',#7393);
#2496=VERTEX_POINT('',#7396);
#2497=VERTEX_POINT('',#7398);
#2498=VERTEX_POINT('',#7402);
#2499=VERTEX_POINT('',#7403);
#2500=VERTEX_POINT('',#7405);
#2501=VERTEX_POINT('',#7407);
#2502=VERTEX_POINT('',#7410);
#2503=VERTEX_POINT('',#7412);
#2504=VERTEX_POINT('',#7416);
#2505=VERTEX_POINT('',#7417);
#2506=VERTEX_POINT('',#7419);
#2507=VERTEX_POINT('',#7421);
#2508=VERTEX_POINT('',#7424);
#2509=VERTEX_POINT('',#7426);
#2510=VERTEX_POINT('',#7430);
#2511=VERTEX_POINT('',#7431);
#2512=VERTEX_POINT('',#7433);
#2513=VERTEX_POINT('',#7435);
#2514=VERTEX_POINT('',#7438);
#2515=VERTEX_POINT('',#7440);
#2516=VERTEX_POINT('',#7444);
#2517=VERTEX_POINT('',#7445);
#2518=VERTEX_POINT('',#7447);
#2519=VERTEX_POINT('',#7449);
#2520=VERTEX_POINT('',#7452);
#2521=VERTEX_POINT('',#7454);
#2522=VERTEX_POINT('',#7458);
#2523=VERTEX_POINT('',#7459);
#2524=VERTEX_POINT('',#7461);
#2525=VERTEX_POINT('',#7463);
#2526=VERTEX_POINT('',#7466);
#2527=VERTEX_POINT('',#7468);
#2528=VERTEX_POINT('',#7580);
#2529=VERTEX_POINT('',#7581);
#2530=VERTEX_POINT('',#7583);
#2531=VERTEX_POINT('',#7585);
#2532=VERTEX_POINT('',#7589);
#2533=VERTEX_POINT('',#7591);
#2534=VERTEX_POINT('',#7595);
#2535=VERTEX_POINT('',#7597);
#2536=VERTEX_POINT('',#7601);
#2537=VERTEX_POINT('',#7603);
#2538=VERTEX_POINT('',#7607);
#2539=VERTEX_POINT('',#7609);
#2540=VERTEX_POINT('',#7613);
#2541=VERTEX_POINT('',#7615);
#2542=VERTEX_POINT('',#7627);
#2543=VERTEX_POINT('',#7629);
#2544=VERTEX_POINT('',#7633);
#2545=VERTEX_POINT('',#7635);
#2546=VERTEX_POINT('',#7639);
#2547=VERTEX_POINT('',#7641);
#2548=VERTEX_POINT('',#7643);
#2549=VERTEX_POINT('',#7645);
#2550=VERTEX_POINT('',#7647);
#2551=VERTEX_POINT('',#7651);
#2552=VERTEX_POINT('',#7653);
#2553=VERTEX_POINT('',#7655);
#2554=VERTEX_POINT('',#7657);
#2555=VERTEX_POINT('',#7659);
#2556=VERTEX_POINT('',#7674);
#2557=VERTEX_POINT('',#7675);
#2558=VERTEX_POINT('',#7677);
#2559=VERTEX_POINT('',#7679);
#2560=VERTEX_POINT('',#7683);
#2561=VERTEX_POINT('',#7685);
#2562=VERTEX_POINT('',#7689);
#2563=VERTEX_POINT('',#7691);
#2564=VERTEX_POINT('',#7695);
#2565=VERTEX_POINT('',#7697);
#2566=VERTEX_POINT('',#7701);
#2567=VERTEX_POINT('',#7703);
#2568=VERTEX_POINT('',#7707);
#2569=VERTEX_POINT('',#7709);
#2570=VERTEX_POINT('',#7721);
#2571=VERTEX_POINT('',#7723);
#2572=VERTEX_POINT('',#7727);
#2573=VERTEX_POINT('',#7729);
#2574=VERTEX_POINT('',#7733);
#2575=VERTEX_POINT('',#7735);
#2576=VERTEX_POINT('',#7737);
#2577=VERTEX_POINT('',#7739);
#2578=VERTEX_POINT('',#7741);
#2579=VERTEX_POINT('',#7745);
#2580=VERTEX_POINT('',#7747);
#2581=VERTEX_POINT('',#7749);
#2582=VERTEX_POINT('',#7751);
#2583=VERTEX_POINT('',#7753);
#2584=VERTEX_POINT('',#7769);
#2585=VERTEX_POINT('',#7770);
#2586=VERTEX_POINT('',#7772);
#2587=VERTEX_POINT('',#7774);
#2588=VERTEX_POINT('',#7776);
#2589=VERTEX_POINT('',#7778);
#2590=VERTEX_POINT('',#7780);
#2591=VERTEX_POINT('',#7782);
#2592=VERTEX_POINT('',#7784);
#2593=VERTEX_POINT('',#7786);
#2594=VERTEX_POINT('',#7788);
#2595=VERTEX_POINT('',#7790);
#2596=VERTEX_POINT('',#7792);
#2597=VERTEX_POINT('',#7794);
#2598=VERTEX_POINT('',#7796);
#2599=VERTEX_POINT('',#7798);
#2600=VERTEX_POINT('',#7800);
#2601=VERTEX_POINT('',#7802);
#2602=VERTEX_POINT('',#7804);
#2603=VERTEX_POINT('',#7806);
#2604=VERTEX_POINT('',#7808);
#2605=VERTEX_POINT('',#7810);
#2606=VERTEX_POINT('',#7812);
#2607=VERTEX_POINT('',#7814);
#2608=VERTEX_POINT('',#7816);
#2609=VERTEX_POINT('',#7818);
#2610=VERTEX_POINT('',#7820);
#2611=VERTEX_POINT('',#7822);
#2612=VERTEX_POINT('',#7824);
#2613=VERTEX_POINT('',#7826);
#2614=VERTEX_POINT('',#7828);
#2615=VERTEX_POINT('',#7830);
#2616=VERTEX_POINT('',#7832);
#2617=VERTEX_POINT('',#7834);
#2618=VERTEX_POINT('',#7836);
#2619=VERTEX_POINT('',#7838);
#2620=VERTEX_POINT('',#7840);
#2621=VERTEX_POINT('',#7842);
#2622=VERTEX_POINT('',#7844);
#2623=VERTEX_POINT('',#7846);
#2624=VERTEX_POINT('',#7848);
#2625=VERTEX_POINT('',#7850);
#2626=VERTEX_POINT('',#7852);
#2627=VERTEX_POINT('',#7854);
#2628=VERTEX_POINT('',#7858);
#2629=VERTEX_POINT('',#7859);
#2630=VERTEX_POINT('',#7861);
#2631=VERTEX_POINT('',#7863);
#2632=VERTEX_POINT('',#7865);
#2633=VERTEX_POINT('',#7867);
#2634=VERTEX_POINT('',#7869);
#2635=VERTEX_POINT('',#7871);
#2636=VERTEX_POINT('',#7873);
#2637=VERTEX_POINT('',#7875);
#2638=VERTEX_POINT('',#7877);
#2639=VERTEX_POINT('',#7879);
#2640=VERTEX_POINT('',#7881);
#2641=VERTEX_POINT('',#7883);
#2642=VERTEX_POINT('',#7885);
#2643=VERTEX_POINT('',#7887);
#2644=VERTEX_POINT('',#7889);
#2645=VERTEX_POINT('',#7891);
#2646=VERTEX_POINT('',#7893);
#2647=VERTEX_POINT('',#7895);
#2648=VERTEX_POINT('',#7897);
#2649=VERTEX_POINT('',#7899);
#2650=VERTEX_POINT('',#7901);
#2651=VERTEX_POINT('',#7903);
#2652=VERTEX_POINT('',#7905);
#2653=VERTEX_POINT('',#7907);
#2654=VERTEX_POINT('',#7909);
#2655=VERTEX_POINT('',#7911);
#2656=VERTEX_POINT('',#7913);
#2657=VERTEX_POINT('',#7915);
#2658=VERTEX_POINT('',#7917);
#2659=VERTEX_POINT('',#7919);
#2660=VERTEX_POINT('',#7921);
#2661=VERTEX_POINT('',#7923);
#2662=VERTEX_POINT('',#7925);
#2663=VERTEX_POINT('',#7927);
#2664=VERTEX_POINT('',#7929);
#2665=VERTEX_POINT('',#7931);
#2666=VERTEX_POINT('',#7933);
#2667=VERTEX_POINT('',#7935);
#2668=VERTEX_POINT('',#7937);
#2669=VERTEX_POINT('',#7939);
#2670=VERTEX_POINT('',#7941);
#2671=VERTEX_POINT('',#7943);
#2672=VERTEX_POINT('',#8023);
#2673=VERTEX_POINT('',#8025);
#2674=VERTEX_POINT('',#8029);
#2675=VERTEX_POINT('',#8033);
#2676=VERTEX_POINT('',#8040);
#2677=VERTEX_POINT('',#8042);
#2678=VERTEX_POINT('',#8046);
#2679=VERTEX_POINT('',#8050);
#2680=VERTEX_POINT('',#8057);
#2681=VERTEX_POINT('',#8059);
#2682=VERTEX_POINT('',#8063);
#2683=VERTEX_POINT('',#8067);
#2684=VERTEX_POINT('',#8074);
#2685=VERTEX_POINT('',#8076);
#2686=VERTEX_POINT('',#8080);
#2687=VERTEX_POINT('',#8084);
#2688=VERTEX_POINT('',#8091);
#2689=VERTEX_POINT('',#8093);
#2690=VERTEX_POINT('',#8097);
#2691=VERTEX_POINT('',#8101);
#2692=VERTEX_POINT('',#8108);
#2693=VERTEX_POINT('',#8110);
#2694=VERTEX_POINT('',#8114);
#2695=VERTEX_POINT('',#8118);
#2696=VERTEX_POINT('',#8132);
#2697=VERTEX_POINT('',#8133);
#2698=VERTEX_POINT('',#8135);
#2699=VERTEX_POINT('',#8137);
#2700=VERTEX_POINT('',#8139);
#2701=VERTEX_POINT('',#8141);
#2702=VERTEX_POINT('',#8143);
#2703=VERTEX_POINT('',#8145);
#2704=VERTEX_POINT('',#8147);
#2705=VERTEX_POINT('',#8149);
#2706=VERTEX_POINT('',#8151);
#2707=VERTEX_POINT('',#8153);
#2708=VERTEX_POINT('',#8155);
#2709=VERTEX_POINT('',#8157);
#2710=VERTEX_POINT('',#8159);
#2711=VERTEX_POINT('',#8161);
#2712=VERTEX_POINT('',#8163);
#2713=VERTEX_POINT('',#8165);
#2714=VERTEX_POINT('',#8167);
#2715=VERTEX_POINT('',#8169);
#2716=VERTEX_POINT('',#8171);
#2717=VERTEX_POINT('',#8173);
#2718=VERTEX_POINT('',#8175);
#2719=VERTEX_POINT('',#8177);
#2720=VERTEX_POINT('',#8181);
#2721=VERTEX_POINT('',#8182);
#2722=VERTEX_POINT('',#8184);
#2723=VERTEX_POINT('',#8186);
#2724=VERTEX_POINT('',#8188);
#2725=VERTEX_POINT('',#8190);
#2726=VERTEX_POINT('',#8192);
#2727=VERTEX_POINT('',#8194);
#2728=VERTEX_POINT('',#8196);
#2729=VERTEX_POINT('',#8198);
#2730=VERTEX_POINT('',#8200);
#2731=VERTEX_POINT('',#8202);
#2732=VERTEX_POINT('',#8204);
#2733=VERTEX_POINT('',#8206);
#2734=VERTEX_POINT('',#8208);
#2735=VERTEX_POINT('',#8210);
#2736=VERTEX_POINT('',#8212);
#2737=VERTEX_POINT('',#8214);
#2738=VERTEX_POINT('',#8216);
#2739=VERTEX_POINT('',#8218);
#2740=VERTEX_POINT('',#8220);
#2741=VERTEX_POINT('',#8222);
#2742=VERTEX_POINT('',#8224);
#2743=VERTEX_POINT('',#8226);
#2744=VERTEX_POINT('',#8231);
#2745=VERTEX_POINT('',#8233);
#2746=VERTEX_POINT('',#8235);
#2747=VERTEX_POINT('',#8237);
#2748=VERTEX_POINT('',#8239);
#2749=VERTEX_POINT('',#8241);
#2750=VERTEX_POINT('',#8243);
#2751=VERTEX_POINT('',#8245);
#2752=VERTEX_POINT('',#8250);
#2753=VERTEX_POINT('',#8252);
#2754=VERTEX_POINT('',#8254);
#2755=VERTEX_POINT('',#8256);
#2756=VERTEX_POINT('',#8258);
#2757=VERTEX_POINT('',#8260);
#2758=VERTEX_POINT('',#8262);
#2759=VERTEX_POINT('',#8264);
#2760=VERTEX_POINT('',#8268);
#2761=VERTEX_POINT('',#8269);
#2762=VERTEX_POINT('',#8271);
#2763=VERTEX_POINT('',#8273);
#2764=VERTEX_POINT('',#8277);
#2765=VERTEX_POINT('',#8278);
#2766=VERTEX_POINT('',#8280);
#2767=VERTEX_POINT('',#8282);
#2768=VERTEX_POINT('',#8286);
#2769=VERTEX_POINT('',#8287);
#2770=VERTEX_POINT('',#8289);
#2771=VERTEX_POINT('',#8291);
#2772=VERTEX_POINT('',#8295);
#2773=VERTEX_POINT('',#8296);
#2774=VERTEX_POINT('',#8298);
#2775=VERTEX_POINT('',#8300);
#2776=VERTEX_POINT('',#8304);
#2777=VERTEX_POINT('',#8305);
#2778=VERTEX_POINT('',#8307);
#2779=VERTEX_POINT('',#8309);
#2780=VERTEX_POINT('',#8313);
#2781=VERTEX_POINT('',#8314);
#2782=VERTEX_POINT('',#8316);
#2783=VERTEX_POINT('',#8318);
#2784=VERTEX_POINT('',#8322);
#2785=VERTEX_POINT('',#8323);
#2786=VERTEX_POINT('',#8325);
#2787=VERTEX_POINT('',#8327);
#2788=VERTEX_POINT('',#8331);
#2789=VERTEX_POINT('',#8332);
#2790=VERTEX_POINT('',#8334);
#2791=VERTEX_POINT('',#8336);
#2792=VERTEX_POINT('',#8340);
#2793=VERTEX_POINT('',#8342);
#2794=VERTEX_POINT('',#8346);
#2795=VERTEX_POINT('',#8348);
#2796=VERTEX_POINT('',#8352);
#2797=VERTEX_POINT('',#8354);
#2798=VERTEX_POINT('',#8358);
#2799=VERTEX_POINT('',#8360);
#2800=VERTEX_POINT('',#8364);
#2801=VERTEX_POINT('',#8365);
#2802=VERTEX_POINT('',#8370);
#2803=VERTEX_POINT('',#8372);
#2804=VERTEX_POINT('',#8376);
#2805=VERTEX_POINT('',#8378);
#2806=VERTEX_POINT('',#8382);
#2807=VERTEX_POINT('',#8384);
#2808=VERTEX_POINT('',#8400);
#2809=VERTEX_POINT('',#8402);
#2810=VERTEX_POINT('',#8406);
#2811=VERTEX_POINT('',#8408);
#2812=VERTEX_POINT('',#8412);
#2813=VERTEX_POINT('',#8414);
#2814=VERTEX_POINT('',#8418);
#2815=VERTEX_POINT('',#8420);
#2816=VERTEX_POINT('',#8424);
#2817=VERTEX_POINT('',#8425);
#2818=VERTEX_POINT('',#8430);
#2819=VERTEX_POINT('',#8432);
#2820=VERTEX_POINT('',#8436);
#2821=VERTEX_POINT('',#8438);
#2822=VERTEX_POINT('',#8442);
#2823=VERTEX_POINT('',#8444);
#2824=VERTEX_POINT('',#8460);
#2825=VERTEX_POINT('',#8462);
#2826=VERTEX_POINT('',#8466);
#2827=VERTEX_POINT('',#8468);
#2828=VERTEX_POINT('',#8472);
#2829=VERTEX_POINT('',#8476);
#2830=VERTEX_POINT('',#8482);
#2831=VERTEX_POINT('',#8486);
#2832=VERTEX_POINT('',#8492);
#2833=VERTEX_POINT('',#8494);
#2834=VERTEX_POINT('',#8498);
#2835=VERTEX_POINT('',#8500);
#2836=VERTEX_POINT('',#8504);
#2837=VERTEX_POINT('',#8508);
#2838=VERTEX_POINT('',#8514);
#2839=VERTEX_POINT('',#8518);
#2840=VERTEX_POINT('',#8559);
#2841=VERTEX_POINT('',#8561);
#2842=VERTEX_POINT('',#8565);
#2843=VERTEX_POINT('',#8569);
#2844=VERTEX_POINT('',#8576);
#2845=VERTEX_POINT('',#8578);
#2846=VERTEX_POINT('',#8582);
#2847=VERTEX_POINT('',#8586);
#2848=VERTEX_POINT('',#8593);
#2849=VERTEX_POINT('',#8595);
#2850=VERTEX_POINT('',#8599);
#2851=VERTEX_POINT('',#8603);
#2852=VERTEX_POINT('',#8610);
#2853=VERTEX_POINT('',#8612);
#2854=VERTEX_POINT('',#8616);
#2855=VERTEX_POINT('',#8620);
#2856=VERTEX_POINT('',#8627);
#2857=VERTEX_POINT('',#8629);
#2858=VERTEX_POINT('',#8633);
#2859=VERTEX_POINT('',#8637);
#2860=VERTEX_POINT('',#8644);
#2861=VERTEX_POINT('',#8646);
#2862=VERTEX_POINT('',#8650);
#2863=VERTEX_POINT('',#8654);
#2864=LINE('',#7137,#3572);
#2865=LINE('',#7140,#3573);
#2866=LINE('',#7142,#3574);
#2867=LINE('',#7144,#3575);
#2868=LINE('',#7145,#3576);
#2869=LINE('',#7148,#3577);
#2870=LINE('',#7150,#3578);
#2871=LINE('',#7152,#3579);
#2872=LINE('',#7153,#3580);
#2873=LINE('',#7156,#3581);
#2874=LINE('',#7158,#3582);
#2875=LINE('',#7160,#3583);
#2876=LINE('',#7161,#3584);
#2877=LINE('',#7164,#3585);
#2878=LINE('',#7166,#3586);
#2879=LINE('',#7168,#3587);
#2880=LINE('',#7169,#3588);
#2881=LINE('',#7172,#3589);
#2882=LINE('',#7174,#3590);
#2883=LINE('',#7176,#3591);
#2884=LINE('',#7178,#3592);
#2885=LINE('',#7180,#3593);
#2886=LINE('',#7182,#3594);
#2887=LINE('',#7184,#3595);
#2888=LINE('',#7186,#3596);
#2889=LINE('',#7188,#3597);
#2890=LINE('',#7190,#3598);
#2891=LINE('',#7192,#3599);
#2892=LINE('',#7194,#3600);
#2893=LINE('',#7196,#3601);
#2894=LINE('',#7198,#3602);
#2895=LINE('',#7200,#3603);
#2896=LINE('',#7202,#3604);
#2897=LINE('',#7204,#3605);
#2898=LINE('',#7206,#3606);
#2899=LINE('',#7208,#3607);
#2900=LINE('',#7210,#3608);
#2901=LINE('',#7212,#3609);
#2902=LINE('',#7214,#3610);
#2903=LINE('',#7216,#3611);
#2904=LINE('',#7218,#3612);
#2905=LINE('',#7220,#3613);
#2906=LINE('',#7222,#3614);
#2907=LINE('',#7224,#3615);
#2908=LINE('',#7226,#3616);
#2909=LINE('',#7228,#3617);
#2910=LINE('',#7230,#3618);
#2911=LINE('',#7232,#3619);
#2912=LINE('',#7234,#3620);
#2913=LINE('',#7236,#3621);
#2914=LINE('',#7238,#3622);
#2915=LINE('',#7240,#3623);
#2916=LINE('',#7242,#3624);
#2917=LINE('',#7244,#3625);
#2918=LINE('',#7246,#3626);
#2919=LINE('',#7248,#3627);
#2920=LINE('',#7250,#3628);
#2921=LINE('',#7252,#3629);
#2922=LINE('',#7254,#3630);
#2923=LINE('',#7256,#3631);
#2924=LINE('',#7258,#3632);
#2925=LINE('',#7261,#3633);
#2926=LINE('',#7263,#3634);
#2927=LINE('',#7265,#3635);
#2928=LINE('',#7267,#3636);
#2929=LINE('',#7270,#3637);
#2930=LINE('',#7272,#3638);
#2931=LINE('',#7274,#3639);
#2932=LINE('',#7276,#3640);
#2933=LINE('',#7279,#3641);
#2934=LINE('',#7281,#3642);
#2935=LINE('',#7283,#3643);
#2936=LINE('',#7285,#3644);
#2937=LINE('',#7288,#3645);
#2938=LINE('',#7290,#3646);
#2939=LINE('',#7292,#3647);
#2940=LINE('',#7294,#3648);
#2941=LINE('',#7297,#3649);
#2942=LINE('',#7299,#3650);
#2943=LINE('',#7301,#3651);
#2944=LINE('',#7303,#3652);
#2945=LINE('',#7306,#3653);
#2946=LINE('',#7308,#3654);
#2947=LINE('',#7310,#3655);
#2948=LINE('',#7311,#3656);
#2949=LINE('',#7313,#3657);
#2950=LINE('',#7315,#3658);
#2951=LINE('',#7317,#3659);
#2952=LINE('',#7320,#3660);
#2953=LINE('',#7322,#3661);
#2954=LINE('',#7324,#3662);
#2955=LINE('',#7325,#3663);
#2956=LINE('',#7327,#3664);
#2957=LINE('',#7329,#3665);
#2958=LINE('',#7331,#3666);
#2959=LINE('',#7334,#3667);
#2960=LINE('',#7336,#3668);
#2961=LINE('',#7338,#3669);
#2962=LINE('',#7339,#3670);
#2963=LINE('',#7341,#3671);
#2964=LINE('',#7343,#3672);
#2965=LINE('',#7345,#3673);
#2966=LINE('',#7348,#3674);
#2967=LINE('',#7350,#3675);
#2968=LINE('',#7352,#3676);
#2969=LINE('',#7353,#3677);
#2970=LINE('',#7355,#3678);
#2971=LINE('',#7357,#3679);
#2972=LINE('',#7359,#3680);
#2973=LINE('',#7362,#3681);
#2974=LINE('',#7364,#3682);
#2975=LINE('',#7366,#3683);
#2976=LINE('',#7367,#3684);
#2977=LINE('',#7369,#3685);
#2978=LINE('',#7371,#3686);
#2979=LINE('',#7373,#3687);
#2980=LINE('',#7376,#3688);
#2981=LINE('',#7378,#3689);
#2982=LINE('',#7380,#3690);
#2983=LINE('',#7381,#3691);
#2984=LINE('',#7383,#3692);
#2985=LINE('',#7385,#3693);
#2986=LINE('',#7387,#3694);
#2987=LINE('',#7390,#3695);
#2988=LINE('',#7392,#3696);
#2989=LINE('',#7394,#3697);
#2990=LINE('',#7395,#3698);
#2991=LINE('',#7397,#3699);
#2992=LINE('',#7399,#3700);
#2993=LINE('',#7401,#3701);
#2994=LINE('',#7404,#3702);
#2995=LINE('',#7406,#3703);
#2996=LINE('',#7408,#3704);
#2997=LINE('',#7409,#3705);
#2998=LINE('',#7411,#3706);
#2999=LINE('',#7413,#3707);
#3000=LINE('',#7415,#3708);
#3001=LINE('',#7418,#3709);
#3002=LINE('',#7420,#3710);
#3003=LINE('',#7422,#3711);
#3004=LINE('',#7423,#3712);
#3005=LINE('',#7425,#3713);
#3006=LINE('',#7427,#3714);
#3007=LINE('',#7429,#3715);
#3008=LINE('',#7432,#3716);
#3009=LINE('',#7434,#3717);
#3010=LINE('',#7436,#3718);
#3011=LINE('',#7437,#3719);
#3012=LINE('',#7439,#3720);
#3013=LINE('',#7441,#3721);
#3014=LINE('',#7443,#3722);
#3015=LINE('',#7446,#3723);
#3016=LINE('',#7448,#3724);
#3017=LINE('',#7450,#3725);
#3018=LINE('',#7451,#3726);
#3019=LINE('',#7453,#3727);
#3020=LINE('',#7455,#3728);
#3021=LINE('',#7457,#3729);
#3022=LINE('',#7460,#3730);
#3023=LINE('',#7462,#3731);
#3024=LINE('',#7464,#3732);
#3025=LINE('',#7465,#3733);
#3026=LINE('',#7467,#3734);
#3027=LINE('',#7469,#3735);
#3028=LINE('',#7471,#3736);
#3029=LINE('',#7472,#3737);
#3030=LINE('',#7474,#3738);
#3031=LINE('',#7475,#3739);
#3032=LINE('',#7477,#3740);
#3033=LINE('',#7478,#3741);
#3034=LINE('',#7480,#3742);
#3035=LINE('',#7481,#3743);
#3036=LINE('',#7483,#3744);
#3037=LINE('',#7484,#3745);
#3038=LINE('',#7486,#3746);
#3039=LINE('',#7487,#3747);
#3040=LINE('',#7490,#3748);
#3041=LINE('',#7491,#3749);
#3042=LINE('',#7493,#3750);
#3043=LINE('',#7495,#3751);
#3044=LINE('',#7497,#3752);
#3045=LINE('',#7498,#3753);
#3046=LINE('',#7500,#3754);
#3047=LINE('',#7502,#3755);
#3048=LINE('',#7504,#3756);
#3049=LINE('',#7505,#3757);
#3050=LINE('',#7507,#3758);
#3051=LINE('',#7509,#3759);
#3052=LINE('',#7511,#3760);
#3053=LINE('',#7512,#3761);
#3054=LINE('',#7514,#3762);
#3055=LINE('',#7516,#3763);
#3056=LINE('',#7518,#3764);
#3057=LINE('',#7519,#3765);
#3058=LINE('',#7521,#3766);
#3059=LINE('',#7523,#3767);
#3060=LINE('',#7525,#3768);
#3061=LINE('',#7526,#3769);
#3062=LINE('',#7528,#3770);
#3063=LINE('',#7530,#3771);
#3064=LINE('',#7539,#3772);
#3065=LINE('',#7540,#3773);
#3066=LINE('',#7542,#3774);
#3067=LINE('',#7543,#3775);
#3068=LINE('',#7545,#3776);
#3069=LINE('',#7546,#3777);
#3070=LINE('',#7548,#3778);
#3071=LINE('',#7549,#3779);
#3072=LINE('',#7551,#3780);
#3073=LINE('',#7552,#3781);
#3074=LINE('',#7554,#3782);
#3075=LINE('',#7555,#3783);
#3076=LINE('',#7557,#3784);
#3077=LINE('',#7558,#3785);
#3078=LINE('',#7560,#3786);
#3079=LINE('',#7561,#3787);
#3080=LINE('',#7563,#3788);
#3081=LINE('',#7564,#3789);
#3082=LINE('',#7566,#3790);
#3083=LINE('',#7567,#3791);
#3084=LINE('',#7579,#3792);
#3085=LINE('',#7582,#3793);
#3086=LINE('',#7584,#3794);
#3087=LINE('',#7586,#3795);
#3088=LINE('',#7588,#3796);
#3089=LINE('',#7590,#3797);
#3090=LINE('',#7592,#3798);
#3091=LINE('',#7594,#3799);
#3092=LINE('',#7596,#3800);
#3093=LINE('',#7598,#3801);
#3094=LINE('',#7600,#3802);
#3095=LINE('',#7602,#3803);
#3096=LINE('',#7604,#3804);
#3097=LINE('',#7606,#3805);
#3098=LINE('',#7608,#3806);
#3099=LINE('',#7610,#3807);
#3100=LINE('',#7612,#3808);
#3101=LINE('',#7614,#3809);
#3102=LINE('',#7616,#3810);
#3103=LINE('',#7618,#3811);
#3104=LINE('',#7619,#3812);
#3105=LINE('',#7621,#3813);
#3106=LINE('',#7622,#3814);
#3107=LINE('',#7626,#3815);
#3108=LINE('',#7628,#3816);
#3109=LINE('',#7630,#3817);
#3110=LINE('',#7632,#3818);
#3111=LINE('',#7634,#3819);
#3112=LINE('',#7636,#3820);
#3113=LINE('',#7638,#3821);
#3114=LINE('',#7640,#3822);
#3115=LINE('',#7642,#3823);
#3116=LINE('',#7644,#3824);
#3117=LINE('',#7646,#3825);
#3118=LINE('',#7648,#3826);
#3119=LINE('',#7650,#3827);
#3120=LINE('',#7652,#3828);
#3121=LINE('',#7654,#3829);
#3122=LINE('',#7656,#3830);
#3123=LINE('',#7658,#3831);
#3124=LINE('',#7660,#3832);
#3125=LINE('',#7662,#3833);
#3126=LINE('',#7664,#3834);
#3127=LINE('',#7666,#3835);
#3128=LINE('',#7668,#3836);
#3129=LINE('',#7670,#3837);
#3130=LINE('',#7673,#3838);
#3131=LINE('',#7676,#3839);
#3132=LINE('',#7678,#3840);
#3133=LINE('',#7680,#3841);
#3134=LINE('',#7682,#3842);
#3135=LINE('',#7684,#3843);
#3136=LINE('',#7686,#3844);
#3137=LINE('',#7688,#3845);
#3138=LINE('',#7690,#3846);
#3139=LINE('',#7692,#3847);
#3140=LINE('',#7694,#3848);
#3141=LINE('',#7696,#3849);
#3142=LINE('',#7698,#3850);
#3143=LINE('',#7700,#3851);
#3144=LINE('',#7702,#3852);
#3145=LINE('',#7704,#3853);
#3146=LINE('',#7706,#3854);
#3147=LINE('',#7708,#3855);
#3148=LINE('',#7710,#3856);
#3149=LINE('',#7712,#3857);
#3150=LINE('',#7713,#3858);
#3151=LINE('',#7715,#3859);
#3152=LINE('',#7716,#3860);
#3153=LINE('',#7720,#3861);
#3154=LINE('',#7722,#3862);
#3155=LINE('',#7724,#3863);
#3156=LINE('',#7726,#3864);
#3157=LINE('',#7728,#3865);
#3158=LINE('',#7730,#3866);
#3159=LINE('',#7732,#3867);
#3160=LINE('',#7734,#3868);
#3161=LINE('',#7736,#3869);
#3162=LINE('',#7738,#3870);
#3163=LINE('',#7740,#3871);
#3164=LINE('',#7742,#3872);
#3165=LINE('',#7744,#3873);
#3166=LINE('',#7746,#3874);
#3167=LINE('',#7748,#3875);
#3168=LINE('',#7750,#3876);
#3169=LINE('',#7752,#3877);
#3170=LINE('',#7754,#3878);
#3171=LINE('',#7756,#3879);
#3172=LINE('',#7758,#3880);
#3173=LINE('',#7760,#3881);
#3174=LINE('',#7762,#3882);
#3175=LINE('',#7764,#3883);
#3176=LINE('',#7768,#3884);
#3177=LINE('',#7771,#3885);
#3178=LINE('',#7773,#3886);
#3179=LINE('',#7775,#3887);
#3180=LINE('',#7777,#3888);
#3181=LINE('',#7779,#3889);
#3182=LINE('',#7781,#3890);
#3183=LINE('',#7783,#3891);
#3184=LINE('',#7785,#3892);
#3185=LINE('',#7787,#3893);
#3186=LINE('',#7789,#3894);
#3187=LINE('',#7791,#3895);
#3188=LINE('',#7793,#3896);
#3189=LINE('',#7795,#3897);
#3190=LINE('',#7797,#3898);
#3191=LINE('',#7799,#3899);
#3192=LINE('',#7801,#3900);
#3193=LINE('',#7803,#3901);
#3194=LINE('',#7805,#3902);
#3195=LINE('',#7807,#3903);
#3196=LINE('',#7809,#3904);
#3197=LINE('',#7811,#3905);
#3198=LINE('',#7813,#3906);
#3199=LINE('',#7815,#3907);
#3200=LINE('',#7817,#3908);
#3201=LINE('',#7819,#3909);
#3202=LINE('',#7821,#3910);
#3203=LINE('',#7823,#3911);
#3204=LINE('',#7825,#3912);
#3205=LINE('',#7827,#3913);
#3206=LINE('',#7829,#3914);
#3207=LINE('',#7831,#3915);
#3208=LINE('',#7833,#3916);
#3209=LINE('',#7835,#3917);
#3210=LINE('',#7837,#3918);
#3211=LINE('',#7839,#3919);
#3212=LINE('',#7841,#3920);
#3213=LINE('',#7843,#3921);
#3214=LINE('',#7845,#3922);
#3215=LINE('',#7847,#3923);
#3216=LINE('',#7849,#3924);
#3217=LINE('',#7851,#3925);
#3218=LINE('',#7853,#3926);
#3219=LINE('',#7855,#3927);
#3220=LINE('',#7857,#3928);
#3221=LINE('',#7860,#3929);
#3222=LINE('',#7862,#3930);
#3223=LINE('',#7864,#3931);
#3224=LINE('',#7866,#3932);
#3225=LINE('',#7868,#3933);
#3226=LINE('',#7870,#3934);
#3227=LINE('',#7872,#3935);
#3228=LINE('',#7874,#3936);
#3229=LINE('',#7876,#3937);
#3230=LINE('',#7878,#3938);
#3231=LINE('',#7880,#3939);
#3232=LINE('',#7882,#3940);
#3233=LINE('',#7884,#3941);
#3234=LINE('',#7886,#3942);
#3235=LINE('',#7888,#3943);
#3236=LINE('',#7890,#3944);
#3237=LINE('',#7892,#3945);
#3238=LINE('',#7894,#3946);
#3239=LINE('',#7896,#3947);
#3240=LINE('',#7898,#3948);
#3241=LINE('',#7900,#3949);
#3242=LINE('',#7902,#3950);
#3243=LINE('',#7904,#3951);
#3244=LINE('',#7906,#3952);
#3245=LINE('',#7908,#3953);
#3246=LINE('',#7910,#3954);
#3247=LINE('',#7912,#3955);
#3248=LINE('',#7914,#3956);
#3249=LINE('',#7916,#3957);
#3250=LINE('',#7918,#3958);
#3251=LINE('',#7920,#3959);
#3252=LINE('',#7922,#3960);
#3253=LINE('',#7924,#3961);
#3254=LINE('',#7926,#3962);
#3255=LINE('',#7928,#3963);
#3256=LINE('',#7930,#3964);
#3257=LINE('',#7932,#3965);
#3258=LINE('',#7934,#3966);
#3259=LINE('',#7936,#3967);
#3260=LINE('',#7938,#3968);
#3261=LINE('',#7940,#3969);
#3262=LINE('',#7942,#3970);
#3263=LINE('',#7944,#3971);
#3264=LINE('',#7946,#3972);
#3265=LINE('',#7947,#3973);
#3266=LINE('',#7949,#3974);
#3267=LINE('',#7950,#3975);
#3268=LINE('',#7952,#3976);
#3269=LINE('',#7953,#3977);
#3270=LINE('',#7955,#3978);
#3271=LINE('',#7956,#3979);
#3272=LINE('',#7958,#3980);
#3273=LINE('',#7959,#3981);
#3274=LINE('',#7961,#3982);
#3275=LINE('',#7962,#3983);
#3276=LINE('',#7964,#3984);
#3277=LINE('',#7965,#3985);
#3278=LINE('',#7967,#3986);
#3279=LINE('',#7968,#3987);
#3280=LINE('',#7970,#3988);
#3281=LINE('',#7971,#3989);
#3282=LINE('',#7973,#3990);
#3283=LINE('',#7974,#3991);
#3284=LINE('',#7976,#3992);
#3285=LINE('',#7977,#3993);
#3286=LINE('',#7979,#3994);
#3287=LINE('',#7980,#3995);
#3288=LINE('',#7982,#3996);
#3289=LINE('',#7983,#3997);
#3290=LINE('',#7985,#3998);
#3291=LINE('',#7987,#3999);
#3292=LINE('',#7989,#4000);
#3293=LINE('',#7990,#4001);
#3294=LINE('',#7992,#4002);
#3295=LINE('',#7994,#4003);
#3296=LINE('',#7996,#4004);
#3297=LINE('',#7997,#4005);
#3298=LINE('',#7999,#4006);
#3299=LINE('',#8001,#4007);
#3300=LINE('',#8003,#4008);
#3301=LINE('',#8004,#4009);
#3302=LINE('',#8006,#4010);
#3303=LINE('',#8008,#4011);
#3304=LINE('',#8010,#4012);
#3305=LINE('',#8011,#4013);
#3306=LINE('',#8013,#4014);
#3307=LINE('',#8015,#4015);
#3308=LINE('',#8022,#4016);
#3309=LINE('',#8024,#4017);
#3310=LINE('',#8026,#4018);
#3311=LINE('',#8028,#4019);
#3312=LINE('',#8030,#4020);
#3313=LINE('',#8032,#4021);
#3314=LINE('',#8034,#4022);
#3315=LINE('',#8036,#4023);
#3316=LINE('',#8039,#4024);
#3317=LINE('',#8041,#4025);
#3318=LINE('',#8043,#4026);
#3319=LINE('',#8045,#4027);
#3320=LINE('',#8047,#4028);
#3321=LINE('',#8049,#4029);
#3322=LINE('',#8051,#4030);
#3323=LINE('',#8053,#4031);
#3324=LINE('',#8056,#4032);
#3325=LINE('',#8058,#4033);
#3326=LINE('',#8060,#4034);
#3327=LINE('',#8062,#4035);
#3328=LINE('',#8064,#4036);
#3329=LINE('',#8066,#4037);
#3330=LINE('',#8068,#4038);
#3331=LINE('',#8070,#4039);
#3332=LINE('',#8073,#4040);
#3333=LINE('',#8075,#4041);
#3334=LINE('',#8077,#4042);
#3335=LINE('',#8079,#4043);
#3336=LINE('',#8081,#4044);
#3337=LINE('',#8083,#4045);
#3338=LINE('',#8085,#4046);
#3339=LINE('',#8087,#4047);
#3340=LINE('',#8090,#4048);
#3341=LINE('',#8092,#4049);
#3342=LINE('',#8094,#4050);
#3343=LINE('',#8096,#4051);
#3344=LINE('',#8098,#4052);
#3345=LINE('',#8100,#4053);
#3346=LINE('',#8102,#4054);
#3347=LINE('',#8104,#4055);
#3348=LINE('',#8107,#4056);
#3349=LINE('',#8109,#4057);
#3350=LINE('',#8111,#4058);
#3351=LINE('',#8113,#4059);
#3352=LINE('',#8115,#4060);
#3353=LINE('',#8117,#4061);
#3354=LINE('',#8119,#4062);
#3355=LINE('',#8121,#4063);
#3356=LINE('',#8131,#4064);
#3357=LINE('',#8134,#4065);
#3358=LINE('',#8136,#4066);
#3359=LINE('',#8138,#4067);
#3360=LINE('',#8140,#4068);
#3361=LINE('',#8142,#4069);
#3362=LINE('',#8144,#4070);
#3363=LINE('',#8146,#4071);
#3364=LINE('',#8148,#4072);
#3365=LINE('',#8150,#4073);
#3366=LINE('',#8152,#4074);
#3367=LINE('',#8154,#4075);
#3368=LINE('',#8156,#4076);
#3369=LINE('',#8158,#4077);
#3370=LINE('',#8160,#4078);
#3371=LINE('',#8162,#4079);
#3372=LINE('',#8164,#4080);
#3373=LINE('',#8166,#4081);
#3374=LINE('',#8168,#4082);
#3375=LINE('',#8170,#4083);
#3376=LINE('',#8172,#4084);
#3377=LINE('',#8174,#4085);
#3378=LINE('',#8176,#4086);
#3379=LINE('',#8178,#4087);
#3380=LINE('',#8180,#4088);
#3381=LINE('',#8183,#4089);
#3382=LINE('',#8185,#4090);
#3383=LINE('',#8187,#4091);
#3384=LINE('',#8189,#4092);
#3385=LINE('',#8191,#4093);
#3386=LINE('',#8193,#4094);
#3387=LINE('',#8195,#4095);
#3388=LINE('',#8197,#4096);
#3389=LINE('',#8199,#4097);
#3390=LINE('',#8201,#4098);
#3391=LINE('',#8203,#4099);
#3392=LINE('',#8205,#4100);
#3393=LINE('',#8207,#4101);
#3394=LINE('',#8209,#4102);
#3395=LINE('',#8211,#4103);
#3396=LINE('',#8213,#4104);
#3397=LINE('',#8215,#4105);
#3398=LINE('',#8217,#4106);
#3399=LINE('',#8219,#4107);
#3400=LINE('',#8221,#4108);
#3401=LINE('',#8223,#4109);
#3402=LINE('',#8225,#4110);
#3403=LINE('',#8227,#4111);
#3404=LINE('',#8229,#4112);
#3405=LINE('',#8232,#4113);
#3406=LINE('',#8236,#4114);
#3407=LINE('',#8238,#4115);
#3408=LINE('',#8240,#4116);
#3409=LINE('',#8244,#4117);
#3410=LINE('',#8248,#4118);
#3411=LINE('',#8251,#4119);
#3412=LINE('',#8255,#4120);
#3413=LINE('',#8257,#4121);
#3414=LINE('',#8259,#4122);
#3415=LINE('',#8263,#4123);
#3416=LINE('',#8267,#4124);
#3417=LINE('',#8270,#4125);
#3418=LINE('',#8272,#4126);
#3419=LINE('',#8274,#4127);
#3420=LINE('',#8276,#4128);
#3421=LINE('',#8279,#4129);
#3422=LINE('',#8281,#4130);
#3423=LINE('',#8283,#4131);
#3424=LINE('',#8285,#4132);
#3425=LINE('',#8288,#4133);
#3426=LINE('',#8290,#4134);
#3427=LINE('',#8292,#4135);
#3428=LINE('',#8294,#4136);
#3429=LINE('',#8297,#4137);
#3430=LINE('',#8299,#4138);
#3431=LINE('',#8301,#4139);
#3432=LINE('',#8303,#4140);
#3433=LINE('',#8306,#4141);
#3434=LINE('',#8308,#4142);
#3435=LINE('',#8310,#4143);
#3436=LINE('',#8312,#4144);
#3437=LINE('',#8315,#4145);
#3438=LINE('',#8317,#4146);
#3439=LINE('',#8319,#4147);
#3440=LINE('',#8321,#4148);
#3441=LINE('',#8324,#4149);
#3442=LINE('',#8326,#4150);
#3443=LINE('',#8328,#4151);
#3444=LINE('',#8330,#4152);
#3445=LINE('',#8333,#4153);
#3446=LINE('',#8335,#4154);
#3447=LINE('',#8337,#4155);
#3448=LINE('',#8343,#4156);
#3449=LINE('',#8347,#4157);
#3450=LINE('',#8353,#4158);
#3451=LINE('',#8359,#4159);
#3452=LINE('',#8363,#4160);
#3453=LINE('',#8366,#4161);
#3454=LINE('',#8367,#4162);
#3455=LINE('',#8369,#4163);
#3456=LINE('',#8371,#4164);
#3457=LINE('',#8373,#4165);
#3458=LINE('',#8375,#4166);
#3459=LINE('',#8377,#4167);
#3460=LINE('',#8379,#4168);
#3461=LINE('',#8381,#4169);
#3462=LINE('',#8383,#4170);
#3463=LINE('',#8385,#4171);
#3464=LINE('',#8403,#4172);
#3465=LINE('',#8407,#4173);
#3466=LINE('',#8413,#4174);
#3467=LINE('',#8419,#4175);
#3468=LINE('',#8423,#4176);
#3469=LINE('',#8426,#4177);
#3470=LINE('',#8427,#4178);
#3471=LINE('',#8429,#4179);
#3472=LINE('',#8431,#4180);
#3473=LINE('',#8433,#4181);
#3474=LINE('',#8435,#4182);
#3475=LINE('',#8437,#4183);
#3476=LINE('',#8439,#4184);
#3477=LINE('',#8441,#4185);
#3478=LINE('',#8443,#4186);
#3479=LINE('',#8445,#4187);
#3480=LINE('',#8459,#4188);
#3481=LINE('',#8461,#4189);
#3482=LINE('',#8463,#4190);
#3483=LINE('',#8465,#4191);
#3484=LINE('',#8467,#4192);
#3485=LINE('',#8469,#4193);
#3486=LINE('',#8473,#4194);
#3487=LINE('',#8475,#4195);
#3488=LINE('',#8477,#4196);
#3489=LINE('',#8483,#4197);
#3490=LINE('',#8485,#4198);
#3491=LINE('',#8487,#4199);
#3492=LINE('',#8491,#4200);
#3493=LINE('',#8493,#4201);
#3494=LINE('',#8495,#4202);
#3495=LINE('',#8497,#4203);
#3496=LINE('',#8499,#4204);
#3497=LINE('',#8501,#4205);
#3498=LINE('',#8505,#4206);
#3499=LINE('',#8507,#4207);
#3500=LINE('',#8509,#4208);
#3501=LINE('',#8515,#4209);
#3502=LINE('',#8517,#4210);
#3503=LINE('',#8519,#4211);
#3504=LINE('',#8523,#4212);
#3505=LINE('',#8524,#4213);
#3506=LINE('',#8526,#4214);
#3507=LINE('',#8528,#4215);
#3508=LINE('',#8530,#4216);
#3509=LINE('',#8531,#4217);
#3510=LINE('',#8533,#4218);
#3511=LINE('',#8535,#4219);
#3512=LINE('',#8537,#4220);
#3513=LINE('',#8538,#4221);
#3514=LINE('',#8540,#4222);
#3515=LINE('',#8542,#4223);
#3516=LINE('',#8544,#4224);
#3517=LINE('',#8545,#4225);
#3518=LINE('',#8547,#4226);
#3519=LINE('',#8549,#4227);
#3520=LINE('',#8551,#4228);
#3521=LINE('',#8552,#4229);
#3522=LINE('',#8554,#4230);
#3523=LINE('',#8556,#4231);
#3524=LINE('',#8558,#4232);
#3525=LINE('',#8560,#4233);
#3526=LINE('',#8562,#4234);
#3527=LINE('',#8564,#4235);
#3528=LINE('',#8566,#4236);
#3529=LINE('',#8568,#4237);
#3530=LINE('',#8570,#4238);
#3531=LINE('',#8572,#4239);
#3532=LINE('',#8575,#4240);
#3533=LINE('',#8577,#4241);
#3534=LINE('',#8579,#4242);
#3535=LINE('',#8581,#4243);
#3536=LINE('',#8583,#4244);
#3537=LINE('',#8585,#4245);
#3538=LINE('',#8587,#4246);
#3539=LINE('',#8589,#4247);
#3540=LINE('',#8592,#4248);
#3541=LINE('',#8594,#4249);
#3542=LINE('',#8596,#4250);
#3543=LINE('',#8598,#4251);
#3544=LINE('',#8600,#4252);
#3545=LINE('',#8602,#4253);
#3546=LINE('',#8604,#4254);
#3547=LINE('',#8606,#4255);
#3548=LINE('',#8609,#4256);
#3549=LINE('',#8611,#4257);
#3550=LINE('',#8613,#4258);
#3551=LINE('',#8615,#4259);
#3552=LINE('',#8617,#4260);
#3553=LINE('',#8619,#4261);
#3554=LINE('',#8621,#4262);
#3555=LINE('',#8623,#4263);
#3556=LINE('',#8626,#4264);
#3557=LINE('',#8628,#4265);
#3558=LINE('',#8630,#4266);
#3559=LINE('',#8632,#4267);
#3560=LINE('',#8634,#4268);
#3561=LINE('',#8636,#4269);
#3562=LINE('',#8638,#4270);
#3563=LINE('',#8640,#4271);
#3564=LINE('',#8643,#4272);
#3565=LINE('',#8645,#4273);
#3566=LINE('',#8647,#4274);
#3567=LINE('',#8649,#4275);
#3568=LINE('',#8651,#4276);
#3569=LINE('',#8653,#4277);
#3570=LINE('',#8655,#4278);
#3571=LINE('',#8657,#4279);
#3572=VECTOR('',#5771,39.3700787401575);
#3573=VECTOR('',#5772,39.3700787401575);
#3574=VECTOR('',#5773,39.3700787401575);
#3575=VECTOR('',#5774,39.3700787401575);
#3576=VECTOR('',#5775,39.3700787401575);
#3577=VECTOR('',#5776,39.3700787401575);
#3578=VECTOR('',#5777,39.3700787401575);
#3579=VECTOR('',#5778,39.3700787401575);
#3580=VECTOR('',#5779,39.3700787401575);
#3581=VECTOR('',#5780,39.3700787401575);
#3582=VECTOR('',#5781,39.3700787401575);
#3583=VECTOR('',#5782,39.3700787401575);
#3584=VECTOR('',#5783,39.3700787401575);
#3585=VECTOR('',#5784,39.3700787401575);
#3586=VECTOR('',#5785,39.3700787401575);
#3587=VECTOR('',#5786,39.3700787401575);
#3588=VECTOR('',#5787,39.3700787401575);
#3589=VECTOR('',#5788,39.3700787401575);
#3590=VECTOR('',#5789,39.3700787401575);
#3591=VECTOR('',#5790,39.3700787401575);
#3592=VECTOR('',#5791,39.3700787401575);
#3593=VECTOR('',#5792,39.3700787401575);
#3594=VECTOR('',#5793,39.3700787401575);
#3595=VECTOR('',#5794,39.3700787401575);
#3596=VECTOR('',#5795,39.3700787401575);
#3597=VECTOR('',#5796,39.3700787401575);
#3598=VECTOR('',#5797,39.3700787401575);
#3599=VECTOR('',#5798,39.3700787401575);
#3600=VECTOR('',#5799,39.3700787401575);
#3601=VECTOR('',#5800,39.3700787401575);
#3602=VECTOR('',#5801,39.3700787401575);
#3603=VECTOR('',#5802,39.3700787401575);
#3604=VECTOR('',#5803,39.3700787401575);
#3605=VECTOR('',#5804,39.3700787401575);
#3606=VECTOR('',#5805,39.3700787401575);
#3607=VECTOR('',#5806,39.3700787401575);
#3608=VECTOR('',#5807,39.3700787401575);
#3609=VECTOR('',#5808,39.3700787401575);
#3610=VECTOR('',#5809,39.3700787401575);
#3611=VECTOR('',#5810,39.3700787401575);
#3612=VECTOR('',#5811,39.3700787401575);
#3613=VECTOR('',#5812,39.3700787401575);
#3614=VECTOR('',#5813,39.3700787401575);
#3615=VECTOR('',#5814,39.3700787401575);
#3616=VECTOR('',#5815,39.3700787401575);
#3617=VECTOR('',#5816,39.3700787401575);
#3618=VECTOR('',#5817,39.3700787401575);
#3619=VECTOR('',#5818,39.3700787401575);
#3620=VECTOR('',#5819,39.3700787401575);
#3621=VECTOR('',#5820,39.3700787401575);
#3622=VECTOR('',#5821,39.3700787401575);
#3623=VECTOR('',#5822,39.3700787401575);
#3624=VECTOR('',#5823,39.3700787401575);
#3625=VECTOR('',#5824,39.3700787401575);
#3626=VECTOR('',#5825,39.3700787401575);
#3627=VECTOR('',#5826,39.3700787401575);
#3628=VECTOR('',#5827,39.3700787401575);
#3629=VECTOR('',#5828,39.3700787401575);
#3630=VECTOR('',#5829,39.3700787401575);
#3631=VECTOR('',#5830,39.3700787401575);
#3632=VECTOR('',#5833,39.3700787401575);
#3633=VECTOR('',#5834,39.3700787401575);
#3634=VECTOR('',#5835,39.3700787401575);
#3635=VECTOR('',#5836,39.3700787401575);
#3636=VECTOR('',#5839,39.3700787401575);
#3637=VECTOR('',#5840,39.3700787401575);
#3638=VECTOR('',#5841,39.3700787401575);
#3639=VECTOR('',#5842,39.3700787401575);
#3640=VECTOR('',#5845,39.3700787401575);
#3641=VECTOR('',#5846,39.3700787401575);
#3642=VECTOR('',#5847,39.3700787401575);
#3643=VECTOR('',#5848,39.3700787401575);
#3644=VECTOR('',#5851,39.3700787401575);
#3645=VECTOR('',#5852,39.3700787401575);
#3646=VECTOR('',#5853,39.3700787401575);
#3647=VECTOR('',#5854,39.3700787401575);
#3648=VECTOR('',#5857,39.3700787401575);
#3649=VECTOR('',#5858,39.3700787401575);
#3650=VECTOR('',#5859,39.3700787401575);
#3651=VECTOR('',#5860,39.3700787401575);
#3652=VECTOR('',#5863,39.3700787401575);
#3653=VECTOR('',#5864,39.3700787401575);
#3654=VECTOR('',#5865,39.3700787401575);
#3655=VECTOR('',#5866,39.3700787401575);
#3656=VECTOR('',#5867,39.3700787401575);
#3657=VECTOR('',#5868,39.3700787401575);
#3658=VECTOR('',#5869,39.3700787401575);
#3659=VECTOR('',#5872,39.3700787401575);
#3660=VECTOR('',#5873,39.3700787401575);
#3661=VECTOR('',#5874,39.3700787401575);
#3662=VECTOR('',#5875,39.3700787401575);
#3663=VECTOR('',#5876,39.3700787401575);
#3664=VECTOR('',#5877,39.3700787401575);
#3665=VECTOR('',#5878,39.3700787401575);
#3666=VECTOR('',#5881,39.3700787401575);
#3667=VECTOR('',#5882,39.3700787401575);
#3668=VECTOR('',#5883,39.3700787401575);
#3669=VECTOR('',#5884,39.3700787401575);
#3670=VECTOR('',#5885,39.3700787401575);
#3671=VECTOR('',#5886,39.3700787401575);
#3672=VECTOR('',#5887,39.3700787401575);
#3673=VECTOR('',#5890,39.3700787401575);
#3674=VECTOR('',#5891,39.3700787401575);
#3675=VECTOR('',#5892,39.3700787401575);
#3676=VECTOR('',#5893,39.3700787401575);
#3677=VECTOR('',#5894,39.3700787401575);
#3678=VECTOR('',#5895,39.3700787401575);
#3679=VECTOR('',#5896,39.3700787401575);
#3680=VECTOR('',#5899,39.3700787401575);
#3681=VECTOR('',#5900,39.3700787401575);
#3682=VECTOR('',#5901,39.3700787401575);
#3683=VECTOR('',#5902,39.3700787401575);
#3684=VECTOR('',#5903,39.3700787401575);
#3685=VECTOR('',#5904,39.3700787401575);
#3686=VECTOR('',#5905,39.3700787401575);
#3687=VECTOR('',#5908,39.3700787401575);
#3688=VECTOR('',#5909,39.3700787401575);
#3689=VECTOR('',#5910,39.3700787401575);
#3690=VECTOR('',#5911,39.3700787401575);
#3691=VECTOR('',#5912,39.3700787401575);
#3692=VECTOR('',#5913,39.3700787401575);
#3693=VECTOR('',#5914,39.3700787401575);
#3694=VECTOR('',#5917,39.3700787401575);
#3695=VECTOR('',#5918,39.3700787401575);
#3696=VECTOR('',#5919,39.3700787401575);
#3697=VECTOR('',#5920,39.3700787401575);
#3698=VECTOR('',#5921,39.3700787401575);
#3699=VECTOR('',#5922,39.3700787401575);
#3700=VECTOR('',#5923,39.3700787401575);
#3701=VECTOR('',#5926,39.3700787401575);
#3702=VECTOR('',#5927,39.3700787401575);
#3703=VECTOR('',#5928,39.3700787401575);
#3704=VECTOR('',#5929,39.3700787401575);
#3705=VECTOR('',#5930,39.3700787401575);
#3706=VECTOR('',#5931,39.3700787401575);
#3707=VECTOR('',#5932,39.3700787401575);
#3708=VECTOR('',#5935,39.3700787401575);
#3709=VECTOR('',#5936,39.3700787401575);
#3710=VECTOR('',#5937,39.3700787401575);
#3711=VECTOR('',#5938,39.3700787401575);
#3712=VECTOR('',#5939,39.3700787401575);
#3713=VECTOR('',#5940,39.3700787401575);
#3714=VECTOR('',#5941,39.3700787401575);
#3715=VECTOR('',#5944,39.3700787401575);
#3716=VECTOR('',#5945,39.3700787401575);
#3717=VECTOR('',#5946,39.3700787401575);
#3718=VECTOR('',#5947,39.3700787401575);
#3719=VECTOR('',#5948,39.3700787401575);
#3720=VECTOR('',#5949,39.3700787401575);
#3721=VECTOR('',#5950,39.3700787401575);
#3722=VECTOR('',#5953,39.3700787401575);
#3723=VECTOR('',#5954,39.3700787401575);
#3724=VECTOR('',#5955,39.3700787401575);
#3725=VECTOR('',#5956,39.3700787401575);
#3726=VECTOR('',#5957,39.3700787401575);
#3727=VECTOR('',#5958,39.3700787401575);
#3728=VECTOR('',#5959,39.3700787401575);
#3729=VECTOR('',#5962,39.3700787401575);
#3730=VECTOR('',#5963,39.3700787401575);
#3731=VECTOR('',#5964,39.3700787401575);
#3732=VECTOR('',#5965,39.3700787401575);
#3733=VECTOR('',#5966,39.3700787401575);
#3734=VECTOR('',#5967,39.3700787401575);
#3735=VECTOR('',#5968,39.3700787401575);
#3736=VECTOR('',#5971,39.3700787401575);
#3737=VECTOR('',#5972,39.3700787401575);
#3738=VECTOR('',#5975,39.3700787401575);
#3739=VECTOR('',#5976,39.3700787401575);
#3740=VECTOR('',#5979,39.3700787401575);
#3741=VECTOR('',#5980,39.3700787401575);
#3742=VECTOR('',#5983,39.3700787401575);
#3743=VECTOR('',#5984,39.3700787401575);
#3744=VECTOR('',#5987,39.3700787401575);
#3745=VECTOR('',#5988,39.3700787401575);
#3746=VECTOR('',#5991,39.3700787401575);
#3747=VECTOR('',#5992,39.3700787401575);
#3748=VECTOR('',#5997,39.3700787401575);
#3749=VECTOR('',#5998,39.3700787401575);
#3750=VECTOR('',#6001,39.3700787401575);
#3751=VECTOR('',#6004,39.3700787401575);
#3752=VECTOR('',#6007,39.3700787401575);
#3753=VECTOR('',#6008,39.3700787401575);
#3754=VECTOR('',#6011,39.3700787401575);
#3755=VECTOR('',#6014,39.3700787401575);
#3756=VECTOR('',#6017,39.3700787401575);
#3757=VECTOR('',#6018,39.3700787401575);
#3758=VECTOR('',#6021,39.3700787401575);
#3759=VECTOR('',#6024,39.3700787401575);
#3760=VECTOR('',#6027,39.3700787401575);
#3761=VECTOR('',#6028,39.3700787401575);
#3762=VECTOR('',#6031,39.3700787401575);
#3763=VECTOR('',#6034,39.3700787401575);
#3764=VECTOR('',#6037,39.3700787401575);
#3765=VECTOR('',#6038,39.3700787401575);
#3766=VECTOR('',#6041,39.3700787401575);
#3767=VECTOR('',#6044,39.3700787401575);
#3768=VECTOR('',#6047,39.3700787401575);
#3769=VECTOR('',#6048,39.3700787401575);
#3770=VECTOR('',#6051,39.3700787401575);
#3771=VECTOR('',#6054,39.3700787401575);
#3772=VECTOR('',#6071,39.3700787401575);
#3773=VECTOR('',#6072,39.3700787401575);
#3774=VECTOR('',#6075,39.3700787401575);
#3775=VECTOR('',#6076,39.3700787401575);
#3776=VECTOR('',#6079,39.3700787401575);
#3777=VECTOR('',#6080,39.3700787401575);
#3778=VECTOR('',#6083,39.3700787401575);
#3779=VECTOR('',#6084,39.3700787401575);
#3780=VECTOR('',#6087,39.3700787401575);
#3781=VECTOR('',#6088,39.3700787401575);
#3782=VECTOR('',#6091,39.3700787401575);
#3783=VECTOR('',#6092,39.3700787401575);
#3784=VECTOR('',#6095,39.3700787401575);
#3785=VECTOR('',#6096,39.3700787401575);
#3786=VECTOR('',#6099,39.3700787401575);
#3787=VECTOR('',#6100,39.3700787401575);
#3788=VECTOR('',#6103,39.3700787401575);
#3789=VECTOR('',#6104,39.3700787401575);
#3790=VECTOR('',#6107,39.3700787401575);
#3791=VECTOR('',#6108,39.3700787401575);
#3792=VECTOR('',#6131,39.3700787401575);
#3793=VECTOR('',#6132,39.3700787401575);
#3794=VECTOR('',#6133,39.3700787401575);
#3795=VECTOR('',#6134,39.3700787401575);
#3796=VECTOR('',#6137,39.3700787401575);
#3797=VECTOR('',#6138,39.3700787401575);
#3798=VECTOR('',#6139,39.3700787401575);
#3799=VECTOR('',#6142,39.3700787401575);
#3800=VECTOR('',#6143,39.3700787401575);
#3801=VECTOR('',#6144,39.3700787401575);
#3802=VECTOR('',#6147,39.3700787401575);
#3803=VECTOR('',#6148,39.3700787401575);
#3804=VECTOR('',#6149,39.3700787401575);
#3805=VECTOR('',#6152,39.3700787401575);
#3806=VECTOR('',#6153,39.3700787401575);
#3807=VECTOR('',#6154,39.3700787401575);
#3808=VECTOR('',#6157,39.3700787401575);
#3809=VECTOR('',#6158,39.3700787401575);
#3810=VECTOR('',#6159,39.3700787401575);
#3811=VECTOR('',#6162,39.3700787401575);
#3812=VECTOR('',#6163,39.3700787401575);
#3813=VECTOR('',#6166,39.3700787401575);
#3814=VECTOR('',#6167,39.3700787401575);
#3815=VECTOR('',#6174,39.3700787401575);
#3816=VECTOR('',#6175,39.3700787401575);
#3817=VECTOR('',#6176,39.3700787401575);
#3818=VECTOR('',#6179,39.3700787401575);
#3819=VECTOR('',#6180,39.3700787401575);
#3820=VECTOR('',#6181,39.3700787401575);
#3821=VECTOR('',#6184,39.3700787401575);
#3822=VECTOR('',#6185,39.3700787401575);
#3823=VECTOR('',#6186,39.3700787401575);
#3824=VECTOR('',#6187,39.3700787401575);
#3825=VECTOR('',#6188,39.3700787401575);
#3826=VECTOR('',#6189,39.3700787401575);
#3827=VECTOR('',#6192,39.3700787401575);
#3828=VECTOR('',#6193,39.3700787401575);
#3829=VECTOR('',#6194,39.3700787401575);
#3830=VECTOR('',#6195,39.3700787401575);
#3831=VECTOR('',#6196,39.3700787401575);
#3832=VECTOR('',#6197,39.3700787401575);
#3833=VECTOR('',#6200,39.3700787401575);
#3834=VECTOR('',#6203,39.3700787401575);
#3835=VECTOR('',#6206,39.3700787401575);
#3836=VECTOR('',#6209,39.3700787401575);
#3837=VECTOR('',#6212,39.3700787401575);
#3838=VECTOR('',#6217,39.3700787401575);
#3839=VECTOR('',#6218,39.3700787401575);
#3840=VECTOR('',#6219,39.3700787401575);
#3841=VECTOR('',#6220,39.3700787401575);
#3842=VECTOR('',#6223,39.3700787401575);
#3843=VECTOR('',#6224,39.3700787401575);
#3844=VECTOR('',#6225,39.3700787401575);
#3845=VECTOR('',#6228,39.3700787401575);
#3846=VECTOR('',#6229,39.3700787401575);
#3847=VECTOR('',#6230,39.3700787401575);
#3848=VECTOR('',#6233,39.3700787401575);
#3849=VECTOR('',#6234,39.3700787401575);
#3850=VECTOR('',#6235,39.3700787401575);
#3851=VECTOR('',#6238,39.3700787401575);
#3852=VECTOR('',#6239,39.3700787401575);
#3853=VECTOR('',#6240,39.3700787401575);
#3854=VECTOR('',#6243,39.3700787401575);
#3855=VECTOR('',#6244,39.3700787401575);
#3856=VECTOR('',#6245,39.3700787401575);
#3857=VECTOR('',#6248,39.3700787401575);
#3858=VECTOR('',#6249,39.3700787401575);
#3859=VECTOR('',#6252,39.3700787401575);
#3860=VECTOR('',#6253,39.3700787401575);
#3861=VECTOR('',#6260,39.3700787401575);
#3862=VECTOR('',#6261,39.3700787401575);
#3863=VECTOR('',#6262,39.3700787401575);
#3864=VECTOR('',#6265,39.3700787401575);
#3865=VECTOR('',#6266,39.3700787401575);
#3866=VECTOR('',#6267,39.3700787401575);
#3867=VECTOR('',#6270,39.3700787401575);
#3868=VECTOR('',#6271,39.3700787401575);
#3869=VECTOR('',#6272,39.3700787401575);
#3870=VECTOR('',#6273,39.3700787401575);
#3871=VECTOR('',#6274,39.3700787401575);
#3872=VECTOR('',#6275,39.3700787401575);
#3873=VECTOR('',#6278,39.3700787401575);
#3874=VECTOR('',#6279,39.3700787401575);
#3875=VECTOR('',#6280,39.3700787401575);
#3876=VECTOR('',#6281,39.3700787401575);
#3877=VECTOR('',#6282,39.3700787401575);
#3878=VECTOR('',#6283,39.3700787401575);
#3879=VECTOR('',#6286,39.3700787401575);
#3880=VECTOR('',#6289,39.3700787401575);
#3881=VECTOR('',#6292,39.3700787401575);
#3882=VECTOR('',#6295,39.3700787401575);
#3883=VECTOR('',#6298,39.3700787401575);
#3884=VECTOR('',#6305,39.3700787401575);
#3885=VECTOR('',#6306,39.3700787401575);
#3886=VECTOR('',#6307,39.3700787401575);
#3887=VECTOR('',#6308,39.3700787401575);
#3888=VECTOR('',#6309,39.3700787401575);
#3889=VECTOR('',#6310,39.3700787401575);
#3890=VECTOR('',#6311,39.3700787401575);
#3891=VECTOR('',#6312,39.3700787401575);
#3892=VECTOR('',#6313,39.3700787401575);
#3893=VECTOR('',#6314,39.3700787401575);
#3894=VECTOR('',#6315,39.3700787401575);
#3895=VECTOR('',#6316,39.3700787401575);
#3896=VECTOR('',#6317,39.3700787401575);
#3897=VECTOR('',#6318,39.3700787401575);
#3898=VECTOR('',#6319,39.3700787401575);
#3899=VECTOR('',#6320,39.3700787401575);
#3900=VECTOR('',#6321,39.3700787401575);
#3901=VECTOR('',#6322,39.3700787401575);
#3902=VECTOR('',#6323,39.3700787401575);
#3903=VECTOR('',#6324,39.3700787401575);
#3904=VECTOR('',#6325,39.3700787401575);
#3905=VECTOR('',#6326,39.3700787401575);
#3906=VECTOR('',#6327,39.3700787401575);
#3907=VECTOR('',#6328,39.3700787401575);
#3908=VECTOR('',#6329,39.3700787401575);
#3909=VECTOR('',#6330,39.3700787401575);
#3910=VECTOR('',#6331,39.3700787401575);
#3911=VECTOR('',#6332,39.3700787401575);
#3912=VECTOR('',#6333,39.3700787401575);
#3913=VECTOR('',#6334,39.3700787401575);
#3914=VECTOR('',#6335,39.3700787401575);
#3915=VECTOR('',#6336,39.3700787401575);
#3916=VECTOR('',#6337,39.3700787401575);
#3917=VECTOR('',#6338,39.3700787401575);
#3918=VECTOR('',#6339,39.3700787401575);
#3919=VECTOR('',#6340,39.3700787401575);
#3920=VECTOR('',#6341,39.3700787401575);
#3921=VECTOR('',#6342,39.3700787401575);
#3922=VECTOR('',#6343,39.3700787401575);
#3923=VECTOR('',#6344,39.3700787401575);
#3924=VECTOR('',#6345,39.3700787401575);
#3925=VECTOR('',#6346,39.3700787401575);
#3926=VECTOR('',#6347,39.3700787401575);
#3927=VECTOR('',#6348,39.3700787401575);
#3928=VECTOR('',#6351,39.3700787401575);
#3929=VECTOR('',#6352,39.3700787401575);
#3930=VECTOR('',#6353,39.3700787401575);
#3931=VECTOR('',#6354,39.3700787401575);
#3932=VECTOR('',#6355,39.3700787401575);
#3933=VECTOR('',#6356,39.3700787401575);
#3934=VECTOR('',#6357,39.3700787401575);
#3935=VECTOR('',#6358,39.3700787401575);
#3936=VECTOR('',#6359,39.3700787401575);
#3937=VECTOR('',#6360,39.3700787401575);
#3938=VECTOR('',#6361,39.3700787401575);
#3939=VECTOR('',#6362,39.3700787401575);
#3940=VECTOR('',#6363,39.3700787401575);
#3941=VECTOR('',#6364,39.3700787401575);
#3942=VECTOR('',#6365,39.3700787401575);
#3943=VECTOR('',#6366,39.3700787401575);
#3944=VECTOR('',#6367,39.3700787401575);
#3945=VECTOR('',#6368,39.3700787401575);
#3946=VECTOR('',#6369,39.3700787401575);
#3947=VECTOR('',#6370,39.3700787401575);
#3948=VECTOR('',#6371,39.3700787401575);
#3949=VECTOR('',#6372,39.3700787401575);
#3950=VECTOR('',#6373,39.3700787401575);
#3951=VECTOR('',#6374,39.3700787401575);
#3952=VECTOR('',#6375,39.3700787401575);
#3953=VECTOR('',#6376,39.3700787401575);
#3954=VECTOR('',#6377,39.3700787401575);
#3955=VECTOR('',#6378,39.3700787401575);
#3956=VECTOR('',#6379,39.3700787401575);
#3957=VECTOR('',#6380,39.3700787401575);
#3958=VECTOR('',#6381,39.3700787401575);
#3959=VECTOR('',#6382,39.3700787401575);
#3960=VECTOR('',#6383,39.3700787401575);
#3961=VECTOR('',#6384,39.3700787401575);
#3962=VECTOR('',#6385,39.3700787401575);
#3963=VECTOR('',#6386,39.3700787401575);
#3964=VECTOR('',#6387,39.3700787401575);
#3965=VECTOR('',#6388,39.3700787401575);
#3966=VECTOR('',#6389,39.3700787401575);
#3967=VECTOR('',#6390,39.3700787401575);
#3968=VECTOR('',#6391,39.3700787401575);
#3969=VECTOR('',#6392,39.3700787401575);
#3970=VECTOR('',#6393,39.3700787401575);
#3971=VECTOR('',#6394,39.3700787401575);
#3972=VECTOR('',#6397,39.3700787401575);
#3973=VECTOR('',#6398,39.3700787401575);
#3974=VECTOR('',#6401,39.3700787401575);
#3975=VECTOR('',#6402,39.3700787401575);
#3976=VECTOR('',#6405,39.3700787401575);
#3977=VECTOR('',#6406,39.3700787401575);
#3978=VECTOR('',#6409,39.3700787401575);
#3979=VECTOR('',#6410,39.3700787401575);
#3980=VECTOR('',#6413,39.3700787401575);
#3981=VECTOR('',#6414,39.3700787401575);
#3982=VECTOR('',#6417,39.3700787401575);
#3983=VECTOR('',#6418,39.3700787401575);
#3984=VECTOR('',#6421,39.3700787401575);
#3985=VECTOR('',#6422,39.3700787401575);
#3986=VECTOR('',#6425,39.3700787401575);
#3987=VECTOR('',#6426,39.3700787401575);
#3988=VECTOR('',#6429,39.3700787401575);
#3989=VECTOR('',#6430,39.3700787401575);
#3990=VECTOR('',#6433,39.3700787401575);
#3991=VECTOR('',#6434,39.3700787401575);
#3992=VECTOR('',#6437,39.3700787401575);
#3993=VECTOR('',#6438,39.3700787401575);
#3994=VECTOR('',#6441,39.3700787401575);
#3995=VECTOR('',#6442,39.3700787401575);
#3996=VECTOR('',#6445,39.3700787401575);
#3997=VECTOR('',#6446,39.3700787401575);
#3998=VECTOR('',#6449,39.3700787401575);
#3999=VECTOR('',#6452,39.3700787401575);
#4000=VECTOR('',#6455,39.3700787401575);
#4001=VECTOR('',#6456,39.3700787401575);
#4002=VECTOR('',#6459,39.3700787401575);
#4003=VECTOR('',#6462,39.3700787401575);
#4004=VECTOR('',#6465,39.3700787401575);
#4005=VECTOR('',#6466,39.3700787401575);
#4006=VECTOR('',#6469,39.3700787401575);
#4007=VECTOR('',#6472,39.3700787401575);
#4008=VECTOR('',#6475,39.3700787401575);
#4009=VECTOR('',#6476,39.3700787401575);
#4010=VECTOR('',#6479,39.3700787401575);
#4011=VECTOR('',#6482,39.3700787401575);
#4012=VECTOR('',#6485,39.3700787401575);
#4013=VECTOR('',#6486,39.3700787401575);
#4014=VECTOR('',#6489,39.3700787401575);
#4015=VECTOR('',#6492,39.3700787401575);
#4016=VECTOR('',#6505,39.3700787401575);
#4017=VECTOR('',#6506,39.3700787401575);
#4018=VECTOR('',#6507,39.3700787401575);
#4019=VECTOR('',#6510,39.3700787401575);
#4020=VECTOR('',#6511,39.3700787401575);
#4021=VECTOR('',#6514,39.3700787401575);
#4022=VECTOR('',#6515,39.3700787401575);
#4023=VECTOR('',#6518,39.3700787401575);
#4024=VECTOR('',#6523,39.3700787401575);
#4025=VECTOR('',#6524,39.3700787401575);
#4026=VECTOR('',#6525,39.3700787401575);
#4027=VECTOR('',#6528,39.3700787401575);
#4028=VECTOR('',#6529,39.3700787401575);
#4029=VECTOR('',#6532,39.3700787401575);
#4030=VECTOR('',#6533,39.3700787401575);
#4031=VECTOR('',#6536,39.3700787401575);
#4032=VECTOR('',#6541,39.3700787401575);
#4033=VECTOR('',#6542,39.3700787401575);
#4034=VECTOR('',#6543,39.3700787401575);
#4035=VECTOR('',#6546,39.3700787401575);
#4036=VECTOR('',#6547,39.3700787401575);
#4037=VECTOR('',#6550,39.3700787401575);
#4038=VECTOR('',#6551,39.3700787401575);
#4039=VECTOR('',#6554,39.3700787401575);
#4040=VECTOR('',#6559,39.3700787401575);
#4041=VECTOR('',#6560,39.3700787401575);
#4042=VECTOR('',#6561,39.3700787401575);
#4043=VECTOR('',#6564,39.3700787401575);
#4044=VECTOR('',#6565,39.3700787401575);
#4045=VECTOR('',#6568,39.3700787401575);
#4046=VECTOR('',#6569,39.3700787401575);
#4047=VECTOR('',#6572,39.3700787401575);
#4048=VECTOR('',#6577,39.3700787401575);
#4049=VECTOR('',#6578,39.3700787401575);
#4050=VECTOR('',#6579,39.3700787401575);
#4051=VECTOR('',#6582,39.3700787401575);
#4052=VECTOR('',#6583,39.3700787401575);
#4053=VECTOR('',#6586,39.3700787401575);
#4054=VECTOR('',#6587,39.3700787401575);
#4055=VECTOR('',#6590,39.3700787401575);
#4056=VECTOR('',#6595,39.3700787401575);
#4057=VECTOR('',#6596,39.3700787401575);
#4058=VECTOR('',#6597,39.3700787401575);
#4059=VECTOR('',#6600,39.3700787401575);
#4060=VECTOR('',#6601,39.3700787401575);
#4061=VECTOR('',#6604,39.3700787401575);
#4062=VECTOR('',#6605,39.3700787401575);
#4063=VECTOR('',#6608,39.3700787401575);
#4064=VECTOR('',#6627,39.3700787401575);
#4065=VECTOR('',#6628,39.3700787401575);
#4066=VECTOR('',#6629,39.3700787401575);
#4067=VECTOR('',#6630,39.3700787401575);
#4068=VECTOR('',#6631,39.3700787401575);
#4069=VECTOR('',#6632,39.3700787401575);
#4070=VECTOR('',#6633,39.3700787401575);
#4071=VECTOR('',#6634,39.3700787401575);
#4072=VECTOR('',#6635,39.3700787401575);
#4073=VECTOR('',#6636,39.3700787401575);
#4074=VECTOR('',#6637,39.3700787401575);
#4075=VECTOR('',#6638,39.3700787401575);
#4076=VECTOR('',#6639,39.3700787401575);
#4077=VECTOR('',#6640,39.3700787401575);
#4078=VECTOR('',#6641,39.3700787401575);
#4079=VECTOR('',#6642,39.3700787401575);
#4080=VECTOR('',#6643,39.3700787401575);
#4081=VECTOR('',#6644,39.3700787401575);
#4082=VECTOR('',#6645,39.3700787401575);
#4083=VECTOR('',#6646,39.3700787401575);
#4084=VECTOR('',#6647,39.3700787401575);
#4085=VECTOR('',#6648,39.3700787401575);
#4086=VECTOR('',#6649,39.3700787401575);
#4087=VECTOR('',#6650,39.3700787401575);
#4088=VECTOR('',#6653,39.3700787401575);
#4089=VECTOR('',#6654,39.3700787401575);
#4090=VECTOR('',#6655,39.3700787401575);
#4091=VECTOR('',#6656,39.3700787401575);
#4092=VECTOR('',#6657,39.3700787401575);
#4093=VECTOR('',#6658,39.3700787401575);
#4094=VECTOR('',#6659,39.3700787401575);
#4095=VECTOR('',#6660,39.3700787401575);
#4096=VECTOR('',#6661,39.3700787401575);
#4097=VECTOR('',#6662,39.3700787401575);
#4098=VECTOR('',#6663,39.3700787401575);
#4099=VECTOR('',#6664,39.3700787401575);
#4100=VECTOR('',#6665,39.3700787401575);
#4101=VECTOR('',#6666,39.3700787401575);
#4102=VECTOR('',#6667,39.3700787401575);
#4103=VECTOR('',#6668,39.3700787401575);
#4104=VECTOR('',#6669,39.3700787401575);
#4105=VECTOR('',#6670,39.3700787401575);
#4106=VECTOR('',#6671,39.3700787401575);
#4107=VECTOR('',#6672,39.3700787401575);
#4108=VECTOR('',#6673,39.3700787401575);
#4109=VECTOR('',#6674,39.3700787401575);
#4110=VECTOR('',#6675,39.3700787401575);
#4111=VECTOR('',#6676,39.3700787401575);
#4112=VECTOR('',#6679,39.3700787401575);
#4113=VECTOR('',#6682,39.3700787401575);
#4114=VECTOR('',#6685,39.3700787401575);
#4115=VECTOR('',#6686,39.3700787401575);
#4116=VECTOR('',#6687,39.3700787401575);
#4117=VECTOR('',#6690,39.3700787401575);
#4118=VECTOR('',#6695,39.3700787401575);
#4119=VECTOR('',#6698,39.3700787401575);
#4120=VECTOR('',#6701,39.3700787401575);
#4121=VECTOR('',#6702,39.3700787401575);
#4122=VECTOR('',#6703,39.3700787401575);
#4123=VECTOR('',#6706,39.3700787401575);
#4124=VECTOR('',#6711,39.3700787401575);
#4125=VECTOR('',#6712,39.3700787401575);
#4126=VECTOR('',#6713,39.3700787401575);
#4127=VECTOR('',#6714,39.3700787401575);
#4128=VECTOR('',#6717,39.3700787401575);
#4129=VECTOR('',#6718,39.3700787401575);
#4130=VECTOR('',#6719,39.3700787401575);
#4131=VECTOR('',#6720,39.3700787401575);
#4132=VECTOR('',#6723,39.3700787401575);
#4133=VECTOR('',#6724,39.3700787401575);
#4134=VECTOR('',#6725,39.3700787401575);
#4135=VECTOR('',#6726,39.3700787401575);
#4136=VECTOR('',#6729,39.3700787401575);
#4137=VECTOR('',#6730,39.3700787401575);
#4138=VECTOR('',#6731,39.3700787401575);
#4139=VECTOR('',#6732,39.3700787401575);
#4140=VECTOR('',#6735,39.3700787401575);
#4141=VECTOR('',#6736,39.3700787401575);
#4142=VECTOR('',#6737,39.3700787401575);
#4143=VECTOR('',#6738,39.3700787401575);
#4144=VECTOR('',#6741,39.3700787401575);
#4145=VECTOR('',#6742,39.3700787401575);
#4146=VECTOR('',#6743,39.3700787401575);
#4147=VECTOR('',#6744,39.3700787401575);
#4148=VECTOR('',#6747,39.3700787401575);
#4149=VECTOR('',#6748,39.3700787401575);
#4150=VECTOR('',#6749,39.3700787401575);
#4151=VECTOR('',#6750,39.3700787401575);
#4152=VECTOR('',#6753,39.3700787401575);
#4153=VECTOR('',#6754,39.3700787401575);
#4154=VECTOR('',#6755,39.3700787401575);
#4155=VECTOR('',#6756,39.3700787401575);
#4156=VECTOR('',#6763,39.3700787401575);
#4157=VECTOR('',#6768,39.3700787401575);
#4158=VECTOR('',#6775,39.3700787401575);
#4159=VECTOR('',#6782,39.3700787401575);
#4160=VECTOR('',#6787,39.3700787401575);
#4161=VECTOR('',#6788,39.3700787401575);
#4162=VECTOR('',#6789,39.3700787401575);
#4163=VECTOR('',#6792,39.3700787401575);
#4164=VECTOR('',#6793,39.3700787401575);
#4165=VECTOR('',#6794,39.3700787401575);
#4166=VECTOR('',#6797,39.3700787401575);
#4167=VECTOR('',#6798,39.3700787401575);
#4168=VECTOR('',#6799,39.3700787401575);
#4169=VECTOR('',#6802,39.3700787401575);
#4170=VECTOR('',#6803,39.3700787401575);
#4171=VECTOR('',#6804,39.3700787401575);
#4172=VECTOR('',#6835,39.3700787401575);
#4173=VECTOR('',#6840,39.3700787401575);
#4174=VECTOR('',#6847,39.3700787401575);
#4175=VECTOR('',#6854,39.3700787401575);
#4176=VECTOR('',#6859,39.3700787401575);
#4177=VECTOR('',#6860,39.3700787401575);
#4178=VECTOR('',#6861,39.3700787401575);
#4179=VECTOR('',#6864,39.3700787401575);
#4180=VECTOR('',#6865,39.3700787401575);
#4181=VECTOR('',#6866,39.3700787401575);
#4182=VECTOR('',#6869,39.3700787401575);
#4183=VECTOR('',#6870,39.3700787401575);
#4184=VECTOR('',#6871,39.3700787401575);
#4185=VECTOR('',#6874,39.3700787401575);
#4186=VECTOR('',#6875,39.3700787401575);
#4187=VECTOR('',#6876,39.3700787401575);
#4188=VECTOR('',#6903,39.3700787401575);
#4189=VECTOR('',#6904,39.3700787401575);
#4190=VECTOR('',#6905,39.3700787401575);
#4191=VECTOR('',#6908,39.3700787401575);
#4192=VECTOR('',#6909,39.3700787401575);
#4193=VECTOR('',#6910,39.3700787401575);
#4194=VECTOR('',#6915,39.3700787401575);
#4195=VECTOR('',#6918,39.3700787401575);
#4196=VECTOR('',#6919,39.3700787401575);
#4197=VECTOR('',#6928,39.3700787401575);
#4198=VECTOR('',#6931,39.3700787401575);
#4199=VECTOR('',#6932,39.3700787401575);
#4200=VECTOR('',#6939,39.3700787401575);
#4201=VECTOR('',#6940,39.3700787401575);
#4202=VECTOR('',#6941,39.3700787401575);
#4203=VECTOR('',#6944,39.3700787401575);
#4204=VECTOR('',#6945,39.3700787401575);
#4205=VECTOR('',#6946,39.3700787401575);
#4206=VECTOR('',#6951,39.3700787401575);
#4207=VECTOR('',#6954,39.3700787401575);
#4208=VECTOR('',#6955,39.3700787401575);
#4209=VECTOR('',#6964,39.3700787401575);
#4210=VECTOR('',#6967,39.3700787401575);
#4211=VECTOR('',#6968,39.3700787401575);
#4212=VECTOR('',#6975,39.3700787401575);
#4213=VECTOR('',#6976,39.3700787401575);
#4214=VECTOR('',#6979,39.3700787401575);
#4215=VECTOR('',#6982,39.3700787401575);
#4216=VECTOR('',#6985,39.3700787401575);
#4217=VECTOR('',#6986,39.3700787401575);
#4218=VECTOR('',#6989,39.3700787401575);
#4219=VECTOR('',#6992,39.3700787401575);
#4220=VECTOR('',#6995,39.3700787401575);
#4221=VECTOR('',#6996,39.3700787401575);
#4222=VECTOR('',#6999,39.3700787401575);
#4223=VECTOR('',#7002,39.3700787401575);
#4224=VECTOR('',#7005,39.3700787401575);
#4225=VECTOR('',#7006,39.3700787401575);
#4226=VECTOR('',#7009,39.3700787401575);
#4227=VECTOR('',#7012,39.3700787401575);
#4228=VECTOR('',#7015,39.3700787401575);
#4229=VECTOR('',#7016,39.3700787401575);
#4230=VECTOR('',#7019,39.3700787401575);
#4231=VECTOR('',#7022,39.3700787401575);
#4232=VECTOR('',#7025,39.3700787401575);
#4233=VECTOR('',#7026,39.3700787401575);
#4234=VECTOR('',#7027,39.3700787401575);
#4235=VECTOR('',#7030,39.3700787401575);
#4236=VECTOR('',#7031,39.3700787401575);
#4237=VECTOR('',#7034,39.3700787401575);
#4238=VECTOR('',#7035,39.3700787401575);
#4239=VECTOR('',#7038,39.3700787401575);
#4240=VECTOR('',#7043,39.3700787401575);
#4241=VECTOR('',#7044,39.3700787401575);
#4242=VECTOR('',#7045,39.3700787401575);
#4243=VECTOR('',#7048,39.3700787401575);
#4244=VECTOR('',#7049,39.3700787401575);
#4245=VECTOR('',#7052,39.3700787401575);
#4246=VECTOR('',#7053,39.3700787401575);
#4247=VECTOR('',#7056,39.3700787401575);
#4248=VECTOR('',#7061,39.3700787401575);
#4249=VECTOR('',#7062,39.3700787401575);
#4250=VECTOR('',#7063,39.3700787401575);
#4251=VECTOR('',#7066,39.3700787401575);
#4252=VECTOR('',#7067,39.3700787401575);
#4253=VECTOR('',#7070,39.3700787401575);
#4254=VECTOR('',#7071,39.3700787401575);
#4255=VECTOR('',#7074,39.3700787401575);
#4256=VECTOR('',#7079,39.3700787401575);
#4257=VECTOR('',#7080,39.3700787401575);
#4258=VECTOR('',#7081,39.3700787401575);
#4259=VECTOR('',#7084,39.3700787401575);
#4260=VECTOR('',#7085,39.3700787401575);
#4261=VECTOR('',#7088,39.3700787401575);
#4262=VECTOR('',#7089,39.3700787401575);
#4263=VECTOR('',#7092,39.3700787401575);
#4264=VECTOR('',#7097,39.3700787401575);
#4265=VECTOR('',#7098,39.3700787401575);
#4266=VECTOR('',#7099,39.3700787401575);
#4267=VECTOR('',#7102,39.3700787401575);
#4268=VECTOR('',#7103,39.3700787401575);
#4269=VECTOR('',#7106,39.3700787401575);
#4270=VECTOR('',#7107,39.3700787401575);
#4271=VECTOR('',#7110,39.3700787401575);
#4272=VECTOR('',#7115,39.3700787401575);
#4273=VECTOR('',#7116,39.3700787401575);
#4274=VECTOR('',#7117,39.3700787401575);
#4275=VECTOR('',#7120,39.3700787401575);
#4276=VECTOR('',#7121,39.3700787401575);
#4277=VECTOR('',#7124,39.3700787401575);
#4278=VECTOR('',#7125,39.3700787401575);
#4279=VECTOR('',#7128,39.3700787401575);
#4280=EDGE_LOOP('',(#108,#109,#110,#111));
#4281=EDGE_LOOP('',(#112,#113,#114,#115));
#4282=EDGE_LOOP('',(#116,#117,#118,#119));
#4283=EDGE_LOOP('',(#120,#121,#122,#123));
#4284=EDGE_LOOP('',(#124,#125,#126,#127,#128,#129,#130,#131,#132,#133,#134,
#135,#136,#137,#138,#139,#140,#141,#142,#143,#144,#145,#146,#147,#148,#149,
#150,#151,#152,#153,#154,#155,#156,#157,#158,#159,#160,#161,#162,#163,#164,
#165,#166,#167));
#4285=EDGE_LOOP('',(#168,#169,#170,#171));
#4286=EDGE_LOOP('',(#172,#173,#174,#175));
#4287=EDGE_LOOP('',(#176,#177,#178,#179));
#4288=EDGE_LOOP('',(#180,#181,#182,#183));
#4289=EDGE_LOOP('',(#184,#185,#186,#187));
#4290=EDGE_LOOP('',(#188,#189,#190,#191));
#4291=EDGE_LOOP('',(#192,#193,#194,#195));
#4292=EDGE_LOOP('',(#196,#197,#198,#199));
#4293=EDGE_LOOP('',(#200,#201,#202,#203));
#4294=EDGE_LOOP('',(#204,#205,#206,#207));
#4295=EDGE_LOOP('',(#208,#209,#210,#211));
#4296=EDGE_LOOP('',(#212,#213,#214,#215));
#4297=EDGE_LOOP('',(#216,#217,#218,#219));
#4298=EDGE_LOOP('',(#220,#221,#222,#223));
#4299=EDGE_LOOP('',(#224,#225,#226,#227));
#4300=EDGE_LOOP('',(#228,#229,#230,#231));
#4301=EDGE_LOOP('',(#232,#233,#234,#235));
#4302=EDGE_LOOP('',(#236,#237,#238,#239));
#4303=EDGE_LOOP('',(#240,#241,#242,#243));
#4304=EDGE_LOOP('',(#244,#245,#246,#247));
#4305=EDGE_LOOP('',(#248,#249,#250,#251));
#4306=EDGE_LOOP('',(#252,#253,#254,#255));
#4307=EDGE_LOOP('',(#256,#257,#258,#259));
#4308=EDGE_LOOP('',(#260,#261,#262,#263));
#4309=EDGE_LOOP('',(#264,#265,#266,#267));
#4310=EDGE_LOOP('',(#268,#269,#270,#271));
#4311=EDGE_LOOP('',(#272,#273,#274,#275));
#4312=EDGE_LOOP('',(#276,#277,#278,#279));
#4313=EDGE_LOOP('',(#280,#281,#282,#283));
#4314=EDGE_LOOP('',(#284,#285,#286,#287));
#4315=EDGE_LOOP('',(#288,#289,#290,#291));
#4316=EDGE_LOOP('',(#292,#293,#294,#295));
#4317=EDGE_LOOP('',(#296,#297,#298,#299));
#4318=EDGE_LOOP('',(#300,#301,#302,#303));
#4319=EDGE_LOOP('',(#304,#305,#306,#307));
#4320=EDGE_LOOP('',(#308,#309,#310,#311));
#4321=EDGE_LOOP('',(#312,#313,#314,#315));
#4322=EDGE_LOOP('',(#316,#317,#318,#319));
#4323=EDGE_LOOP('',(#320,#321,#322,#323));
#4324=EDGE_LOOP('',(#324,#325,#326,#327));
#4325=EDGE_LOOP('',(#328,#329,#330,#331));
#4326=EDGE_LOOP('',(#332,#333,#334,#335));
#4327=EDGE_LOOP('',(#336,#337,#338,#339));
#4328=EDGE_LOOP('',(#340,#341,#342,#343));
#4329=EDGE_LOOP('',(#344,#345,#346,#347));
#4330=EDGE_LOOP('',(#348,#349,#350,#351));
#4331=EDGE_LOOP('',(#352,#353,#354,#355));
#4332=EDGE_LOOP('',(#356,#357,#358,#359));
#4333=EDGE_LOOP('',(#360,#361,#362,#363));
#4334=EDGE_LOOP('',(#364,#365,#366,#367));
#4335=EDGE_LOOP('',(#368,#369,#370,#371));
#4336=EDGE_LOOP('',(#372,#373,#374,#375));
#4337=EDGE_LOOP('',(#376,#377,#378,#379));
#4338=EDGE_LOOP('',(#380,#381,#382,#383));
#4339=EDGE_LOOP('',(#384,#385,#386,#387));
#4340=EDGE_LOOP('',(#388,#389,#390,#391));
#4341=EDGE_LOOP('',(#392,#393,#394,#395));
#4342=EDGE_LOOP('',(#396,#397,#398,#399));
#4343=EDGE_LOOP('',(#400,#401,#402,#403));
#4344=EDGE_LOOP('',(#404,#405,#406,#407));
#4345=EDGE_LOOP('',(#408,#409,#410,#411));
#4346=EDGE_LOOP('',(#412,#413,#414,#415,#416,#417,#418,#419));
#4347=EDGE_LOOP('',(#420,#421,#422,#423,#424,#425,#426,#427));
#4348=EDGE_LOOP('',(#428,#429,#430,#431,#432,#433,#434,#435));
#4349=EDGE_LOOP('',(#436,#437,#438,#439,#440,#441,#442,#443));
#4350=EDGE_LOOP('',(#444,#445,#446,#447,#448,#449,#450,#451));
#4351=EDGE_LOOP('',(#452,#453,#454,#455,#456,#457,#458,#459));
#4352=EDGE_LOOP('',(#460,#461,#462,#463,#464,#465,#466,#467));
#4353=EDGE_LOOP('',(#468,#469,#470,#471,#472,#473,#474,#475));
#4354=EDGE_LOOP('',(#476,#477,#478,#479,#480,#481,#482,#483));
#4355=EDGE_LOOP('',(#484,#485,#486,#487,#488,#489,#490,#491));
#4356=EDGE_LOOP('',(#492,#493,#494,#495));
#4357=EDGE_LOOP('',(#496,#497,#498,#499));
#4358=EDGE_LOOP('',(#500,#501,#502,#503));
#4359=EDGE_LOOP('',(#504,#505,#506,#507));
#4360=EDGE_LOOP('',(#508,#509,#510,#511));
#4361=EDGE_LOOP('',(#512,#513,#514,#515));
#4362=EDGE_LOOP('',(#516,#517,#518,#519));
#4363=EDGE_LOOP('',(#520,#521,#522,#523));
#4364=EDGE_LOOP('',(#524,#525,#526,#527));
#4365=EDGE_LOOP('',(#528,#529,#530,#531));
#4366=EDGE_LOOP('',(#532,#533,#534,#535));
#4367=EDGE_LOOP('',(#536,#537,#538,#539));
#4368=EDGE_LOOP('',(#540,#541,#542,#543));
#4369=EDGE_LOOP('',(#544,#545,#546,#547));
#4370=EDGE_LOOP('',(#548,#549,#550,#551));
#4371=EDGE_LOOP('',(#552,#553,#554,#555));
#4372=EDGE_LOOP('',(#556,#557,#558,#559,#560,#561,#562,#563,#564));
#4373=EDGE_LOOP('',(#565,#566,#567,#568,#569,#570,#571,#572,#573));
#4374=EDGE_LOOP('',(#574,#575,#576,#577));
#4375=EDGE_LOOP('',(#578,#579,#580,#581));
#4376=EDGE_LOOP('',(#582,#583,#584,#585));
#4377=EDGE_LOOP('',(#586,#587,#588,#589));
#4378=EDGE_LOOP('',(#590,#591,#592,#593,#594,#595,#596,#597,#598));
#4379=EDGE_LOOP('',(#599,#600,#601,#602,#603,#604,#605,#606,#607));
#4380=EDGE_LOOP('',(#608,#609,#610,#611));
#4381=EDGE_LOOP('',(#612,#613,#614,#615));
#4382=EDGE_LOOP('',(#616,#617,#618,#619));
#4383=EDGE_LOOP('',(#620,#621,#622,#623));
#4384=EDGE_LOOP('',(#624,#625,#626,#627));
#4385=EDGE_LOOP('',(#628,#629,#630,#631));
#4386=EDGE_LOOP('',(#632,#633,#634,#635));
#4387=EDGE_LOOP('',(#636,#637,#638,#639));
#4388=EDGE_LOOP('',(#640,#641,#642,#643));
#4389=EDGE_LOOP('',(#644,#645,#646,#647));
#4390=EDGE_LOOP('',(#648,#649,#650,#651));
#4391=EDGE_LOOP('',(#652,#653,#654,#655));
#4392=EDGE_LOOP('',(#656,#657,#658,#659,#660,#661,#662,#663,#664));
#4393=EDGE_LOOP('',(#665,#666,#667,#668,#669,#670,#671,#672,#673));
#4394=EDGE_LOOP('',(#674,#675,#676,#677));
#4395=EDGE_LOOP('',(#678,#679,#680,#681));
#4396=EDGE_LOOP('',(#682,#683,#684,#685));
#4397=EDGE_LOOP('',(#686,#687,#688,#689));
#4398=EDGE_LOOP('',(#690,#691,#692,#693,#694,#695,#696,#697,#698));
#4399=EDGE_LOOP('',(#699,#700,#701,#702,#703,#704,#705,#706,#707));
#4400=EDGE_LOOP('',(#708,#709,#710,#711));
#4401=EDGE_LOOP('',(#712,#713,#714,#715));
#4402=EDGE_LOOP('',(#716,#717,#718,#719));
#4403=EDGE_LOOP('',(#720,#721,#722,#723));
#4404=EDGE_LOOP('',(#724,#725,#726,#727));
#4405=EDGE_LOOP('',(#728,#729,#730,#731));
#4406=EDGE_LOOP('',(#732,#733,#734,#735,#736,#737,#738,#739,#740,#741,#742,
#743,#744,#745,#746,#747,#748,#749,#750,#751,#752,#753,#754,#755,#756,#757,
#758,#759,#760,#761,#762,#763,#764,#765,#766,#767,#768,#769,#770,#771,#772,
#773,#774,#775));
#4407=EDGE_LOOP('',(#776,#777,#778,#779,#780,#781,#782,#783,#784,#785,#786,
#787,#788,#789,#790,#791,#792,#793,#794,#795,#796,#797,#798,#799,#800,#801,
#802,#803,#804,#805,#806,#807,#808,#809,#810,#811,#812,#813,#814,#815,#816,
#817,#818,#819));
#4408=EDGE_LOOP('',(#820,#821,#822,#823));
#4409=EDGE_LOOP('',(#824,#825,#826,#827));
#4410=EDGE_LOOP('',(#828,#829,#830,#831));
#4411=EDGE_LOOP('',(#832,#833,#834,#835));
#4412=EDGE_LOOP('',(#836,#837,#838,#839));
#4413=EDGE_LOOP('',(#840,#841,#842,#843));
#4414=EDGE_LOOP('',(#844,#845,#846,#847));
#4415=EDGE_LOOP('',(#848,#849,#850,#851));
#4416=EDGE_LOOP('',(#852,#853,#854,#855));
#4417=EDGE_LOOP('',(#856,#857,#858,#859));
#4418=EDGE_LOOP('',(#860,#861,#862,#863));
#4419=EDGE_LOOP('',(#864,#865,#866,#867));
#4420=EDGE_LOOP('',(#868,#869,#870,#871));
#4421=EDGE_LOOP('',(#872,#873,#874,#875));
#4422=EDGE_LOOP('',(#876,#877,#878,#879));
#4423=EDGE_LOOP('',(#880,#881,#882,#883));
#4424=EDGE_LOOP('',(#884,#885,#886,#887));
#4425=EDGE_LOOP('',(#888,#889,#890,#891));
#4426=EDGE_LOOP('',(#892,#893,#894,#895));
#4427=EDGE_LOOP('',(#896,#897,#898,#899));
#4428=EDGE_LOOP('',(#900,#901,#902,#903));
#4429=EDGE_LOOP('',(#904,#905,#906,#907));
#4430=EDGE_LOOP('',(#908,#909,#910,#911));
#4431=EDGE_LOOP('',(#912,#913,#914,#915));
#4432=EDGE_LOOP('',(#916,#917,#918,#919));
#4433=EDGE_LOOP('',(#920,#921,#922,#923));
#4434=EDGE_LOOP('',(#924,#925,#926,#927));
#4435=EDGE_LOOP('',(#928,#929,#930,#931));
#4436=EDGE_LOOP('',(#932,#933,#934,#935));
#4437=EDGE_LOOP('',(#936,#937,#938,#939));
#4438=EDGE_LOOP('',(#940,#941,#942,#943));
#4439=EDGE_LOOP('',(#944,#945,#946,#947));
#4440=EDGE_LOOP('',(#948,#949,#950,#951));
#4441=EDGE_LOOP('',(#952,#953,#954,#955));
#4442=EDGE_LOOP('',(#956,#957,#958,#959));
#4443=EDGE_LOOP('',(#960,#961,#962,#963));
#4444=EDGE_LOOP('',(#964,#965,#966,#967));
#4445=EDGE_LOOP('',(#968,#969,#970,#971));
#4446=EDGE_LOOP('',(#972,#973,#974,#975));
#4447=EDGE_LOOP('',(#976,#977,#978,#979));
#4448=EDGE_LOOP('',(#980,#981,#982,#983));
#4449=EDGE_LOOP('',(#984,#985,#986,#987));
#4450=EDGE_LOOP('',(#988,#989,#990,#991));
#4451=EDGE_LOOP('',(#992,#993,#994,#995));
#4452=EDGE_LOOP('',(#996,#997,#998,#999));
#4453=EDGE_LOOP('',(#1000,#1001,#1002,#1003));
#4454=EDGE_LOOP('',(#1004,#1005,#1006,#1007));
#4455=EDGE_LOOP('',(#1008,#1009,#1010,#1011));
#4456=EDGE_LOOP('',(#1012,#1013,#1014,#1015));
#4457=EDGE_LOOP('',(#1016,#1017,#1018,#1019));
#4458=EDGE_LOOP('',(#1020,#1021,#1022,#1023));
#4459=EDGE_LOOP('',(#1024,#1025,#1026,#1027));
#4460=EDGE_LOOP('',(#1028,#1029,#1030,#1031));
#4461=EDGE_LOOP('',(#1032,#1033,#1034,#1035));
#4462=EDGE_LOOP('',(#1036,#1037,#1038,#1039));
#4463=EDGE_LOOP('',(#1040,#1041,#1042,#1043));
#4464=EDGE_LOOP('',(#1044,#1045,#1046,#1047));
#4465=EDGE_LOOP('',(#1048,#1049,#1050,#1051));
#4466=EDGE_LOOP('',(#1052,#1053,#1054,#1055));
#4467=EDGE_LOOP('',(#1056,#1057,#1058,#1059));
#4468=EDGE_LOOP('',(#1060,#1061,#1062,#1063));
#4469=EDGE_LOOP('',(#1064,#1065,#1066,#1067));
#4470=EDGE_LOOP('',(#1068,#1069,#1070,#1071));
#4471=EDGE_LOOP('',(#1072,#1073,#1074,#1075));
#4472=EDGE_LOOP('',(#1076,#1077,#1078,#1079));
#4473=EDGE_LOOP('',(#1080,#1081,#1082,#1083));
#4474=EDGE_LOOP('',(#1084,#1085,#1086,#1087));
#4475=EDGE_LOOP('',(#1088,#1089,#1090,#1091));
#4476=EDGE_LOOP('',(#1092,#1093,#1094,#1095,#1096,#1097,#1098,#1099,#1100,
#1101,#1102,#1103,#1104,#1105,#1106,#1107,#1108,#1109,#1110,#1111,#1112,
#1113,#1114,#1115));
#4477=EDGE_LOOP('',(#1116,#1117,#1118,#1119,#1120,#1121,#1122,#1123,#1124,
#1125,#1126,#1127,#1128,#1129,#1130,#1131,#1132,#1133,#1134,#1135,#1136,
#1137,#1138,#1139));
#4478=EDGE_LOOP('',(#1140,#1141,#1142,#1143,#1144,#1145,#1146,#1147,#1148,
#1149,#1150,#1151));
#4479=EDGE_LOOP('',(#1152,#1153,#1154,#1155,#1156,#1157,#1158,#1159,#1160,
#1161,#1162,#1163));
#4480=EDGE_LOOP('',(#1164,#1165,#1166,#1167));
#4481=EDGE_LOOP('',(#1168,#1169,#1170,#1171));
#4482=EDGE_LOOP('',(#1172,#1173,#1174,#1175));
#4483=EDGE_LOOP('',(#1176,#1177,#1178,#1179));
#4484=EDGE_LOOP('',(#1180,#1181,#1182,#1183));
#4485=EDGE_LOOP('',(#1184,#1185,#1186,#1187));
#4486=EDGE_LOOP('',(#1188,#1189,#1190,#1191));
#4487=EDGE_LOOP('',(#1192,#1193,#1194,#1195));
#4488=EDGE_LOOP('',(#1196,#1197,#1198,#1199));
#4489=EDGE_LOOP('',(#1200,#1201,#1202,#1203));
#4490=EDGE_LOOP('',(#1204,#1205,#1206,#1207));
#4491=EDGE_LOOP('',(#1208,#1209,#1210,#1211));
#4492=EDGE_LOOP('',(#1212,#1213,#1214,#1215));
#4493=EDGE_LOOP('',(#1216,#1217,#1218,#1219));
#4494=EDGE_LOOP('',(#1220,#1221,#1222,#1223));
#4495=EDGE_LOOP('',(#1224,#1225,#1226,#1227));
#4496=EDGE_LOOP('',(#1228,#1229,#1230,#1231));
#4497=EDGE_LOOP('',(#1232,#1233,#1234,#1235));
#4498=EDGE_LOOP('',(#1236,#1237,#1238,#1239));
#4499=EDGE_LOOP('',(#1240,#1241,#1242,#1243));
#4500=EDGE_LOOP('',(#1244,#1245,#1246,#1247));
#4501=EDGE_LOOP('',(#1248,#1249,#1250,#1251));
#4502=EDGE_LOOP('',(#1252,#1253,#1254,#1255));
#4503=EDGE_LOOP('',(#1256,#1257,#1258,#1259));
#4504=EDGE_LOOP('',(#1260,#1261,#1262,#1263));
#4505=EDGE_LOOP('',(#1264,#1265,#1266,#1267));
#4506=EDGE_LOOP('',(#1268,#1269,#1270,#1271));
#4507=EDGE_LOOP('',(#1272,#1273,#1274,#1275));
#4508=EDGE_LOOP('',(#1276,#1277,#1278,#1279));
#4509=EDGE_LOOP('',(#1280,#1281,#1282,#1283));
#4510=EDGE_LOOP('',(#1284,#1285,#1286,#1287));
#4511=EDGE_LOOP('',(#1288,#1289,#1290,#1291));
#4512=EDGE_LOOP('',(#1292,#1293,#1294,#1295));
#4513=EDGE_LOOP('',(#1296,#1297,#1298,#1299));
#4514=EDGE_LOOP('',(#1300,#1301,#1302,#1303));
#4515=EDGE_LOOP('',(#1304,#1305,#1306,#1307));
#4516=EDGE_LOOP('',(#1308,#1309,#1310,#1311));
#4517=EDGE_LOOP('',(#1312,#1313,#1314,#1315));
#4518=EDGE_LOOP('',(#1316,#1317,#1318,#1319));
#4519=EDGE_LOOP('',(#1320,#1321,#1322,#1323));
#4520=EDGE_LOOP('',(#1324,#1325,#1326,#1327));
#4521=EDGE_LOOP('',(#1328,#1329,#1330,#1331));
#4522=EDGE_LOOP('',(#1332,#1333,#1334,#1335));
#4523=EDGE_LOOP('',(#1336,#1337,#1338,#1339));
#4524=EDGE_LOOP('',(#1340,#1341,#1342,#1343));
#4525=EDGE_LOOP('',(#1344,#1345,#1346,#1347));
#4526=EDGE_LOOP('',(#1348,#1349,#1350,#1351));
#4527=EDGE_LOOP('',(#1352,#1353,#1354,#1355));
#4528=EDGE_LOOP('',(#1356,#1357,#1358,#1359));
#4529=EDGE_LOOP('',(#1360,#1361,#1362,#1363,#1364,#1365,#1366,#1367,#1368,
#1369,#1370,#1371));
#4530=EDGE_LOOP('',(#1372,#1373,#1374,#1375,#1376,#1377,#1378,#1379,#1380,
#1381,#1382,#1383));
#4531=EDGE_LOOP('',(#1384,#1385,#1386,#1387));
#4532=EDGE_LOOP('',(#1388,#1389,#1390,#1391,#1392,#1393,#1394,#1395,#1396,
#1397,#1398,#1399));
#4533=EDGE_LOOP('',(#1400,#1401,#1402,#1403,#1404,#1405,#1406,#1407,#1408,
#1409,#1410,#1411));
#4534=EDGE_LOOP('',(#1412,#1413,#1414,#1415));
#4535=EDGE_LOOP('',(#1416,#1417,#1418,#1419,#1420,#1421,#1422,#1423,#1424,
#1425,#1426,#1427));
#4536=EDGE_LOOP('',(#1428,#1429,#1430,#1431,#1432,#1433,#1434,#1435,#1436,
#1437,#1438,#1439));
#4537=EDGE_LOOP('',(#1440,#1441,#1442,#1443));
#4538=EDGE_LOOP('',(#1444,#1445,#1446,#1447,#1448,#1449,#1450,#1451,#1452,
#1453,#1454,#1455));
#4539=EDGE_LOOP('',(#1456,#1457,#1458,#1459,#1460,#1461,#1462,#1463,#1464,
#1465,#1466,#1467));
#4540=EDGE_LOOP('',(#1468,#1469,#1470,#1471));
#4541=EDGE_LOOP('',(#1472,#1473,#1474,#1475,#1476,#1477,#1478,#1479,#1480,
#1481,#1482,#1483));
#4542=EDGE_LOOP('',(#1484,#1485,#1486,#1487,#1488,#1489,#1490,#1491,#1492,
#1493,#1494,#1495));
#4543=EDGE_LOOP('',(#1496,#1497,#1498,#1499));
#4544=EDGE_LOOP('',(#1500,#1501,#1502,#1503));
#4545=EDGE_LOOP('',(#1504,#1505,#1506,#1507));
#4546=EDGE_LOOP('',(#1508,#1509,#1510,#1511));
#4547=EDGE_LOOP('',(#1512,#1513,#1514,#1515));
#4548=EDGE_LOOP('',(#1516,#1517,#1518,#1519));
#4549=EDGE_LOOP('',(#1520,#1521,#1522,#1523));
#4550=EDGE_LOOP('',(#1524,#1525,#1526,#1527));
#4551=EDGE_LOOP('',(#1528,#1529,#1530,#1531));
#4552=EDGE_LOOP('',(#1532,#1533,#1534,#1535));
#4553=EDGE_LOOP('',(#1536,#1537,#1538,#1539));
#4554=EDGE_LOOP('',(#1540,#1541,#1542,#1543));
#4555=EDGE_LOOP('',(#1544,#1545,#1546,#1547));
#4556=EDGE_LOOP('',(#1548,#1549,#1550,#1551));
#4557=EDGE_LOOP('',(#1552,#1553,#1554,#1555));
#4558=EDGE_LOOP('',(#1556,#1557,#1558,#1559));
#4559=EDGE_LOOP('',(#1560,#1561,#1562,#1563));
#4560=EDGE_LOOP('',(#1564,#1565,#1566,#1567));
#4561=EDGE_LOOP('',(#1568,#1569,#1570,#1571));
#4562=EDGE_LOOP('',(#1572,#1573,#1574,#1575));
#4563=EDGE_LOOP('',(#1576,#1577,#1578,#1579));
#4564=EDGE_LOOP('',(#1580,#1581,#1582,#1583));
#4565=EDGE_LOOP('',(#1584,#1585,#1586,#1587));
#4566=EDGE_LOOP('',(#1588,#1589,#1590,#1591));
#4567=EDGE_LOOP('',(#1592,#1593,#1594,#1595));
#4568=EDGE_LOOP('',(#1596,#1597,#1598,#1599));
#4569=EDGE_LOOP('',(#1600,#1601,#1602,#1603));
#4570=EDGE_LOOP('',(#1604,#1605,#1606,#1607));
#4571=EDGE_LOOP('',(#1608,#1609,#1610,#1611));
#4572=EDGE_LOOP('',(#1612,#1613,#1614,#1615));
#4573=EDGE_LOOP('',(#1616,#1617,#1618,#1619));
#4574=FACE_BOUND('',#4280,.T.);
#4575=FACE_BOUND('',#4281,.T.);
#4576=FACE_BOUND('',#4282,.T.);
#4577=FACE_BOUND('',#4283,.T.);
#4578=FACE_BOUND('',#4284,.T.);
#4579=FACE_BOUND('',#4285,.T.);
#4580=FACE_BOUND('',#4286,.T.);
#4581=FACE_BOUND('',#4287,.T.);
#4582=FACE_BOUND('',#4288,.T.);
#4583=FACE_BOUND('',#4289,.T.);
#4584=FACE_BOUND('',#4290,.T.);
#4585=FACE_BOUND('',#4291,.T.);
#4586=FACE_BOUND('',#4292,.T.);
#4587=FACE_BOUND('',#4293,.T.);
#4588=FACE_BOUND('',#4294,.T.);
#4589=FACE_BOUND('',#4295,.T.);
#4590=FACE_BOUND('',#4296,.T.);
#4591=FACE_BOUND('',#4297,.T.);
#4592=FACE_BOUND('',#4298,.T.);
#4593=FACE_BOUND('',#4299,.T.);
#4594=FACE_BOUND('',#4300,.T.);
#4595=FACE_BOUND('',#4301,.T.);
#4596=FACE_BOUND('',#4302,.T.);
#4597=FACE_BOUND('',#4303,.T.);
#4598=FACE_BOUND('',#4304,.T.);
#4599=FACE_BOUND('',#4305,.T.);
#4600=FACE_BOUND('',#4306,.T.);
#4601=FACE_BOUND('',#4307,.T.);
#4602=FACE_BOUND('',#4308,.T.);
#4603=FACE_BOUND('',#4309,.T.);
#4604=FACE_BOUND('',#4310,.T.);
#4605=FACE_BOUND('',#4311,.T.);
#4606=FACE_BOUND('',#4312,.T.);
#4607=FACE_BOUND('',#4313,.T.);
#4608=FACE_BOUND('',#4314,.T.);
#4609=FACE_BOUND('',#4315,.T.);
#4610=FACE_BOUND('',#4316,.T.);
#4611=FACE_BOUND('',#4317,.T.);
#4612=FACE_BOUND('',#4318,.T.);
#4613=FACE_BOUND('',#4319,.T.);
#4614=FACE_BOUND('',#4320,.T.);
#4615=FACE_BOUND('',#4321,.T.);
#4616=FACE_BOUND('',#4322,.T.);
#4617=FACE_BOUND('',#4323,.T.);
#4618=FACE_BOUND('',#4324,.T.);
#4619=FACE_BOUND('',#4325,.T.);
#4620=FACE_BOUND('',#4326,.T.);
#4621=FACE_BOUND('',#4327,.T.);
#4622=FACE_BOUND('',#4328,.T.);
#4623=FACE_BOUND('',#4329,.T.);
#4624=FACE_BOUND('',#4330,.T.);
#4625=FACE_BOUND('',#4331,.T.);
#4626=FACE_BOUND('',#4332,.T.);
#4627=FACE_BOUND('',#4333,.T.);
#4628=FACE_BOUND('',#4334,.T.);
#4629=FACE_BOUND('',#4335,.T.);
#4630=FACE_BOUND('',#4336,.T.);
#4631=FACE_BOUND('',#4337,.T.);
#4632=FACE_BOUND('',#4338,.T.);
#4633=FACE_BOUND('',#4339,.T.);
#4634=FACE_BOUND('',#4340,.T.);
#4635=FACE_BOUND('',#4341,.T.);
#4636=FACE_BOUND('',#4342,.T.);
#4637=FACE_BOUND('',#4343,.T.);
#4638=FACE_BOUND('',#4344,.T.);
#4639=FACE_BOUND('',#4345,.T.);
#4640=FACE_BOUND('',#4346,.T.);
#4641=FACE_BOUND('',#4347,.T.);
#4642=FACE_BOUND('',#4348,.T.);
#4643=FACE_BOUND('',#4349,.T.);
#4644=FACE_BOUND('',#4350,.T.);
#4645=FACE_BOUND('',#4351,.T.);
#4646=FACE_BOUND('',#4352,.T.);
#4647=FACE_BOUND('',#4353,.T.);
#4648=FACE_BOUND('',#4354,.T.);
#4649=FACE_BOUND('',#4355,.T.);
#4650=FACE_BOUND('',#4356,.T.);
#4651=FACE_BOUND('',#4357,.T.);
#4652=FACE_BOUND('',#4358,.T.);
#4653=FACE_BOUND('',#4359,.T.);
#4654=FACE_BOUND('',#4360,.T.);
#4655=FACE_BOUND('',#4361,.T.);
#4656=FACE_BOUND('',#4362,.T.);
#4657=FACE_BOUND('',#4363,.T.);
#4658=FACE_BOUND('',#4364,.T.);
#4659=FACE_BOUND('',#4365,.T.);
#4660=FACE_BOUND('',#4366,.T.);
#4661=FACE_BOUND('',#4367,.T.);
#4662=FACE_BOUND('',#4368,.T.);
#4663=FACE_BOUND('',#4369,.T.);
#4664=FACE_BOUND('',#4370,.T.);
#4665=FACE_BOUND('',#4371,.T.);
#4666=FACE_BOUND('',#4372,.T.);
#4667=FACE_BOUND('',#4373,.T.);
#4668=FACE_BOUND('',#4374,.T.);
#4669=FACE_BOUND('',#4375,.T.);
#4670=FACE_BOUND('',#4376,.T.);
#4671=FACE_BOUND('',#4377,.T.);
#4672=FACE_BOUND('',#4378,.T.);
#4673=FACE_BOUND('',#4379,.T.);
#4674=FACE_BOUND('',#4380,.T.);
#4675=FACE_BOUND('',#4381,.T.);
#4676=FACE_BOUND('',#4382,.T.);
#4677=FACE_BOUND('',#4383,.T.);
#4678=FACE_BOUND('',#4384,.T.);
#4679=FACE_BOUND('',#4385,.T.);
#4680=FACE_BOUND('',#4386,.T.);
#4681=FACE_BOUND('',#4387,.T.);
#4682=FACE_BOUND('',#4388,.T.);
#4683=FACE_BOUND('',#4389,.T.);
#4684=FACE_BOUND('',#4390,.T.);
#4685=FACE_BOUND('',#4391,.T.);
#4686=FACE_BOUND('',#4392,.T.);
#4687=FACE_BOUND('',#4393,.T.);
#4688=FACE_BOUND('',#4394,.T.);
#4689=FACE_BOUND('',#4395,.T.);
#4690=FACE_BOUND('',#4396,.T.);
#4691=FACE_BOUND('',#4397,.T.);
#4692=FACE_BOUND('',#4398,.T.);
#4693=FACE_BOUND('',#4399,.T.);
#4694=FACE_BOUND('',#4400,.T.);
#4695=FACE_BOUND('',#4401,.T.);
#4696=FACE_BOUND('',#4402,.T.);
#4697=FACE_BOUND('',#4403,.T.);
#4698=FACE_BOUND('',#4404,.T.);
#4699=FACE_BOUND('',#4405,.T.);
#4700=FACE_BOUND('',#4406,.T.);
#4701=FACE_BOUND('',#4407,.T.);
#4702=FACE_BOUND('',#4408,.T.);
#4703=FACE_BOUND('',#4409,.T.);
#4704=FACE_BOUND('',#4410,.T.);
#4705=FACE_BOUND('',#4411,.T.);
#4706=FACE_BOUND('',#4412,.T.);
#4707=FACE_BOUND('',#4413,.T.);
#4708=FACE_BOUND('',#4414,.T.);
#4709=FACE_BOUND('',#4415,.T.);
#4710=FACE_BOUND('',#4416,.T.);
#4711=FACE_BOUND('',#4417,.T.);
#4712=FACE_BOUND('',#4418,.T.);
#4713=FACE_BOUND('',#4419,.T.);
#4714=FACE_BOUND('',#4420,.T.);
#4715=FACE_BOUND('',#4421,.T.);
#4716=FACE_BOUND('',#4422,.T.);
#4717=FACE_BOUND('',#4423,.T.);
#4718=FACE_BOUND('',#4424,.T.);
#4719=FACE_BOUND('',#4425,.T.);
#4720=FACE_BOUND('',#4426,.T.);
#4721=FACE_BOUND('',#4427,.T.);
#4722=FACE_BOUND('',#4428,.T.);
#4723=FACE_BOUND('',#4429,.T.);
#4724=FACE_BOUND('',#4430,.T.);
#4725=FACE_BOUND('',#4431,.T.);
#4726=FACE_BOUND('',#4432,.T.);
#4727=FACE_BOUND('',#4433,.T.);
#4728=FACE_BOUND('',#4434,.T.);
#4729=FACE_BOUND('',#4435,.T.);
#4730=FACE_BOUND('',#4436,.T.);
#4731=FACE_BOUND('',#4437,.T.);
#4732=FACE_BOUND('',#4438,.T.);
#4733=FACE_BOUND('',#4439,.T.);
#4734=FACE_BOUND('',#4440,.T.);
#4735=FACE_BOUND('',#4441,.T.);
#4736=FACE_BOUND('',#4442,.T.);
#4737=FACE_BOUND('',#4443,.T.);
#4738=FACE_BOUND('',#4444,.T.);
#4739=FACE_BOUND('',#4445,.T.);
#4740=FACE_BOUND('',#4446,.T.);
#4741=FACE_BOUND('',#4447,.T.);
#4742=FACE_BOUND('',#4448,.T.);
#4743=FACE_BOUND('',#4449,.T.);
#4744=FACE_BOUND('',#4450,.T.);
#4745=FACE_BOUND('',#4451,.T.);
#4746=FACE_BOUND('',#4452,.T.);
#4747=FACE_BOUND('',#4453,.T.);
#4748=FACE_BOUND('',#4454,.T.);
#4749=FACE_BOUND('',#4455,.T.);
#4750=FACE_BOUND('',#4456,.T.);
#4751=FACE_BOUND('',#4457,.T.);
#4752=FACE_BOUND('',#4458,.T.);
#4753=FACE_BOUND('',#4459,.T.);
#4754=FACE_BOUND('',#4460,.T.);
#4755=FACE_BOUND('',#4461,.T.);
#4756=FACE_BOUND('',#4462,.T.);
#4757=FACE_BOUND('',#4463,.T.);
#4758=FACE_BOUND('',#4464,.T.);
#4759=FACE_BOUND('',#4465,.T.);
#4760=FACE_BOUND('',#4466,.T.);
#4761=FACE_BOUND('',#4467,.T.);
#4762=FACE_BOUND('',#4468,.T.);
#4763=FACE_BOUND('',#4469,.T.);
#4764=FACE_BOUND('',#4470,.T.);
#4765=FACE_BOUND('',#4471,.T.);
#4766=FACE_BOUND('',#4472,.T.);
#4767=FACE_BOUND('',#4473,.T.);
#4768=FACE_BOUND('',#4474,.T.);
#4769=FACE_BOUND('',#4475,.T.);
#4770=FACE_BOUND('',#4476,.T.);
#4771=FACE_BOUND('',#4477,.T.);
#4772=FACE_BOUND('',#4478,.T.);
#4773=FACE_BOUND('',#4479,.T.);
#4774=FACE_BOUND('',#4480,.T.);
#4775=FACE_BOUND('',#4481,.T.);
#4776=FACE_BOUND('',#4482,.T.);
#4777=FACE_BOUND('',#4483,.T.);
#4778=FACE_BOUND('',#4484,.T.);
#4779=FACE_BOUND('',#4485,.T.);
#4780=FACE_BOUND('',#4486,.T.);
#4781=FACE_BOUND('',#4487,.T.);
#4782=FACE_BOUND('',#4488,.T.);
#4783=FACE_BOUND('',#4489,.T.);
#4784=FACE_BOUND('',#4490,.T.);
#4785=FACE_BOUND('',#4491,.T.);
#4786=FACE_BOUND('',#4492,.T.);
#4787=FACE_BOUND('',#4493,.T.);
#4788=FACE_BOUND('',#4494,.T.);
#4789=FACE_BOUND('',#4495,.T.);
#4790=FACE_BOUND('',#4496,.T.);
#4791=FACE_BOUND('',#4497,.T.);
#4792=FACE_BOUND('',#4498,.T.);
#4793=FACE_BOUND('',#4499,.T.);
#4794=FACE_BOUND('',#4500,.T.);
#4795=FACE_BOUND('',#4501,.T.);
#4796=FACE_BOUND('',#4502,.T.);
#4797=FACE_BOUND('',#4503,.T.);
#4798=FACE_BOUND('',#4504,.T.);
#4799=FACE_BOUND('',#4505,.T.);
#4800=FACE_BOUND('',#4506,.T.);
#4801=FACE_BOUND('',#4507,.T.);
#4802=FACE_BOUND('',#4508,.T.);
#4803=FACE_BOUND('',#4509,.T.);
#4804=FACE_BOUND('',#4510,.T.);
#4805=FACE_BOUND('',#4511,.T.);
#4806=FACE_BOUND('',#4512,.T.);
#4807=FACE_BOUND('',#4513,.T.);
#4808=FACE_BOUND('',#4514,.T.);
#4809=FACE_BOUND('',#4515,.T.);
#4810=FACE_BOUND('',#4516,.T.);
#4811=FACE_BOUND('',#4517,.T.);
#4812=FACE_BOUND('',#4518,.T.);
#4813=FACE_BOUND('',#4519,.T.);
#4814=FACE_BOUND('',#4520,.T.);
#4815=FACE_BOUND('',#4521,.T.);
#4816=FACE_BOUND('',#4522,.T.);
#4817=FACE_BOUND('',#4523,.T.);
#4818=FACE_BOUND('',#4524,.T.);
#4819=FACE_BOUND('',#4525,.T.);
#4820=FACE_BOUND('',#4526,.T.);
#4821=FACE_BOUND('',#4527,.T.);
#4822=FACE_BOUND('',#4528,.T.);
#4823=FACE_BOUND('',#4529,.T.);
#4824=FACE_BOUND('',#4530,.T.);
#4825=FACE_BOUND('',#4531,.T.);
#4826=FACE_BOUND('',#4532,.T.);
#4827=FACE_BOUND('',#4533,.T.);
#4828=FACE_BOUND('',#4534,.T.);
#4829=FACE_BOUND('',#4535,.T.);
#4830=FACE_BOUND('',#4536,.T.);
#4831=FACE_BOUND('',#4537,.T.);
#4832=FACE_BOUND('',#4538,.T.);
#4833=FACE_BOUND('',#4539,.T.);
#4834=FACE_BOUND('',#4540,.T.);
#4835=FACE_BOUND('',#4541,.T.);
#4836=FACE_BOUND('',#4542,.T.);
#4837=FACE_BOUND('',#4543,.T.);
#4838=FACE_BOUND('',#4544,.T.);
#4839=FACE_BOUND('',#4545,.T.);
#4840=FACE_BOUND('',#4546,.T.);
#4841=FACE_BOUND('',#4547,.T.);
#4842=FACE_BOUND('',#4548,.T.);
#4843=FACE_BOUND('',#4549,.T.);
#4844=FACE_BOUND('',#4550,.T.);
#4845=FACE_BOUND('',#4551,.T.);
#4846=FACE_BOUND('',#4552,.T.);
#4847=FACE_BOUND('',#4553,.T.);
#4848=FACE_BOUND('',#4554,.T.);
#4849=FACE_BOUND('',#4555,.T.);
#4850=FACE_BOUND('',#4556,.T.);
#4851=FACE_BOUND('',#4557,.T.);
#4852=FACE_BOUND('',#4558,.T.);
#4853=FACE_BOUND('',#4559,.T.);
#4854=FACE_BOUND('',#4560,.T.);
#4855=FACE_BOUND('',#4561,.T.);
#4856=FACE_BOUND('',#4562,.T.);
#4857=FACE_BOUND('',#4563,.T.);
#4858=FACE_BOUND('',#4564,.T.);
#4859=FACE_BOUND('',#4565,.T.);
#4860=FACE_BOUND('',#4566,.T.);
#4861=FACE_BOUND('',#4567,.T.);
#4862=FACE_BOUND('',#4568,.T.);
#4863=FACE_BOUND('',#4569,.T.);
#4864=FACE_BOUND('',#4570,.T.);
#4865=FACE_BOUND('',#4571,.T.);
#4866=FACE_BOUND('',#4572,.T.);
#4867=FACE_BOUND('',#4573,.T.);
#4868=PLANE('',#5438);
#4869=PLANE('',#5439);
#4870=PLANE('',#5440);
#4871=PLANE('',#5441);
#4872=PLANE('',#5442);
#4873=PLANE('',#5443);
#4874=PLANE('',#5444);
#4875=PLANE('',#5445);
#4876=PLANE('',#5446);
#4877=PLANE('',#5447);
#4878=PLANE('',#5448);
#4879=PLANE('',#5449);
#4880=PLANE('',#5450);
#4881=PLANE('',#5451);
#4882=PLANE('',#5452);
#4883=PLANE('',#5453);
#4884=PLANE('',#5454);
#4885=PLANE('',#5455);
#4886=PLANE('',#5456);
#4887=PLANE('',#5457);
#4888=PLANE('',#5458);
#4889=PLANE('',#5459);
#4890=PLANE('',#5460);
#4891=PLANE('',#5461);
#4892=PLANE('',#5462);
#4893=PLANE('',#5463);
#4894=PLANE('',#5464);
#4895=PLANE('',#5465);
#4896=PLANE('',#5466);
#4897=PLANE('',#5467);
#4898=PLANE('',#5468);
#4899=PLANE('',#5469);
#4900=PLANE('',#5470);
#4901=PLANE('',#5471);
#4902=PLANE('',#5472);
#4903=PLANE('',#5473);
#4904=PLANE('',#5474);
#4905=PLANE('',#5475);
#4906=PLANE('',#5476);
#4907=PLANE('',#5477);
#4908=PLANE('',#5478);
#4909=PLANE('',#5479);
#4910=PLANE('',#5480);
#4911=PLANE('',#5481);
#4912=PLANE('',#5482);
#4913=PLANE('',#5483);
#4914=PLANE('',#5484);
#4915=PLANE('',#5485);
#4916=PLANE('',#5486);
#4917=PLANE('',#5487);
#4918=PLANE('',#5488);
#4919=PLANE('',#5489);
#4920=PLANE('',#5490);
#4921=PLANE('',#5491);
#4922=PLANE('',#5492);
#4923=PLANE('',#5493);
#4924=PLANE('',#5494);
#4925=PLANE('',#5495);
#4926=PLANE('',#5496);
#4927=PLANE('',#5497);
#4928=PLANE('',#5498);
#4929=PLANE('',#5499);
#4930=PLANE('',#5500);
#4931=PLANE('',#5501);
#4932=PLANE('',#5502);
#4933=PLANE('',#5503);
#4934=PLANE('',#5504);
#4935=PLANE('',#5505);
#4936=PLANE('',#5506);
#4937=PLANE('',#5507);
#4938=PLANE('',#5508);
#4939=PLANE('',#5509);
#4940=PLANE('',#5510);
#4941=PLANE('',#5511);
#4942=PLANE('',#5512);
#4943=PLANE('',#5513);
#4944=PLANE('',#5514);
#4945=PLANE('',#5515);
#4946=PLANE('',#5516);
#4947=PLANE('',#5517);
#4948=PLANE('',#5518);
#4949=PLANE('',#5519);
#4950=PLANE('',#5520);
#4951=PLANE('',#5521);
#4952=PLANE('',#5522);
#4953=PLANE('',#5523);
#4954=PLANE('',#5524);
#4955=PLANE('',#5525);
#4956=PLANE('',#5526);
#4957=PLANE('',#5527);
#4958=PLANE('',#5528);
#4959=PLANE('',#5529);
#4960=PLANE('',#5530);
#4961=PLANE('',#5531);
#4962=PLANE('',#5532);
#4963=PLANE('',#5533);
#4964=PLANE('',#5534);
#4965=PLANE('',#5535);
#4966=PLANE('',#5536);
#4967=PLANE('',#5537);
#4968=PLANE('',#5538);
#4969=PLANE('',#5539);
#4970=PLANE('',#5540);
#4971=PLANE('',#5541);
#4972=PLANE('',#5542);
#4973=PLANE('',#5543);
#4974=PLANE('',#5544);
#4975=PLANE('',#5545);
#4976=PLANE('',#5546);
#4977=PLANE('',#5547);
#4978=PLANE('',#5549);
#4979=PLANE('',#5550);
#4980=PLANE('',#5551);
#4981=PLANE('',#5552);
#4982=PLANE('',#5553);
#4983=PLANE('',#5554);
#4984=PLANE('',#5555);
#4985=PLANE('',#5556);
#4986=PLANE('',#5557);
#4987=PLANE('',#5558);
#4988=PLANE('',#5559);
#4989=PLANE('',#5560);
#4990=PLANE('',#5561);
#4991=PLANE('',#5562);
#4992=PLANE('',#5563);
#4993=PLANE('',#5564);
#4994=PLANE('',#5565);
#4995=PLANE('',#5566);
#4996=PLANE('',#5567);
#4997=PLANE('',#5568);
#4998=PLANE('',#5569);
#4999=PLANE('',#5570);
#5000=PLANE('',#5571);
#5001=PLANE('',#5572);
#5002=PLANE('',#5573);
#5003=PLANE('',#5574);
#5004=PLANE('',#5575);
#5005=PLANE('',#5576);
#5006=PLANE('',#5577);
#5007=PLANE('',#5578);
#5008=PLANE('',#5579);
#5009=PLANE('',#5580);
#5010=PLANE('',#5581);
#5011=PLANE('',#5582);
#5012=PLANE('',#5583);
#5013=PLANE('',#5584);
#5014=PLANE('',#5585);
#5015=PLANE('',#5586);
#5016=PLANE('',#5587);
#5017=PLANE('',#5588);
#5018=PLANE('',#5589);
#5019=PLANE('',#5590);
#5020=PLANE('',#5591);
#5021=PLANE('',#5592);
#5022=PLANE('',#5593);
#5023=PLANE('',#5594);
#5024=PLANE('',#5595);
#5025=PLANE('',#5596);
#5026=PLANE('',#5597);
#5027=PLANE('',#5598);
#5028=PLANE('',#5599);
#5029=PLANE('',#5600);
#5030=PLANE('',#5601);
#5031=PLANE('',#5602);
#5032=PLANE('',#5603);
#5033=PLANE('',#5604);
#5034=PLANE('',#5605);
#5035=PLANE('',#5606);
#5036=PLANE('',#5607);
#5037=PLANE('',#5608);
#5038=PLANE('',#5609);
#5039=PLANE('',#5610);
#5040=PLANE('',#5611);
#5041=PLANE('',#5612);
#5042=PLANE('',#5613);
#5043=PLANE('',#5614);
#5044=PLANE('',#5615);
#5045=PLANE('',#5616);
#5046=PLANE('',#5617);
#5047=PLANE('',#5618);
#5048=PLANE('',#5620);
#5049=PLANE('',#5621);
#5050=PLANE('',#5622);
#5051=PLANE('',#5627);
#5052=PLANE('',#5632);
#5053=PLANE('',#5633);
#5054=PLANE('',#5634);
#5055=PLANE('',#5635);
#5056=PLANE('',#5636);
#5057=PLANE('',#5637);
#5058=PLANE('',#5638);
#5059=PLANE('',#5639);
#5060=PLANE('',#5652);
#5061=PLANE('',#5653);
#5062=PLANE('',#5654);
#5063=PLANE('',#5655);
#5064=PLANE('',#5680);
#5065=PLANE('',#5681);
#5066=PLANE('',#5682);
#5067=PLANE('',#5683);
#5068=PLANE('',#5696);
#5069=PLANE('',#5697);
#5070=PLANE('',#5700);
#5071=PLANE('',#5705);
#5072=PLANE('',#5708);
#5073=PLANE('',#5709);
#5074=PLANE('',#5712);
#5075=PLANE('',#5717);
#5076=PLANE('',#5720);
#5077=PLANE('',#5721);
#5078=PLANE('',#5722);
#5079=PLANE('',#5723);
#5080=PLANE('',#5724);
#5081=PLANE('',#5725);
#5082=PLANE('',#5726);
#5083=PLANE('',#5727);
#5084=PLANE('',#5728);
#5085=PLANE('',#5729);
#5086=PLANE('',#5730);
#5087=PLANE('',#5731);
#5088=PLANE('',#5732);
#5089=PLANE('',#5733);
#5090=PLANE('',#5734);
#5091=PLANE('',#5735);
#5092=PLANE('',#5736);
#5093=PLANE('',#5737);
#5094=PLANE('',#5738);
#5095=PLANE('',#5739);
#5096=PLANE('',#5740);
#5097=PLANE('',#5741);
#5098=PLANE('',#5742);
#5099=PLANE('',#5743);
#5100=PLANE('',#5744);
#5101=PLANE('',#5745);
#5102=PLANE('',#5746);
#5103=PLANE('',#5747);
#5104=PLANE('',#5748);
#5105=PLANE('',#5749);
#5106=PLANE('',#5750);
#5107=PLANE('',#5751);
#5108=PLANE('',#5752);
#5109=PLANE('',#5753);
#5110=PLANE('',#5754);
#5111=PLANE('',#5755);
#5112=PLANE('',#5756);
#5113=PLANE('',#5757);
#5114=PLANE('',#5758);
#5115=PLANE('',#5759);
#5116=PLANE('',#5760);
#5117=PLANE('',#5761);
#5118=PLANE('',#5762);
#5119=PLANE('',#5763);
#5120=PLANE('',#5764);
#5121=PLANE('',#5765);
#5122=ADVANCED_FACE('',(#4574,#4575,#4576,#4577,#4578),#4868,.F.);
#5123=ADVANCED_FACE('',(#4579),#4869,.T.);
#5124=ADVANCED_FACE('',(#4580),#4870,.T.);
#5125=ADVANCED_FACE('',(#4581),#4871,.T.);
#5126=ADVANCED_FACE('',(#4582),#4872,.T.);
#5127=ADVANCED_FACE('',(#4583),#4873,.T.);
#5128=ADVANCED_FACE('',(#4584,#4585),#4874,.T.);
#5129=ADVANCED_FACE('',(#4586,#4587),#4875,.T.);
#5130=ADVANCED_FACE('',(#4588,#4589),#4876,.T.);
#5131=ADVANCED_FACE('',(#4590,#4591),#4877,.T.);
#5132=ADVANCED_FACE('',(#4592,#4593),#4878,.T.);
#5133=ADVANCED_FACE('',(#4594,#4595),#4879,.T.);
#5134=ADVANCED_FACE('',(#4596,#4597),#4880,.F.);
#5135=ADVANCED_FACE('',(#4598,#4599),#4881,.F.);
#5136=ADVANCED_FACE('',(#4600,#4601),#4882,.F.);
#5137=ADVANCED_FACE('',(#4602,#4603),#4883,.F.);
#5138=ADVANCED_FACE('',(#4604,#4605),#4884,.F.);
#5139=ADVANCED_FACE('',(#4606,#4607),#4885,.F.);
#5140=ADVANCED_FACE('',(#4608),#4886,.F.);
#5141=ADVANCED_FACE('',(#4609),#4887,.F.);
#5142=ADVANCED_FACE('',(#4610),#4888,.F.);
#5143=ADVANCED_FACE('',(#4611),#4889,.F.);
#5144=ADVANCED_FACE('',(#4612),#4890,.F.);
#5145=ADVANCED_FACE('',(#4613),#4891,.F.);
#5146=ADVANCED_FACE('',(#4614),#4892,.F.);
#5147=ADVANCED_FACE('',(#4615),#4893,.T.);
#5148=ADVANCED_FACE('',(#4616),#4894,.T.);
#5149=ADVANCED_FACE('',(#4617),#4895,.T.);
#5150=ADVANCED_FACE('',(#4618),#4896,.T.);
#5151=ADVANCED_FACE('',(#4619),#4897,.T.);
#5152=ADVANCED_FACE('',(#4620),#4898,.T.);
#5153=ADVANCED_FACE('',(#4621),#4899,.T.);
#5154=ADVANCED_FACE('',(#4622),#4900,.T.);
#5155=ADVANCED_FACE('',(#4623),#4901,.T.);
#5156=ADVANCED_FACE('',(#4624),#4902,.T.);
#5157=ADVANCED_FACE('',(#4625),#4903,.T.);
#5158=ADVANCED_FACE('',(#4626),#4904,.T.);
#5159=ADVANCED_FACE('',(#4627),#4905,.T.);
#5160=ADVANCED_FACE('',(#4628),#4906,.T.);
#5161=ADVANCED_FACE('',(#4629),#4907,.T.);
#5162=ADVANCED_FACE('',(#4630),#4908,.T.);
#5163=ADVANCED_FACE('',(#4631),#4909,.T.);
#5164=ADVANCED_FACE('',(#4632),#4910,.T.);
#5165=ADVANCED_FACE('',(#4633),#4911,.T.);
#5166=ADVANCED_FACE('',(#4634),#4912,.T.);
#5167=ADVANCED_FACE('',(#4635),#4913,.T.);
#5168=ADVANCED_FACE('',(#4636),#4914,.T.);
#5169=ADVANCED_FACE('',(#4637),#4915,.T.);
#5170=ADVANCED_FACE('',(#4638),#4916,.T.);
#5171=ADVANCED_FACE('',(#4639),#4917,.F.);
#5172=ADVANCED_FACE('',(#4640),#4918,.T.);
#5173=ADVANCED_FACE('',(#4641),#4919,.T.);
#5174=ADVANCED_FACE('',(#4642),#4920,.T.);
#5175=ADVANCED_FACE('',(#4643),#4921,.T.);
#5176=ADVANCED_FACE('',(#4644),#4922,.T.);
#5177=ADVANCED_FACE('',(#4645),#4923,.T.);
#5178=ADVANCED_FACE('',(#4646),#4924,.T.);
#5179=ADVANCED_FACE('',(#4647),#4925,.T.);
#5180=ADVANCED_FACE('',(#4648),#4926,.T.);
#5181=ADVANCED_FACE('',(#4649),#4927,.T.);
#5182=ADVANCED_FACE('',(#4650),#4928,.T.);
#5183=ADVANCED_FACE('',(#4651),#4929,.T.);
#5184=ADVANCED_FACE('',(#4652),#4930,.T.);
#5185=ADVANCED_FACE('',(#4653),#4931,.T.);
#5186=ADVANCED_FACE('',(#4654),#4932,.T.);
#5187=ADVANCED_FACE('',(#4655),#4933,.T.);
#5188=ADVANCED_FACE('',(#4656),#4934,.T.);
#5189=ADVANCED_FACE('',(#4657),#4935,.T.);
#5190=ADVANCED_FACE('',(#4658),#4936,.T.);
#5191=ADVANCED_FACE('',(#4659),#4937,.T.);
#5192=ADVANCED_FACE('',(#4660),#4938,.F.);
#5193=ADVANCED_FACE('',(#4661),#4939,.F.);
#5194=ADVANCED_FACE('',(#4662),#4940,.F.);
#5195=ADVANCED_FACE('',(#4663),#4941,.F.);
#5196=ADVANCED_FACE('',(#4664),#4942,.F.);
#5197=ADVANCED_FACE('',(#4665),#4943,.F.);
#5198=ADVANCED_FACE('',(#4666),#4944,.T.);
#5199=ADVANCED_FACE('',(#4667),#4945,.F.);
#5200=ADVANCED_FACE('',(#4668),#4946,.F.);
#5201=ADVANCED_FACE('',(#4669),#4947,.F.);
#5202=ADVANCED_FACE('',(#4670),#4948,.F.);
#5203=ADVANCED_FACE('',(#4671),#4949,.F.);
#5204=ADVANCED_FACE('',(#4672),#4950,.T.);
#5205=ADVANCED_FACE('',(#4673),#4951,.F.);
#5206=ADVANCED_FACE('',(#4674),#4952,.F.);
#5207=ADVANCED_FACE('',(#4675),#4953,.F.);
#5208=ADVANCED_FACE('',(#4676),#4954,.F.);
#5209=ADVANCED_FACE('',(#4677),#4955,.F.);
#5210=ADVANCED_FACE('',(#4678),#4956,.F.);
#5211=ADVANCED_FACE('',(#4679),#4957,.F.);
#5212=ADVANCED_FACE('',(#4680),#4958,.F.);
#5213=ADVANCED_FACE('',(#4681),#4959,.F.);
#5214=ADVANCED_FACE('',(#4682),#4960,.F.);
#5215=ADVANCED_FACE('',(#4683),#4961,.F.);
#5216=ADVANCED_FACE('',(#4684),#4962,.F.);
#5217=ADVANCED_FACE('',(#4685),#4963,.F.);
#5218=ADVANCED_FACE('',(#4686),#4964,.T.);
#5219=ADVANCED_FACE('',(#4687),#4965,.F.);
#5220=ADVANCED_FACE('',(#4688),#4966,.F.);
#5221=ADVANCED_FACE('',(#4689),#4967,.F.);
#5222=ADVANCED_FACE('',(#4690),#4968,.F.);
#5223=ADVANCED_FACE('',(#4691),#4969,.F.);
#5224=ADVANCED_FACE('',(#4692),#4970,.T.);
#5225=ADVANCED_FACE('',(#4693),#4971,.F.);
#5226=ADVANCED_FACE('',(#4694),#4972,.F.);
#5227=ADVANCED_FACE('',(#4695),#4973,.F.);
#5228=ADVANCED_FACE('',(#4696),#4974,.F.);
#5229=ADVANCED_FACE('',(#4697),#4975,.F.);
#5230=ADVANCED_FACE('',(#4698),#4976,.F.);
#5231=ADVANCED_FACE('',(#4699),#4977,.F.);
#5232=ADVANCED_FACE('',(#4700),#4978,.F.);
#5233=ADVANCED_FACE('',(#4701),#4979,.F.);
#5234=ADVANCED_FACE('',(#4702),#4980,.T.);
#5235=ADVANCED_FACE('',(#4703),#4981,.F.);
#5236=ADVANCED_FACE('',(#4704),#4982,.F.);
#5237=ADVANCED_FACE('',(#4705),#4983,.F.);
#5238=ADVANCED_FACE('',(#4706),#4984,.F.);
#5239=ADVANCED_FACE('',(#4707),#4985,.F.);
#5240=ADVANCED_FACE('',(#4708),#4986,.F.);
#5241=ADVANCED_FACE('',(#4709),#4987,.F.);
#5242=ADVANCED_FACE('',(#4710),#4988,.F.);
#5243=ADVANCED_FACE('',(#4711),#4989,.F.);
#5244=ADVANCED_FACE('',(#4712),#4990,.F.);
#5245=ADVANCED_FACE('',(#4713),#4991,.F.);
#5246=ADVANCED_FACE('',(#4714),#4992,.F.);
#5247=ADVANCED_FACE('',(#4715),#4993,.F.);
#5248=ADVANCED_FACE('',(#4716),#4994,.F.);
#5249=ADVANCED_FACE('',(#4717),#4995,.F.);
#5250=ADVANCED_FACE('',(#4718),#4996,.F.);
#5251=ADVANCED_FACE('',(#4719),#4997,.F.);
#5252=ADVANCED_FACE('',(#4720),#4998,.F.);
#5253=ADVANCED_FACE('',(#4721),#4999,.F.);
#5254=ADVANCED_FACE('',(#4722),#5000,.F.);
#5255=ADVANCED_FACE('',(#4723),#5001,.F.);
#5256=ADVANCED_FACE('',(#4724),#5002,.F.);
#5257=ADVANCED_FACE('',(#4725),#5003,.F.);
#5258=ADVANCED_FACE('',(#4726),#5004,.F.);
#5259=ADVANCED_FACE('',(#4727),#5005,.F.);
#5260=ADVANCED_FACE('',(#4728),#5006,.F.);
#5261=ADVANCED_FACE('',(#4729),#5007,.F.);
#5262=ADVANCED_FACE('',(#4730),#5008,.F.);
#5263=ADVANCED_FACE('',(#4731),#5009,.F.);
#5264=ADVANCED_FACE('',(#4732),#5010,.F.);
#5265=ADVANCED_FACE('',(#4733),#5011,.F.);
#5266=ADVANCED_FACE('',(#4734),#5012,.T.);
#5267=ADVANCED_FACE('',(#4735),#5013,.T.);
#5268=ADVANCED_FACE('',(#4736),#5014,.T.);
#5269=ADVANCED_FACE('',(#4737),#5015,.T.);
#5270=ADVANCED_FACE('',(#4738),#5016,.T.);
#5271=ADVANCED_FACE('',(#4739),#5017,.T.);
#5272=ADVANCED_FACE('',(#4740),#5018,.T.);
#5273=ADVANCED_FACE('',(#4741),#5019,.T.);
#5274=ADVANCED_FACE('',(#4742),#5020,.T.);
#5275=ADVANCED_FACE('',(#4743),#5021,.T.);
#5276=ADVANCED_FACE('',(#4744),#5022,.T.);
#5277=ADVANCED_FACE('',(#4745),#5023,.T.);
#5278=ADVANCED_FACE('',(#4746),#5024,.T.);
#5279=ADVANCED_FACE('',(#4747),#5025,.T.);
#5280=ADVANCED_FACE('',(#4748),#5026,.T.);
#5281=ADVANCED_FACE('',(#4749),#5027,.T.);
#5282=ADVANCED_FACE('',(#4750),#5028,.T.);
#5283=ADVANCED_FACE('',(#4751),#5029,.T.);
#5284=ADVANCED_FACE('',(#4752),#5030,.T.);
#5285=ADVANCED_FACE('',(#4753),#5031,.T.);
#5286=ADVANCED_FACE('',(#4754),#5032,.T.);
#5287=ADVANCED_FACE('',(#4755),#5033,.T.);
#5288=ADVANCED_FACE('',(#4756),#5034,.T.);
#5289=ADVANCED_FACE('',(#4757),#5035,.T.);
#5290=ADVANCED_FACE('',(#4758),#5036,.T.);
#5291=ADVANCED_FACE('',(#4759),#5037,.T.);
#5292=ADVANCED_FACE('',(#4760),#5038,.T.);
#5293=ADVANCED_FACE('',(#4761),#5039,.T.);
#5294=ADVANCED_FACE('',(#4762),#5040,.T.);
#5295=ADVANCED_FACE('',(#4763),#5041,.T.);
#5296=ADVANCED_FACE('',(#4764),#5042,.T.);
#5297=ADVANCED_FACE('',(#4765),#5043,.T.);
#5298=ADVANCED_FACE('',(#4766),#5044,.T.);
#5299=ADVANCED_FACE('',(#4767),#5045,.T.);
#5300=ADVANCED_FACE('',(#4768),#5046,.T.);
#5301=ADVANCED_FACE('',(#4769),#5047,.T.);
#5302=ADVANCED_FACE('',(#4770),#5048,.F.);
#5303=ADVANCED_FACE('',(#4771),#5049,.F.);
#5304=ADVANCED_FACE('',(#4772),#5050,.T.);
#5305=ADVANCED_FACE('',(#4773),#5051,.F.);
#5306=ADVANCED_FACE('',(#4774),#5052,.F.);
#5307=ADVANCED_FACE('',(#4775),#5053,.F.);
#5308=ADVANCED_FACE('',(#4776),#5054,.F.);
#5309=ADVANCED_FACE('',(#4777),#5055,.F.);
#5310=ADVANCED_FACE('',(#4778),#5056,.F.);
#5311=ADVANCED_FACE('',(#4779),#5057,.F.);
#5312=ADVANCED_FACE('',(#4780),#5058,.F.);
#5313=ADVANCED_FACE('',(#4781),#5059,.F.);
#5314=ADVANCED_FACE('',(#4782),#18,.F.);
#5315=ADVANCED_FACE('',(#4783),#19,.F.);
#5316=ADVANCED_FACE('',(#4784),#20,.F.);
#5317=ADVANCED_FACE('',(#4785),#21,.F.);
#5318=ADVANCED_FACE('',(#4786),#5060,.F.);
#5319=ADVANCED_FACE('',(#4787),#5061,.F.);
#5320=ADVANCED_FACE('',(#4788),#5062,.F.);
#5321=ADVANCED_FACE('',(#4789),#5063,.F.);
#5322=ADVANCED_FACE('',(#4790),#22,.T.);
#5323=ADVANCED_FACE('',(#4791),#23,.T.);
#5324=ADVANCED_FACE('',(#4792),#24,.T.);
#5325=ADVANCED_FACE('',(#4793),#25,.T.);
#5326=ADVANCED_FACE('',(#4794),#26,.F.);
#5327=ADVANCED_FACE('',(#4795),#27,.F.);
#5328=ADVANCED_FACE('',(#4796),#28,.F.);
#5329=ADVANCED_FACE('',(#4797),#29,.F.);
#5330=ADVANCED_FACE('',(#4798),#5064,.F.);
#5331=ADVANCED_FACE('',(#4799),#5065,.F.);
#5332=ADVANCED_FACE('',(#4800),#5066,.F.);
#5333=ADVANCED_FACE('',(#4801),#5067,.F.);
#5334=ADVANCED_FACE('',(#4802),#30,.T.);
#5335=ADVANCED_FACE('',(#4803),#31,.T.);
#5336=ADVANCED_FACE('',(#4804),#32,.T.);
#5337=ADVANCED_FACE('',(#4805),#33,.T.);
#5338=ADVANCED_FACE('',(#4806),#5068,.F.);
#5339=ADVANCED_FACE('',(#4807),#5069,.F.);
#5340=ADVANCED_FACE('',(#4808),#34,.F.);
#5341=ADVANCED_FACE('',(#4809),#5070,.F.);
#5342=ADVANCED_FACE('',(#4810),#35,.T.);
#5343=ADVANCED_FACE('',(#4811),#36,.F.);
#5344=ADVANCED_FACE('',(#4812),#5071,.F.);
#5345=ADVANCED_FACE('',(#4813),#37,.T.);
#5346=ADVANCED_FACE('',(#4814),#5072,.F.);
#5347=ADVANCED_FACE('',(#4815),#5073,.F.);
#5348=ADVANCED_FACE('',(#4816),#38,.F.);
#5349=ADVANCED_FACE('',(#4817),#5074,.F.);
#5350=ADVANCED_FACE('',(#4818),#39,.T.);
#5351=ADVANCED_FACE('',(#4819),#40,.F.);
#5352=ADVANCED_FACE('',(#4820),#5075,.F.);
#5353=ADVANCED_FACE('',(#4821),#41,.T.);
#5354=ADVANCED_FACE('',(#4822),#5076,.F.);
#5355=ADVANCED_FACE('',(#4823),#5077,.F.);
#5356=ADVANCED_FACE('',(#4824),#5078,.F.);
#5357=ADVANCED_FACE('',(#4825),#5079,.F.);
#5358=ADVANCED_FACE('',(#4826),#5080,.F.);
#5359=ADVANCED_FACE('',(#4827),#5081,.F.);
#5360=ADVANCED_FACE('',(#4828),#5082,.F.);
#5361=ADVANCED_FACE('',(#4829),#5083,.F.);
#5362=ADVANCED_FACE('',(#4830),#5084,.F.);
#5363=ADVANCED_FACE('',(#4831),#5085,.F.);
#5364=ADVANCED_FACE('',(#4832),#5086,.F.);
#5365=ADVANCED_FACE('',(#4833),#5087,.F.);
#5366=ADVANCED_FACE('',(#4834),#5088,.F.);
#5367=ADVANCED_FACE('',(#4835),#5089,.F.);
#5368=ADVANCED_FACE('',(#4836),#5090,.F.);
#5369=ADVANCED_FACE('',(#4837),#5091,.T.);
#5370=ADVANCED_FACE('',(#4838),#5092,.T.);
#5371=ADVANCED_FACE('',(#4839),#5093,.T.);
#5372=ADVANCED_FACE('',(#4840),#5094,.T.);
#5373=ADVANCED_FACE('',(#4841),#5095,.F.);
#5374=ADVANCED_FACE('',(#4842),#5096,.T.);
#5375=ADVANCED_FACE('',(#4843),#5097,.T.);
#5376=ADVANCED_FACE('',(#4844),#5098,.T.);
#5377=ADVANCED_FACE('',(#4845),#5099,.T.);
#5378=ADVANCED_FACE('',(#4846),#5100,.F.);
#5379=ADVANCED_FACE('',(#4847),#5101,.T.);
#5380=ADVANCED_FACE('',(#4848),#5102,.T.);
#5381=ADVANCED_FACE('',(#4849),#5103,.T.);
#5382=ADVANCED_FACE('',(#4850),#5104,.T.);
#5383=ADVANCED_FACE('',(#4851),#5105,.F.);
#5384=ADVANCED_FACE('',(#4852),#5106,.T.);
#5385=ADVANCED_FACE('',(#4853),#5107,.T.);
#5386=ADVANCED_FACE('',(#4854),#5108,.T.);
#5387=ADVANCED_FACE('',(#4855),#5109,.T.);
#5388=ADVANCED_FACE('',(#4856),#5110,.F.);
#5389=ADVANCED_FACE('',(#4857),#5111,.T.);
#5390=ADVANCED_FACE('',(#4858),#5112,.T.);
#5391=ADVANCED_FACE('',(#4859),#5113,.T.);
#5392=ADVANCED_FACE('',(#4860),#5114,.T.);
#5393=ADVANCED_FACE('',(#4861),#5115,.F.);
#5394=ADVANCED_FACE('',(#4862),#5116,.T.);
#5395=ADVANCED_FACE('',(#4863),#5117,.T.);
#5396=ADVANCED_FACE('',(#4864),#5118,.T.);
#5397=ADVANCED_FACE('',(#4865),#5119,.T.);
#5398=ADVANCED_FACE('',(#4866),#5120,.F.);
#5399=ADVANCED_FACE('',(#4867),#5121,.T.);
#5400=CLOSED_SHELL('',(#5122,#5123,#5124,#5125,#5126,#5127,#5128,#5129,
#5130,#5131,#5132,#5133,#5134,#5135,#5136,#5137,#5138,#5139,#5140,#5141,
#5142,#5143,#5144,#5145,#5146,#5147,#5148,#5149,#5150,#5151,#5152,#5153,
#5154,#5155,#5156,#5157,#5158,#5159,#5160,#5161,#5162,#5163,#5164,#5165,
#5166,#5167,#5168,#5169,#5170,#5171,#5172,#5173,#5174,#5175,#5176,#5177,
#5178,#5179,#5180,#5181,#5182,#5183,#5184,#5185,#5186,#5187,#5188,#5189,
#5190,#5191,#5192,#5193,#5194,#5195,#5196,#5197,#5198,#5199,#5200,#5201,
#5202,#5203,#5204,#5205,#5206,#5207,#5208,#5209,#5210,#5211,#5212,#5213,
#5214,#5215,#5216,#5217,#5218,#5219,#5220,#5221,#5222,#5223,#5224,#5225,
#5226,#5227,#5228,#5229,#5230,#5231));
#5401=CLOSED_SHELL('',(#5232,#5233,#5234,#5235,#5236,#5237,#5238,#5239,
#5240,#5241,#5242,#5243,#5244,#5245,#5246,#5247,#5248,#5249,#5250,#5251,
#5252,#5253,#5254,#5255,#5256,#5257,#5258,#5259,#5260,#5261,#5262,#5263,
#5264,#5265,#5266,#5267,#5268,#5269,#5270,#5271,#5272,#5273,#5274,#5275,
#5276,#5277,#5278,#5279,#5280,#5281,#5282,#5283,#5284,#5285,#5286,#5287,
#5288,#5289,#5290,#5291,#5292,#5293,#5294,#5295,#5296,#5297,#5298,#5299,
#5300,#5301));
#5402=CLOSED_SHELL('',(#5302,#5303,#5304,#5305,#5306,#5307,#5308,#5309,
#5310,#5311,#5312,#5313,#5314,#5315,#5316,#5317,#5318,#5319,#5320,#5321,
#5322,#5323,#5324,#5325,#5326,#5327,#5328,#5329,#5330,#5331,#5332,#5333,
#5334,#5335,#5336,#5337,#5338,#5339,#5340,#5341,#5342,#5343,#5344,#5345,
#5346,#5347,#5348,#5349,#5350,#5351,#5352,#5353,#5354,#5355,#5356,#5357,
#5358,#5359,#5360,#5361,#5362,#5363,#5364,#5365,#5366,#5367,#5368,#5369,
#5370,#5371,#5372,#5373,#5374,#5375,#5376,#5377,#5378,#5379,#5380,#5381,
#5382,#5383,#5384,#5385,#5386,#5387,#5388,#5389,#5390,#5391,#5392,#5393,
#5394,#5395,#5396,#5397,#5398,#5399));
#5403=STYLED_ITEM('',(#5406),#5426);
#5404=STYLED_ITEM('',(#5407),#5427);
#5405=STYLED_ITEM('',(#5408),#5428);
#5406=PRESENTATION_STYLE_ASSIGNMENT((#5409));
#5407=PRESENTATION_STYLE_ASSIGNMENT((#5410));
#5408=PRESENTATION_STYLE_ASSIGNMENT((#5411));
#5409=SURFACE_STYLE_USAGE(.BOTH.,#5412);
#5410=SURFACE_STYLE_USAGE(.BOTH.,#5413);
#5411=SURFACE_STYLE_USAGE(.BOTH.,#5414);
#5412=SURFACE_SIDE_STYLE('',(#5415));
#5413=SURFACE_SIDE_STYLE('',(#5416));
#5414=SURFACE_SIDE_STYLE('',(#5417));
#5415=SURFACE_STYLE_FILL_AREA(#5418);
#5416=SURFACE_STYLE_FILL_AREA(#5419);
#5417=SURFACE_STYLE_FILL_AREA(#5420);
#5418=FILL_AREA_STYLE('',(#5421));
#5419=FILL_AREA_STYLE('',(#5422));
#5420=FILL_AREA_STYLE('',(#5423));
#5421=FILL_AREA_STYLE_COLOUR('',#5424);
#5422=FILL_AREA_STYLE_COLOUR('',#5425);
#5423=FILL_AREA_STYLE_COLOUR('',#5425);
#5424=COLOUR_RGB('',0.0549019612371922,0.0549019612371922,0.0549019612371922);
#5425=COLOUR_RGB('',0.670588254928589,0.670588254928589,0.670588254928589);
#5426=MANIFOLD_SOLID_BREP('TSM-106-02-SH-LC_body',#5400);
#5427=MANIFOLD_SOLID_BREP('T-1S6-15-T(-02-6-SH)',#5401);
#5428=MANIFOLD_SOLID_BREP('T-1S6-15-T(-02-6-SH)2',#5402);
#5429=SHAPE_DEFINITION_REPRESENTATION(#8676,#5433);
#5430=SHAPE_DEFINITION_REPRESENTATION(#8677,#5434);
#5431=SHAPE_DEFINITION_REPRESENTATION(#8679,#5435);
#5432=SHAPE_DEFINITION_REPRESENTATION(#8681,#5436);
#5433=SHAPE_REPRESENTATION('TSM-106-02-T-SH-LC',(#5437,#5548,#5619,#5766),
#8662);
#5434=SHAPE_REPRESENTATION('TSM-106-02-SH-LC_body',(#5437),#8663);
#5435=SHAPE_REPRESENTATION('T-1S6-15-T(-02-6-SH)',(#5437),#8664);
#5436=SHAPE_REPRESENTATION('T-1S6-15-T(-02-6-SH)2',(#5437),#8665);
#5437=AXIS2_PLACEMENT_3D('',#7135,#5767,#5768);
#5438=AXIS2_PLACEMENT_3D('',#7136,#5769,#5770);
#5439=AXIS2_PLACEMENT_3D('',#7257,#5831,#5832);
#5440=AXIS2_PLACEMENT_3D('',#7266,#5837,#5838);
#5441=AXIS2_PLACEMENT_3D('',#7275,#5843,#5844);
#5442=AXIS2_PLACEMENT_3D('',#7284,#5849,#5850);
#5443=AXIS2_PLACEMENT_3D('',#7293,#5855,#5856);
#5444=AXIS2_PLACEMENT_3D('',#7302,#5861,#5862);
#5445=AXIS2_PLACEMENT_3D('',#7316,#5870,#5871);
#5446=AXIS2_PLACEMENT_3D('',#7330,#5879,#5880);
#5447=AXIS2_PLACEMENT_3D('',#7344,#5888,#5889);
#5448=AXIS2_PLACEMENT_3D('',#7358,#5897,#5898);
#5449=AXIS2_PLACEMENT_3D('',#7372,#5906,#5907);
#5450=AXIS2_PLACEMENT_3D('',#7386,#5915,#5916);
#5451=AXIS2_PLACEMENT_3D('',#7400,#5924,#5925);
#5452=AXIS2_PLACEMENT_3D('',#7414,#5933,#5934);
#5453=AXIS2_PLACEMENT_3D('',#7428,#5942,#5943);
#5454=AXIS2_PLACEMENT_3D('',#7442,#5951,#5952);
#5455=AXIS2_PLACEMENT_3D('',#7456,#5960,#5961);
#5456=AXIS2_PLACEMENT_3D('',#7470,#5969,#5970);
#5457=AXIS2_PLACEMENT_3D('',#7473,#5973,#5974);
#5458=AXIS2_PLACEMENT_3D('',#7476,#5977,#5978);
#5459=AXIS2_PLACEMENT_3D('',#7479,#5981,#5982);
#5460=AXIS2_PLACEMENT_3D('',#7482,#5985,#5986);
#5461=AXIS2_PLACEMENT_3D('',#7485,#5989,#5990);
#5462=AXIS2_PLACEMENT_3D('',#7488,#5993,#5994);
#5463=AXIS2_PLACEMENT_3D('',#7489,#5995,#5996);
#5464=AXIS2_PLACEMENT_3D('',#7492,#5999,#6000);
#5465=AXIS2_PLACEMENT_3D('',#7494,#6002,#6003);
#5466=AXIS2_PLACEMENT_3D('',#7496,#6005,#6006);
#5467=AXIS2_PLACEMENT_3D('',#7499,#6009,#6010);
#5468=AXIS2_PLACEMENT_3D('',#7501,#6012,#6013);
#5469=AXIS2_PLACEMENT_3D('',#7503,#6015,#6016);
#5470=AXIS2_PLACEMENT_3D('',#7506,#6019,#6020);
#5471=AXIS2_PLACEMENT_3D('',#7508,#6022,#6023);
#5472=AXIS2_PLACEMENT_3D('',#7510,#6025,#6026);
#5473=AXIS2_PLACEMENT_3D('',#7513,#6029,#6030);
#5474=AXIS2_PLACEMENT_3D('',#7515,#6032,#6033);
#5475=AXIS2_PLACEMENT_3D('',#7517,#6035,#6036);
#5476=AXIS2_PLACEMENT_3D('',#7520,#6039,#6040);
#5477=AXIS2_PLACEMENT_3D('',#7522,#6042,#6043);
#5478=AXIS2_PLACEMENT_3D('',#7524,#6045,#6046);
#5479=AXIS2_PLACEMENT_3D('',#7527,#6049,#6050);
#5480=AXIS2_PLACEMENT_3D('',#7529,#6052,#6053);
#5481=AXIS2_PLACEMENT_3D('',#7531,#6055,#6056);
#5482=AXIS2_PLACEMENT_3D('',#7532,#6057,#6058);
#5483=AXIS2_PLACEMENT_3D('',#7533,#6059,#6060);
#5484=AXIS2_PLACEMENT_3D('',#7534,#6061,#6062);
#5485=AXIS2_PLACEMENT_3D('',#7535,#6063,#6064);
#5486=AXIS2_PLACEMENT_3D('',#7536,#6065,#6066);
#5487=AXIS2_PLACEMENT_3D('',#7537,#6067,#6068);
#5488=AXIS2_PLACEMENT_3D('',#7538,#6069,#6070);
#5489=AXIS2_PLACEMENT_3D('',#7541,#6073,#6074);
#5490=AXIS2_PLACEMENT_3D('',#7544,#6077,#6078);
#5491=AXIS2_PLACEMENT_3D('',#7547,#6081,#6082);
#5492=AXIS2_PLACEMENT_3D('',#7550,#6085,#6086);
#5493=AXIS2_PLACEMENT_3D('',#7553,#6089,#6090);
#5494=AXIS2_PLACEMENT_3D('',#7556,#6093,#6094);
#5495=AXIS2_PLACEMENT_3D('',#7559,#6097,#6098);
#5496=AXIS2_PLACEMENT_3D('',#7562,#6101,#6102);
#5497=AXIS2_PLACEMENT_3D('',#7565,#6105,#6106);
#5498=AXIS2_PLACEMENT_3D('',#7568,#6109,#6110);
#5499=AXIS2_PLACEMENT_3D('',#7569,#6111,#6112);
#5500=AXIS2_PLACEMENT_3D('',#7570,#6113,#6114);
#5501=AXIS2_PLACEMENT_3D('',#7571,#6115,#6116);
#5502=AXIS2_PLACEMENT_3D('',#7572,#6117,#6118);
#5503=AXIS2_PLACEMENT_3D('',#7573,#6119,#6120);
#5504=AXIS2_PLACEMENT_3D('',#7574,#6121,#6122);
#5505=AXIS2_PLACEMENT_3D('',#7575,#6123,#6124);
#5506=AXIS2_PLACEMENT_3D('',#7576,#6125,#6126);
#5507=AXIS2_PLACEMENT_3D('',#7577,#6127,#6128);
#5508=AXIS2_PLACEMENT_3D('',#7578,#6129,#6130);
#5509=AXIS2_PLACEMENT_3D('',#7587,#6135,#6136);
#5510=AXIS2_PLACEMENT_3D('',#7593,#6140,#6141);
#5511=AXIS2_PLACEMENT_3D('',#7599,#6145,#6146);
#5512=AXIS2_PLACEMENT_3D('',#7605,#6150,#6151);
#5513=AXIS2_PLACEMENT_3D('',#7611,#6155,#6156);
#5514=AXIS2_PLACEMENT_3D('',#7617,#6160,#6161);
#5515=AXIS2_PLACEMENT_3D('',#7620,#6164,#6165);
#5516=AXIS2_PLACEMENT_3D('',#7623,#6168,#6169);
#5517=AXIS2_PLACEMENT_3D('',#7624,#6170,#6171);
#5518=AXIS2_PLACEMENT_3D('',#7625,#6172,#6173);
#5519=AXIS2_PLACEMENT_3D('',#7631,#6177,#6178);
#5520=AXIS2_PLACEMENT_3D('',#7637,#6182,#6183);
#5521=AXIS2_PLACEMENT_3D('',#7649,#6190,#6191);
#5522=AXIS2_PLACEMENT_3D('',#7661,#6198,#6199);
#5523=AXIS2_PLACEMENT_3D('',#7663,#6201,#6202);
#5524=AXIS2_PLACEMENT_3D('',#7665,#6204,#6205);
#5525=AXIS2_PLACEMENT_3D('',#7667,#6207,#6208);
#5526=AXIS2_PLACEMENT_3D('',#7669,#6210,#6211);
#5527=AXIS2_PLACEMENT_3D('',#7671,#6213,#6214);
#5528=AXIS2_PLACEMENT_3D('',#7672,#6215,#6216);
#5529=AXIS2_PLACEMENT_3D('',#7681,#6221,#6222);
#5530=AXIS2_PLACEMENT_3D('',#7687,#6226,#6227);
#5531=AXIS2_PLACEMENT_3D('',#7693,#6231,#6232);
#5532=AXIS2_PLACEMENT_3D('',#7699,#6236,#6237);
#5533=AXIS2_PLACEMENT_3D('',#7705,#6241,#6242);
#5534=AXIS2_PLACEMENT_3D('',#7711,#6246,#6247);
#5535=AXIS2_PLACEMENT_3D('',#7714,#6250,#6251);
#5536=AXIS2_PLACEMENT_3D('',#7717,#6254,#6255);
#5537=AXIS2_PLACEMENT_3D('',#7718,#6256,#6257);
#5538=AXIS2_PLACEMENT_3D('',#7719,#6258,#6259);
#5539=AXIS2_PLACEMENT_3D('',#7725,#6263,#6264);
#5540=AXIS2_PLACEMENT_3D('',#7731,#6268,#6269);
#5541=AXIS2_PLACEMENT_3D('',#7743,#6276,#6277);
#5542=AXIS2_PLACEMENT_3D('',#7755,#6284,#6285);
#5543=AXIS2_PLACEMENT_3D('',#7757,#6287,#6288);
#5544=AXIS2_PLACEMENT_3D('',#7759,#6290,#6291);
#5545=AXIS2_PLACEMENT_3D('',#7761,#6293,#6294);
#5546=AXIS2_PLACEMENT_3D('',#7763,#6296,#6297);
#5547=AXIS2_PLACEMENT_3D('',#7765,#6299,#6300);
#5548=AXIS2_PLACEMENT_3D('',#7766,#6301,#6302);
#5549=AXIS2_PLACEMENT_3D('',#7767,#6303,#6304);
#5550=AXIS2_PLACEMENT_3D('',#7856,#6349,#6350);
#5551=AXIS2_PLACEMENT_3D('',#7945,#6395,#6396);
#5552=AXIS2_PLACEMENT_3D('',#7948,#6399,#6400);
#5553=AXIS2_PLACEMENT_3D('',#7951,#6403,#6404);
#5554=AXIS2_PLACEMENT_3D('',#7954,#6407,#6408);
#5555=AXIS2_PLACEMENT_3D('',#7957,#6411,#6412);
#5556=AXIS2_PLACEMENT_3D('',#7960,#6415,#6416);
#5557=AXIS2_PLACEMENT_3D('',#7963,#6419,#6420);
#5558=AXIS2_PLACEMENT_3D('',#7966,#6423,#6424);
#5559=AXIS2_PLACEMENT_3D('',#7969,#6427,#6428);
#5560=AXIS2_PLACEMENT_3D('',#7972,#6431,#6432);
#5561=AXIS2_PLACEMENT_3D('',#7975,#6435,#6436);
#5562=AXIS2_PLACEMENT_3D('',#7978,#6439,#6440);
#5563=AXIS2_PLACEMENT_3D('',#7981,#6443,#6444);
#5564=AXIS2_PLACEMENT_3D('',#7984,#6447,#6448);
#5565=AXIS2_PLACEMENT_3D('',#7986,#6450,#6451);
#5566=AXIS2_PLACEMENT_3D('',#7988,#6453,#6454);
#5567=AXIS2_PLACEMENT_3D('',#7991,#6457,#6458);
#5568=AXIS2_PLACEMENT_3D('',#7993,#6460,#6461);
#5569=AXIS2_PLACEMENT_3D('',#7995,#6463,#6464);
#5570=AXIS2_PLACEMENT_3D('',#7998,#6467,#6468);
#5571=AXIS2_PLACEMENT_3D('',#8000,#6470,#6471);
#5572=AXIS2_PLACEMENT_3D('',#8002,#6473,#6474);
#5573=AXIS2_PLACEMENT_3D('',#8005,#6477,#6478);
#5574=AXIS2_PLACEMENT_3D('',#8007,#6480,#6481);
#5575=AXIS2_PLACEMENT_3D('',#8009,#6483,#6484);
#5576=AXIS2_PLACEMENT_3D('',#8012,#6487,#6488);
#5577=AXIS2_PLACEMENT_3D('',#8014,#6490,#6491);
#5578=AXIS2_PLACEMENT_3D('',#8016,#6493,#6494);
#5579=AXIS2_PLACEMENT_3D('',#8017,#6495,#6496);
#5580=AXIS2_PLACEMENT_3D('',#8018,#6497,#6498);
#5581=AXIS2_PLACEMENT_3D('',#8019,#6499,#6500);
#5582=AXIS2_PLACEMENT_3D('',#8020,#6501,#6502);
#5583=AXIS2_PLACEMENT_3D('',#8021,#6503,#6504);
#5584=AXIS2_PLACEMENT_3D('',#8027,#6508,#6509);
#5585=AXIS2_PLACEMENT_3D('',#8031,#6512,#6513);
#5586=AXIS2_PLACEMENT_3D('',#8035,#6516,#6517);
#5587=AXIS2_PLACEMENT_3D('',#8037,#6519,#6520);
#5588=AXIS2_PLACEMENT_3D('',#8038,#6521,#6522);
#5589=AXIS2_PLACEMENT_3D('',#8044,#6526,#6527);
#5590=AXIS2_PLACEMENT_3D('',#8048,#6530,#6531);
#5591=AXIS2_PLACEMENT_3D('',#8052,#6534,#6535);
#5592=AXIS2_PLACEMENT_3D('',#8054,#6537,#6538);
#5593=AXIS2_PLACEMENT_3D('',#8055,#6539,#6540);
#5594=AXIS2_PLACEMENT_3D('',#8061,#6544,#6545);
#5595=AXIS2_PLACEMENT_3D('',#8065,#6548,#6549);
#5596=AXIS2_PLACEMENT_3D('',#8069,#6552,#6553);
#5597=AXIS2_PLACEMENT_3D('',#8071,#6555,#6556);
#5598=AXIS2_PLACEMENT_3D('',#8072,#6557,#6558);
#5599=AXIS2_PLACEMENT_3D('',#8078,#6562,#6563);
#5600=AXIS2_PLACEMENT_3D('',#8082,#6566,#6567);
#5601=AXIS2_PLACEMENT_3D('',#8086,#6570,#6571);
#5602=AXIS2_PLACEMENT_3D('',#8088,#6573,#6574);
#5603=AXIS2_PLACEMENT_3D('',#8089,#6575,#6576);
#5604=AXIS2_PLACEMENT_3D('',#8095,#6580,#6581);
#5605=AXIS2_PLACEMENT_3D('',#8099,#6584,#6585);
#5606=AXIS2_PLACEMENT_3D('',#8103,#6588,#6589);
#5607=AXIS2_PLACEMENT_3D('',#8105,#6591,#6592);
#5608=AXIS2_PLACEMENT_3D('',#8106,#6593,#6594);
#5609=AXIS2_PLACEMENT_3D('',#8112,#6598,#6599);
#5610=AXIS2_PLACEMENT_3D('',#8116,#6602,#6603);
#5611=AXIS2_PLACEMENT_3D('',#8120,#6606,#6607);
#5612=AXIS2_PLACEMENT_3D('',#8122,#6609,#6610);
#5613=AXIS2_PLACEMENT_3D('',#8123,#6611,#6612);
#5614=AXIS2_PLACEMENT_3D('',#8124,#6613,#6614);
#5615=AXIS2_PLACEMENT_3D('',#8125,#6615,#6616);
#5616=AXIS2_PLACEMENT_3D('',#8126,#6617,#6618);
#5617=AXIS2_PLACEMENT_3D('',#8127,#6619,#6620);
#5618=AXIS2_PLACEMENT_3D('',#8128,#6621,#6622);
#5619=AXIS2_PLACEMENT_3D('',#8129,#6623,#6624);
#5620=AXIS2_PLACEMENT_3D('',#8130,#6625,#6626);
#5621=AXIS2_PLACEMENT_3D('',#8179,#6651,#6652);
#5622=AXIS2_PLACEMENT_3D('',#8228,#6677,#6678);
#5623=AXIS2_PLACEMENT_3D('',#8230,#6680,#6681);
#5624=AXIS2_PLACEMENT_3D('',#8234,#6683,#6684);
#5625=AXIS2_PLACEMENT_3D('',#8242,#6688,#6689);
#5626=AXIS2_PLACEMENT_3D('',#8246,#6691,#6692);
#5627=AXIS2_PLACEMENT_3D('',#8247,#6693,#6694);
#5628=AXIS2_PLACEMENT_3D('',#8249,#6696,#6697);
#5629=AXIS2_PLACEMENT_3D('',#8253,#6699,#6700);
#5630=AXIS2_PLACEMENT_3D('',#8261,#6704,#6705);
#5631=AXIS2_PLACEMENT_3D('',#8265,#6707,#6708);
#5632=AXIS2_PLACEMENT_3D('',#8266,#6709,#6710);
#5633=AXIS2_PLACEMENT_3D('',#8275,#6715,#6716);
#5634=AXIS2_PLACEMENT_3D('',#8284,#6721,#6722);
#5635=AXIS2_PLACEMENT_3D('',#8293,#6727,#6728);
#5636=AXIS2_PLACEMENT_3D('',#8302,#6733,#6734);
#5637=AXIS2_PLACEMENT_3D('',#8311,#6739,#6740);
#5638=AXIS2_PLACEMENT_3D('',#8320,#6745,#6746);
#5639=AXIS2_PLACEMENT_3D('',#8329,#6751,#6752);
#5640=AXIS2_PLACEMENT_3D('',#8338,#6757,#6758);
#5641=AXIS2_PLACEMENT_3D('',#8339,#6759,#6760);
#5642=AXIS2_PLACEMENT_3D('',#8341,#6761,#6762);
#5643=AXIS2_PLACEMENT_3D('',#8344,#6764,#6765);
#5644=AXIS2_PLACEMENT_3D('',#8345,#6766,#6767);
#5645=AXIS2_PLACEMENT_3D('',#8349,#6769,#6770);
#5646=AXIS2_PLACEMENT_3D('',#8350,#6771,#6772);
#5647=AXIS2_PLACEMENT_3D('',#8351,#6773,#6774);
#5648=AXIS2_PLACEMENT_3D('',#8355,#6776,#6777);
#5649=AXIS2_PLACEMENT_3D('',#8356,#6778,#6779);
#5650=AXIS2_PLACEMENT_3D('',#8357,#6780,#6781);
#5651=AXIS2_PLACEMENT_3D('',#8361,#6783,#6784);
#5652=AXIS2_PLACEMENT_3D('',#8362,#6785,#6786);
#5653=AXIS2_PLACEMENT_3D('',#8368,#6790,#6791);
#5654=AXIS2_PLACEMENT_3D('',#8374,#6795,#6796);
#5655=AXIS2_PLACEMENT_3D('',#8380,#6800,#6801);
#5656=AXIS2_PLACEMENT_3D('',#8386,#6805,#6806);
#5657=AXIS2_PLACEMENT_3D('',#8387,#6807,#6808);
#5658=AXIS2_PLACEMENT_3D('',#8388,#6809,#6810);
#5659=AXIS2_PLACEMENT_3D('',#8389,#6811,#6812);
#5660=AXIS2_PLACEMENT_3D('',#8390,#6813,#6814);
#5661=AXIS2_PLACEMENT_3D('',#8391,#6815,#6816);
#5662=AXIS2_PLACEMENT_3D('',#8392,#6817,#6818);
#5663=AXIS2_PLACEMENT_3D('',#8393,#6819,#6820);
#5664=AXIS2_PLACEMENT_3D('',#8394,#6821,#6822);
#5665=AXIS2_PLACEMENT_3D('',#8395,#6823,#6824);
#5666=AXIS2_PLACEMENT_3D('',#8396,#6825,#6826);
#5667=AXIS2_PLACEMENT_3D('',#8397,#6827,#6828);
#5668=AXIS2_PLACEMENT_3D('',#8398,#6829,#6830);
#5669=AXIS2_PLACEMENT_3D('',#8399,#6831,#6832);
#5670=AXIS2_PLACEMENT_3D('',#8401,#6833,#6834);
#5671=AXIS2_PLACEMENT_3D('',#8404,#6836,#6837);
#5672=AXIS2_PLACEMENT_3D('',#8405,#6838,#6839);
#5673=AXIS2_PLACEMENT_3D('',#8409,#6841,#6842);
#5674=AXIS2_PLACEMENT_3D('',#8410,#6843,#6844);
#5675=AXIS2_PLACEMENT_3D('',#8411,#6845,#6846);
#5676=AXIS2_PLACEMENT_3D('',#8415,#6848,#6849);
#5677=AXIS2_PLACEMENT_3D('',#8416,#6850,#6851);
#5678=AXIS2_PLACEMENT_3D('',#8417,#6852,#6853);
#5679=AXIS2_PLACEMENT_3D('',#8421,#6855,#6856);
#5680=AXIS2_PLACEMENT_3D('',#8422,#6857,#6858);
#5681=AXIS2_PLACEMENT_3D('',#8428,#6862,#6863);
#5682=AXIS2_PLACEMENT_3D('',#8434,#6867,#6868);
#5683=AXIS2_PLACEMENT_3D('',#8440,#6872,#6873);
#5684=AXIS2_PLACEMENT_3D('',#8446,#6877,#6878);
#5685=AXIS2_PLACEMENT_3D('',#8447,#6879,#6880);
#5686=AXIS2_PLACEMENT_3D('',#8448,#6881,#6882);
#5687=AXIS2_PLACEMENT_3D('',#8449,#6883,#6884);
#5688=AXIS2_PLACEMENT_3D('',#8450,#6885,#6886);
#5689=AXIS2_PLACEMENT_3D('',#8451,#6887,#6888);
#5690=AXIS2_PLACEMENT_3D('',#8452,#6889,#6890);
#5691=AXIS2_PLACEMENT_3D('',#8453,#6891,#6892);
#5692=AXIS2_PLACEMENT_3D('',#8454,#6893,#6894);
#5693=AXIS2_PLACEMENT_3D('',#8455,#6895,#6896);
#5694=AXIS2_PLACEMENT_3D('',#8456,#6897,#6898);
#5695=AXIS2_PLACEMENT_3D('',#8457,#6899,#6900);
#5696=AXIS2_PLACEMENT_3D('',#8458,#6901,#6902);
#5697=AXIS2_PLACEMENT_3D('',#8464,#6906,#6907);
#5698=AXIS2_PLACEMENT_3D('',#8470,#6911,#6912);
#5699=AXIS2_PLACEMENT_3D('',#8471,#6913,#6914);
#5700=AXIS2_PLACEMENT_3D('',#8474,#6916,#6917);
#5701=AXIS2_PLACEMENT_3D('',#8478,#6920,#6921);
#5702=AXIS2_PLACEMENT_3D('',#8479,#6922,#6923);
#5703=AXIS2_PLACEMENT_3D('',#8480,#6924,#6925);
#5704=AXIS2_PLACEMENT_3D('',#8481,#6926,#6927);
#5705=AXIS2_PLACEMENT_3D('',#8484,#6929,#6930);
#5706=AXIS2_PLACEMENT_3D('',#8488,#6933,#6934);
#5707=AXIS2_PLACEMENT_3D('',#8489,#6935,#6936);
#5708=AXIS2_PLACEMENT_3D('',#8490,#6937,#6938);
#5709=AXIS2_PLACEMENT_3D('',#8496,#6942,#6943);
#5710=AXIS2_PLACEMENT_3D('',#8502,#6947,#6948);
#5711=AXIS2_PLACEMENT_3D('',#8503,#6949,#6950);
#5712=AXIS2_PLACEMENT_3D('',#8506,#6952,#6953);
#5713=AXIS2_PLACEMENT_3D('',#8510,#6956,#6957);
#5714=AXIS2_PLACEMENT_3D('',#8511,#6958,#6959);
#5715=AXIS2_PLACEMENT_3D('',#8512,#6960,#6961);
#5716=AXIS2_PLACEMENT_3D('',#8513,#6962,#6963);
#5717=AXIS2_PLACEMENT_3D('',#8516,#6965,#6966);
#5718=AXIS2_PLACEMENT_3D('',#8520,#6969,#6970);
#5719=AXIS2_PLACEMENT_3D('',#8521,#6971,#6972);
#5720=AXIS2_PLACEMENT_3D('',#8522,#6973,#6974);
#5721=AXIS2_PLACEMENT_3D('',#8525,#6977,#6978);
#5722=AXIS2_PLACEMENT_3D('',#8527,#6980,#6981);
#5723=AXIS2_PLACEMENT_3D('',#8529,#6983,#6984);
#5724=AXIS2_PLACEMENT_3D('',#8532,#6987,#6988);
#5725=AXIS2_PLACEMENT_3D('',#8534,#6990,#6991);
#5726=AXIS2_PLACEMENT_3D('',#8536,#6993,#6994);
#5727=AXIS2_PLACEMENT_3D('',#8539,#6997,#6998);
#5728=AXIS2_PLACEMENT_3D('',#8541,#7000,#7001);
#5729=AXIS2_PLACEMENT_3D('',#8543,#7003,#7004);
#5730=AXIS2_PLACEMENT_3D('',#8546,#7007,#7008);
#5731=AXIS2_PLACEMENT_3D('',#8548,#7010,#7011);
#5732=AXIS2_PLACEMENT_3D('',#8550,#7013,#7014);
#5733=AXIS2_PLACEMENT_3D('',#8553,#7017,#7018);
#5734=AXIS2_PLACEMENT_3D('',#8555,#7020,#7021);
#5735=AXIS2_PLACEMENT_3D('',#8557,#7023,#7024);
#5736=AXIS2_PLACEMENT_3D('',#8563,#7028,#7029);
#5737=AXIS2_PLACEMENT_3D('',#8567,#7032,#7033);
#5738=AXIS2_PLACEMENT_3D('',#8571,#7036,#7037);
#5739=AXIS2_PLACEMENT_3D('',#8573,#7039,#7040);
#5740=AXIS2_PLACEMENT_3D('',#8574,#7041,#7042);
#5741=AXIS2_PLACEMENT_3D('',#8580,#7046,#7047);
#5742=AXIS2_PLACEMENT_3D('',#8584,#7050,#7051);
#5743=AXIS2_PLACEMENT_3D('',#8588,#7054,#7055);
#5744=AXIS2_PLACEMENT_3D('',#8590,#7057,#7058);
#5745=AXIS2_PLACEMENT_3D('',#8591,#7059,#7060);
#5746=AXIS2_PLACEMENT_3D('',#8597,#7064,#7065);
#5747=AXIS2_PLACEMENT_3D('',#8601,#7068,#7069);
#5748=AXIS2_PLACEMENT_3D('',#8605,#7072,#7073);
#5749=AXIS2_PLACEMENT_3D('',#8607,#7075,#7076);
#5750=AXIS2_PLACEMENT_3D('',#8608,#7077,#7078);
#5751=AXIS2_PLACEMENT_3D('',#8614,#7082,#7083);
#5752=AXIS2_PLACEMENT_3D('',#8618,#7086,#7087);
#5753=AXIS2_PLACEMENT_3D('',#8622,#7090,#7091);
#5754=AXIS2_PLACEMENT_3D('',#8624,#7093,#7094);
#5755=AXIS2_PLACEMENT_3D('',#8625,#7095,#7096);
#5756=AXIS2_PLACEMENT_3D('',#8631,#7100,#7101);
#5757=AXIS2_PLACEMENT_3D('',#8635,#7104,#7105);
#5758=AXIS2_PLACEMENT_3D('',#8639,#7108,#7109);
#5759=AXIS2_PLACEMENT_3D('',#8641,#7111,#7112);
#5760=AXIS2_PLACEMENT_3D('',#8642,#7113,#7114);
#5761=AXIS2_PLACEMENT_3D('',#8648,#7118,#7119);
#5762=AXIS2_PLACEMENT_3D('',#8652,#7122,#7123);
#5763=AXIS2_PLACEMENT_3D('',#8656,#7126,#7127);
#5764=AXIS2_PLACEMENT_3D('',#8658,#7129,#7130);
#5765=AXIS2_PLACEMENT_3D('',#8659,#7131,#7132);
#5766=AXIS2_PLACEMENT_3D('',#8660,#7133,#7134);
#5767=DIRECTION('',(0.,0.,1.));
#5768=DIRECTION('',(1.,0.,0.));
#5769=DIRECTION('',(0.,1.,0.));
#5770=DIRECTION('',(0.,0.,1.));
#5771=DIRECTION('',(-1.,0.,0.));
#5772=DIRECTION('',(0.,0.,-1.));
#5773=DIRECTION('',(1.,0.,0.));
#5774=DIRECTION('',(0.,0.,-1.));
#5775=DIRECTION('',(-1.,0.,0.));
#5776=DIRECTION('',(0.,0.,-1.));
#5777=DIRECTION('',(1.,0.,0.));
#5778=DIRECTION('',(0.,0.,-1.));
#5779=DIRECTION('',(-1.,0.,0.));
#5780=DIRECTION('',(0.,0.,-1.));
#5781=DIRECTION('',(1.,0.,0.));
#5782=DIRECTION('',(0.,0.,-1.));
#5783=DIRECTION('',(-1.,0.,0.));
#5784=DIRECTION('',(0.,0.,-1.));
#5785=DIRECTION('',(1.,0.,0.));
#5786=DIRECTION('',(0.,0.,-1.));
#5787=DIRECTION('',(-3.41480999208033E-16,0.,1.));
#5788=DIRECTION('',(1.,0.,0.));
#5789=DIRECTION('',(0.,0.,-1.));
#5790=DIRECTION('',(1.,0.,0.));
#5791=DIRECTION('',(0.,0.,1.));
#5792=DIRECTION('',(1.,0.,0.));
#5793=DIRECTION('',(0.,0.,-1.));
#5794=DIRECTION('',(1.,0.,0.));
#5795=DIRECTION('',(0.,0.,1.));
#5796=DIRECTION('',(1.,0.,0.));
#5797=DIRECTION('',(0.,0.,-1.));
#5798=DIRECTION('',(1.,0.,0.));
#5799=DIRECTION('',(0.,0.,1.));
#5800=DIRECTION('',(1.,0.,0.));
#5801=DIRECTION('',(0.,0.,-1.));
#5802=DIRECTION('',(1.,0.,0.));
#5803=DIRECTION('',(0.,0.,1.));
#5804=DIRECTION('',(1.,0.,0.));
#5805=DIRECTION('',(3.41480999208033E-16,0.,-1.));
#5806=DIRECTION('',(1.,0.,0.));
#5807=DIRECTION('',(0.,0.,-1.));
#5808=DIRECTION('',(1.,0.,0.));
#5809=DIRECTION('',(3.41480999208033E-16,0.,-1.));
#5810=DIRECTION('',(-1.,0.,0.));
#5811=DIRECTION('',(0.,0.,1.));
#5812=DIRECTION('',(1.,0.,0.));
#5813=DIRECTION('',(0.,0.,-1.));
#5814=DIRECTION('',(-1.,0.,0.));
#5815=DIRECTION('',(0.,0.,1.));
#5816=DIRECTION('',(1.,0.,0.));
#5817=DIRECTION('',(0.,0.,-1.));
#5818=DIRECTION('',(-1.,0.,0.));
#5819=DIRECTION('',(0.,0.,1.));
#5820=DIRECTION('',(1.,0.,0.));
#5821=DIRECTION('',(0.,0.,-1.));
#5822=DIRECTION('',(-1.,0.,0.));
#5823=DIRECTION('',(0.,0.,1.));
#5824=DIRECTION('',(1.,0.,0.));
#5825=DIRECTION('',(0.,0.,-1.));
#5826=DIRECTION('',(-1.,0.,0.));
#5827=DIRECTION('',(-3.41480999208033E-16,0.,1.));
#5828=DIRECTION('',(1.,0.,0.));
#5829=DIRECTION('',(0.,0.,-1.));
#5830=DIRECTION('',(1.,0.,0.));
#5831=DIRECTION('',(0.,1.,0.));
#5832=DIRECTION('',(0.,0.,1.));
#5833=DIRECTION('',(0.,0.,-1.));
#5834=DIRECTION('',(1.,0.,0.));
#5835=DIRECTION('',(0.,0.,-1.));
#5836=DIRECTION('',(-1.,0.,0.));
#5837=DIRECTION('',(0.,1.,0.));
#5838=DIRECTION('',(0.,0.,1.));
#5839=DIRECTION('',(0.,0.,-1.));
#5840=DIRECTION('',(1.,0.,0.));
#5841=DIRECTION('',(0.,0.,-1.));
#5842=DIRECTION('',(-1.,0.,0.));
#5843=DIRECTION('',(0.,1.,0.));
#5844=DIRECTION('',(0.,0.,1.));
#5845=DIRECTION('',(0.,0.,-1.));
#5846=DIRECTION('',(1.,0.,0.));
#5847=DIRECTION('',(0.,0.,-1.));
#5848=DIRECTION('',(-1.,0.,0.));
#5849=DIRECTION('',(0.,1.,0.));
#5850=DIRECTION('',(0.,0.,1.));
#5851=DIRECTION('',(0.,0.,-1.));
#5852=DIRECTION('',(1.,0.,0.));
#5853=DIRECTION('',(0.,0.,-1.));
#5854=DIRECTION('',(-1.,0.,0.));
#5855=DIRECTION('',(0.,1.,0.));
#5856=DIRECTION('',(0.,0.,1.));
#5857=DIRECTION('',(0.,0.,-1.));
#5858=DIRECTION('',(1.,0.,0.));
#5859=DIRECTION('',(0.,0.,-1.));
#5860=DIRECTION('',(-1.,0.,0.));
#5861=DIRECTION('',(0.,0.,1.));
#5862=DIRECTION('',(1.,0.,0.));
#5863=DIRECTION('',(-1.,0.,0.));
#5864=DIRECTION('',(0.,1.,0.));
#5865=DIRECTION('',(1.,-5.44453123737297E-17,0.));
#5866=DIRECTION('',(0.,-1.,0.));
#5867=DIRECTION('',(-3.41480999208033E-16,-1.,0.));
#5868=DIRECTION('',(-1.,0.,0.));
#5869=DIRECTION('',(0.,-1.,0.));
#5870=DIRECTION('',(0.,0.,1.));
#5871=DIRECTION('',(1.,0.,0.));
#5872=DIRECTION('',(-1.,0.,0.));
#5873=DIRECTION('',(0.,1.,0.));
#5874=DIRECTION('',(1.,-5.44453123737297E-17,0.));
#5875=DIRECTION('',(0.,-1.,0.));
#5876=DIRECTION('',(3.41480999208033E-16,1.,0.));
#5877=DIRECTION('',(0.,1.,0.));
#5878=DIRECTION('',(-1.,0.,0.));
#5879=DIRECTION('',(0.,0.,1.));
#5880=DIRECTION('',(1.,0.,0.));
#5881=DIRECTION('',(-1.,0.,0.));
#5882=DIRECTION('',(0.,1.,0.));
#5883=DIRECTION('',(1.,-5.44453123737298E-17,0.));
#5884=DIRECTION('',(0.,-1.,0.));
#5885=DIRECTION('',(0.,-1.,0.));
#5886=DIRECTION('',(-1.,0.,0.));
#5887=DIRECTION('',(0.,1.,0.));
#5888=DIRECTION('',(0.,0.,1.));
#5889=DIRECTION('',(1.,0.,0.));
#5890=DIRECTION('',(-1.,0.,0.));
#5891=DIRECTION('',(0.,1.,0.));
#5892=DIRECTION('',(1.,-5.44453123737297E-17,0.));
#5893=DIRECTION('',(0.,-1.,0.));
#5894=DIRECTION('',(0.,-1.,0.));
#5895=DIRECTION('',(-1.,0.,0.));
#5896=DIRECTION('',(0.,1.,0.));
#5897=DIRECTION('',(0.,0.,1.));
#5898=DIRECTION('',(1.,0.,0.));
#5899=DIRECTION('',(-1.,0.,0.));
#5900=DIRECTION('',(0.,1.,0.));
#5901=DIRECTION('',(1.,-5.44453123737297E-17,0.));
#5902=DIRECTION('',(0.,-1.,0.));
#5903=DIRECTION('',(0.,-1.,0.));
#5904=DIRECTION('',(-1.,0.,0.));
#5905=DIRECTION('',(0.,1.,0.));
#5906=DIRECTION('',(0.,0.,1.));
#5907=DIRECTION('',(1.,0.,0.));
#5908=DIRECTION('',(-1.,0.,0.));
#5909=DIRECTION('',(0.,1.,0.));
#5910=DIRECTION('',(1.,-5.44453123737297E-17,0.));
#5911=DIRECTION('',(0.,-1.,0.));
#5912=DIRECTION('',(0.,-1.,0.));
#5913=DIRECTION('',(-1.,0.,0.));
#5914=DIRECTION('',(0.,1.,0.));
#5915=DIRECTION('',(0.,0.,1.));
#5916=DIRECTION('',(1.,0.,0.));
#5917=DIRECTION('',(-1.,0.,0.));
#5918=DIRECTION('',(0.,-1.,0.));
#5919=DIRECTION('',(1.,-5.44453123737297E-17,0.));
#5920=DIRECTION('',(0.,1.,0.));
#5921=DIRECTION('',(3.41480999208033E-16,1.,0.));
#5922=DIRECTION('',(0.,-1.,0.));
#5923=DIRECTION('',(-1.,0.,0.));
#5924=DIRECTION('',(0.,0.,1.));
#5925=DIRECTION('',(1.,0.,0.));
#5926=DIRECTION('',(-1.,0.,0.));
#5927=DIRECTION('',(0.,-1.,0.));
#5928=DIRECTION('',(1.,-5.44453123737297E-17,0.));
#5929=DIRECTION('',(0.,1.,0.));
#5930=DIRECTION('',(0.,1.,0.));
#5931=DIRECTION('',(-1.,0.,0.));
#5932=DIRECTION('',(0.,1.,0.));
#5933=DIRECTION('',(0.,0.,1.));
#5934=DIRECTION('',(1.,0.,0.));
#5935=DIRECTION('',(-1.,0.,0.));
#5936=DIRECTION('',(0.,-1.,0.));
#5937=DIRECTION('',(1.,-5.44453123737297E-17,0.));
#5938=DIRECTION('',(0.,1.,0.));
#5939=DIRECTION('',(0.,1.,0.));
#5940=DIRECTION('',(-1.,0.,0.));
#5941=DIRECTION('',(0.,1.,0.));
#5942=DIRECTION('',(0.,0.,1.));
#5943=DIRECTION('',(1.,0.,0.));
#5944=DIRECTION('',(-1.,0.,0.));
#5945=DIRECTION('',(0.,-1.,0.));
#5946=DIRECTION('',(1.,-5.44453123737297E-17,0.));
#5947=DIRECTION('',(0.,1.,0.));
#5948=DIRECTION('',(0.,1.,0.));
#5949=DIRECTION('',(-1.,0.,0.));
#5950=DIRECTION('',(0.,1.,0.));
#5951=DIRECTION('',(0.,0.,1.));
#5952=DIRECTION('',(1.,0.,0.));
#5953=DIRECTION('',(-1.,0.,0.));
#5954=DIRECTION('',(0.,-1.,0.));
#5955=DIRECTION('',(1.,-5.44453123737298E-17,0.));
#5956=DIRECTION('',(0.,1.,0.));
#5957=DIRECTION('',(0.,1.,0.));
#5958=DIRECTION('',(-1.,0.,0.));
#5959=DIRECTION('',(0.,1.,0.));
#5960=DIRECTION('',(0.,0.,1.));
#5961=DIRECTION('',(1.,0.,0.));
#5962=DIRECTION('',(-1.,0.,0.));
#5963=DIRECTION('',(0.,-1.,0.));
#5964=DIRECTION('',(1.,-5.44453123737297E-17,0.));
#5965=DIRECTION('',(0.,1.,0.));
#5966=DIRECTION('',(3.41480999208033E-16,1.,0.));
#5967=DIRECTION('',(-1.,0.,0.));
#5968=DIRECTION('',(0.,1.,0.));
#5969=DIRECTION('',(0.,-1.,0.));
#5970=DIRECTION('',(0.,0.,-1.));
#5971=DIRECTION('',(0.,0.,1.));
#5972=DIRECTION('',(0.,0.,-1.));
#5973=DIRECTION('',(0.,-1.,0.));
#5974=DIRECTION('',(0.,0.,-1.));
#5975=DIRECTION('',(0.,0.,-1.));
#5976=DIRECTION('',(0.,0.,1.));
#5977=DIRECTION('',(0.,-1.,0.));
#5978=DIRECTION('',(0.,0.,-1.));
#5979=DIRECTION('',(0.,0.,-1.));
#5980=DIRECTION('',(0.,0.,1.));
#5981=DIRECTION('',(0.,-1.,0.));
#5982=DIRECTION('',(0.,0.,-1.));
#5983=DIRECTION('',(0.,0.,-1.));
#5984=DIRECTION('',(0.,0.,1.));
#5985=DIRECTION('',(0.,-1.,0.));
#5986=DIRECTION('',(0.,0.,-1.));
#5987=DIRECTION('',(0.,0.,-1.));
#5988=DIRECTION('',(0.,0.,1.));
#5989=DIRECTION('',(0.,-1.,0.));
#5990=DIRECTION('',(0.,0.,-1.));
#5991=DIRECTION('',(0.,0.,-1.));
#5992=DIRECTION('',(0.,0.,-1.));
#5993=DIRECTION('',(1.,0.,0.));
#5994=DIRECTION('',(0.,0.,-1.));
#5995=DIRECTION('',(0.,-1.,0.));
#5996=DIRECTION('',(0.,0.,-1.));
#5997=DIRECTION('',(0.,0.,-1.));
#5998=DIRECTION('',(0.,0.,-1.));
#5999=DIRECTION('',(-1.,0.,0.));
#6000=DIRECTION('',(0.,0.,1.));
#6001=DIRECTION('',(0.,0.,-1.));
#6002=DIRECTION('',(5.44453123737297E-17,1.,0.));
#6003=DIRECTION('',(-1.,5.44453123737297E-17,0.));
#6004=DIRECTION('',(0.,0.,-1.));
#6005=DIRECTION('',(0.,-1.,0.));
#6006=DIRECTION('',(0.,0.,-1.));
#6007=DIRECTION('',(0.,0.,-1.));
#6008=DIRECTION('',(0.,0.,-1.));
#6009=DIRECTION('',(-1.,0.,0.));
#6010=DIRECTION('',(0.,0.,1.));
#6011=DIRECTION('',(0.,0.,-1.));
#6012=DIRECTION('',(5.44453123737298E-17,1.,0.));
#6013=DIRECTION('',(-1.,5.44453123737298E-17,0.));
#6014=DIRECTION('',(0.,0.,-1.));
#6015=DIRECTION('',(0.,-1.,0.));
#6016=DIRECTION('',(0.,0.,-1.));
#6017=DIRECTION('',(0.,0.,-1.));
#6018=DIRECTION('',(0.,0.,-1.));
#6019=DIRECTION('',(-1.,0.,0.));
#6020=DIRECTION('',(0.,0.,1.));
#6021=DIRECTION('',(0.,0.,-1.));
#6022=DIRECTION('',(5.44453123737297E-17,1.,0.));
#6023=DIRECTION('',(-1.,5.44453123737297E-17,0.));
#6024=DIRECTION('',(0.,0.,-1.));
#6025=DIRECTION('',(0.,-1.,0.));
#6026=DIRECTION('',(0.,0.,-1.));
#6027=DIRECTION('',(0.,0.,-1.));
#6028=DIRECTION('',(0.,0.,-1.));
#6029=DIRECTION('',(-1.,0.,0.));
#6030=DIRECTION('',(0.,0.,1.));
#6031=DIRECTION('',(0.,0.,-1.));
#6032=DIRECTION('',(5.44453123737297E-17,1.,0.));
#6033=DIRECTION('',(-1.,5.44453123737297E-17,0.));
#6034=DIRECTION('',(0.,0.,-1.));
#6035=DIRECTION('',(0.,-1.,0.));
#6036=DIRECTION('',(0.,0.,-1.));
#6037=DIRECTION('',(0.,0.,-1.));
#6038=DIRECTION('',(0.,0.,-1.));
#6039=DIRECTION('',(-1.,0.,0.));
#6040=DIRECTION('',(0.,0.,1.));
#6041=DIRECTION('',(0.,0.,-1.));
#6042=DIRECTION('',(5.44453123737297E-17,1.,0.));
#6043=DIRECTION('',(-1.,5.44453123737297E-17,0.));
#6044=DIRECTION('',(0.,0.,-1.));
#6045=DIRECTION('',(0.,-1.,0.));
#6046=DIRECTION('',(0.,0.,-1.));
#6047=DIRECTION('',(0.,0.,-1.));
#6048=DIRECTION('',(0.,0.,-1.));
#6049=DIRECTION('',(-1.,0.,0.));
#6050=DIRECTION('',(0.,0.,1.));
#6051=DIRECTION('',(0.,0.,-1.));
#6052=DIRECTION('',(5.44453123737297E-17,1.,0.));
#6053=DIRECTION('',(-1.,5.44453123737297E-17,0.));
#6054=DIRECTION('',(0.,0.,-1.));
#6055=DIRECTION('',(1.,0.,0.));
#6056=DIRECTION('',(0.,0.,-1.));
#6057=DIRECTION('',(1.,0.,0.));
#6058=DIRECTION('',(0.,0.,-1.));
#6059=DIRECTION('',(1.,0.,0.));
#6060=DIRECTION('',(0.,0.,-1.));
#6061=DIRECTION('',(1.,0.,0.));
#6062=DIRECTION('',(0.,0.,-1.));
#6063=DIRECTION('',(1.,0.,0.));
#6064=DIRECTION('',(0.,0.,-1.));
#6065=DIRECTION('',(1.,0.,0.));
#6066=DIRECTION('',(0.,0.,-1.));
#6067=DIRECTION('',(-1.,0.,0.));
#6068=DIRECTION('',(0.,0.,1.));
#6069=DIRECTION('',(-1.,3.41480999208033E-16,0.));
#6070=DIRECTION('',(-3.41480999208033E-16,-1.,0.));
#6071=DIRECTION('',(0.,-1.,0.));
#6072=DIRECTION('',(0.,-1.,0.));
#6073=DIRECTION('',(1.,0.,0.));
#6074=DIRECTION('',(0.,0.,-1.));
#6075=DIRECTION('',(0.,-1.,0.));
#6076=DIRECTION('',(0.,-1.,0.));
#6077=DIRECTION('',(-1.,0.,0.));
#6078=DIRECTION('',(0.,0.,1.));
#6079=DIRECTION('',(0.,-1.,0.));
#6080=DIRECTION('',(0.,-1.,0.));
#6081=DIRECTION('',(1.,0.,0.));
#6082=DIRECTION('',(0.,0.,-1.));
#6083=DIRECTION('',(0.,-1.,0.));
#6084=DIRECTION('',(0.,-1.,0.));
#6085=DIRECTION('',(-1.,0.,0.));
#6086=DIRECTION('',(0.,0.,1.));
#6087=DIRECTION('',(0.,-1.,0.));
#6088=DIRECTION('',(0.,-1.,0.));
#6089=DIRECTION('',(1.,0.,0.));
#6090=DIRECTION('',(0.,0.,-1.));
#6091=DIRECTION('',(0.,-1.,0.));
#6092=DIRECTION('',(0.,-1.,0.));
#6093=DIRECTION('',(-1.,0.,0.));
#6094=DIRECTION('',(0.,0.,1.));
#6095=DIRECTION('',(0.,-1.,0.));
#6096=DIRECTION('',(0.,-1.,0.));
#6097=DIRECTION('',(1.,0.,0.));
#6098=DIRECTION('',(0.,0.,-1.));
#6099=DIRECTION('',(0.,-1.,0.));
#6100=DIRECTION('',(0.,-1.,0.));
#6101=DIRECTION('',(1.,-3.41480999208033E-16,0.));
#6102=DIRECTION('',(3.41480999208033E-16,1.,0.));
#6103=DIRECTION('',(0.,-1.,0.));
#6104=DIRECTION('',(0.,-1.,0.));
#6105=DIRECTION('',(-1.,0.,0.));
#6106=DIRECTION('',(0.,0.,1.));
#6107=DIRECTION('',(0.,-1.,0.));
#6108=DIRECTION('',(0.,-1.,0.));
#6109=DIRECTION('',(0.,0.,-1.));
#6110=DIRECTION('',(-1.,0.,0.));
#6111=DIRECTION('',(0.,0.,-1.));
#6112=DIRECTION('',(-1.,0.,0.));
#6113=DIRECTION('',(0.,0.,-1.));
#6114=DIRECTION('',(-1.,0.,0.));
#6115=DIRECTION('',(0.,0.,-1.));
#6116=DIRECTION('',(-1.,0.,0.));
#6117=DIRECTION('',(0.,0.,-1.));
#6118=DIRECTION('',(-1.,0.,0.));
#6119=DIRECTION('',(0.,0.,1.));
#6120=DIRECTION('',(1.,0.,0.));
#6121=DIRECTION('',(0.,0.,1.));
#6122=DIRECTION('',(1.,0.,0.));
#6123=DIRECTION('',(0.,0.,1.));
#6124=DIRECTION('',(1.,0.,0.));
#6125=DIRECTION('',(0.,0.,1.));
#6126=DIRECTION('',(1.,0.,0.));
#6127=DIRECTION('',(0.,0.,1.));
#6128=DIRECTION('',(1.,0.,0.));
#6129=DIRECTION('',(0.,1.,0.));
#6130=DIRECTION('',(0.,0.,1.));
#6131=DIRECTION('',(0.,0.,-1.));
#6132=DIRECTION('',(-1.,0.,0.));
#6133=DIRECTION('',(0.,0.,-1.));
#6134=DIRECTION('',(-1.,0.,0.));
#6135=DIRECTION('',(0.,0.499999865549034,0.866025481409726));
#6136=DIRECTION('',(0.,-0.866025481409726,0.499999865549034));
#6137=DIRECTION('',(0.,0.866025481409726,-0.499999865549034));
#6138=DIRECTION('',(-1.,0.,0.));
#6139=DIRECTION('',(0.,0.866025481409726,-0.499999865549034));
#6140=DIRECTION('',(0.,-1.,0.));
#6141=DIRECTION('',(0.,0.,-1.));
#6142=DIRECTION('',(0.,0.,1.));
#6143=DIRECTION('',(-1.,0.,0.));
#6144=DIRECTION('',(0.,0.,1.));
#6145=DIRECTION('',(0.,0.,1.));
#6146=DIRECTION('',(1.,0.,0.));
#6147=DIRECTION('',(0.,1.,0.));
#6148=DIRECTION('',(-1.,0.,0.));
#6149=DIRECTION('',(0.,1.,0.));
#6150=DIRECTION('',(0.,0.425276989499381,0.905063247625459));
#6151=DIRECTION('',(0.,-0.905063247625459,0.425276989499381));
#6152=DIRECTION('',(0.,0.905063247625459,-0.425276989499381));
#6153=DIRECTION('',(-1.,0.,0.));
#6154=DIRECTION('',(0.,0.905063247625459,-0.425276989499381));
#6155=DIRECTION('',(0.,-1.,0.));
#6156=DIRECTION('',(0.,0.,-1.));
#6157=DIRECTION('',(0.,0.,1.));
#6158=DIRECTION('',(-1.,0.,0.));
#6159=DIRECTION('',(0.,0.,1.));
#6160=DIRECTION('',(1.,0.,0.));
#6161=DIRECTION('',(0.,0.,-1.));
#6162=DIRECTION('',(0.,-1.,5.56762498708749E-17));
#6163=DIRECTION('',(0.,1.,-1.0193306872684E-16));
#6164=DIRECTION('',(1.,0.,0.));
#6165=DIRECTION('',(0.,0.,-1.));
#6166=DIRECTION('',(0.,-1.,5.56762498708749E-17));
#6167=DIRECTION('',(0.,1.,-1.0193306872684E-16));
#6168=DIRECTION('',(0.,1.0193306872684E-16,1.));
#6169=DIRECTION('',(0.,-1.,1.0193306872684E-16));
#6170=DIRECTION('',(0.,-5.56762498708749E-17,-1.));
#6171=DIRECTION('',(0.,1.,-5.56762498708749E-17));
#6172=DIRECTION('',(0.,5.56762498708749E-17,1.));
#6173=DIRECTION('',(0.,-1.,5.56762498708749E-17));
#6174=DIRECTION('',(0.,1.,-5.56762498708749E-17));
#6175=DIRECTION('',(0.,1.,-5.56762498708749E-17));
#6176=DIRECTION('',(-1.,0.,0.));
#6177=DIRECTION('',(0.,3.0579920618052E-16,-1.));
#6178=DIRECTION('',(0.,1.,3.0579920618052E-16));
#6179=DIRECTION('',(0.,-1.,-3.0579920618052E-16));
#6180=DIRECTION('',(0.,-1.,-3.0579920618052E-16));
#6181=DIRECTION('',(-1.,0.,0.));
#6182=DIRECTION('',(1.,0.,0.));
#6183=DIRECTION('',(0.,0.,-1.));
#6184=DIRECTION('',(0.,0.,1.));
#6185=DIRECTION('',(0.,-0.905063247625459,-0.425276989499381));
#6186=DIRECTION('',(0.,-1.,0.));
#6187=DIRECTION('',(0.,0.,1.));
#6188=DIRECTION('',(0.,-0.866025481409726,-0.499999865549034));
#6189=DIRECTION('',(0.,0.,-1.));
#6190=DIRECTION('',(1.,0.,0.));
#6191=DIRECTION('',(0.,0.,-1.));
#6192=DIRECTION('',(0.,0.,-1.));
#6193=DIRECTION('',(0.,-0.866025481409726,-0.499999865549034));
#6194=DIRECTION('',(0.,0.,1.));
#6195=DIRECTION('',(0.,-1.,0.));
#6196=DIRECTION('',(0.,-0.905063247625459,-0.425276989499381));
#6197=DIRECTION('',(0.,0.,1.));
#6198=DIRECTION('',(0.,-1.,0.));
#6199=DIRECTION('',(0.,0.,-1.));
#6200=DIRECTION('',(-1.,0.,0.));
#6201=DIRECTION('',(0.,0.425276989499381,-0.905063247625459));
#6202=DIRECTION('',(0.,0.905063247625459,0.425276989499381));
#6203=DIRECTION('',(-1.,0.,0.));
#6204=DIRECTION('',(0.,0.,-1.));
#6205=DIRECTION('',(-1.,0.,0.));
#6206=DIRECTION('',(-1.,0.,0.));
#6207=DIRECTION('',(0.,-1.,0.));
#6208=DIRECTION('',(0.,0.,-1.));
#6209=DIRECTION('',(-1.,0.,0.));
#6210=DIRECTION('',(0.,0.499999865549034,-0.866025481409726));
#6211=DIRECTION('',(0.,0.866025481409726,0.499999865549034));
#6212=DIRECTION('',(-1.,0.,0.));
#6213=DIRECTION('',(0.,1.,0.));
#6214=DIRECTION('',(0.,0.,1.));
#6215=DIRECTION('',(0.,1.,0.));
#6216=DIRECTION('',(0.,0.,1.));
#6217=DIRECTION('',(0.,0.,-1.));
#6218=DIRECTION('',(-1.,0.,0.));
#6219=DIRECTION('',(0.,0.,-1.));
#6220=DIRECTION('',(-1.,0.,0.));
#6221=DIRECTION('',(0.,0.499999865549034,0.866025481409726));
#6222=DIRECTION('',(0.,-0.866025481409726,0.499999865549034));
#6223=DIRECTION('',(0.,0.866025481409726,-0.499999865549034));
#6224=DIRECTION('',(-1.,0.,0.));
#6225=DIRECTION('',(0.,0.866025481409726,-0.499999865549034));
#6226=DIRECTION('',(0.,-1.,0.));
#6227=DIRECTION('',(0.,0.,-1.));
#6228=DIRECTION('',(0.,0.,1.));
#6229=DIRECTION('',(-1.,0.,0.));
#6230=DIRECTION('',(0.,0.,1.));
#6231=DIRECTION('',(0.,0.,1.));
#6232=DIRECTION('',(1.,0.,0.));
#6233=DIRECTION('',(0.,1.,0.));
#6234=DIRECTION('',(-1.,0.,0.));
#6235=DIRECTION('',(0.,1.,0.));
#6236=DIRECTION('',(0.,0.425276989499381,0.905063247625459));
#6237=DIRECTION('',(0.,-0.905063247625459,0.425276989499381));
#6238=DIRECTION('',(0.,0.905063247625459,-0.425276989499381));
#6239=DIRECTION('',(-1.,0.,0.));
#6240=DIRECTION('',(0.,0.905063247625459,-0.425276989499381));
#6241=DIRECTION('',(0.,-1.,0.));
#6242=DIRECTION('',(0.,0.,-1.));
#6243=DIRECTION('',(0.,0.,1.));
#6244=DIRECTION('',(-1.,0.,0.));
#6245=DIRECTION('',(0.,0.,1.));
#6246=DIRECTION('',(1.,0.,0.));
#6247=DIRECTION('',(0.,0.,-1.));
#6248=DIRECTION('',(0.,-1.,5.56762498708749E-17));
#6249=DIRECTION('',(0.,1.,-1.0193306872684E-16));
#6250=DIRECTION('',(1.,0.,0.));
#6251=DIRECTION('',(0.,0.,-1.));
#6252=DIRECTION('',(0.,-1.,5.56762498708749E-17));
#6253=DIRECTION('',(0.,1.,-1.0193306872684E-16));
#6254=DIRECTION('',(0.,1.0193306872684E-16,1.));
#6255=DIRECTION('',(0.,-1.,1.0193306872684E-16));
#6256=DIRECTION('',(0.,-5.56762498708749E-17,-1.));
#6257=DIRECTION('',(0.,1.,-5.56762498708749E-17));
#6258=DIRECTION('',(0.,5.56762498708749E-17,1.));
#6259=DIRECTION('',(0.,-1.,5.56762498708749E-17));
#6260=DIRECTION('',(0.,1.,-5.56762498708749E-17));
#6261=DIRECTION('',(0.,1.,-5.56762498708749E-17));
#6262=DIRECTION('',(-1.,0.,0.));
#6263=DIRECTION('',(0.,3.0579920618052E-16,-1.));
#6264=DIRECTION('',(0.,1.,3.0579920618052E-16));
#6265=DIRECTION('',(0.,-1.,-3.0579920618052E-16));
#6266=DIRECTION('',(0.,-1.,-3.0579920618052E-16));
#6267=DIRECTION('',(-1.,0.,0.));
#6268=DIRECTION('',(1.,0.,0.));
#6269=DIRECTION('',(0.,0.,-1.));
#6270=DIRECTION('',(0.,0.,1.));
#6271=DIRECTION('',(0.,-0.905063247625459,-0.425276989499381));
#6272=DIRECTION('',(0.,-1.,0.));
#6273=DIRECTION('',(0.,0.,1.));
#6274=DIRECTION('',(0.,-0.866025481409726,-0.499999865549034));
#6275=DIRECTION('',(0.,0.,-1.));
#6276=DIRECTION('',(1.,0.,0.));
#6277=DIRECTION('',(0.,0.,-1.));
#6278=DIRECTION('',(0.,0.,-1.));
#6279=DIRECTION('',(0.,-0.866025481409726,-0.499999865549034));
#6280=DIRECTION('',(0.,0.,1.));
#6281=DIRECTION('',(0.,-1.,0.));
#6282=DIRECTION('',(0.,-0.905063247625459,-0.425276989499381));
#6283=DIRECTION('',(0.,0.,1.));
#6284=DIRECTION('',(0.,-1.,0.));
#6285=DIRECTION('',(0.,0.,-1.));
#6286=DIRECTION('',(-1.,0.,0.));
#6287=DIRECTION('',(0.,0.425276989499381,-0.905063247625459));
#6288=DIRECTION('',(0.,0.905063247625459,0.425276989499381));
#6289=DIRECTION('',(-1.,0.,0.));
#6290=DIRECTION('',(0.,0.,-1.));
#6291=DIRECTION('',(-1.,0.,0.));
#6292=DIRECTION('',(-1.,0.,0.));
#6293=DIRECTION('',(0.,-1.,0.));
#6294=DIRECTION('',(0.,0.,-1.));
#6295=DIRECTION('',(-1.,0.,0.));
#6296=DIRECTION('',(0.,0.499999865549034,-0.866025481409726));
#6297=DIRECTION('',(0.,0.866025481409726,0.499999865549034));
#6298=DIRECTION('',(-1.,0.,0.));
#6299=DIRECTION('',(0.,1.,0.));
#6300=DIRECTION('',(0.,0.,1.));
#6301=DIRECTION('',(0.,0.,1.));
#6302=DIRECTION('',(1.,0.,0.));
#6303=DIRECTION('',(0.,0.,1.));
#6304=DIRECTION('',(1.,0.,0.));
#6305=DIRECTION('',(1.,0.,0.));
#6306=DIRECTION('',(0.,1.,0.));
#6307=DIRECTION('',(-1.,0.,0.));
#6308=DIRECTION('',(0.,-1.,0.));
#6309=DIRECTION('',(1.,0.,0.));
#6310=DIRECTION('',(0.,1.,0.));
#6311=DIRECTION('',(-1.,0.,0.));
#6312=DIRECTION('',(0.,-1.,0.));
#6313=DIRECTION('',(1.,0.,0.));
#6314=DIRECTION('',(0.,1.,0.));
#6315=DIRECTION('',(-1.,0.,0.));
#6316=DIRECTION('',(0.,-1.,0.));
#6317=DIRECTION('',(1.,0.,0.));
#6318=DIRECTION('',(0.,1.,0.));
#6319=DIRECTION('',(-1.,0.,0.));
#6320=DIRECTION('',(0.,-1.,0.));
#6321=DIRECTION('',(1.,0.,0.));
#6322=DIRECTION('',(0.,1.,0.));
#6323=DIRECTION('',(-1.,0.,0.));
#6324=DIRECTION('',(0.,-1.,0.));
#6325=DIRECTION('',(1.,0.,0.));
#6326=DIRECTION('',(0.,1.,0.));
#6327=DIRECTION('',(-1.,0.,0.));
#6328=DIRECTION('',(0.,1.,0.));
#6329=DIRECTION('',(1.,0.,0.));
#6330=DIRECTION('',(0.,1.,0.));
#6331=DIRECTION('',(-1.,0.,0.));
#6332=DIRECTION('',(0.,-1.,0.));
#6333=DIRECTION('',(1.,0.,0.));
#6334=DIRECTION('',(0.,1.,0.));
#6335=DIRECTION('',(-1.,0.,0.));
#6336=DIRECTION('',(0.,-1.,0.));
#6337=DIRECTION('',(1.,0.,0.));
#6338=DIRECTION('',(0.,1.,0.));
#6339=DIRECTION('',(-1.,0.,0.));
#6340=DIRECTION('',(0.,-1.,0.));
#6341=DIRECTION('',(1.,0.,0.));
#6342=DIRECTION('',(0.,1.,0.));
#6343=DIRECTION('',(-1.,0.,0.));
#6344=DIRECTION('',(0.,-1.,0.));
#6345=DIRECTION('',(1.,0.,0.));
#6346=DIRECTION('',(0.,1.,0.));
#6347=DIRECTION('',(-1.,0.,0.));
#6348=DIRECTION('',(0.,-1.,0.));
#6349=DIRECTION('',(0.,0.,-1.));
#6350=DIRECTION('',(-1.,0.,0.));
#6351=DIRECTION('',(-1.,0.,0.));
#6352=DIRECTION('',(0.,-1.,0.));
#6353=DIRECTION('',(-1.,0.,0.));
#6354=DIRECTION('',(0.,-1.,0.));
#6355=DIRECTION('',(-1.,0.,0.));
#6356=DIRECTION('',(0.,1.,0.));
#6357=DIRECTION('',(-1.,0.,0.));
#6358=DIRECTION('',(0.,-1.,0.));
#6359=DIRECTION('',(-1.,0.,0.));
#6360=DIRECTION('',(0.,1.,0.));
#6361=DIRECTION('',(-1.,0.,0.));
#6362=DIRECTION('',(0.,-1.,0.));
#6363=DIRECTION('',(-1.,0.,0.));
#6364=DIRECTION('',(0.,1.,0.));
#6365=DIRECTION('',(-1.,0.,0.));
#6366=DIRECTION('',(0.,-1.,0.));
#6367=DIRECTION('',(-1.,0.,0.));
#6368=DIRECTION('',(0.,1.,0.));
#6369=DIRECTION('',(-1.,0.,0.));
#6370=DIRECTION('',(0.,-1.,0.));
#6371=DIRECTION('',(-1.,0.,0.));
#6372=DIRECTION('',(0.,1.,0.));
#6373=DIRECTION('',(-1.,0.,0.));
#6374=DIRECTION('',(0.,-1.,0.));
#6375=DIRECTION('',(-1.,0.,0.));
#6376=DIRECTION('',(0.,1.,0.));
#6377=DIRECTION('',(1.,0.,0.));
#6378=DIRECTION('',(0.,-1.,0.));
#6379=DIRECTION('',(-1.,0.,0.));
#6380=DIRECTION('',(0.,1.,0.));
#6381=DIRECTION('',(1.,0.,0.));
#6382=DIRECTION('',(0.,-1.,0.));
#6383=DIRECTION('',(-1.,0.,0.));
#6384=DIRECTION('',(0.,1.,0.));
#6385=DIRECTION('',(1.,0.,0.));
#6386=DIRECTION('',(0.,-1.,0.));
#6387=DIRECTION('',(-1.,0.,0.));
#6388=DIRECTION('',(0.,1.,0.));
#6389=DIRECTION('',(1.,0.,0.));
#6390=DIRECTION('',(0.,-1.,0.));
#6391=DIRECTION('',(-1.,0.,0.));
#6392=DIRECTION('',(0.,1.,0.));
#6393=DIRECTION('',(1.,0.,0.));
#6394=DIRECTION('',(0.,-1.,0.));
#6395=DIRECTION('',(1.,0.,0.));
#6396=DIRECTION('',(0.,0.,-1.));
#6397=DIRECTION('',(0.,-7.85406298178476E-17,-1.));
#6398=DIRECTION('',(0.,0.,1.));
#6399=DIRECTION('',(1.,0.,0.));
#6400=DIRECTION('',(0.,0.,-1.));
#6401=DIRECTION('',(0.,-7.85406298178476E-17,-1.));
#6402=DIRECTION('',(0.,0.,1.));
#6403=DIRECTION('',(-1.,0.,0.));
#6404=DIRECTION('',(0.,0.,1.));
#6405=DIRECTION('',(0.,7.85406298178476E-17,1.));
#6406=DIRECTION('',(0.,0.,1.));
#6407=DIRECTION('',(1.,0.,0.));
#6408=DIRECTION('',(0.,0.,-1.));
#6409=DIRECTION('',(0.,-7.85406298178476E-17,-1.));
#6410=DIRECTION('',(0.,0.,1.));
#6411=DIRECTION('',(-1.,0.,0.));
#6412=DIRECTION('',(0.,0.,1.));
#6413=DIRECTION('',(0.,7.85406298178476E-17,1.));
#6414=DIRECTION('',(0.,0.,1.));
#6415=DIRECTION('',(1.,0.,0.));
#6416=DIRECTION('',(0.,0.,-1.));
#6417=DIRECTION('',(0.,-7.85406298178476E-17,-1.));
#6418=DIRECTION('',(0.,0.,1.));
#6419=DIRECTION('',(-1.,0.,0.));
#6420=DIRECTION('',(0.,0.,1.));
#6421=DIRECTION('',(0.,7.85406298178476E-17,1.));
#6422=DIRECTION('',(0.,0.,1.));
#6423=DIRECTION('',(1.,0.,0.));
#6424=DIRECTION('',(0.,0.,-1.));
#6425=DIRECTION('',(0.,-7.85406298178476E-17,-1.));
#6426=DIRECTION('',(0.,0.,1.));
#6427=DIRECTION('',(-1.,0.,0.));
#6428=DIRECTION('',(0.,0.,1.));
#6429=DIRECTION('',(0.,7.85406298178476E-17,1.));
#6430=DIRECTION('',(0.,0.,1.));
#6431=DIRECTION('',(1.,0.,0.));
#6432=DIRECTION('',(0.,0.,-1.));
#6433=DIRECTION('',(0.,-7.85406298178476E-17,-1.));
#6434=DIRECTION('',(0.,0.,1.));
#6435=DIRECTION('',(-1.,0.,0.));
#6436=DIRECTION('',(0.,0.,1.));
#6437=DIRECTION('',(0.,7.85406298178476E-17,1.));
#6438=DIRECTION('',(0.,0.,1.));
#6439=DIRECTION('',(1.,0.,0.));
#6440=DIRECTION('',(0.,0.,-1.));
#6441=DIRECTION('',(0.,-7.85406298178476E-17,-1.));
#6442=DIRECTION('',(0.,0.,1.));
#6443=DIRECTION('',(-1.,0.,0.));
#6444=DIRECTION('',(0.,0.,1.));
#6445=DIRECTION('',(0.,0.,-1.));
#6446=DIRECTION('',(0.,0.,1.));
#6447=DIRECTION('',(0.,-1.,0.));
#6448=DIRECTION('',(0.,0.,-1.));
#6449=DIRECTION('',(0.,0.,1.));
#6450=DIRECTION('',(1.,0.,0.));
#6451=DIRECTION('',(0.,0.,-1.));
#6452=DIRECTION('',(0.,0.,1.));
#6453=DIRECTION('',(-1.,0.,0.));
#6454=DIRECTION('',(0.,0.,1.));
#6455=DIRECTION('',(0.,0.,-1.));
#6456=DIRECTION('',(0.,0.,1.));
#6457=DIRECTION('',(0.,-1.,0.));
#6458=DIRECTION('',(0.,0.,-1.));
#6459=DIRECTION('',(0.,0.,1.));
#6460=DIRECTION('',(1.,0.,0.));
#6461=DIRECTION('',(0.,0.,-1.));
#6462=DIRECTION('',(0.,0.,1.));
#6463=DIRECTION('',(-1.,0.,0.));
#6464=DIRECTION('',(0.,0.,1.));
#6465=DIRECTION('',(0.,0.,-1.));
#6466=DIRECTION('',(0.,0.,1.));
#6467=DIRECTION('',(0.,-1.,0.));
#6468=DIRECTION('',(0.,0.,-1.));
#6469=DIRECTION('',(0.,0.,1.));
#6470=DIRECTION('',(1.,0.,0.));
#6471=DIRECTION('',(0.,0.,-1.));
#6472=DIRECTION('',(0.,0.,1.));
#6473=DIRECTION('',(-1.,0.,0.));
#6474=DIRECTION('',(0.,0.,1.));
#6475=DIRECTION('',(0.,0.,-1.));
#6476=DIRECTION('',(0.,0.,1.));
#6477=DIRECTION('',(0.,-1.,0.));
#6478=DIRECTION('',(0.,0.,-1.));
#6479=DIRECTION('',(0.,0.,1.));
#6480=DIRECTION('',(1.,0.,0.));
#6481=DIRECTION('',(0.,0.,-1.));
#6482=DIRECTION('',(0.,0.,1.));
#6483=DIRECTION('',(-1.,0.,0.));
#6484=DIRECTION('',(0.,0.,1.));
#6485=DIRECTION('',(0.,0.,-1.));
#6486=DIRECTION('',(0.,0.,1.));
#6487=DIRECTION('',(0.,-1.,0.));
#6488=DIRECTION('',(0.,0.,-1.));
#6489=DIRECTION('',(0.,0.,1.));
#6490=DIRECTION('',(1.,0.,0.));
#6491=DIRECTION('',(0.,0.,-1.));
#6492=DIRECTION('',(0.,0.,1.));
#6493=DIRECTION('',(0.,1.,0.));
#6494=DIRECTION('',(0.,0.,1.));
#6495=DIRECTION('',(0.,1.,0.));
#6496=DIRECTION('',(0.,0.,1.));
#6497=DIRECTION('',(0.,1.,0.));
#6498=DIRECTION('',(0.,0.,1.));
#6499=DIRECTION('',(0.,1.,0.));
#6500=DIRECTION('',(0.,0.,1.));
#6501=DIRECTION('',(0.,1.,0.));
#6502=DIRECTION('',(0.,0.,1.));
#6503=DIRECTION('',(-0.939692620785908,0.342020143325669,0.));
#6504=DIRECTION('',(0.342020143325669,0.939692620785908,0.));
#6505=DIRECTION('',(-0.323615577118185,-0.889126490715988,0.323615577118185));
#6506=DIRECTION('',(0.,0.,-1.));
#6507=DIRECTION('',(-0.323615577118185,-0.889126490715988,-0.323615577118185));
#6508=DIRECTION('',(0.,0.342020143325669,0.939692620785908));
#6509=DIRECTION('',(0.,0.939692620785908,-0.342020143325669));
#6510=DIRECTION('',(0.323615577118185,-0.889126490715988,0.323615577118185));
#6511=DIRECTION('',(-1.,0.,0.));
#6512=DIRECTION('',(0.939692620785908,0.342020143325669,0.));
#6513=DIRECTION('',(-0.342020143325669,0.939692620785908,0.));
#6514=DIRECTION('',(0.323615577118185,-0.889126490715988,-0.323615577118185));
#6515=DIRECTION('',(0.,0.,1.));
#6516=DIRECTION('',(0.,0.342020143325669,-0.939692620785908));
#6517=DIRECTION('',(0.,0.939692620785908,0.342020143325669));
#6518=DIRECTION('',(1.,0.,0.));
#6519=DIRECTION('',(0.,1.,0.));
#6520=DIRECTION('',(0.,0.,1.));
#6521=DIRECTION('',(-0.939692620785908,0.342020143325669,0.));
#6522=DIRECTION('',(0.342020143325669,0.939692620785908,0.));
#6523=DIRECTION('',(-0.323615577118185,-0.889126490715988,0.323615577118185));
#6524=DIRECTION('',(0.,0.,-1.));
#6525=DIRECTION('',(-0.323615577118185,-0.889126490715988,-0.323615577118185));
#6526=DIRECTION('',(0.,0.342020143325669,0.939692620785908));
#6527=DIRECTION('',(0.,0.939692620785908,-0.342020143325669));
#6528=DIRECTION('',(0.323615577118185,-0.889126490715988,0.323615577118185));
#6529=DIRECTION('',(-1.,0.,0.));
#6530=DIRECTION('',(0.939692620785908,0.342020143325669,0.));
#6531=DIRECTION('',(-0.342020143325669,0.939692620785908,0.));
#6532=DIRECTION('',(0.323615577118185,-0.889126490715988,-0.323615577118185));
#6533=DIRECTION('',(0.,0.,1.));
#6534=DIRECTION('',(0.,0.342020143325669,-0.939692620785908));
#6535=DIRECTION('',(0.,0.939692620785908,0.342020143325669));
#6536=DIRECTION('',(1.,0.,0.));
#6537=DIRECTION('',(0.,1.,0.));
#6538=DIRECTION('',(0.,0.,1.));
#6539=DIRECTION('',(-0.939692620785908,0.342020143325669,0.));
#6540=DIRECTION('',(0.342020143325669,0.939692620785908,0.));
#6541=DIRECTION('',(-0.323615577118185,-0.889126490715988,0.323615577118185));
#6542=DIRECTION('',(0.,0.,-1.));
#6543=DIRECTION('',(-0.323615577118185,-0.889126490715988,-0.323615577118185));
#6544=DIRECTION('',(0.,0.342020143325669,0.939692620785908));
#6545=DIRECTION('',(0.,0.939692620785908,-0.342020143325669));
#6546=DIRECTION('',(0.323615577118185,-0.889126490715988,0.323615577118185));
#6547=DIRECTION('',(-1.,0.,0.));
#6548=DIRECTION('',(0.939692620785908,0.342020143325669,0.));
#6549=DIRECTION('',(-0.342020143325669,0.939692620785908,0.));
#6550=DIRECTION('',(0.323615577118185,-0.889126490715988,-0.323615577118185));
#6551=DIRECTION('',(0.,0.,1.));
#6552=DIRECTION('',(0.,0.342020143325669,-0.939692620785908));
#6553=DIRECTION('',(0.,0.939692620785908,0.342020143325669));
#6554=DIRECTION('',(1.,0.,0.));
#6555=DIRECTION('',(0.,1.,0.));
#6556=DIRECTION('',(0.,0.,1.));
#6557=DIRECTION('',(-0.939692620785908,0.342020143325669,0.));
#6558=DIRECTION('',(0.342020143325669,0.939692620785908,0.));
#6559=DIRECTION('',(-0.323615577118185,-0.889126490715988,0.323615577118185));
#6560=DIRECTION('',(0.,0.,-1.));
#6561=DIRECTION('',(-0.323615577118185,-0.889126490715988,-0.323615577118185));
#6562=DIRECTION('',(0.,0.342020143325669,0.939692620785908));
#6563=DIRECTION('',(0.,0.939692620785908,-0.342020143325669));
#6564=DIRECTION('',(0.323615577118185,-0.889126490715988,0.323615577118185));
#6565=DIRECTION('',(-1.,0.,0.));
#6566=DIRECTION('',(0.939692620785908,0.342020143325669,0.));
#6567=DIRECTION('',(-0.342020143325669,0.939692620785908,0.));
#6568=DIRECTION('',(0.323615577118185,-0.889126490715988,-0.323615577118185));
#6569=DIRECTION('',(0.,0.,1.));
#6570=DIRECTION('',(0.,0.342020143325669,-0.939692620785908));
#6571=DIRECTION('',(0.,0.939692620785908,0.342020143325669));
#6572=DIRECTION('',(1.,0.,0.));
#6573=DIRECTION('',(0.,1.,0.));
#6574=DIRECTION('',(0.,0.,1.));
#6575=DIRECTION('',(-0.939692620785908,0.342020143325669,0.));
#6576=DIRECTION('',(0.342020143325669,0.939692620785908,0.));
#6577=DIRECTION('',(-0.323615577118185,-0.889126490715988,0.323615577118185));
#6578=DIRECTION('',(0.,0.,-1.));
#6579=DIRECTION('',(-0.323615577118185,-0.889126490715988,-0.323615577118185));
#6580=DIRECTION('',(0.,0.342020143325669,0.939692620785908));
#6581=DIRECTION('',(0.,0.939692620785908,-0.342020143325669));
#6582=DIRECTION('',(0.323615577118185,-0.889126490715988,0.323615577118185));
#6583=DIRECTION('',(-1.,0.,0.));
#6584=DIRECTION('',(0.939692620785908,0.342020143325669,0.));
#6585=DIRECTION('',(-0.342020143325669,0.939692620785908,0.));
#6586=DIRECTION('',(0.323615577118185,-0.889126490715988,-0.323615577118185));
#6587=DIRECTION('',(0.,0.,1.));
#6588=DIRECTION('',(0.,0.342020143325669,-0.939692620785908));
#6589=DIRECTION('',(0.,0.939692620785908,0.342020143325669));
#6590=DIRECTION('',(1.,0.,0.));
#6591=DIRECTION('',(0.,1.,0.));
#6592=DIRECTION('',(0.,0.,1.));
#6593=DIRECTION('',(-0.939692620785908,0.342020143325669,0.));
#6594=DIRECTION('',(0.342020143325669,0.939692620785908,0.));
#6595=DIRECTION('',(-0.323615577118185,-0.889126490715988,0.323615577118185));
#6596=DIRECTION('',(0.,0.,-1.));
#6597=DIRECTION('',(-0.323615577118185,-0.889126490715988,-0.323615577118185));
#6598=DIRECTION('',(0.,0.342020143325669,0.939692620785908));
#6599=DIRECTION('',(0.,0.939692620785908,-0.342020143325669));
#6600=DIRECTION('',(0.323615577118185,-0.889126490715988,0.323615577118185));
#6601=DIRECTION('',(-1.,0.,0.));
#6602=DIRECTION('',(0.939692620785908,0.342020143325669,0.));
#6603=DIRECTION('',(-0.342020143325669,0.939692620785908,0.));
#6604=DIRECTION('',(0.323615577118185,-0.889126490715988,-0.323615577118185));
#6605=DIRECTION('',(0.,0.,1.));
#6606=DIRECTION('',(0.,0.342020143325669,-0.939692620785908));
#6607=DIRECTION('',(0.,0.939692620785908,0.342020143325669));
#6608=DIRECTION('',(1.,0.,0.));
#6609=DIRECTION('',(0.,1.,0.));
#6610=DIRECTION('',(0.,0.,1.));
#6611=DIRECTION('',(0.,-1.,7.85406298178476E-17));
#6612=DIRECTION('',(0.,-7.85406298178476E-17,-1.));
#6613=DIRECTION('',(0.,-1.,7.85406298178476E-17));
#6614=DIRECTION('',(0.,-7.85406298178476E-17,-1.));
#6615=DIRECTION('',(0.,-1.,7.85406298178476E-17));
#6616=DIRECTION('',(0.,-7.85406298178476E-17,-1.));
#6617=DIRECTION('',(0.,-1.,7.85406298178476E-17));
#6618=DIRECTION('',(0.,-7.85406298178476E-17,-1.));
#6619=DIRECTION('',(0.,-1.,7.85406298178476E-17));
#6620=DIRECTION('',(0.,-7.85406298178476E-17,-1.));
#6621=DIRECTION('',(0.,-1.,7.85406298178476E-17));
#6622=DIRECTION('',(0.,-7.85406298178476E-17,-1.));
#6623=DIRECTION('',(0.,-1.,0.));
#6624=DIRECTION('',(1.,0.,0.));
#6625=DIRECTION('',(0.,0.,1.));
#6626=DIRECTION('',(1.,0.,0.));
#6627=DIRECTION('',(-1.,0.,0.));
#6628=DIRECTION('',(0.,1.,0.));
#6629=DIRECTION('',(-1.,0.,0.));
#6630=DIRECTION('',(0.,1.,0.));
#6631=DIRECTION('',(-1.,0.,0.));
#6632=DIRECTION('',(0.,-1.,0.));
#6633=DIRECTION('',(-1.,0.,0.));
#6634=DIRECTION('',(0.,1.,0.));
#6635=DIRECTION('',(-1.,0.,0.));
#6636=DIRECTION('',(0.,-1.,0.));
#6637=DIRECTION('',(-1.,0.,0.));
#6638=DIRECTION('',(0.,1.,0.));
#6639=DIRECTION('',(-1.,0.,0.));
#6640=DIRECTION('',(0.,-1.,0.));
#6641=DIRECTION('',(-1.,0.,0.));
#6642=DIRECTION('',(0.,1.,0.));
#6643=DIRECTION('',(-1.,0.,0.));
#6644=DIRECTION('',(0.,-1.,0.));
#6645=DIRECTION('',(-1.,0.,0.));
#6646=DIRECTION('',(0.,1.,0.));
#6647=DIRECTION('',(-1.,0.,0.));
#6648=DIRECTION('',(0.,-1.,0.));
#6649=DIRECTION('',(-1.,0.,0.));
#6650=DIRECTION('',(0.,1.,0.));
#6651=DIRECTION('',(0.,0.,-1.));
#6652=DIRECTION('',(-1.,0.,0.));
#6653=DIRECTION('',(1.,0.,0.));
#6654=DIRECTION('',(0.,-1.,0.));
#6655=DIRECTION('',(-1.,0.,0.));
#6656=DIRECTION('',(0.,1.,0.));
#6657=DIRECTION('',(1.,0.,0.));
#6658=DIRECTION('',(0.,-1.,0.));
#6659=DIRECTION('',(-1.,0.,0.));
#6660=DIRECTION('',(0.,1.,0.));
#6661=DIRECTION('',(1.,0.,0.));
#6662=DIRECTION('',(0.,-1.,0.));
#6663=DIRECTION('',(-1.,0.,0.));
#6664=DIRECTION('',(0.,1.,0.));
#6665=DIRECTION('',(1.,0.,0.));
#6666=DIRECTION('',(0.,-1.,0.));
#6667=DIRECTION('',(-1.,0.,0.));
#6668=DIRECTION('',(0.,1.,0.));
#6669=DIRECTION('',(1.,0.,0.));
#6670=DIRECTION('',(0.,-1.,0.));
#6671=DIRECTION('',(-1.,0.,0.));
#6672=DIRECTION('',(0.,1.,0.));
#6673=DIRECTION('',(1.,0.,0.));
#6674=DIRECTION('',(0.,-1.,0.));
#6675=DIRECTION('',(-1.,0.,0.));
#6676=DIRECTION('',(0.,-1.,0.));
#6677=DIRECTION('',(1.,0.,0.));
#6678=DIRECTION('',(0.,0.,-1.));
#6679=DIRECTION('',(0.,4.95147448851648E-17,1.));
#6680=DIRECTION('',(1.,0.,0.));
#6681=DIRECTION('',(0.,0.,-1.));
#6682=DIRECTION('',(0.,-0.707106809265619,0.707106753107475));
#6683=DIRECTION('',(1.,0.,0.));
#6684=DIRECTION('',(0.,0.,-1.));
#6685=DIRECTION('',(0.,-1.,0.));
#6686=DIRECTION('',(0.,0.,-1.));
#6687=DIRECTION('',(0.,1.,0.));
#6688=DIRECTION('',(1.,0.,0.));
#6689=DIRECTION('',(0.,0.,-1.));
#6690=DIRECTION('',(0.,0.707106809265619,-0.707106753107475));
#6691=DIRECTION('',(1.,0.,0.));
#6692=DIRECTION('',(0.,0.,-1.));
#6693=DIRECTION('',(1.,0.,0.));
#6694=DIRECTION('',(0.,0.,-1.));
#6695=DIRECTION('',(0.,4.95147448851648E-17,1.));
#6696=DIRECTION('',(1.,0.,0.));
#6697=DIRECTION('',(0.,0.,-1.));
#6698=DIRECTION('',(0.,0.707106809265619,-0.707106753107475));
#6699=DIRECTION('',(1.,0.,0.));
#6700=DIRECTION('',(0.,0.,-1.));
#6701=DIRECTION('',(0.,1.,0.));
#6702=DIRECTION('',(0.,0.,-1.));
#6703=DIRECTION('',(0.,-1.,0.));
#6704=DIRECTION('',(1.,0.,0.));
#6705=DIRECTION('',(0.,0.,-1.));
#6706=DIRECTION('',(0.,-0.707106809265619,0.707106753107475));
#6707=DIRECTION('',(1.,0.,0.));
#6708=DIRECTION('',(0.,0.,-1.));
#6709=DIRECTION('',(0.,0.,-1.));
#6710=DIRECTION('',(-1.,0.,0.));
#6711=DIRECTION('',(-1.,0.,0.));
#6712=DIRECTION('',(0.,-1.,0.));
#6713=DIRECTION('',(-1.,0.,0.));
#6714=DIRECTION('',(0.,1.,0.));
#6715=DIRECTION('',(0.,0.,-1.));
#6716=DIRECTION('',(-1.,0.,0.));
#6717=DIRECTION('',(-1.,0.,0.));
#6718=DIRECTION('',(0.,1.,0.));
#6719=DIRECTION('',(-1.,0.,0.));
#6720=DIRECTION('',(0.,-1.,0.));
#6721=DIRECTION('',(0.,0.,-1.));
#6722=DIRECTION('',(-1.,0.,0.));
#6723=DIRECTION('',(-1.,0.,0.));
#6724=DIRECTION('',(0.,1.,0.));
#6725=DIRECTION('',(-1.,0.,0.));
#6726=DIRECTION('',(0.,-1.,0.));
#6727=DIRECTION('',(0.,0.,-1.));
#6728=DIRECTION('',(-1.,0.,0.));
#6729=DIRECTION('',(-1.,0.,0.));
#6730=DIRECTION('',(0.,1.,0.));
#6731=DIRECTION('',(-1.,0.,0.));
#6732=DIRECTION('',(0.,-1.,0.));
#6733=DIRECTION('',(0.,0.,1.));
#6734=DIRECTION('',(1.,0.,0.));
#6735=DIRECTION('',(-1.,0.,0.));
#6736=DIRECTION('',(0.,-1.,0.));
#6737=DIRECTION('',(-1.,0.,0.));
#6738=DIRECTION('',(0.,1.,0.));
#6739=DIRECTION('',(0.,0.,1.));
#6740=DIRECTION('',(1.,0.,0.));
#6741=DIRECTION('',(-1.,0.,0.));
#6742=DIRECTION('',(0.,1.,0.));
#6743=DIRECTION('',(-1.,0.,0.));
#6744=DIRECTION('',(0.,-1.,0.));
#6745=DIRECTION('',(0.,0.,1.));
#6746=DIRECTION('',(1.,0.,0.));
#6747=DIRECTION('',(-1.,0.,0.));
#6748=DIRECTION('',(0.,1.,0.));
#6749=DIRECTION('',(-1.,0.,0.));
#6750=DIRECTION('',(0.,-1.,0.));
#6751=DIRECTION('',(0.,0.,1.));
#6752=DIRECTION('',(1.,0.,0.));
#6753=DIRECTION('',(-1.,0.,0.));
#6754=DIRECTION('',(0.,1.,0.));
#6755=DIRECTION('',(-1.,0.,0.));
#6756=DIRECTION('',(0.,-1.,0.));
#6757=DIRECTION('',(-1.,0.,0.));
#6758=DIRECTION('',(0.,0.,1.));
#6759=DIRECTION('',(-1.,0.,0.));
#6760=DIRECTION('',(0.,0.,1.));
#6761=DIRECTION('',(1.,0.,0.));
#6762=DIRECTION('',(0.,0.,-1.));
#6763=DIRECTION('',(-1.,0.,0.));
#6764=DIRECTION('',(-1.,0.,0.));
#6765=DIRECTION('',(0.,0.,1.));
#6766=DIRECTION('',(1.,0.,0.));
#6767=DIRECTION('',(0.,0.,-1.));
#6768=DIRECTION('',(-1.,0.,0.));
#6769=DIRECTION('',(-1.,0.,0.));
#6770=DIRECTION('',(0.,0.,1.));
#6771=DIRECTION('',(-1.,0.,0.));
#6772=DIRECTION('',(0.,0.,1.));
#6773=DIRECTION('',(1.,0.,0.));
#6774=DIRECTION('',(0.,0.,-1.));
#6775=DIRECTION('',(-1.,0.,0.));
#6776=DIRECTION('',(-1.,0.,0.));
#6777=DIRECTION('',(0.,0.,1.));
#6778=DIRECTION('',(-1.,0.,0.));
#6779=DIRECTION('',(0.,0.,1.));
#6780=DIRECTION('',(1.,0.,0.));
#6781=DIRECTION('',(0.,0.,-1.));
#6782=DIRECTION('',(-1.,0.,0.));
#6783=DIRECTION('',(-1.,0.,0.));
#6784=DIRECTION('',(0.,0.,1.));
#6785=DIRECTION('',(0.,0.707106753107475,0.707106809265619));
#6786=DIRECTION('',(0.,-0.707106809265619,0.707106753107475));
#6787=DIRECTION('',(-1.,0.,0.));
#6788=DIRECTION('',(0.,-0.707106809265619,0.707106753107475));
#6789=DIRECTION('',(0.,0.707106809265619,-0.707106753107475));
#6790=DIRECTION('',(0.,0.707106753107475,0.707106809265619));
#6791=DIRECTION('',(0.,-0.707106809265619,0.707106753107475));
#6792=DIRECTION('',(0.,0.707106809265619,-0.707106753107475));
#6793=DIRECTION('',(-1.,0.,0.));
#6794=DIRECTION('',(0.,-0.707106809265619,0.707106753107475));
#6795=DIRECTION('',(0.,0.707106753107475,0.707106809265619));
#6796=DIRECTION('',(0.,-0.707106809265619,0.707106753107475));
#6797=DIRECTION('',(0.,0.707106809265619,-0.707106753107475));
#6798=DIRECTION('',(-1.,0.,0.));
#6799=DIRECTION('',(0.,-0.707106809265619,0.707106753107475));
#6800=DIRECTION('',(0.,0.707106753107475,0.707106809265619));
#6801=DIRECTION('',(0.,-0.707106809265619,0.707106753107475));
#6802=DIRECTION('',(0.,0.707106809265619,-0.707106753107475));
#6803=DIRECTION('',(-1.,0.,0.));
#6804=DIRECTION('',(0.,-0.707106809265619,0.707106753107475));
#6805=DIRECTION('',(-1.,0.,0.));
#6806=DIRECTION('',(0.,0.,1.));
#6807=DIRECTION('',(-1.,0.,0.));
#6808=DIRECTION('',(0.,0.,1.));
#6809=DIRECTION('',(1.,0.,0.));
#6810=DIRECTION('',(0.,0.,-1.));
#6811=DIRECTION('',(-1.,0.,0.));
#6812=DIRECTION('',(0.,0.,1.));
#6813=DIRECTION('',(1.,0.,0.));
#6814=DIRECTION('',(0.,0.,-1.));
#6815=DIRECTION('',(-1.,0.,0.));
#6816=DIRECTION('',(0.,0.,1.));
#6817=DIRECTION('',(-1.,0.,0.));
#6818=DIRECTION('',(0.,0.,1.));
#6819=DIRECTION('',(1.,0.,0.));
#6820=DIRECTION('',(0.,0.,-1.));
#6821=DIRECTION('',(-1.,0.,0.));
#6822=DIRECTION('',(0.,0.,1.));
#6823=DIRECTION('',(-1.,0.,0.));
#6824=DIRECTION('',(0.,0.,1.));
#6825=DIRECTION('',(1.,0.,0.));
#6826=DIRECTION('',(0.,0.,-1.));
#6827=DIRECTION('',(-1.,0.,0.));
#6828=DIRECTION('',(0.,0.,1.));
#6829=DIRECTION('',(-1.,0.,0.));
#6830=DIRECTION('',(0.,0.,1.));
#6831=DIRECTION('',(-1.,0.,0.));
#6832=DIRECTION('',(0.,0.,1.));
#6833=DIRECTION('',(1.,0.,0.));
#6834=DIRECTION('',(0.,0.,-1.));
#6835=DIRECTION('',(-1.,0.,0.));
#6836=DIRECTION('',(-1.,0.,0.));
#6837=DIRECTION('',(0.,0.,1.));
#6838=DIRECTION('',(1.,0.,0.));
#6839=DIRECTION('',(0.,0.,-1.));
#6840=DIRECTION('',(-1.,0.,0.));
#6841=DIRECTION('',(-1.,0.,0.));
#6842=DIRECTION('',(0.,0.,1.));
#6843=DIRECTION('',(-1.,0.,0.));
#6844=DIRECTION('',(0.,0.,1.));
#6845=DIRECTION('',(1.,0.,0.));
#6846=DIRECTION('',(0.,0.,-1.));
#6847=DIRECTION('',(-1.,0.,0.));
#6848=DIRECTION('',(-1.,0.,0.));
#6849=DIRECTION('',(0.,0.,1.));
#6850=DIRECTION('',(-1.,0.,0.));
#6851=DIRECTION('',(0.,0.,1.));
#6852=DIRECTION('',(1.,0.,0.));
#6853=DIRECTION('',(0.,0.,-1.));
#6854=DIRECTION('',(-1.,0.,0.));
#6855=DIRECTION('',(-1.,0.,0.));
#6856=DIRECTION('',(0.,0.,1.));
#6857=DIRECTION('',(0.,-0.707106753107475,-0.707106809265619));
#6858=DIRECTION('',(0.,0.707106809265619,-0.707106753107475));
#6859=DIRECTION('',(-1.,0.,0.));
#6860=DIRECTION('',(0.,0.707106809265619,-0.707106753107475));
#6861=DIRECTION('',(0.,-0.707106809265619,0.707106753107475));
#6862=DIRECTION('',(0.,-0.707106753107475,-0.707106809265619));
#6863=DIRECTION('',(0.,0.707106809265619,-0.707106753107475));
#6864=DIRECTION('',(0.,-0.707106809265619,0.707106753107475));
#6865=DIRECTION('',(-1.,0.,0.));
#6866=DIRECTION('',(0.,0.707106809265619,-0.707106753107475));
#6867=DIRECTION('',(0.,-0.707106753107475,-0.707106809265619));
#6868=DIRECTION('',(0.,0.707106809265619,-0.707106753107475));
#6869=DIRECTION('',(0.,-0.707106809265619,0.707106753107475));
#6870=DIRECTION('',(-1.,0.,0.));
#6871=DIRECTION('',(0.,0.707106809265619,-0.707106753107475));
#6872=DIRECTION('',(0.,-0.707106753107475,-0.707106809265619));
#6873=DIRECTION('',(0.,0.707106809265619,-0.707106753107475));
#6874=DIRECTION('',(0.,-0.707106809265619,0.707106753107475));
#6875=DIRECTION('',(-1.,0.,0.));
#6876=DIRECTION('',(0.,0.707106809265619,-0.707106753107475));
#6877=DIRECTION('',(-1.,0.,0.));
#6878=DIRECTION('',(0.,0.,1.));
#6879=DIRECTION('',(-1.,0.,0.));
#6880=DIRECTION('',(0.,0.,1.));
#6881=DIRECTION('',(1.,0.,0.));
#6882=DIRECTION('',(0.,0.,-1.));
#6883=DIRECTION('',(-1.,0.,0.));
#6884=DIRECTION('',(0.,0.,1.));
#6885=DIRECTION('',(1.,0.,0.));
#6886=DIRECTION('',(0.,0.,-1.));
#6887=DIRECTION('',(-1.,0.,0.));
#6888=DIRECTION('',(0.,0.,1.));
#6889=DIRECTION('',(-1.,0.,0.));
#6890=DIRECTION('',(0.,0.,1.));
#6891=DIRECTION('',(1.,0.,0.));
#6892=DIRECTION('',(0.,0.,-1.));
#6893=DIRECTION('',(-1.,0.,0.));
#6894=DIRECTION('',(0.,0.,1.));
#6895=DIRECTION('',(-1.,0.,0.));
#6896=DIRECTION('',(0.,0.,1.));
#6897=DIRECTION('',(1.,0.,0.));
#6898=DIRECTION('',(0.,0.,-1.));
#6899=DIRECTION('',(-1.,0.,0.));
#6900=DIRECTION('',(0.,0.,1.));
#6901=DIRECTION('',(0.,0.,-1.));
#6902=DIRECTION('',(-1.,0.,0.));
#6903=DIRECTION('',(-1.,0.,0.));
#6904=DIRECTION('',(0.,-1.,0.));
#6905=DIRECTION('',(-1.,0.,0.));
#6906=DIRECTION('',(0.,0.,1.));
#6907=DIRECTION('',(1.,0.,0.));
#6908=DIRECTION('',(-1.,0.,0.));
#6909=DIRECTION('',(0.,-1.,0.));
#6910=DIRECTION('',(-1.,0.,0.));
#6911=DIRECTION('',(-1.,0.,0.));
#6912=DIRECTION('',(0.,0.,1.));
#6913=DIRECTION('',(-1.,0.,0.));
#6914=DIRECTION('',(0.,0.,1.));
#6915=DIRECTION('',(-1.,0.,0.));
#6916=DIRECTION('',(0.,0.707106753107475,0.707106809265619));
#6917=DIRECTION('',(0.,-0.707106809265619,0.707106753107475));
#6918=DIRECTION('',(-1.,0.,0.));
#6919=DIRECTION('',(0.,-0.707106809265619,0.707106753107475));
#6920=DIRECTION('',(-1.,0.,0.));
#6921=DIRECTION('',(0.,0.,1.));
#6922=DIRECTION('',(-1.,0.,0.));
#6923=DIRECTION('',(0.,0.,1.));
#6924=DIRECTION('',(-1.,0.,0.));
#6925=DIRECTION('',(0.,0.,1.));
#6926=DIRECTION('',(-1.,0.,0.));
#6927=DIRECTION('',(0.,0.,1.));
#6928=DIRECTION('',(-1.,0.,0.));
#6929=DIRECTION('',(0.,-0.707106753107475,-0.707106809265619));
#6930=DIRECTION('',(0.,0.707106809265619,-0.707106753107475));
#6931=DIRECTION('',(-1.,0.,0.));
#6932=DIRECTION('',(0.,0.707106809265619,-0.707106753107475));
#6933=DIRECTION('',(-1.,0.,0.));
#6934=DIRECTION('',(0.,0.,1.));
#6935=DIRECTION('',(-1.,0.,0.));
#6936=DIRECTION('',(0.,0.,1.));
#6937=DIRECTION('',(0.,0.,-1.));
#6938=DIRECTION('',(-1.,0.,0.));
#6939=DIRECTION('',(-1.,0.,0.));
#6940=DIRECTION('',(0.,1.,0.));
#6941=DIRECTION('',(-1.,0.,0.));
#6942=DIRECTION('',(0.,0.,1.));
#6943=DIRECTION('',(1.,0.,0.));
#6944=DIRECTION('',(-1.,0.,0.));
#6945=DIRECTION('',(0.,1.,0.));
#6946=DIRECTION('',(-1.,0.,0.));
#6947=DIRECTION('',(-1.,0.,0.));
#6948=DIRECTION('',(0.,0.,1.));
#6949=DIRECTION('',(1.,0.,0.));
#6950=DIRECTION('',(0.,0.,-1.));
#6951=DIRECTION('',(-1.,0.,0.));
#6952=DIRECTION('',(0.,0.707106753107475,0.707106809265619));
#6953=DIRECTION('',(0.,-0.707106809265619,0.707106753107475));
#6954=DIRECTION('',(0.,0.707106809265619,-0.707106753107475));
#6955=DIRECTION('',(-1.,0.,0.));
#6956=DIRECTION('',(-1.,0.,0.));
#6957=DIRECTION('',(0.,0.,1.));
#6958=DIRECTION('',(1.,0.,0.));
#6959=DIRECTION('',(0.,0.,-1.));
#6960=DIRECTION('',(-1.,0.,0.));
#6961=DIRECTION('',(0.,0.,1.));
#6962=DIRECTION('',(1.,0.,0.));
#6963=DIRECTION('',(0.,0.,-1.));
#6964=DIRECTION('',(-1.,0.,0.));
#6965=DIRECTION('',(0.,-0.707106753107475,-0.707106809265619));
#6966=DIRECTION('',(0.,0.707106809265619,-0.707106753107475));
#6967=DIRECTION('',(0.,-0.707106809265619,0.707106753107475));
#6968=DIRECTION('',(-1.,0.,0.));
#6969=DIRECTION('',(-1.,0.,0.));
#6970=DIRECTION('',(0.,0.,1.));
#6971=DIRECTION('',(1.,0.,0.));
#6972=DIRECTION('',(0.,0.,-1.));
#6973=DIRECTION('',(0.,1.,0.));
#6974=DIRECTION('',(0.,0.,1.));
#6975=DIRECTION('',(0.,0.,1.));
#6976=DIRECTION('',(0.,0.,1.));
#6977=DIRECTION('',(-1.,0.,0.));
#6978=DIRECTION('',(0.,0.,1.));
#6979=DIRECTION('',(0.,0.,1.));
#6980=DIRECTION('',(1.,0.,0.));
#6981=DIRECTION('',(0.,0.,-1.));
#6982=DIRECTION('',(0.,0.,-1.));
#6983=DIRECTION('',(0.,1.,0.));
#6984=DIRECTION('',(0.,0.,1.));
#6985=DIRECTION('',(0.,0.,1.));
#6986=DIRECTION('',(0.,0.,1.));
#6987=DIRECTION('',(-1.,0.,0.));
#6988=DIRECTION('',(0.,0.,1.));
#6989=DIRECTION('',(0.,0.,1.));
#6990=DIRECTION('',(1.,0.,0.));
#6991=DIRECTION('',(0.,0.,-1.));
#6992=DIRECTION('',(0.,0.,-1.));
#6993=DIRECTION('',(0.,1.,0.));
#6994=DIRECTION('',(0.,0.,1.));
#6995=DIRECTION('',(0.,0.,1.));
#6996=DIRECTION('',(0.,0.,1.));
#6997=DIRECTION('',(-1.,0.,0.));
#6998=DIRECTION('',(0.,0.,1.));
#6999=DIRECTION('',(0.,0.,1.));
#7000=DIRECTION('',(1.,0.,0.));
#7001=DIRECTION('',(0.,0.,-1.));
#7002=DIRECTION('',(0.,0.,-1.));
#7003=DIRECTION('',(0.,1.,0.));
#7004=DIRECTION('',(0.,0.,1.));
#7005=DIRECTION('',(0.,0.,1.));
#7006=DIRECTION('',(0.,0.,1.));
#7007=DIRECTION('',(-1.,0.,0.));
#7008=DIRECTION('',(0.,0.,1.));
#7009=DIRECTION('',(0.,0.,1.));
#7010=DIRECTION('',(1.,0.,0.));
#7011=DIRECTION('',(0.,0.,-1.));
#7012=DIRECTION('',(0.,0.,-1.));
#7013=DIRECTION('',(0.,1.,0.));
#7014=DIRECTION('',(0.,0.,1.));
#7015=DIRECTION('',(0.,0.,1.));
#7016=DIRECTION('',(0.,0.,1.));
#7017=DIRECTION('',(-1.,0.,0.));
#7018=DIRECTION('',(0.,0.,1.));
#7019=DIRECTION('',(0.,0.,1.));
#7020=DIRECTION('',(1.,0.,0.));
#7021=DIRECTION('',(0.,0.,-1.));
#7022=DIRECTION('',(0.,0.,-1.));
#7023=DIRECTION('',(-0.939692620785908,-0.342020143325669,0.));
#7024=DIRECTION('',(0.342020143325669,-0.939692620785908,0.));
#7025=DIRECTION('',(-0.323615577118185,0.889126490715988,-0.323615577118185));
#7026=DIRECTION('',(0.,0.,1.));
#7027=DIRECTION('',(-0.323615577118185,0.889126490715988,0.323615577118185));
#7028=DIRECTION('',(0.,-0.342020143325669,0.939692620785908));
#7029=DIRECTION('',(0.,-0.939692620785908,-0.342020143325669));
#7030=DIRECTION('',(1.,0.,0.));
#7031=DIRECTION('',(0.323615577118185,0.889126490715988,0.323615577118185));
#7032=DIRECTION('',(0.939692620785908,-0.342020143325669,0.));
#7033=DIRECTION('',(-0.342020143325669,-0.939692620785908,0.));
#7034=DIRECTION('',(0.,0.,-1.));
#7035=DIRECTION('',(0.323615577118185,0.889126490715988,-0.323615577118185));
#7036=DIRECTION('',(0.,-0.342020143325669,-0.939692620785908));
#7037=DIRECTION('',(0.,-0.939692620785908,0.342020143325669));
#7038=DIRECTION('',(-1.,0.,0.));
#7039=DIRECTION('',(0.,1.,0.));
#7040=DIRECTION('',(0.,0.,1.));
#7041=DIRECTION('',(-0.939692620785908,-0.342020143325669,0.));
#7042=DIRECTION('',(0.342020143325669,-0.939692620785908,0.));
#7043=DIRECTION('',(-0.323615577118185,0.889126490715988,-0.323615577118185));
#7044=DIRECTION('',(0.,0.,1.));
#7045=DIRECTION('',(-0.323615577118185,0.889126490715988,0.323615577118185));
#7046=DIRECTION('',(0.,-0.342020143325669,0.939692620785908));
#7047=DIRECTION('',(0.,-0.939692620785908,-0.342020143325669));
#7048=DIRECTION('',(1.,0.,0.));
#7049=DIRECTION('',(0.323615577118185,0.889126490715988,0.323615577118185));
#7050=DIRECTION('',(0.939692620785908,-0.342020143325669,0.));
#7051=DIRECTION('',(-0.342020143325669,-0.939692620785908,0.));
#7052=DIRECTION('',(0.,0.,-1.));
#7053=DIRECTION('',(0.323615577118185,0.889126490715988,-0.323615577118185));
#7054=DIRECTION('',(0.,-0.342020143325669,-0.939692620785908));
#7055=DIRECTION('',(0.,-0.939692620785908,0.342020143325669));
#7056=DIRECTION('',(-1.,0.,0.));
#7057=DIRECTION('',(0.,1.,0.));
#7058=DIRECTION('',(0.,0.,1.));
#7059=DIRECTION('',(-0.939692620785908,-0.342020143325669,0.));
#7060=DIRECTION('',(0.342020143325669,-0.939692620785908,0.));
#7061=DIRECTION('',(-0.323615577118185,0.889126490715988,-0.323615577118185));
#7062=DIRECTION('',(0.,0.,1.));
#7063=DIRECTION('',(-0.323615577118185,0.889126490715988,0.323615577118185));
#7064=DIRECTION('',(0.,-0.342020143325669,0.939692620785908));
#7065=DIRECTION('',(0.,-0.939692620785908,-0.342020143325669));
#7066=DIRECTION('',(1.,0.,0.));
#7067=DIRECTION('',(0.323615577118185,0.889126490715988,0.323615577118185));
#7068=DIRECTION('',(0.939692620785908,-0.342020143325669,0.));
#7069=DIRECTION('',(-0.342020143325669,-0.939692620785908,0.));
#7070=DIRECTION('',(0.,0.,-1.));
#7071=DIRECTION('',(0.323615577118185,0.889126490715988,-0.323615577118185));
#7072=DIRECTION('',(0.,-0.342020143325669,-0.939692620785908));
#7073=DIRECTION('',(0.,-0.939692620785908,0.342020143325669));
#7074=DIRECTION('',(-1.,0.,0.));
#7075=DIRECTION('',(0.,1.,0.));
#7076=DIRECTION('',(0.,0.,1.));
#7077=DIRECTION('',(-0.939692620785908,-0.342020143325669,0.));
#7078=DIRECTION('',(0.342020143325669,-0.939692620785908,0.));
#7079=DIRECTION('',(-0.323615577118185,0.889126490715988,-0.323615577118185));
#7080=DIRECTION('',(0.,0.,1.));
#7081=DIRECTION('',(-0.323615577118185,0.889126490715988,0.323615577118185));
#7082=DIRECTION('',(0.,-0.342020143325669,0.939692620785908));
#7083=DIRECTION('',(0.,-0.939692620785908,-0.342020143325669));
#7084=DIRECTION('',(1.,0.,0.));
#7085=DIRECTION('',(0.323615577118185,0.889126490715988,0.323615577118185));
#7086=DIRECTION('',(0.939692620785908,-0.342020143325669,0.));
#7087=DIRECTION('',(-0.342020143325669,-0.939692620785908,0.));
#7088=DIRECTION('',(0.,0.,-1.));
#7089=DIRECTION('',(0.323615577118185,0.889126490715988,-0.323615577118185));
#7090=DIRECTION('',(0.,-0.342020143325669,-0.939692620785908));
#7091=DIRECTION('',(0.,-0.939692620785908,0.342020143325669));
#7092=DIRECTION('',(-1.,0.,0.));
#7093=DIRECTION('',(0.,1.,0.));
#7094=DIRECTION('',(0.,0.,1.));
#7095=DIRECTION('',(-0.939692620785908,-0.342020143325669,0.));
#7096=DIRECTION('',(0.342020143325669,-0.939692620785908,0.));
#7097=DIRECTION('',(-0.323615577118185,0.889126490715988,-0.323615577118185));
#7098=DIRECTION('',(0.,0.,1.));
#7099=DIRECTION('',(-0.323615577118185,0.889126490715988,0.323615577118185));
#7100=DIRECTION('',(0.,-0.342020143325669,0.939692620785908));
#7101=DIRECTION('',(0.,-0.939692620785908,-0.342020143325669));
#7102=DIRECTION('',(1.,0.,0.));
#7103=DIRECTION('',(0.323615577118185,0.889126490715988,0.323615577118185));
#7104=DIRECTION('',(0.939692620785908,-0.342020143325669,0.));
#7105=DIRECTION('',(-0.342020143325669,-0.939692620785908,0.));
#7106=DIRECTION('',(0.,0.,-1.));
#7107=DIRECTION('',(0.323615577118185,0.889126490715988,-0.323615577118185));
#7108=DIRECTION('',(0.,-0.342020143325669,-0.939692620785908));
#7109=DIRECTION('',(0.,-0.939692620785908,0.342020143325669));
#7110=DIRECTION('',(-1.,0.,0.));
#7111=DIRECTION('',(0.,1.,0.));
#7112=DIRECTION('',(0.,0.,1.));
#7113=DIRECTION('',(-0.939692620785908,-0.342020143325669,0.));
#7114=DIRECTION('',(0.342020143325669,-0.939692620785908,0.));
#7115=DIRECTION('',(-0.323615577118185,0.889126490715988,-0.323615577118185));
#7116=DIRECTION('',(0.,0.,1.));
#7117=DIRECTION('',(-0.323615577118185,0.889126490715988,0.323615577118185));
#7118=DIRECTION('',(0.,-0.342020143325669,0.939692620785908));
#7119=DIRECTION('',(0.,-0.939692620785908,-0.342020143325669));
#7120=DIRECTION('',(1.,0.,0.));
#7121=DIRECTION('',(0.323615577118185,0.889126490715988,0.323615577118185));
#7122=DIRECTION('',(0.939692620785908,-0.342020143325669,0.));
#7123=DIRECTION('',(-0.342020143325669,-0.939692620785908,0.));
#7124=DIRECTION('',(0.,0.,-1.));
#7125=DIRECTION('',(0.323615577118185,0.889126490715988,-0.323615577118185));
#7126=DIRECTION('',(0.,-0.342020143325669,-0.939692620785908));
#7127=DIRECTION('',(0.,-0.939692620785908,0.342020143325669));
#7128=DIRECTION('',(-1.,0.,0.));
#7129=DIRECTION('',(0.,1.,0.));
#7130=DIRECTION('',(0.,0.,1.));
#7131=DIRECTION('',(0.,1.,-4.95147448851648E-17));
#7132=DIRECTION('',(0.,4.95147448851648E-17,1.));
#7133=DIRECTION('',(0.,-1.,0.));
#7134=DIRECTION('',(1.,0.,0.));
#7135=CARTESIAN_POINT('',(0.,0.,0.));
#7136=CARTESIAN_POINT('',(-0.3,-0.06,0.05));
#7137=CARTESIAN_POINT('',(-0.3,-0.06,0.02275));
#7138=CARTESIAN_POINT('',(0.205,-0.06,0.02275));
#7139=CARTESIAN_POINT('',(0.195,-0.06,0.02275));
#7140=CARTESIAN_POINT('',(0.205,-0.06,0.05));
#7141=CARTESIAN_POINT('',(0.205,-0.06,0.00850000000000001));
#7142=CARTESIAN_POINT('',(-0.3,-0.06,0.00850000000000001));
#7143=CARTESIAN_POINT('',(0.195,-0.06,0.0085));
#7144=CARTESIAN_POINT('',(0.195,-0.06,0.05));
#7145=CARTESIAN_POINT('',(-0.3,-0.06,-0.0085));
#7146=CARTESIAN_POINT('',(0.205,-0.06,-0.0085));
#7147=CARTESIAN_POINT('',(0.195,-0.06,-0.00849999999999999));
#7148=CARTESIAN_POINT('',(0.205,-0.06,0.05));
#7149=CARTESIAN_POINT('',(0.205,-0.06,-0.02275));
#7150=CARTESIAN_POINT('',(-0.3,-0.06,-0.02275));
#7151=CARTESIAN_POINT('',(0.195,-0.06,-0.02275));
#7152=CARTESIAN_POINT('',(0.195,-0.06,0.05));
#7153=CARTESIAN_POINT('',(-0.3,-0.06,0.02275));
#7154=CARTESIAN_POINT('',(-0.195,-0.06,0.02275));
#7155=CARTESIAN_POINT('',(-0.205,-0.06,0.02275));
#7156=CARTESIAN_POINT('',(-0.195,-0.06,0.05));
#7157=CARTESIAN_POINT('',(-0.195,-0.06,0.00850000000000001));
#7158=CARTESIAN_POINT('',(-0.3,-0.06,0.00850000000000001));
#7159=CARTESIAN_POINT('',(-0.205,-0.06,0.0085));
#7160=CARTESIAN_POINT('',(-0.205,-0.06,0.05));
#7161=CARTESIAN_POINT('',(-0.3,-0.06,-0.0085));
#7162=CARTESIAN_POINT('',(-0.195,-0.06,-0.0085));
#7163=CARTESIAN_POINT('',(-0.205,-0.06,-0.00849999999999999));
#7164=CARTESIAN_POINT('',(-0.195,-0.06,0.05));
#7165=CARTESIAN_POINT('',(-0.195,-0.06,-0.02275));
#7166=CARTESIAN_POINT('',(-0.3,-0.06,-0.02275));
#7167=CARTESIAN_POINT('',(-0.205,-0.06,-0.02275));
#7168=CARTESIAN_POINT('',(-0.205,-0.06,0.05));
#7169=CARTESIAN_POINT('',(0.215,-0.06,0.0500000000000002));
#7170=CARTESIAN_POINT('',(0.215,-0.0599999999999999,0.045));
#7171=CARTESIAN_POINT('',(0.215,-0.06,0.05));
#7172=CARTESIAN_POINT('',(-0.3,-0.06,0.045));
#7173=CARTESIAN_POINT('',(0.185,-0.0599999999999999,0.045));
#7174=CARTESIAN_POINT('',(0.185,-0.06,0.05));
#7175=CARTESIAN_POINT('',(0.185,-0.06,0.05));
#7176=CARTESIAN_POINT('',(-0.3,-0.06,0.05));
#7177=CARTESIAN_POINT('',(0.115,-0.06,0.05));
#7178=CARTESIAN_POINT('',(0.115,-0.06,0.05));
#7179=CARTESIAN_POINT('',(0.115,-0.0599999999999999,0.045));
#7180=CARTESIAN_POINT('',(-0.3,-0.06,0.045));
#7181=CARTESIAN_POINT('',(0.0849999999999999,-0.0599999999999999,0.045));
#7182=CARTESIAN_POINT('',(0.0849999999999999,-0.06,0.05));
#7183=CARTESIAN_POINT('',(0.0849999999999999,-0.06,0.05));
#7184=CARTESIAN_POINT('',(-0.3,-0.06,0.05));
#7185=CARTESIAN_POINT('',(0.0150000000000002,-0.06,0.05));
#7186=CARTESIAN_POINT('',(0.0150000000000002,-0.06,0.05));
#7187=CARTESIAN_POINT('',(0.0150000000000002,-0.0599999999999999,0.045));
#7188=CARTESIAN_POINT('',(-0.3,-0.06,0.045));
#7189=CARTESIAN_POINT('',(-0.0149999999999998,-0.0599999999999999,0.045));
#7190=CARTESIAN_POINT('',(-0.0149999999999998,-0.06,0.05));
#7191=CARTESIAN_POINT('',(-0.0149999999999998,-0.06,0.05));
#7192=CARTESIAN_POINT('',(-0.3,-0.06,0.05));
#7193=CARTESIAN_POINT('',(-0.085,-0.06,0.05));
#7194=CARTESIAN_POINT('',(-0.085,-0.06,0.05));
#7195=CARTESIAN_POINT('',(-0.085,-0.0599999999999999,0.045));
#7196=CARTESIAN_POINT('',(-0.3,-0.06,0.045));
#7197=CARTESIAN_POINT('',(-0.115,-0.0599999999999999,0.045));
#7198=CARTESIAN_POINT('',(-0.115,-0.06,0.05));
#7199=CARTESIAN_POINT('',(-0.115,-0.06,0.05));
#7200=CARTESIAN_POINT('',(-0.3,-0.06,0.05));
#7201=CARTESIAN_POINT('',(-0.185,-0.06,0.05));
#7202=CARTESIAN_POINT('',(-0.185,-0.06,0.05));
#7203=CARTESIAN_POINT('',(-0.185,-0.0599999999999999,0.045));
#7204=CARTESIAN_POINT('',(-0.3,-0.06,0.045));
#7205=CARTESIAN_POINT('',(-0.215,-0.0599999999999999,0.045));
#7206=CARTESIAN_POINT('',(-0.215,-0.06,0.05));
#7207=CARTESIAN_POINT('',(-0.215,-0.06,0.05));
#7208=CARTESIAN_POINT('',(-0.3,-0.06,0.05));
#7209=CARTESIAN_POINT('',(-0.3,-0.06,0.05));
#7210=CARTESIAN_POINT('',(-0.3,-0.06,0.05));
#7211=CARTESIAN_POINT('',(-0.3,-0.06,-0.05));
#7212=CARTESIAN_POINT('',(-0.3,-0.06,-0.05));
#7213=CARTESIAN_POINT('',(-0.215,-0.06,-0.05));
#7214=CARTESIAN_POINT('',(-0.215,-0.06,0.05));
#7215=CARTESIAN_POINT('',(-0.215,-0.0599999999999999,-0.045));
#7216=CARTESIAN_POINT('',(-0.3,-0.06,-0.045));
#7217=CARTESIAN_POINT('',(-0.185,-0.0599999999999999,-0.045));
#7218=CARTESIAN_POINT('',(-0.185,-0.06,0.05));
#7219=CARTESIAN_POINT('',(-0.185,-0.06,-0.05));
#7220=CARTESIAN_POINT('',(-0.3,-0.06,-0.05));
#7221=CARTESIAN_POINT('',(-0.115,-0.06,-0.05));
#7222=CARTESIAN_POINT('',(-0.115,-0.06,0.05));
#7223=CARTESIAN_POINT('',(-0.115,-0.0599999999999999,-0.045));
#7224=CARTESIAN_POINT('',(-0.3,-0.06,-0.045));
#7225=CARTESIAN_POINT('',(-0.085,-0.0599999999999999,-0.045));
#7226=CARTESIAN_POINT('',(-0.085,-0.06,0.05));
#7227=CARTESIAN_POINT('',(-0.085,-0.06,-0.05));
#7228=CARTESIAN_POINT('',(-0.3,-0.06,-0.05));
#7229=CARTESIAN_POINT('',(-0.0149999999999999,-0.06,-0.05));
#7230=CARTESIAN_POINT('',(-0.0149999999999999,-0.06,0.05));
#7231=CARTESIAN_POINT('',(-0.015,-0.0599999999999999,-0.045));
#7232=CARTESIAN_POINT('',(-0.3,-0.06,-0.045));
#7233=CARTESIAN_POINT('',(0.015,-0.0599999999999999,-0.045));
#7234=CARTESIAN_POINT('',(0.015,-0.06,0.05));
#7235=CARTESIAN_POINT('',(0.015,-0.06,-0.05));
#7236=CARTESIAN_POINT('',(-0.3,-0.06,-0.05));
#7237=CARTESIAN_POINT('',(0.085,-0.06,-0.05));
#7238=CARTESIAN_POINT('',(0.085,-0.06,0.05));
#7239=CARTESIAN_POINT('',(0.085,-0.0599999999999999,-0.045));
#7240=CARTESIAN_POINT('',(-0.3,-0.06,-0.045));
#7241=CARTESIAN_POINT('',(0.115,-0.0599999999999999,-0.045));
#7242=CARTESIAN_POINT('',(0.115,-0.06,0.05));
#7243=CARTESIAN_POINT('',(0.115,-0.06,-0.05));
#7244=CARTESIAN_POINT('',(-0.3,-0.06,-0.05));
#7245=CARTESIAN_POINT('',(0.185,-0.06,-0.05));
#7246=CARTESIAN_POINT('',(0.185,-0.06,0.05));
#7247=CARTESIAN_POINT('',(0.185,-0.0599999999999999,-0.045));
#7248=CARTESIAN_POINT('',(-0.3,-0.06,-0.045));
#7249=CARTESIAN_POINT('',(0.215,-0.0599999999999999,-0.045));
#7250=CARTESIAN_POINT('',(0.215,-0.06,0.0500000000000002));
#7251=CARTESIAN_POINT('',(0.215,-0.06,-0.05));
#7252=CARTESIAN_POINT('',(-0.3,-0.06,-0.05));
#7253=CARTESIAN_POINT('',(0.3,-0.06,-0.05));
#7254=CARTESIAN_POINT('',(0.3,-0.06,0.05));
#7255=CARTESIAN_POINT('',(0.3,-0.06,0.05));
#7256=CARTESIAN_POINT('',(-0.3,-0.06,0.05));
#7257=CARTESIAN_POINT('',(0.185,0.048,0.05));
#7258=CARTESIAN_POINT('',(0.185,0.048,0.05));
#7259=CARTESIAN_POINT('',(0.185,0.048,0.045));
#7260=CARTESIAN_POINT('',(0.185,0.048,-0.045));
#7261=CARTESIAN_POINT('',(0.185,0.048,0.045));
#7262=CARTESIAN_POINT('',(0.215,0.048,0.045));
#7263=CARTESIAN_POINT('',(0.215,0.048,0.05));
#7264=CARTESIAN_POINT('',(0.215,0.048,-0.045));
#7265=CARTESIAN_POINT('',(0.185,0.048,-0.045));
#7266=CARTESIAN_POINT('',(0.085,0.048,0.05));
#7267=CARTESIAN_POINT('',(0.085,0.048,0.05));
#7268=CARTESIAN_POINT('',(0.0849999999999999,0.048,0.045));
#7269=CARTESIAN_POINT('',(0.085,0.048,-0.045));
#7270=CARTESIAN_POINT('',(0.085,0.048,0.045));
#7271=CARTESIAN_POINT('',(0.115,0.048,0.045));
#7272=CARTESIAN_POINT('',(0.115,0.048,0.05));
#7273=CARTESIAN_POINT('',(0.115,0.048,-0.045));
#7274=CARTESIAN_POINT('',(0.085,0.048,-0.045));
#7275=CARTESIAN_POINT('',(-0.015,0.048,0.05));
#7276=CARTESIAN_POINT('',(-0.015,0.048,0.05));
#7277=CARTESIAN_POINT('',(-0.0149999999999998,0.048,0.045));
#7278=CARTESIAN_POINT('',(-0.015,0.048,-0.045));
#7279=CARTESIAN_POINT('',(-0.015,0.048,0.045));
#7280=CARTESIAN_POINT('',(0.0150000000000002,0.048,0.045));
#7281=CARTESIAN_POINT('',(0.015,0.048,0.05));
#7282=CARTESIAN_POINT('',(0.015,0.048,-0.045));
#7283=CARTESIAN_POINT('',(-0.015,0.048,-0.045));
#7284=CARTESIAN_POINT('',(-0.115,0.048,0.05));
#7285=CARTESIAN_POINT('',(-0.115,0.048,0.05));
#7286=CARTESIAN_POINT('',(-0.115,0.048,0.045));
#7287=CARTESIAN_POINT('',(-0.115,0.048,-0.045));
#7288=CARTESIAN_POINT('',(-0.115,0.048,0.045));
#7289=CARTESIAN_POINT('',(-0.085,0.048,0.045));
#7290=CARTESIAN_POINT('',(-0.085,0.048,0.05));
#7291=CARTESIAN_POINT('',(-0.085,0.048,-0.045));
#7292=CARTESIAN_POINT('',(-0.115,0.048,-0.045));
#7293=CARTESIAN_POINT('',(-0.215,0.048,0.05));
#7294=CARTESIAN_POINT('',(-0.215,0.048,0.05));
#7295=CARTESIAN_POINT('',(-0.215,0.048,0.045));
#7296=CARTESIAN_POINT('',(-0.215,0.048,-0.045));
#7297=CARTESIAN_POINT('',(-0.215,0.048,0.045));
#7298=CARTESIAN_POINT('',(-0.185,0.048,0.045));
#7299=CARTESIAN_POINT('',(-0.185,0.048,0.05));
#7300=CARTESIAN_POINT('',(-0.185,0.048,-0.045));
#7301=CARTESIAN_POINT('',(-0.215,0.048,-0.045));
#7302=CARTESIAN_POINT('',(0.,0.,0.05));
#7303=CARTESIAN_POINT('',(-0.23775,0.02225,0.05));
#7304=CARTESIAN_POINT('',(-0.23775,0.02225,0.05));
#7305=CARTESIAN_POINT('',(-0.26225,0.02225,0.05));
#7306=CARTESIAN_POINT('',(-0.23775,-0.00225,0.05));
#7307=CARTESIAN_POINT('',(-0.23775,-0.00225,0.05));
#7308=CARTESIAN_POINT('',(-0.26225,-0.00225,0.05));
#7309=CARTESIAN_POINT('',(-0.26225,-0.00225,0.05));
#7310=CARTESIAN_POINT('',(-0.26225,0.02225,0.05));
#7311=CARTESIAN_POINT('',(-0.215,0.148,0.05));
#7312=CARTESIAN_POINT('',(-0.215,0.06,0.05));
#7313=CARTESIAN_POINT('',(0.3,0.06,0.05));
#7314=CARTESIAN_POINT('',(-0.3,0.06,0.05));
#7315=CARTESIAN_POINT('',(-0.3,0.06,0.05));
#7316=CARTESIAN_POINT('',(0.,0.,0.05));
#7317=CARTESIAN_POINT('',(0.26225,0.02225,0.05));
#7318=CARTESIAN_POINT('',(0.26225,0.02225,0.05));
#7319=CARTESIAN_POINT('',(0.23775,0.02225,0.05));
#7320=CARTESIAN_POINT('',(0.26225,-0.00225,0.05));
#7321=CARTESIAN_POINT('',(0.26225,-0.00225,0.05));
#7322=CARTESIAN_POINT('',(0.23775,-0.00225,0.05));
#7323=CARTESIAN_POINT('',(0.23775,-0.00225,0.05));
#7324=CARTESIAN_POINT('',(0.23775,0.02225,0.05));
#7325=CARTESIAN_POINT('',(0.215,0.048,0.05));
#7326=CARTESIAN_POINT('',(0.215,0.06,0.05));
#7327=CARTESIAN_POINT('',(0.3,-0.06,0.05));
#7328=CARTESIAN_POINT('',(0.3,0.06,0.05));
#7329=CARTESIAN_POINT('',(0.3,0.06,0.05));
#7330=CARTESIAN_POINT('',(0.,0.,0.05));
#7331=CARTESIAN_POINT('',(0.16225,0.02225,0.05));
#7332=CARTESIAN_POINT('',(0.16225,0.02225,0.05));
#7333=CARTESIAN_POINT('',(0.13775,0.02225,0.05));
#7334=CARTESIAN_POINT('',(0.16225,-0.00225,0.05));
#7335=CARTESIAN_POINT('',(0.16225,-0.00225,0.05));
#7336=CARTESIAN_POINT('',(0.13775,-0.00225,0.05));
#7337=CARTESIAN_POINT('',(0.13775,-0.00225,0.05));
#7338=CARTESIAN_POINT('',(0.13775,0.02225,0.05));
#7339=CARTESIAN_POINT('',(0.185,0.1,0.05));
#7340=CARTESIAN_POINT('',(0.185,0.06,0.05));
#7341=CARTESIAN_POINT('',(0.3,0.06,0.05));
#7342=CARTESIAN_POINT('',(0.115,0.06,0.05));
#7343=CARTESIAN_POINT('',(0.115,0.048,0.05));
#7344=CARTESIAN_POINT('',(0.,0.,0.05));
#7345=CARTESIAN_POINT('',(0.06225,0.02225,0.05));
#7346=CARTESIAN_POINT('',(0.06225,0.02225,0.05));
#7347=CARTESIAN_POINT('',(0.03775,0.02225,0.05));
#7348=CARTESIAN_POINT('',(0.06225,-0.00225,0.05));
#7349=CARTESIAN_POINT('',(0.06225,-0.00225,0.05));
#7350=CARTESIAN_POINT('',(0.03775,-0.00225,0.05));
#7351=CARTESIAN_POINT('',(0.03775,-0.00225,0.05));
#7352=CARTESIAN_POINT('',(0.03775,0.02225,0.05));
#7353=CARTESIAN_POINT('',(0.085,0.1,0.05));
#7354=CARTESIAN_POINT('',(0.085,0.06,0.05));
#7355=CARTESIAN_POINT('',(0.3,0.06,0.05));
#7356=CARTESIAN_POINT('',(0.015,0.06,0.05));
#7357=CARTESIAN_POINT('',(0.015,0.048,0.05));
#7358=CARTESIAN_POINT('',(0.,0.,0.05));
#7359=CARTESIAN_POINT('',(-0.03775,0.02225,0.05));
#7360=CARTESIAN_POINT('',(-0.03775,0.02225,0.05));
#7361=CARTESIAN_POINT('',(-0.06225,0.02225,0.05));
#7362=CARTESIAN_POINT('',(-0.03775,-0.00225,0.05));
#7363=CARTESIAN_POINT('',(-0.03775,-0.00225,0.05));
#7364=CARTESIAN_POINT('',(-0.06225,-0.00225,0.05));
#7365=CARTESIAN_POINT('',(-0.06225,-0.00225,0.05));
#7366=CARTESIAN_POINT('',(-0.06225,0.02225,0.05));
#7367=CARTESIAN_POINT('',(-0.015,0.1,0.05));
#7368=CARTESIAN_POINT('',(-0.015,0.06,0.05));
#7369=CARTESIAN_POINT('',(0.3,0.06,0.05));
#7370=CARTESIAN_POINT('',(-0.085,0.06,0.05));
#7371=CARTESIAN_POINT('',(-0.085,0.048,0.05));
#7372=CARTESIAN_POINT('',(0.,0.,0.05));
#7373=CARTESIAN_POINT('',(-0.13775,0.02225,0.05));
#7374=CARTESIAN_POINT('',(-0.13775,0.02225,0.05));
#7375=CARTESIAN_POINT('',(-0.16225,0.02225,0.05));
#7376=CARTESIAN_POINT('',(-0.13775,-0.00225,0.05));
#7377=CARTESIAN_POINT('',(-0.13775,-0.00225,0.05));
#7378=CARTESIAN_POINT('',(-0.16225,-0.00225,0.05));
#7379=CARTESIAN_POINT('',(-0.16225,-0.00225,0.05));
#7380=CARTESIAN_POINT('',(-0.16225,0.02225,0.05));
#7381=CARTESIAN_POINT('',(-0.115,0.1,0.05));
#7382=CARTESIAN_POINT('',(-0.115,0.06,0.05));
#7383=CARTESIAN_POINT('',(0.3,0.06,0.05));
#7384=CARTESIAN_POINT('',(-0.185,0.06,0.05));
#7385=CARTESIAN_POINT('',(-0.185,0.048,0.05));
#7386=CARTESIAN_POINT('',(0.,0.,-0.05));
#7387=CARTESIAN_POINT('',(-0.23775,0.02225,-0.05));
#7388=CARTESIAN_POINT('',(-0.23775,0.02225,-0.05));
#7389=CARTESIAN_POINT('',(-0.26225,0.02225,-0.05));
#7390=CARTESIAN_POINT('',(-0.26225,0.02225,-0.05));
#7391=CARTESIAN_POINT('',(-0.26225,-0.00225,-0.05));
#7392=CARTESIAN_POINT('',(-0.26225,-0.00225,-0.05));
#7393=CARTESIAN_POINT('',(-0.23775,-0.00225,-0.05));
#7394=CARTESIAN_POINT('',(-0.23775,-0.00225,-0.05));
#7395=CARTESIAN_POINT('',(-0.215,7.3418414829727E-17,-0.05));
#7396=CARTESIAN_POINT('',(-0.215,0.06,-0.05));
#7397=CARTESIAN_POINT('',(-0.3,0.06,-0.05));
#7398=CARTESIAN_POINT('',(-0.3,0.06,-0.05));
#7399=CARTESIAN_POINT('',(0.3,0.06,-0.05));
#7400=CARTESIAN_POINT('',(0.,0.,-0.05));
#7401=CARTESIAN_POINT('',(-0.13775,0.02225,-0.05));
#7402=CARTESIAN_POINT('',(-0.13775,0.02225,-0.05));
#7403=CARTESIAN_POINT('',(-0.16225,0.02225,-0.05));
#7404=CARTESIAN_POINT('',(-0.16225,0.02225,-0.05));
#7405=CARTESIAN_POINT('',(-0.16225,-0.00225,-0.05));
#7406=CARTESIAN_POINT('',(-0.16225,-0.00225,-0.05));
#7407=CARTESIAN_POINT('',(-0.13775,-0.00225,-0.05));
#7408=CARTESIAN_POINT('',(-0.13775,-0.00225,-0.05));
#7409=CARTESIAN_POINT('',(-0.185,0.048,-0.05));
#7410=CARTESIAN_POINT('',(-0.185,0.06,-0.05));
#7411=CARTESIAN_POINT('',(0.3,0.06,-0.05));
#7412=CARTESIAN_POINT('',(-0.115,0.06,-0.05));
#7413=CARTESIAN_POINT('',(-0.115,0.,-0.05));
#7414=CARTESIAN_POINT('',(0.,0.,-0.05));
#7415=CARTESIAN_POINT('',(-0.03775,0.02225,-0.05));
#7416=CARTESIAN_POINT('',(-0.03775,0.02225,-0.05));
#7417=CARTESIAN_POINT('',(-0.06225,0.02225,-0.05));
#7418=CARTESIAN_POINT('',(-0.06225,0.02225,-0.05));
#7419=CARTESIAN_POINT('',(-0.06225,-0.00225,-0.05));
#7420=CARTESIAN_POINT('',(-0.06225,-0.00225,-0.05));
#7421=CARTESIAN_POINT('',(-0.03775,-0.00225,-0.05));
#7422=CARTESIAN_POINT('',(-0.03775,-0.00225,-0.05));
#7423=CARTESIAN_POINT('',(-0.085,0.048,-0.05));
#7424=CARTESIAN_POINT('',(-0.0849999999999998,0.06,-0.05));
#7425=CARTESIAN_POINT('',(0.3,0.06,-0.05));
#7426=CARTESIAN_POINT('',(-0.015,0.06,-0.05));
#7427=CARTESIAN_POINT('',(-0.015,0.,-0.05));
#7428=CARTESIAN_POINT('',(0.,0.,-0.05));
#7429=CARTESIAN_POINT('',(0.06225,0.02225,-0.05));
#7430=CARTESIAN_POINT('',(0.06225,0.02225,-0.05));
#7431=CARTESIAN_POINT('',(0.03775,0.02225,-0.05));
#7432=CARTESIAN_POINT('',(0.03775,0.02225,-0.05));
#7433=CARTESIAN_POINT('',(0.03775,-0.00225,-0.05));
#7434=CARTESIAN_POINT('',(0.03775,-0.00225,-0.05));
#7435=CARTESIAN_POINT('',(0.06225,-0.00225,-0.05));
#7436=CARTESIAN_POINT('',(0.06225,-0.00225,-0.05));
#7437=CARTESIAN_POINT('',(0.015,0.048,-0.05));
#7438=CARTESIAN_POINT('',(0.0150000000000001,0.06,-0.05));
#7439=CARTESIAN_POINT('',(0.3,0.06,-0.05));
#7440=CARTESIAN_POINT('',(0.085,0.06,-0.05));
#7441=CARTESIAN_POINT('',(0.085,0.,-0.05));
#7442=CARTESIAN_POINT('',(0.,0.,-0.05));
#7443=CARTESIAN_POINT('',(0.16225,0.02225,-0.05));
#7444=CARTESIAN_POINT('',(0.16225,0.02225,-0.05));
#7445=CARTESIAN_POINT('',(0.13775,0.02225,-0.05));
#7446=CARTESIAN_POINT('',(0.13775,0.02225,-0.05));
#7447=CARTESIAN_POINT('',(0.13775,-0.00225,-0.05));
#7448=CARTESIAN_POINT('',(0.13775,-0.00225,-0.05));
#7449=CARTESIAN_POINT('',(0.16225,-0.00225,-0.05));
#7450=CARTESIAN_POINT('',(0.16225,-0.00225,-0.05));
#7451=CARTESIAN_POINT('',(0.115,0.048,-0.05));
#7452=CARTESIAN_POINT('',(0.115,0.06,-0.05));
#7453=CARTESIAN_POINT('',(0.3,0.06,-0.05));
#7454=CARTESIAN_POINT('',(0.185,0.06,-0.05));
#7455=CARTESIAN_POINT('',(0.185,0.,-0.05));
#7456=CARTESIAN_POINT('',(0.,0.,-0.05));
#7457=CARTESIAN_POINT('',(0.26225,0.02225,-0.05));
#7458=CARTESIAN_POINT('',(0.26225,0.02225,-0.05));
#7459=CARTESIAN_POINT('',(0.23775,0.02225,-0.05));
#7460=CARTESIAN_POINT('',(0.23775,0.02225,-0.05));
#7461=CARTESIAN_POINT('',(0.23775,-0.00225,-0.05));
#7462=CARTESIAN_POINT('',(0.23775,-0.00225,-0.05));
#7463=CARTESIAN_POINT('',(0.26225,-0.00225,-0.05));
#7464=CARTESIAN_POINT('',(0.26225,-0.00225,-0.05));
#7465=CARTESIAN_POINT('',(0.215,0.048,-0.05));
#7466=CARTESIAN_POINT('',(0.215,0.06,-0.05));
#7467=CARTESIAN_POINT('',(0.3,0.06,-0.05));
#7468=CARTESIAN_POINT('',(0.3,0.06,-0.05));
#7469=CARTESIAN_POINT('',(0.3,-0.06,-0.05));
#7470=CARTESIAN_POINT('',(0.3,0.06,0.05));
#7471=CARTESIAN_POINT('',(-0.215,0.06,0.05));
#7472=CARTESIAN_POINT('',(-0.3,0.06,0.05));
#7473=CARTESIAN_POINT('',(0.3,0.06,0.05));
#7474=CARTESIAN_POINT('',(-0.185,0.06,0.05));
#7475=CARTESIAN_POINT('',(-0.115,0.06,0.05));
#7476=CARTESIAN_POINT('',(0.3,0.06,0.05));
#7477=CARTESIAN_POINT('',(-0.085,0.06,0.05));
#7478=CARTESIAN_POINT('',(-0.0149999999999999,0.06,0.05));
#7479=CARTESIAN_POINT('',(0.3,0.06,0.05));
#7480=CARTESIAN_POINT('',(0.015,0.06,0.05));
#7481=CARTESIAN_POINT('',(0.085,0.06,0.05));
#7482=CARTESIAN_POINT('',(0.3,0.06,0.05));
#7483=CARTESIAN_POINT('',(0.115,0.06,0.05));
#7484=CARTESIAN_POINT('',(0.185,0.06,0.05));
#7485=CARTESIAN_POINT('',(0.3,0.06,0.05));
#7486=CARTESIAN_POINT('',(0.215,0.06,0.05));
#7487=CARTESIAN_POINT('',(0.3,0.06,0.05));
#7488=CARTESIAN_POINT('',(-0.3,0.06,0.05));
#7489=CARTESIAN_POINT('',(0.26225,0.02225,0.05));
#7490=CARTESIAN_POINT('',(0.26225,0.02225,0.05));
#7491=CARTESIAN_POINT('',(0.23775,0.02225,0.05));
#7492=CARTESIAN_POINT('',(0.26225,-0.00225,0.05));
#7493=CARTESIAN_POINT('',(0.26225,-0.00225,0.05));
#7494=CARTESIAN_POINT('',(0.23775,-0.00225,0.05));
#7495=CARTESIAN_POINT('',(0.23775,-0.00225,0.05));
#7496=CARTESIAN_POINT('',(0.16225,0.02225,0.05));
#7497=CARTESIAN_POINT('',(0.16225,0.02225,0.05));
#7498=CARTESIAN_POINT('',(0.13775,0.02225,0.05));
#7499=CARTESIAN_POINT('',(0.16225,-0.00225,0.05));
#7500=CARTESIAN_POINT('',(0.16225,-0.00225,0.05));
#7501=CARTESIAN_POINT('',(0.13775,-0.00225,0.05));
#7502=CARTESIAN_POINT('',(0.13775,-0.00225,0.05));
#7503=CARTESIAN_POINT('',(0.06225,0.02225,0.05));
#7504=CARTESIAN_POINT('',(0.06225,0.02225,0.05));
#7505=CARTESIAN_POINT('',(0.03775,0.02225,0.05));
#7506=CARTESIAN_POINT('',(0.06225,-0.00225,0.05));
#7507=CARTESIAN_POINT('',(0.06225,-0.00225,0.05));
#7508=CARTESIAN_POINT('',(0.03775,-0.00225,0.05));
#7509=CARTESIAN_POINT('',(0.03775,-0.00225,0.05));
#7510=CARTESIAN_POINT('',(-0.03775,0.02225,0.05));
#7511=CARTESIAN_POINT('',(-0.03775,0.02225,0.05));
#7512=CARTESIAN_POINT('',(-0.06225,0.02225,0.05));
#7513=CARTESIAN_POINT('',(-0.03775,-0.00225,0.05));
#7514=CARTESIAN_POINT('',(-0.03775,-0.00225,0.05));
#7515=CARTESIAN_POINT('',(-0.06225,-0.00225,0.05));
#7516=CARTESIAN_POINT('',(-0.06225,-0.00225,0.05));
#7517=CARTESIAN_POINT('',(-0.13775,0.02225,0.05));
#7518=CARTESIAN_POINT('',(-0.13775,0.02225,0.05));
#7519=CARTESIAN_POINT('',(-0.16225,0.02225,0.05));
#7520=CARTESIAN_POINT('',(-0.13775,-0.00225,0.05));
#7521=CARTESIAN_POINT('',(-0.13775,-0.00225,0.05));
#7522=CARTESIAN_POINT('',(-0.16225,-0.00225,0.05));
#7523=CARTESIAN_POINT('',(-0.16225,-0.00225,0.05));
#7524=CARTESIAN_POINT('',(-0.23775,0.02225,0.05));
#7525=CARTESIAN_POINT('',(-0.23775,0.02225,0.05));
#7526=CARTESIAN_POINT('',(-0.26225,0.02225,0.05));
#7527=CARTESIAN_POINT('',(-0.23775,-0.00225,0.05));
#7528=CARTESIAN_POINT('',(-0.23775,-0.00225,0.05));
#7529=CARTESIAN_POINT('',(-0.26225,-0.00225,0.05));
#7530=CARTESIAN_POINT('',(-0.26225,-0.00225,0.05));
#7531=CARTESIAN_POINT('',(0.23775,0.02225,0.05));
#7532=CARTESIAN_POINT('',(0.13775,0.02225,0.05));
#7533=CARTESIAN_POINT('',(0.03775,0.02225,0.05));
#7534=CARTESIAN_POINT('',(-0.06225,0.02225,0.05));
#7535=CARTESIAN_POINT('',(-0.16225,0.02225,0.05));
#7536=CARTESIAN_POINT('',(-0.26225,0.02225,0.05));
#7537=CARTESIAN_POINT('',(0.3,-0.06,0.05));
#7538=CARTESIAN_POINT('',(0.215,0.048,0.05));
#7539=CARTESIAN_POINT('',(0.215,0.12,-0.045));
#7540=CARTESIAN_POINT('',(0.215,0.12,0.045));
#7541=CARTESIAN_POINT('',(0.185,0.1,0.05));
#7542=CARTESIAN_POINT('',(0.185,0.12,0.045));
#7543=CARTESIAN_POINT('',(0.185,0.12,-0.045));
#7544=CARTESIAN_POINT('',(0.115,0.048,0.05));
#7545=CARTESIAN_POINT('',(0.115,0.12,-0.045));
#7546=CARTESIAN_POINT('',(0.115,0.12,0.045));
#7547=CARTESIAN_POINT('',(0.085,0.1,0.05));
#7548=CARTESIAN_POINT('',(0.0849999999999999,0.12,0.045));
#7549=CARTESIAN_POINT('',(0.085,0.12,-0.045));
#7550=CARTESIAN_POINT('',(0.015,0.048,0.05));
#7551=CARTESIAN_POINT('',(0.015,0.12,-0.045));
#7552=CARTESIAN_POINT('',(0.0150000000000002,0.12,0.045));
#7553=CARTESIAN_POINT('',(-0.015,0.1,0.05));
#7554=CARTESIAN_POINT('',(-0.0149999999999998,0.12,0.045));
#7555=CARTESIAN_POINT('',(-0.015,0.12,-0.045));
#7556=CARTESIAN_POINT('',(-0.085,0.048,0.05));
#7557=CARTESIAN_POINT('',(-0.085,0.12,-0.045));
#7558=CARTESIAN_POINT('',(-0.085,0.12,0.045));
#7559=CARTESIAN_POINT('',(-0.115,0.1,0.05));
#7560=CARTESIAN_POINT('',(-0.115,0.12,0.045));
#7561=CARTESIAN_POINT('',(-0.115,0.12,-0.045));
#7562=CARTESIAN_POINT('',(-0.215,0.148,0.05));
#7563=CARTESIAN_POINT('',(-0.215,0.12,0.045));
#7564=CARTESIAN_POINT('',(-0.215,0.12,-0.045));
#7565=CARTESIAN_POINT('',(-0.185,0.048,0.05));
#7566=CARTESIAN_POINT('',(-0.185,0.12,-0.045));
#7567=CARTESIAN_POINT('',(-0.185,0.12,0.045));
#7568=CARTESIAN_POINT('',(-0.215,0.12,-0.045));
#7569=CARTESIAN_POINT('',(-0.115,0.12,-0.045));
#7570=CARTESIAN_POINT('',(-0.015,0.12,-0.045));
#7571=CARTESIAN_POINT('',(0.085,0.12,-0.045));
#7572=CARTESIAN_POINT('',(0.185,0.12,-0.045));
#7573=CARTESIAN_POINT('',(-0.185,0.12,0.045));
#7574=CARTESIAN_POINT('',(-0.085,0.12,0.045));
#7575=CARTESIAN_POINT('',(0.0150000000000002,0.12,0.045));
#7576=CARTESIAN_POINT('',(0.115,0.12,0.045));
#7577=CARTESIAN_POINT('',(0.215,0.12,0.045));
#7578=CARTESIAN_POINT('',(-0.195,-0.115,-0.00849999999999999));
#7579=CARTESIAN_POINT('',(-0.205,-0.115,-0.00849999999999999));
#7580=CARTESIAN_POINT('',(-0.205,-0.115,-0.00849999999999999));
#7581=CARTESIAN_POINT('',(-0.205,-0.115,-0.021));
#7582=CARTESIAN_POINT('',(-0.195,-0.115,-0.021));
#7583=CARTESIAN_POINT('',(-0.195,-0.115,-0.021));
#7584=CARTESIAN_POINT('',(-0.195,-0.115,-0.00849999999999999));
#7585=CARTESIAN_POINT('',(-0.195,-0.115,-0.00849999999999999));
#7586=CARTESIAN_POINT('',(-0.195,-0.115,-0.00849999999999999));
#7587=CARTESIAN_POINT('',(-0.195,-0.115,-0.021));
#7588=CARTESIAN_POINT('',(-0.205,-0.115,-0.021));
#7589=CARTESIAN_POINT('',(-0.205,-0.10287564,-0.028));
#7590=CARTESIAN_POINT('',(-0.195,-0.10287564,-0.028));
#7591=CARTESIAN_POINT('',(-0.195,-0.10287564,-0.028));
#7592=CARTESIAN_POINT('',(-0.195,-0.115,-0.021));
#7593=CARTESIAN_POINT('',(-0.195,-0.10287564,-0.028));
#7594=CARTESIAN_POINT('',(-0.205,-0.10287564,-0.028));
#7595=CARTESIAN_POINT('',(-0.205,-0.10287564,-0.02426288));
#7596=CARTESIAN_POINT('',(-0.195,-0.10287564,-0.02426288));
#7597=CARTESIAN_POINT('',(-0.195,-0.10287564,-0.02426288));
#7598=CARTESIAN_POINT('',(-0.195,-0.10287564,-0.028));
#7599=CARTESIAN_POINT('',(-0.195,-0.10287564,-0.02426288));
#7600=CARTESIAN_POINT('',(-0.205,-0.10287564,-0.02426288));
#7601=CARTESIAN_POINT('',(-0.205,-0.09982888,-0.02426288));
#7602=CARTESIAN_POINT('',(-0.195,-0.09982888,-0.02426288));
#7603=CARTESIAN_POINT('',(-0.195,-0.09982888,-0.02426288));
#7604=CARTESIAN_POINT('',(-0.195,-0.10287564,-0.02426288));
#7605=CARTESIAN_POINT('',(-0.195,-0.09982888,-0.02426288));
#7606=CARTESIAN_POINT('',(-0.205,-0.09982888,-0.02426288));
#7607=CARTESIAN_POINT('',(-0.205,-0.09187564,-0.028));
#7608=CARTESIAN_POINT('',(-0.195,-0.09187564,-0.028));
#7609=CARTESIAN_POINT('',(-0.195,-0.09187564,-0.028));
#7610=CARTESIAN_POINT('',(-0.195,-0.09982888,-0.02426288));
#7611=CARTESIAN_POINT('',(-0.195,-0.09187564,-0.028));
#7612=CARTESIAN_POINT('',(-0.205,-0.09187564,-0.028));
#7613=CARTESIAN_POINT('',(-0.205,-0.09187564,-0.02275));
#7614=CARTESIAN_POINT('',(-0.195,-0.09187564,-0.02275));
#7615=CARTESIAN_POINT('',(-0.195,-0.09187564,-0.02275));
#7616=CARTESIAN_POINT('',(-0.195,-0.09187564,-0.028));
#7617=CARTESIAN_POINT('',(-0.195,0.,0.));
#7618=CARTESIAN_POINT('',(-0.195,-0.0575,-0.0085));
#7619=CARTESIAN_POINT('',(-0.195,-0.09187564,-0.02275));
#7620=CARTESIAN_POINT('',(-0.205,0.,0.));
#7621=CARTESIAN_POINT('',(-0.205,-0.0575,-0.0085));
#7622=CARTESIAN_POINT('',(-0.205,-0.09187564,-0.02275));
#7623=CARTESIAN_POINT('',(-0.195,-0.09187564,-0.02275));
#7624=CARTESIAN_POINT('',(-0.195,-0.0575,-0.0085));
#7625=CARTESIAN_POINT('',(-0.195,-0.115,0.00850000000000001));
#7626=CARTESIAN_POINT('',(-0.205,-0.115,0.00850000000000001));
#7627=CARTESIAN_POINT('',(-0.205,-0.115,0.00850000000000001));
#7628=CARTESIAN_POINT('',(-0.195,-0.115,0.00850000000000001));
#7629=CARTESIAN_POINT('',(-0.195,-0.115,0.00850000000000001));
#7630=CARTESIAN_POINT('',(-0.195,-0.115,0.00850000000000001));
#7631=CARTESIAN_POINT('',(-0.195,-0.05,0.02275));
#7632=CARTESIAN_POINT('',(-0.195,-0.05,0.02275));
#7633=CARTESIAN_POINT('',(-0.195,-0.09187564,0.02275));
#7634=CARTESIAN_POINT('',(-0.205,-0.05,0.02275));
#7635=CARTESIAN_POINT('',(-0.205,-0.09187564,0.02275));
#7636=CARTESIAN_POINT('',(-0.195,-0.09187564,0.02275));
#7637=CARTESIAN_POINT('',(-0.195,0.,0.));
#7638=CARTESIAN_POINT('',(-0.195,-0.09187564,0.02275));
#7639=CARTESIAN_POINT('',(-0.195,-0.09187564,0.028));
#7640=CARTESIAN_POINT('',(-0.195,-0.09187564,0.028));
#7641=CARTESIAN_POINT('',(-0.195,-0.09982888,0.02426288));
#7642=CARTESIAN_POINT('',(-0.195,-0.09982888,0.02426288));
#7643=CARTESIAN_POINT('',(-0.195,-0.10287564,0.02426288));
#7644=CARTESIAN_POINT('',(-0.195,-0.10287564,0.02426288));
#7645=CARTESIAN_POINT('',(-0.195,-0.10287564,0.028));
#7646=CARTESIAN_POINT('',(-0.195,-0.10287564,0.028));
#7647=CARTESIAN_POINT('',(-0.195,-0.115,0.021));
#7648=CARTESIAN_POINT('',(-0.195,-0.115,0.021));
#7649=CARTESIAN_POINT('',(-0.205,0.,0.));
#7650=CARTESIAN_POINT('',(-0.205,-0.115,0.021));
#7651=CARTESIAN_POINT('',(-0.205,-0.115,0.021));
#7652=CARTESIAN_POINT('',(-0.205,-0.10287564,0.028));
#7653=CARTESIAN_POINT('',(-0.205,-0.10287564,0.028));
#7654=CARTESIAN_POINT('',(-0.205,-0.10287564,0.02426288));
#7655=CARTESIAN_POINT('',(-0.205,-0.10287564,0.02426288));
#7656=CARTESIAN_POINT('',(-0.205,-0.09982888,0.02426288));
#7657=CARTESIAN_POINT('',(-0.205,-0.09982888,0.02426288));
#7658=CARTESIAN_POINT('',(-0.205,-0.09187564,0.028));
#7659=CARTESIAN_POINT('',(-0.205,-0.09187564,0.028));
#7660=CARTESIAN_POINT('',(-0.205,-0.09187564,0.02275));
#7661=CARTESIAN_POINT('',(-0.195,-0.09187564,0.02275));
#7662=CARTESIAN_POINT('',(-0.195,-0.09187564,0.028));
#7663=CARTESIAN_POINT('',(-0.195,-0.09187564,0.028));
#7664=CARTESIAN_POINT('',(-0.195,-0.09982888,0.02426288));
#7665=CARTESIAN_POINT('',(-0.195,-0.09982888,0.02426288));
#7666=CARTESIAN_POINT('',(-0.195,-0.10287564,0.02426288));
#7667=CARTESIAN_POINT('',(-0.195,-0.10287564,0.02426288));
#7668=CARTESIAN_POINT('',(-0.195,-0.10287564,0.028));
#7669=CARTESIAN_POINT('',(-0.195,-0.10287564,0.028));
#7670=CARTESIAN_POINT('',(-0.195,-0.115,0.021));
#7671=CARTESIAN_POINT('',(-0.195,-0.115,0.021));
#7672=CARTESIAN_POINT('',(0.205,-0.115,-0.00849999999999999));
#7673=CARTESIAN_POINT('',(0.195,-0.115,-0.00849999999999999));
#7674=CARTESIAN_POINT('',(0.195,-0.115,-0.00849999999999999));
#7675=CARTESIAN_POINT('',(0.195,-0.115,-0.021));
#7676=CARTESIAN_POINT('',(0.205,-0.115,-0.021));
#7677=CARTESIAN_POINT('',(0.205,-0.115,-0.021));
#7678=CARTESIAN_POINT('',(0.205,-0.115,-0.00849999999999999));
#7679=CARTESIAN_POINT('',(0.205,-0.115,-0.00849999999999999));
#7680=CARTESIAN_POINT('',(0.205,-0.115,-0.00849999999999999));
#7681=CARTESIAN_POINT('',(0.205,-0.115,-0.021));
#7682=CARTESIAN_POINT('',(0.195,-0.115,-0.021));
#7683=CARTESIAN_POINT('',(0.195,-0.10287564,-0.028));
#7684=CARTESIAN_POINT('',(0.205,-0.10287564,-0.028));
#7685=CARTESIAN_POINT('',(0.205,-0.10287564,-0.028));
#7686=CARTESIAN_POINT('',(0.205,-0.115,-0.021));
#7687=CARTESIAN_POINT('',(0.205,-0.10287564,-0.028));
#7688=CARTESIAN_POINT('',(0.195,-0.10287564,-0.028));
#7689=CARTESIAN_POINT('',(0.195,-0.10287564,-0.02426288));
#7690=CARTESIAN_POINT('',(0.205,-0.10287564,-0.02426288));
#7691=CARTESIAN_POINT('',(0.205,-0.10287564,-0.02426288));
#7692=CARTESIAN_POINT('',(0.205,-0.10287564,-0.028));
#7693=CARTESIAN_POINT('',(0.205,-0.10287564,-0.02426288));
#7694=CARTESIAN_POINT('',(0.195,-0.10287564,-0.02426288));
#7695=CARTESIAN_POINT('',(0.195,-0.09982888,-0.02426288));
#7696=CARTESIAN_POINT('',(0.205,-0.09982888,-0.02426288));
#7697=CARTESIAN_POINT('',(0.205,-0.09982888,-0.02426288));
#7698=CARTESIAN_POINT('',(0.205,-0.10287564,-0.02426288));
#7699=CARTESIAN_POINT('',(0.205,-0.09982888,-0.02426288));
#7700=CARTESIAN_POINT('',(0.195,-0.09982888,-0.02426288));
#7701=CARTESIAN_POINT('',(0.195,-0.09187564,-0.028));
#7702=CARTESIAN_POINT('',(0.205,-0.09187564,-0.028));
#7703=CARTESIAN_POINT('',(0.205,-0.09187564,-0.028));
#7704=CARTESIAN_POINT('',(0.205,-0.09982888,-0.02426288));
#7705=CARTESIAN_POINT('',(0.205,-0.09187564,-0.028));
#7706=CARTESIAN_POINT('',(0.195,-0.09187564,-0.028));
#7707=CARTESIAN_POINT('',(0.195,-0.09187564,-0.02275));
#7708=CARTESIAN_POINT('',(0.205,-0.09187564,-0.02275));
#7709=CARTESIAN_POINT('',(0.205,-0.09187564,-0.02275));
#7710=CARTESIAN_POINT('',(0.205,-0.09187564,-0.028));
#7711=CARTESIAN_POINT('',(0.205,0.,0.));
#7712=CARTESIAN_POINT('',(0.205,-0.0575,-0.0085));
#7713=CARTESIAN_POINT('',(0.205,-0.09187564,-0.02275));
#7714=CARTESIAN_POINT('',(0.195,0.,0.));
#7715=CARTESIAN_POINT('',(0.195,-0.0575,-0.0085));
#7716=CARTESIAN_POINT('',(0.195,-0.09187564,-0.02275));
#7717=CARTESIAN_POINT('',(0.205,-0.09187564,-0.02275));
#7718=CARTESIAN_POINT('',(0.205,-0.0575,-0.0085));
#7719=CARTESIAN_POINT('',(0.205,-0.115,0.00850000000000001));
#7720=CARTESIAN_POINT('',(0.195,-0.115,0.00850000000000001));
#7721=CARTESIAN_POINT('',(0.195,-0.115,0.00850000000000001));
#7722=CARTESIAN_POINT('',(0.205,-0.115,0.00850000000000001));
#7723=CARTESIAN_POINT('',(0.205,-0.115,0.00850000000000001));
#7724=CARTESIAN_POINT('',(0.205,-0.115,0.00850000000000001));
#7725=CARTESIAN_POINT('',(0.205,-0.05,0.02275));
#7726=CARTESIAN_POINT('',(0.205,-0.05,0.02275));
#7727=CARTESIAN_POINT('',(0.205,-0.09187564,0.02275));
#7728=CARTESIAN_POINT('',(0.195,-0.05,0.02275));
#7729=CARTESIAN_POINT('',(0.195,-0.09187564,0.02275));
#7730=CARTESIAN_POINT('',(0.205,-0.09187564,0.02275));
#7731=CARTESIAN_POINT('',(0.205,0.,0.));
#7732=CARTESIAN_POINT('',(0.205,-0.09187564,0.02275));
#7733=CARTESIAN_POINT('',(0.205,-0.09187564,0.028));
#7734=CARTESIAN_POINT('',(0.205,-0.09187564,0.028));
#7735=CARTESIAN_POINT('',(0.205,-0.09982888,0.02426288));
#7736=CARTESIAN_POINT('',(0.205,-0.09982888,0.02426288));
#7737=CARTESIAN_POINT('',(0.205,-0.10287564,0.02426288));
#7738=CARTESIAN_POINT('',(0.205,-0.10287564,0.02426288));
#7739=CARTESIAN_POINT('',(0.205,-0.10287564,0.028));
#7740=CARTESIAN_POINT('',(0.205,-0.10287564,0.028));
#7741=CARTESIAN_POINT('',(0.205,-0.115,0.021));
#7742=CARTESIAN_POINT('',(0.205,-0.115,0.021));
#7743=CARTESIAN_POINT('',(0.195,0.,0.));
#7744=CARTESIAN_POINT('',(0.195,-0.115,0.021));
#7745=CARTESIAN_POINT('',(0.195,-0.115,0.021));
#7746=CARTESIAN_POINT('',(0.195,-0.10287564,0.028));
#7747=CARTESIAN_POINT('',(0.195,-0.10287564,0.028));
#7748=CARTESIAN_POINT('',(0.195,-0.10287564,0.02426288));
#7749=CARTESIAN_POINT('',(0.195,-0.10287564,0.02426288));
#7750=CARTESIAN_POINT('',(0.195,-0.09982888,0.02426288));
#7751=CARTESIAN_POINT('',(0.195,-0.09982888,0.02426288));
#7752=CARTESIAN_POINT('',(0.195,-0.09187564,0.028));
#7753=CARTESIAN_POINT('',(0.195,-0.09187564,0.028));
#7754=CARTESIAN_POINT('',(0.195,-0.09187564,0.02275));
#7755=CARTESIAN_POINT('',(0.205,-0.09187564,0.02275));
#7756=CARTESIAN_POINT('',(0.205,-0.09187564,0.028));
#7757=CARTESIAN_POINT('',(0.205,-0.09187564,0.028));
#7758=CARTESIAN_POINT('',(0.205,-0.09982888,0.02426288));
#7759=CARTESIAN_POINT('',(0.205,-0.09982888,0.02426288));
#7760=CARTESIAN_POINT('',(0.205,-0.10287564,0.02426288));
#7761=CARTESIAN_POINT('',(0.205,-0.10287564,0.02426288));
#7762=CARTESIAN_POINT('',(0.205,-0.10287564,0.028));
#7763=CARTESIAN_POINT('',(0.205,-0.10287564,0.028));
#7764=CARTESIAN_POINT('',(0.205,-0.115,0.021));
#7765=CARTESIAN_POINT('',(0.205,-0.115,0.021));
#7766=CARTESIAN_POINT('',(0.,0.06,7.34788079488412E-18));
#7767=CARTESIAN_POINT('',(0.2625,0.16856602,-0.0825));
#7768=CARTESIAN_POINT('',(0.2625,0.229999999999998,-0.0825));
#7769=CARTESIAN_POINT('',(-0.2625,0.229999999999998,-0.0825));
#7770=CARTESIAN_POINT('',(-0.2375,0.229999999999998,-0.0825));
#7771=CARTESIAN_POINT('',(-0.2625,0.16856602,-0.0825));
#7772=CARTESIAN_POINT('',(-0.2625,0.59,-0.0825));
#7773=CARTESIAN_POINT('',(0.2625,0.59,-0.0825));
#7774=CARTESIAN_POINT('',(-0.2375,0.59,-0.0825));
#7775=CARTESIAN_POINT('',(-0.2375,0.16856602,-0.0825));
#7776=CARTESIAN_POINT('',(-0.2375,0.245,-0.0825));
#7777=CARTESIAN_POINT('',(0.2625,0.245,-0.0825));
#7778=CARTESIAN_POINT('',(-0.1625,0.245,-0.0825));
#7779=CARTESIAN_POINT('',(-0.1625,0.16856602,-0.0825));
#7780=CARTESIAN_POINT('',(-0.1625,0.59,-0.0825));
#7781=CARTESIAN_POINT('',(0.2625,0.59,-0.0825));
#7782=CARTESIAN_POINT('',(-0.1375,0.59,-0.0825));
#7783=CARTESIAN_POINT('',(-0.1375,0.16856602,-0.0825));
#7784=CARTESIAN_POINT('',(-0.1375,0.245,-0.0825));
#7785=CARTESIAN_POINT('',(0.2625,0.245,-0.0825));
#7786=CARTESIAN_POINT('',(-0.0625,0.245,-0.0825));
#7787=CARTESIAN_POINT('',(-0.0625,0.16856602,-0.0825));
#7788=CARTESIAN_POINT('',(-0.0625,0.59,-0.0825));
#7789=CARTESIAN_POINT('',(0.2625,0.59,-0.0825));
#7790=CARTESIAN_POINT('',(-0.0375,0.59,-0.0825));
#7791=CARTESIAN_POINT('',(-0.0375,0.16856602,-0.0825));
#7792=CARTESIAN_POINT('',(-0.0375,0.245,-0.0825));
#7793=CARTESIAN_POINT('',(0.2625,0.245,-0.0825));
#7794=CARTESIAN_POINT('',(0.0375,0.245,-0.0825));
#7795=CARTESIAN_POINT('',(0.0375,0.16856602,-0.0825));
#7796=CARTESIAN_POINT('',(0.0375,0.59,-0.0825));
#7797=CARTESIAN_POINT('',(0.2625,0.59,-0.0825));
#7798=CARTESIAN_POINT('',(0.0625,0.59,-0.0825));
#7799=CARTESIAN_POINT('',(0.0625,0.16856602,-0.0825));
#7800=CARTESIAN_POINT('',(0.0625,0.245,-0.0825));
#7801=CARTESIAN_POINT('',(0.2625,0.245,-0.0825));
#7802=CARTESIAN_POINT('',(0.1375,0.245,-0.0825));
#7803=CARTESIAN_POINT('',(0.1375,0.16856602,-0.0825));
#7804=CARTESIAN_POINT('',(0.1375,0.59,-0.0825));
#7805=CARTESIAN_POINT('',(0.2625,0.59,-0.0825));
#7806=CARTESIAN_POINT('',(0.1625,0.59,-0.0825));
#7807=CARTESIAN_POINT('',(0.1625,0.16856602,-0.0825));
#7808=CARTESIAN_POINT('',(0.1625,0.245,-0.0825));
#7809=CARTESIAN_POINT('',(0.2625,0.245,-0.0825));
#7810=CARTESIAN_POINT('',(0.2375,0.245,-0.0825));
#7811=CARTESIAN_POINT('',(0.2375,0.16856602,-0.0825));
#7812=CARTESIAN_POINT('',(0.2375,0.59,-0.0825));
#7813=CARTESIAN_POINT('',(0.2625,0.59,-0.0825));
#7814=CARTESIAN_POINT('',(0.2625,0.59,-0.0825));
#7815=CARTESIAN_POINT('',(0.2625,0.16856602,-0.0825));
#7816=CARTESIAN_POINT('',(0.2625,0.229999999999998,-0.0825));
#7817=CARTESIAN_POINT('',(0.2625,0.229999999999998,-0.0825));
#7818=CARTESIAN_POINT('',(0.2375,0.229999999999998,-0.0825));
#7819=CARTESIAN_POINT('',(0.2375,0.16856602,-0.0825));
#7820=CARTESIAN_POINT('',(0.2375,0.235,-0.0825));
#7821=CARTESIAN_POINT('',(0.2625,0.235,-0.0825));
#7822=CARTESIAN_POINT('',(0.1625,0.235,-0.0825));
#7823=CARTESIAN_POINT('',(0.1625,0.16856602,-0.0825));
#7824=CARTESIAN_POINT('',(0.1625,0.229999999999998,-0.0825));
#7825=CARTESIAN_POINT('',(0.2625,0.229999999999998,-0.0825));
#7826=CARTESIAN_POINT('',(0.1375,0.229999999999998,-0.0825));
#7827=CARTESIAN_POINT('',(0.1375,0.16856602,-0.0825));
#7828=CARTESIAN_POINT('',(0.1375,0.235,-0.0825));
#7829=CARTESIAN_POINT('',(0.2625,0.235,-0.0825));
#7830=CARTESIAN_POINT('',(0.0625,0.235,-0.0825));
#7831=CARTESIAN_POINT('',(0.0625,0.16856602,-0.0825));
#7832=CARTESIAN_POINT('',(0.0625,0.229999999999998,-0.0825));
#7833=CARTESIAN_POINT('',(0.2625,0.229999999999998,-0.0825));
#7834=CARTESIAN_POINT('',(0.0375,0.229999999999998,-0.0825));
#7835=CARTESIAN_POINT('',(0.0375,0.16856602,-0.0825));
#7836=CARTESIAN_POINT('',(0.0375,0.235,-0.0825));
#7837=CARTESIAN_POINT('',(0.2625,0.235,-0.0825));
#7838=CARTESIAN_POINT('',(-0.0375,0.235,-0.0825));
#7839=CARTESIAN_POINT('',(-0.0375,0.16856602,-0.0825));
#7840=CARTESIAN_POINT('',(-0.0375,0.229999999999998,-0.0825));
#7841=CARTESIAN_POINT('',(0.2625,0.229999999999998,-0.0825));
#7842=CARTESIAN_POINT('',(-0.0625,0.229999999999998,-0.0825));
#7843=CARTESIAN_POINT('',(-0.0625,0.16856602,-0.0825));
#7844=CARTESIAN_POINT('',(-0.0625,0.235,-0.0825));
#7845=CARTESIAN_POINT('',(0.2625,0.235,-0.0825));
#7846=CARTESIAN_POINT('',(-0.1375,0.235,-0.0825));
#7847=CARTESIAN_POINT('',(-0.1375,0.16856602,-0.0825));
#7848=CARTESIAN_POINT('',(-0.1375,0.229999999999998,-0.0825));
#7849=CARTESIAN_POINT('',(0.2625,0.229999999999998,-0.0825));
#7850=CARTESIAN_POINT('',(-0.1625,0.229999999999998,-0.0825));
#7851=CARTESIAN_POINT('',(-0.1625,0.16856602,-0.0825));
#7852=CARTESIAN_POINT('',(-0.1625,0.235,-0.0825));
#7853=CARTESIAN_POINT('',(0.2625,0.235,-0.0825));
#7854=CARTESIAN_POINT('',(-0.2375,0.235,-0.0825));
#7855=CARTESIAN_POINT('',(-0.2375,0.16856602,-0.0825));
#7856=CARTESIAN_POINT('',(0.2625,0.59,-0.0575));
#7857=CARTESIAN_POINT('',(0.2625,0.229999999999998,-0.0575));
#7858=CARTESIAN_POINT('',(0.2625,0.229999999999998,-0.0575));
#7859=CARTESIAN_POINT('',(0.2375,0.229999999999998,-0.0575));
#7860=CARTESIAN_POINT('',(0.2625,0.59,-0.0575));
#7861=CARTESIAN_POINT('',(0.2625,0.59,-0.0575));
#7862=CARTESIAN_POINT('',(0.2625,0.59,-0.0575));
#7863=CARTESIAN_POINT('',(0.2375,0.59,-0.0575));
#7864=CARTESIAN_POINT('',(0.2375,0.59,-0.0575));
#7865=CARTESIAN_POINT('',(0.2375,0.245,-0.0575));
#7866=CARTESIAN_POINT('',(0.2625,0.245,-0.0575));
#7867=CARTESIAN_POINT('',(0.1625,0.245,-0.0575));
#7868=CARTESIAN_POINT('',(0.1625,0.59,-0.0575));
#7869=CARTESIAN_POINT('',(0.1625,0.59,-0.0575));
#7870=CARTESIAN_POINT('',(0.2625,0.59,-0.0575));
#7871=CARTESIAN_POINT('',(0.1375,0.59,-0.0575));
#7872=CARTESIAN_POINT('',(0.1375,0.59,-0.0575));
#7873=CARTESIAN_POINT('',(0.1375,0.245,-0.0575));
#7874=CARTESIAN_POINT('',(0.2625,0.245,-0.0575));
#7875=CARTESIAN_POINT('',(0.0625,0.245,-0.0575));
#7876=CARTESIAN_POINT('',(0.0625,0.59,-0.0575));
#7877=CARTESIAN_POINT('',(0.0625,0.59,-0.0575));
#7878=CARTESIAN_POINT('',(0.2625,0.59,-0.0575));
#7879=CARTESIAN_POINT('',(0.0374999999999999,0.59,-0.0575));
#7880=CARTESIAN_POINT('',(0.0375,0.59,-0.0575));
#7881=CARTESIAN_POINT('',(0.0375,0.245,-0.0575));
#7882=CARTESIAN_POINT('',(0.2625,0.245,-0.0575));
#7883=CARTESIAN_POINT('',(-0.0375,0.245,-0.0575));
#7884=CARTESIAN_POINT('',(-0.0375,0.59,-0.0575));
#7885=CARTESIAN_POINT('',(-0.0375,0.59,-0.0575));
#7886=CARTESIAN_POINT('',(0.2625,0.59,-0.0575));
#7887=CARTESIAN_POINT('',(-0.0625000000000001,0.59,-0.0575));
#7888=CARTESIAN_POINT('',(-0.0625,0.59,-0.0575));
#7889=CARTESIAN_POINT('',(-0.0625,0.245,-0.0575));
#7890=CARTESIAN_POINT('',(0.2625,0.245,-0.0575));
#7891=CARTESIAN_POINT('',(-0.1375,0.245,-0.0575));
#7892=CARTESIAN_POINT('',(-0.1375,0.59,-0.0575));
#7893=CARTESIAN_POINT('',(-0.1375,0.59,-0.0575));
#7894=CARTESIAN_POINT('',(0.2625,0.59,-0.0575));
#7895=CARTESIAN_POINT('',(-0.1625,0.59,-0.0575));
#7896=CARTESIAN_POINT('',(-0.1625,0.59,-0.0575));
#7897=CARTESIAN_POINT('',(-0.1625,0.245,-0.0575));
#7898=CARTESIAN_POINT('',(0.2625,0.245,-0.0575));
#7899=CARTESIAN_POINT('',(-0.2375,0.245,-0.0575));
#7900=CARTESIAN_POINT('',(-0.2375,0.59,-0.0575));
#7901=CARTESIAN_POINT('',(-0.2375,0.59,-0.0575));
#7902=CARTESIAN_POINT('',(0.2625,0.59,-0.0575));
#7903=CARTESIAN_POINT('',(-0.2625,0.59,-0.0575));
#7904=CARTESIAN_POINT('',(-0.2625,0.59,-0.0575));
#7905=CARTESIAN_POINT('',(-0.2625,0.229999999999998,-0.0575));
#7906=CARTESIAN_POINT('',(0.2625,0.229999999999998,-0.0575));
#7907=CARTESIAN_POINT('',(-0.2375,0.229999999999998,-0.0575));
#7908=CARTESIAN_POINT('',(-0.2375,0.59,-0.0575));
#7909=CARTESIAN_POINT('',(-0.2375,0.235,-0.0575));
#7910=CARTESIAN_POINT('',(0.2625,0.235,-0.0575));
#7911=CARTESIAN_POINT('',(-0.1625,0.235,-0.0575));
#7912=CARTESIAN_POINT('',(-0.1625,0.59,-0.0575));
#7913=CARTESIAN_POINT('',(-0.1625,0.229999999999998,-0.0575));
#7914=CARTESIAN_POINT('',(0.2625,0.229999999999998,-0.0575));
#7915=CARTESIAN_POINT('',(-0.1375,0.229999999999998,-0.0575));
#7916=CARTESIAN_POINT('',(-0.1375,0.59,-0.0575));
#7917=CARTESIAN_POINT('',(-0.1375,0.235,-0.0575));
#7918=CARTESIAN_POINT('',(0.2625,0.235,-0.0575));
#7919=CARTESIAN_POINT('',(-0.0625,0.235,-0.0575));
#7920=CARTESIAN_POINT('',(-0.0625,0.59,-0.0575));
#7921=CARTESIAN_POINT('',(-0.0625,0.229999999999998,-0.0575));
#7922=CARTESIAN_POINT('',(0.2625,0.229999999999998,-0.0575));
#7923=CARTESIAN_POINT('',(-0.0375,0.229999999999998,-0.0575));
#7924=CARTESIAN_POINT('',(-0.0375,0.59,-0.0575));
#7925=CARTESIAN_POINT('',(-0.0375,0.235,-0.0575));
#7926=CARTESIAN_POINT('',(0.2625,0.235,-0.0575));
#7927=CARTESIAN_POINT('',(0.0375,0.235,-0.0575));
#7928=CARTESIAN_POINT('',(0.0375,0.59,-0.0575));
#7929=CARTESIAN_POINT('',(0.0375,0.229999999999998,-0.0575));
#7930=CARTESIAN_POINT('',(0.2625,0.229999999999998,-0.0575));
#7931=CARTESIAN_POINT('',(0.0625,0.229999999999998,-0.0575));
#7932=CARTESIAN_POINT('',(0.0625,0.59,-0.0575));
#7933=CARTESIAN_POINT('',(0.0625,0.235,-0.0575));
#7934=CARTESIAN_POINT('',(0.2625,0.235,-0.0575));
#7935=CARTESIAN_POINT('',(0.1375,0.235,-0.0575));
#7936=CARTESIAN_POINT('',(0.1375,0.59,-0.0575));
#7937=CARTESIAN_POINT('',(0.1375,0.229999999999998,-0.0575));
#7938=CARTESIAN_POINT('',(0.2625,0.229999999999998,-0.0575));
#7939=CARTESIAN_POINT('',(0.1625,0.229999999999998,-0.0575));
#7940=CARTESIAN_POINT('',(0.1625,0.59,-0.0575));
#7941=CARTESIAN_POINT('',(0.1625,0.235,-0.0575));
#7942=CARTESIAN_POINT('',(0.2625,0.235,-0.0575));
#7943=CARTESIAN_POINT('',(0.2375,0.235,-0.0575));
#7944=CARTESIAN_POINT('',(0.2375,0.59,-0.0575));
#7945=CARTESIAN_POINT('',(0.2625,0.08,-0.05));
#7946=CARTESIAN_POINT('',(0.2625,0.229999999999998,-0.05));
#7947=CARTESIAN_POINT('',(0.2625,0.59,-0.0825));
#7948=CARTESIAN_POINT('',(-0.2625,0.08,-0.05));
#7949=CARTESIAN_POINT('',(-0.2625,0.229999999999998,-0.05));
#7950=CARTESIAN_POINT('',(-0.2625,0.59,-0.0825));
#7951=CARTESIAN_POINT('',(-0.2375,0.235,-0.32));
#7952=CARTESIAN_POINT('',(-0.2375,0.229999999999998,-0.32));
#7953=CARTESIAN_POINT('',(-0.2375,0.235,-0.32));
#7954=CARTESIAN_POINT('',(-0.1625,-0.275,-0.32));
#7955=CARTESIAN_POINT('',(-0.1625,0.229999999999998,-0.32));
#7956=CARTESIAN_POINT('',(-0.1625,0.235,-0.32));
#7957=CARTESIAN_POINT('',(0.1625,0.235,-0.32));
#7958=CARTESIAN_POINT('',(0.1625,0.229999999999998,-0.32));
#7959=CARTESIAN_POINT('',(0.1625,0.235,-0.32));
#7960=CARTESIAN_POINT('',(0.2375,-0.275,-0.32));
#7961=CARTESIAN_POINT('',(0.2375,0.229999999999998,-0.32));
#7962=CARTESIAN_POINT('',(0.2375,0.235,-0.32));
#7963=CARTESIAN_POINT('',(0.0625,0.235,-0.32));
#7964=CARTESIAN_POINT('',(0.0625,0.229999999999998,-0.32));
#7965=CARTESIAN_POINT('',(0.0625,0.235,-0.32));
#7966=CARTESIAN_POINT('',(0.1375,-0.275,-0.32));
#7967=CARTESIAN_POINT('',(0.1375,0.229999999999998,-0.32));
#7968=CARTESIAN_POINT('',(0.1375,0.235,-0.32));
#7969=CARTESIAN_POINT('',(-0.0375,0.235,-0.32));
#7970=CARTESIAN_POINT('',(-0.0375,0.229999999999998,-0.32));
#7971=CARTESIAN_POINT('',(-0.0375,0.235,-0.32));
#7972=CARTESIAN_POINT('',(0.0375,-0.275,-0.32));
#7973=CARTESIAN_POINT('',(0.0375,0.229999999999998,-0.32));
#7974=CARTESIAN_POINT('',(0.0375,0.235,-0.32));
#7975=CARTESIAN_POINT('',(-0.1375,0.235,-0.32));
#7976=CARTESIAN_POINT('',(-0.1375,0.229999999999998,-0.32));
#7977=CARTESIAN_POINT('',(-0.1375,0.235,-0.32));
#7978=CARTESIAN_POINT('',(-0.0625,-0.275,-0.32));
#7979=CARTESIAN_POINT('',(-0.0625,0.229999999999998,-0.32));
#7980=CARTESIAN_POINT('',(-0.0625,0.235,-0.32));
#7981=CARTESIAN_POINT('',(-0.2375,0.755,-0.32));
#7982=CARTESIAN_POINT('',(-0.2375,0.59,-0.0825));
#7983=CARTESIAN_POINT('',(-0.2375,0.245,-0.32));
#7984=CARTESIAN_POINT('',(-0.2375,0.245,-0.32));
#7985=CARTESIAN_POINT('',(-0.1625,0.245,-0.32));
#7986=CARTESIAN_POINT('',(-0.1625,0.245,-0.32));
#7987=CARTESIAN_POINT('',(-0.1625,0.59,-0.0825));
#7988=CARTESIAN_POINT('',(0.1625,0.755,-0.32));
#7989=CARTESIAN_POINT('',(0.1625,0.59,-0.0825));
#7990=CARTESIAN_POINT('',(0.1625,0.245,-0.32));
#7991=CARTESIAN_POINT('',(0.1625,0.245,-0.32));
#7992=CARTESIAN_POINT('',(0.2375,0.245,-0.32));
#7993=CARTESIAN_POINT('',(0.2375,0.245,-0.32));
#7994=CARTESIAN_POINT('',(0.2375,0.59,-0.0825));
#7995=CARTESIAN_POINT('',(0.0625,0.755,-0.32));
#7996=CARTESIAN_POINT('',(0.0625,0.59,-0.0825));
#7997=CARTESIAN_POINT('',(0.0625,0.245,-0.32));
#7998=CARTESIAN_POINT('',(0.0625,0.245,-0.32));
#7999=CARTESIAN_POINT('',(0.1375,0.245,-0.32));
#8000=CARTESIAN_POINT('',(0.1375,0.245,-0.32));
#8001=CARTESIAN_POINT('',(0.1375,0.59,-0.0825));
#8002=CARTESIAN_POINT('',(-0.0375,0.755,-0.32));
#8003=CARTESIAN_POINT('',(-0.0375,0.59,-0.0825));
#8004=CARTESIAN_POINT('',(-0.0375,0.245,-0.32));
#8005=CARTESIAN_POINT('',(-0.0375,0.245,-0.32));
#8006=CARTESIAN_POINT('',(0.0375,0.245,-0.32));
#8007=CARTESIAN_POINT('',(0.0375,0.245,-0.32));
#8008=CARTESIAN_POINT('',(0.0375,0.59,-0.0825));
#8009=CARTESIAN_POINT('',(-0.1375,0.755,-0.32));
#8010=CARTESIAN_POINT('',(-0.1375,0.59,-0.0825));
#8011=CARTESIAN_POINT('',(-0.1375,0.245,-0.32));
#8012=CARTESIAN_POINT('',(-0.1375,0.245,-0.32));
#8013=CARTESIAN_POINT('',(-0.0625,0.245,-0.32));
#8014=CARTESIAN_POINT('',(-0.0625,0.245,-0.32));
#8015=CARTESIAN_POINT('',(-0.0625,0.59,-0.0825));
#8016=CARTESIAN_POINT('',(-0.1625,0.235,-0.32));
#8017=CARTESIAN_POINT('',(0.2375,0.235,-0.32));
#8018=CARTESIAN_POINT('',(0.1375,0.235,-0.32));
#8019=CARTESIAN_POINT('',(0.0375,0.235,-0.32));
#8020=CARTESIAN_POINT('',(-0.0625,0.235,-0.32));
#8021=CARTESIAN_POINT('',(-0.2625,0.59,-0.0825));
#8022=CARTESIAN_POINT('',(-0.2625,0.59,-0.0575));
#8023=CARTESIAN_POINT('',(-0.255220595314676,0.61,-0.064779404685324));
#8024=CARTESIAN_POINT('',(-0.255220595314676,0.61,-0.0825));
#8025=CARTESIAN_POINT('',(-0.255220595314676,0.61,-0.075220595314676));
#8026=CARTESIAN_POINT('',(-0.2625,0.59,-0.0825));
#8027=CARTESIAN_POINT('',(-0.2625,0.59,-0.0575));
#8028=CARTESIAN_POINT('',(-0.2375,0.59,-0.0575));
#8029=CARTESIAN_POINT('',(-0.244779404685324,0.61,-0.064779404685324));
#8030=CARTESIAN_POINT('',(-0.2625,0.61,-0.064779404685324));
#8031=CARTESIAN_POINT('',(-0.2375,0.59,-0.0575));
#8032=CARTESIAN_POINT('',(-0.2375,0.59,-0.0825));
#8033=CARTESIAN_POINT('',(-0.244779404685324,0.61,-0.075220595314676));
#8034=CARTESIAN_POINT('',(-0.244779404685324,0.61,-0.0575));
#8035=CARTESIAN_POINT('',(-0.2375,0.59,-0.0825));
#8036=CARTESIAN_POINT('',(-0.2375,0.61,-0.075220595314676));
#8037=CARTESIAN_POINT('',(0.,0.61,0.));
#8038=CARTESIAN_POINT('',(-0.0625000000000001,0.59,-0.0825));
#8039=CARTESIAN_POINT('',(-0.0625000000000001,0.59,-0.0575));
#8040=CARTESIAN_POINT('',(-0.055220595314676,0.61,-0.064779404685324));
#8041=CARTESIAN_POINT('',(-0.055220595314676,0.61,-0.0825));
#8042=CARTESIAN_POINT('',(-0.055220595314676,0.61,-0.075220595314676));
#8043=CARTESIAN_POINT('',(-0.0625000000000001,0.59,-0.0825));
#8044=CARTESIAN_POINT('',(-0.0625000000000001,0.59,-0.0575));
#8045=CARTESIAN_POINT('',(-0.0375,0.59,-0.0575));
#8046=CARTESIAN_POINT('',(-0.0447794046853241,0.61,-0.064779404685324));
#8047=CARTESIAN_POINT('',(-0.0625000000000001,0.61,-0.064779404685324));
#8048=CARTESIAN_POINT('',(-0.0375,0.59,-0.0575));
#8049=CARTESIAN_POINT('',(-0.0375,0.59,-0.0825));
#8050=CARTESIAN_POINT('',(-0.0447794046853241,0.61,-0.075220595314676));
#8051=CARTESIAN_POINT('',(-0.0447794046853241,0.61,-0.0575));
#8052=CARTESIAN_POINT('',(-0.0375,0.59,-0.0825));
#8053=CARTESIAN_POINT('',(-0.0375,0.61,-0.075220595314676));
#8054=CARTESIAN_POINT('',(0.2,0.61,0.));
#8055=CARTESIAN_POINT('',(-0.1625,0.59,-0.0825));
#8056=CARTESIAN_POINT('',(-0.1625,0.59,-0.0575));
#8057=CARTESIAN_POINT('',(-0.155220595314676,0.61,-0.064779404685324));
#8058=CARTESIAN_POINT('',(-0.155220595314676,0.61,-0.0825));
#8059=CARTESIAN_POINT('',(-0.155220595314676,0.61,-0.075220595314676));
#8060=CARTESIAN_POINT('',(-0.1625,0.59,-0.0825));
#8061=CARTESIAN_POINT('',(-0.1625,0.59,-0.0575));
#8062=CARTESIAN_POINT('',(-0.1375,0.59,-0.0575));
#8063=CARTESIAN_POINT('',(-0.144779404685324,0.61,-0.064779404685324));
#8064=CARTESIAN_POINT('',(-0.1625,0.61,-0.064779404685324));
#8065=CARTESIAN_POINT('',(-0.1375,0.59,-0.0575));
#8066=CARTESIAN_POINT('',(-0.1375,0.59,-0.0825));
#8067=CARTESIAN_POINT('',(-0.144779404685324,0.61,-0.075220595314676));
#8068=CARTESIAN_POINT('',(-0.144779404685324,0.61,-0.0575));
#8069=CARTESIAN_POINT('',(-0.1375,0.59,-0.0825));
#8070=CARTESIAN_POINT('',(-0.1375,0.61,-0.075220595314676));
#8071=CARTESIAN_POINT('',(0.1,0.61,0.));
#8072=CARTESIAN_POINT('',(0.0374999999999999,0.59,-0.0825));
#8073=CARTESIAN_POINT('',(0.0374999999999999,0.59,-0.0575));
#8074=CARTESIAN_POINT('',(0.044779404685324,0.61,-0.064779404685324));
#8075=CARTESIAN_POINT('',(0.044779404685324,0.61,-0.0825));
#8076=CARTESIAN_POINT('',(0.044779404685324,0.61,-0.075220595314676));
#8077=CARTESIAN_POINT('',(0.0374999999999999,0.59,-0.0825));
#8078=CARTESIAN_POINT('',(0.0374999999999999,0.59,-0.0575));
#8079=CARTESIAN_POINT('',(0.0625,0.59,-0.0575));
#8080=CARTESIAN_POINT('',(0.0552205953146759,0.61,-0.064779404685324));
#8081=CARTESIAN_POINT('',(0.0374999999999999,0.61,-0.064779404685324));
#8082=CARTESIAN_POINT('',(0.0625,0.59,-0.0575));
#8083=CARTESIAN_POINT('',(0.0625,0.59,-0.0825));
#8084=CARTESIAN_POINT('',(0.0552205953146759,0.61,-0.075220595314676));
#8085=CARTESIAN_POINT('',(0.0552205953146759,0.61,-0.0575));
#8086=CARTESIAN_POINT('',(0.0625,0.59,-0.0825));
#8087=CARTESIAN_POINT('',(0.0625,0.61,-0.075220595314676));
#8088=CARTESIAN_POINT('',(0.3,0.61,0.));
#8089=CARTESIAN_POINT('',(0.1375,0.59,-0.0825));
#8090=CARTESIAN_POINT('',(0.1375,0.59,-0.0575));
#8091=CARTESIAN_POINT('',(0.144779404685324,0.61,-0.064779404685324));
#8092=CARTESIAN_POINT('',(0.144779404685324,0.61,-0.0825));
#8093=CARTESIAN_POINT('',(0.144779404685324,0.61,-0.075220595314676));
#8094=CARTESIAN_POINT('',(0.1375,0.59,-0.0825));
#8095=CARTESIAN_POINT('',(0.1375,0.59,-0.0575));
#8096=CARTESIAN_POINT('',(0.1625,0.59,-0.0575));
#8097=CARTESIAN_POINT('',(0.155220595314676,0.61,-0.064779404685324));
#8098=CARTESIAN_POINT('',(0.1375,0.61,-0.064779404685324));
#8099=CARTESIAN_POINT('',(0.1625,0.59,-0.0575));
#8100=CARTESIAN_POINT('',(0.1625,0.59,-0.0825));
#8101=CARTESIAN_POINT('',(0.155220595314676,0.61,-0.075220595314676));
#8102=CARTESIAN_POINT('',(0.155220595314676,0.61,-0.0575));
#8103=CARTESIAN_POINT('',(0.1625,0.59,-0.0825));
#8104=CARTESIAN_POINT('',(0.1625,0.61,-0.075220595314676));
#8105=CARTESIAN_POINT('',(0.4,0.61,0.));
#8106=CARTESIAN_POINT('',(0.2375,0.59,-0.0825));
#8107=CARTESIAN_POINT('',(0.2375,0.59,-0.0575));
#8108=CARTESIAN_POINT('',(0.244779404685324,0.61,-0.064779404685324));
#8109=CARTESIAN_POINT('',(0.244779404685324,0.61,-0.0825));
#8110=CARTESIAN_POINT('',(0.244779404685324,0.61,-0.075220595314676));
#8111=CARTESIAN_POINT('',(0.2375,0.59,-0.0825));
#8112=CARTESIAN_POINT('',(0.2375,0.59,-0.0575));
#8113=CARTESIAN_POINT('',(0.2625,0.59,-0.0575));
#8114=CARTESIAN_POINT('',(0.255220595314676,0.61,-0.064779404685324));
#8115=CARTESIAN_POINT('',(0.2375,0.61,-0.064779404685324));
#8116=CARTESIAN_POINT('',(0.2625,0.59,-0.0575));
#8117=CARTESIAN_POINT('',(0.2625,0.59,-0.0825));
#8118=CARTESIAN_POINT('',(0.255220595314676,0.61,-0.075220595314676));
#8119=CARTESIAN_POINT('',(0.255220595314676,0.61,-0.0575));
#8120=CARTESIAN_POINT('',(0.2625,0.59,-0.0825));
#8121=CARTESIAN_POINT('',(0.2625,0.61,-0.075220595314676));
#8122=CARTESIAN_POINT('',(0.5,0.61,0.));
#8123=CARTESIAN_POINT('',(50.,0.229999999999997,-20.));
#8124=CARTESIAN_POINT('',(50.,0.229999999999997,-20.));
#8125=CARTESIAN_POINT('',(50.,0.229999999999997,-20.));
#8126=CARTESIAN_POINT('',(50.,0.229999999999997,-20.));
#8127=CARTESIAN_POINT('',(50.,0.229999999999997,-20.));
#8128=CARTESIAN_POINT('',(50.,0.229999999999997,-20.));
#8129=CARTESIAN_POINT('',(0.,-1.38777878078145E-17,-0.24));
#8130=CARTESIAN_POINT('',(0.2625,0.16856602,-0.0825));
#8131=CARTESIAN_POINT('',(0.2625,0.240000000000001,-0.0825));
#8132=CARTESIAN_POINT('',(0.2625,0.240000000000001,-0.0825));
#8133=CARTESIAN_POINT('',(-0.2625,0.240000000000001,-0.0825));
#8134=CARTESIAN_POINT('',(0.2625,0.16856602,-0.0825));
#8135=CARTESIAN_POINT('',(0.2625,0.16856602,-0.0825));
#8136=CARTESIAN_POINT('',(0.2625,0.16856602,-0.0825));
#8137=CARTESIAN_POINT('',(0.2375,0.16856602,-0.0825));
#8138=CARTESIAN_POINT('',(0.2375,0.16856602,-0.0825));
#8139=CARTESIAN_POINT('',(0.2375,0.235,-0.0825));
#8140=CARTESIAN_POINT('',(0.2625,0.235,-0.0825));
#8141=CARTESIAN_POINT('',(0.1625,0.235,-0.0825));
#8142=CARTESIAN_POINT('',(0.1625,0.16856602,-0.0825));
#8143=CARTESIAN_POINT('',(0.1625,0.16856602,-0.0825));
#8144=CARTESIAN_POINT('',(0.2625,0.16856602,-0.0825));
#8145=CARTESIAN_POINT('',(0.1375,0.16856602,-0.0825));
#8146=CARTESIAN_POINT('',(0.1375,0.16856602,-0.0825));
#8147=CARTESIAN_POINT('',(0.1375,0.235,-0.0825));
#8148=CARTESIAN_POINT('',(0.2625,0.235,-0.0825));
#8149=CARTESIAN_POINT('',(0.0625,0.235,-0.0825));
#8150=CARTESIAN_POINT('',(0.0625,0.16856602,-0.0825));
#8151=CARTESIAN_POINT('',(0.0625,0.16856602,-0.0825));
#8152=CARTESIAN_POINT('',(0.2625,0.16856602,-0.0825));
#8153=CARTESIAN_POINT('',(0.0375,0.16856602,-0.0825));
#8154=CARTESIAN_POINT('',(0.0375,0.16856602,-0.0825));
#8155=CARTESIAN_POINT('',(0.0375,0.235,-0.0825));
#8156=CARTESIAN_POINT('',(0.2625,0.235,-0.0825));
#8157=CARTESIAN_POINT('',(-0.0375,0.235,-0.0825));
#8158=CARTESIAN_POINT('',(-0.0375,0.16856602,-0.0825));
#8159=CARTESIAN_POINT('',(-0.0375,0.16856602,-0.0825));
#8160=CARTESIAN_POINT('',(0.2625,0.16856602,-0.0825));
#8161=CARTESIAN_POINT('',(-0.0625,0.16856602,-0.0825));
#8162=CARTESIAN_POINT('',(-0.0625,0.16856602,-0.0825));
#8163=CARTESIAN_POINT('',(-0.0625,0.235,-0.0825));
#8164=CARTESIAN_POINT('',(0.2625,0.235,-0.0825));
#8165=CARTESIAN_POINT('',(-0.1375,0.235,-0.0825));
#8166=CARTESIAN_POINT('',(-0.1375,0.16856602,-0.0825));
#8167=CARTESIAN_POINT('',(-0.1375,0.16856602,-0.0825));
#8168=CARTESIAN_POINT('',(0.2625,0.16856602,-0.0825));
#8169=CARTESIAN_POINT('',(-0.1625,0.16856602,-0.0825));
#8170=CARTESIAN_POINT('',(-0.1625,0.16856602,-0.0825));
#8171=CARTESIAN_POINT('',(-0.1625,0.235,-0.0825));
#8172=CARTESIAN_POINT('',(0.2625,0.235,-0.0825));
#8173=CARTESIAN_POINT('',(-0.2375,0.235,-0.0825));
#8174=CARTESIAN_POINT('',(-0.2375,0.16856602,-0.0825));
#8175=CARTESIAN_POINT('',(-0.2375,0.16856602,-0.0825));
#8176=CARTESIAN_POINT('',(0.2625,0.16856602,-0.0825));
#8177=CARTESIAN_POINT('',(-0.2625,0.16856602,-0.0825));
#8178=CARTESIAN_POINT('',(-0.2625,0.16856602,-0.0825));
#8179=CARTESIAN_POINT('',(0.2625,0.59,-0.0575));
#8180=CARTESIAN_POINT('',(0.2625,0.240000000000001,-0.0575));
#8181=CARTESIAN_POINT('',(-0.2625,0.240000000000001,-0.0575));
#8182=CARTESIAN_POINT('',(0.2625,0.240000000000001,-0.0575));
#8183=CARTESIAN_POINT('',(-0.2625,0.59,-0.0575));
#8184=CARTESIAN_POINT('',(-0.2625,0.16856602,-0.0575));
#8185=CARTESIAN_POINT('',(0.2625,0.16856602,-0.0575));
#8186=CARTESIAN_POINT('',(-0.2375,0.16856602,-0.0575));
#8187=CARTESIAN_POINT('',(-0.2375,0.59,-0.0575));
#8188=CARTESIAN_POINT('',(-0.2375,0.235,-0.0575));
#8189=CARTESIAN_POINT('',(0.2625,0.235,-0.0575));
#8190=CARTESIAN_POINT('',(-0.1625,0.235,-0.0575));
#8191=CARTESIAN_POINT('',(-0.1625,0.59,-0.0575));
#8192=CARTESIAN_POINT('',(-0.1625,0.16856602,-0.0575));
#8193=CARTESIAN_POINT('',(0.2625,0.16856602,-0.0575));
#8194=CARTESIAN_POINT('',(-0.1375,0.16856602,-0.0575));
#8195=CARTESIAN_POINT('',(-0.1375,0.59,-0.0575));
#8196=CARTESIAN_POINT('',(-0.1375,0.235,-0.0575));
#8197=CARTESIAN_POINT('',(0.2625,0.235,-0.0575));
#8198=CARTESIAN_POINT('',(-0.0625,0.235,-0.0575));
#8199=CARTESIAN_POINT('',(-0.0625,0.59,-0.0575));
#8200=CARTESIAN_POINT('',(-0.0625,0.16856602,-0.0575));
#8201=CARTESIAN_POINT('',(0.2625,0.16856602,-0.0575));
#8202=CARTESIAN_POINT('',(-0.0375,0.16856602,-0.0575));
#8203=CARTESIAN_POINT('',(-0.0375,0.59,-0.0575));
#8204=CARTESIAN_POINT('',(-0.0375,0.235,-0.0575));
#8205=CARTESIAN_POINT('',(0.2625,0.235,-0.0575));
#8206=CARTESIAN_POINT('',(0.0375,0.235,-0.0575));
#8207=CARTESIAN_POINT('',(0.0375,0.59,-0.0575));
#8208=CARTESIAN_POINT('',(0.0375,0.16856602,-0.0575));
#8209=CARTESIAN_POINT('',(0.2625,0.16856602,-0.0575));
#8210=CARTESIAN_POINT('',(0.0625,0.16856602,-0.0575));
#8211=CARTESIAN_POINT('',(0.0625,0.59,-0.0575));
#8212=CARTESIAN_POINT('',(0.0625,0.235,-0.0575));
#8213=CARTESIAN_POINT('',(0.2625,0.235,-0.0575));
#8214=CARTESIAN_POINT('',(0.1375,0.235,-0.0575));
#8215=CARTESIAN_POINT('',(0.1375,0.59,-0.0575));
#8216=CARTESIAN_POINT('',(0.1375,0.16856602,-0.0575));
#8217=CARTESIAN_POINT('',(0.2625,0.16856602,-0.0575));
#8218=CARTESIAN_POINT('',(0.1625,0.16856602,-0.0575));
#8219=CARTESIAN_POINT('',(0.1625,0.59,-0.0575));
#8220=CARTESIAN_POINT('',(0.1625,0.235,-0.0575));
#8221=CARTESIAN_POINT('',(0.2625,0.235,-0.0575));
#8222=CARTESIAN_POINT('',(0.2375,0.235,-0.0575));
#8223=CARTESIAN_POINT('',(0.2375,0.59,-0.0575));
#8224=CARTESIAN_POINT('',(0.2375,0.16856602,-0.0575));
#8225=CARTESIAN_POINT('',(0.2625,0.16856602,-0.0575));
#8226=CARTESIAN_POINT('',(0.2625,0.16856602,-0.0575));
#8227=CARTESIAN_POINT('',(0.2625,0.59,-0.0575));
#8228=CARTESIAN_POINT('',(0.2625,0.08,-0.05));
#8229=CARTESIAN_POINT('',(0.2625,0.240000000000001,-0.05));
#8230=CARTESIAN_POINT('',(0.2625,0.16856602,-0.0325));
#8231=CARTESIAN_POINT('',(0.2625,0.150888351172313,-0.0501776702316404));
#8232=CARTESIAN_POINT('',(0.2625,0.150888351172313,-0.0501776702316405));
#8233=CARTESIAN_POINT('',(0.2625,0.115355337655374,-0.014644659536719));
#8234=CARTESIAN_POINT('',(0.2625,0.08,-0.0500000000000001));
#8235=CARTESIAN_POINT('',(0.2625,0.08,-8.53702498020082E-18));
#8236=CARTESIAN_POINT('',(0.2625,0.08,0.));
#8237=CARTESIAN_POINT('',(0.2625,0.02,0.));
#8238=CARTESIAN_POINT('',(0.2625,0.02,0.));
#8239=CARTESIAN_POINT('',(0.2625,0.02,-0.025));
#8240=CARTESIAN_POINT('',(0.2625,0.02,-0.025));
#8241=CARTESIAN_POINT('',(0.2625,0.08,-0.025));
#8242=CARTESIAN_POINT('',(0.2625,0.08,-0.05));
#8243=CARTESIAN_POINT('',(0.2625,0.0976776688276869,-0.0323223297683595));
#8244=CARTESIAN_POINT('',(0.2625,0.0976776688276869,-0.0323223297683595));
#8245=CARTESIAN_POINT('',(0.2625,0.133210682344626,-0.067855340463281));
#8246=CARTESIAN_POINT('',(0.2625,0.16856602,-0.0324999999999998));
#8247=CARTESIAN_POINT('',(-0.2625,0.08,-0.05));
#8248=CARTESIAN_POINT('',(-0.2625,0.240000000000001,-0.05));
#8249=CARTESIAN_POINT('',(-0.2625,0.16856602,-0.0324999999999998));
#8250=CARTESIAN_POINT('',(-0.2625,0.133210682344626,-0.067855340463281));
#8251=CARTESIAN_POINT('',(-0.2625,0.0976776688276869,-0.0323223297683595));
#8252=CARTESIAN_POINT('',(-0.2625,0.0976776688276869,-0.0323223297683595));
#8253=CARTESIAN_POINT('',(-0.2625,0.08,-0.05));
#8254=CARTESIAN_POINT('',(-0.2625,0.08,-0.025));
#8255=CARTESIAN_POINT('',(-0.2625,0.02,-0.025));
#8256=CARTESIAN_POINT('',(-0.2625,0.02,-0.025));
#8257=CARTESIAN_POINT('',(-0.2625,0.02,0.));
#8258=CARTESIAN_POINT('',(-0.2625,0.02,0.));
#8259=CARTESIAN_POINT('',(-0.2625,0.08,0.));
#8260=CARTESIAN_POINT('',(-0.2625,0.08,-8.53702498020082E-18));
#8261=CARTESIAN_POINT('',(-0.2625,0.08,-0.0500000000000001));
#8262=CARTESIAN_POINT('',(-0.2625,0.115355337655374,-0.014644659536719));
#8263=CARTESIAN_POINT('',(-0.2625,0.150888351172313,-0.0501776702316405));
#8264=CARTESIAN_POINT('',(-0.2625,0.150888351172313,-0.0501776702316404));
#8265=CARTESIAN_POINT('',(-0.2625,0.16856602,-0.0325));
#8266=CARTESIAN_POINT('',(0.2625,0.08,0.));
#8267=CARTESIAN_POINT('',(0.2625,0.02,0.));
#8268=CARTESIAN_POINT('',(-0.1375,0.02,0.));
#8269=CARTESIAN_POINT('',(-0.1625,0.02,0.));
#8270=CARTESIAN_POINT('',(-0.1375,0.235,0.));
#8271=CARTESIAN_POINT('',(-0.1375,0.08,0.));
#8272=CARTESIAN_POINT('',(0.2625,0.08,-8.53702498020082E-18));
#8273=CARTESIAN_POINT('',(-0.1625,0.08,-8.53702498020082E-18));
#8274=CARTESIAN_POINT('',(-0.1625,-0.275,0.));
#8275=CARTESIAN_POINT('',(0.2625,0.08,0.));
#8276=CARTESIAN_POINT('',(0.2625,0.08,-8.53702498020082E-18));
#8277=CARTESIAN_POINT('',(-0.0375,0.08,0.));
#8278=CARTESIAN_POINT('',(-0.0625,0.08,-8.53702498020082E-18));
#8279=CARTESIAN_POINT('',(-0.0625,-0.275,0.));
#8280=CARTESIAN_POINT('',(-0.0625,0.02,0.));
#8281=CARTESIAN_POINT('',(0.2625,0.02,0.));
#8282=CARTESIAN_POINT('',(-0.0375,0.02,0.));
#8283=CARTESIAN_POINT('',(-0.0375,0.235,0.));
#8284=CARTESIAN_POINT('',(0.2625,0.08,0.));
#8285=CARTESIAN_POINT('',(0.2625,0.08,-8.53702498020082E-18));
#8286=CARTESIAN_POINT('',(0.0625,0.08,0.));
#8287=CARTESIAN_POINT('',(0.0375,0.08,-8.53702498020082E-18));
#8288=CARTESIAN_POINT('',(0.0375,-0.275,0.));
#8289=CARTESIAN_POINT('',(0.0375,0.02,0.));
#8290=CARTESIAN_POINT('',(0.2625,0.02,0.));
#8291=CARTESIAN_POINT('',(0.0625,0.02,0.));
#8292=CARTESIAN_POINT('',(0.0625,0.235,0.));
#8293=CARTESIAN_POINT('',(0.2625,0.08,0.));
#8294=CARTESIAN_POINT('',(0.2625,0.08,-8.53702498020082E-18));
#8295=CARTESIAN_POINT('',(0.1625,0.08,0.));
#8296=CARTESIAN_POINT('',(0.1375,0.08,-8.53702498020082E-18));
#8297=CARTESIAN_POINT('',(0.1375,-0.275,0.));
#8298=CARTESIAN_POINT('',(0.1375,0.02,0.));
#8299=CARTESIAN_POINT('',(0.2625,0.02,0.));
#8300=CARTESIAN_POINT('',(0.1625,0.02,0.));
#8301=CARTESIAN_POINT('',(0.1625,0.235,0.));
#8302=CARTESIAN_POINT('',(0.2625,0.02,-0.025));
#8303=CARTESIAN_POINT('',(0.2625,0.08,-0.025));
#8304=CARTESIAN_POINT('',(-0.1375,0.08,-0.025));
#8305=CARTESIAN_POINT('',(-0.1625,0.08,-0.025));
#8306=CARTESIAN_POINT('',(-0.1375,0.02,-0.025));
#8307=CARTESIAN_POINT('',(-0.1375,0.02,-0.025));
#8308=CARTESIAN_POINT('',(0.2625,0.02,-0.025));
#8309=CARTESIAN_POINT('',(-0.1625,0.02,-0.025));
#8310=CARTESIAN_POINT('',(-0.1625,0.02,-0.025));
#8311=CARTESIAN_POINT('',(0.2625,0.02,-0.025));
#8312=CARTESIAN_POINT('',(0.2625,0.02,-0.025));
#8313=CARTESIAN_POINT('',(-0.0375,0.02,-0.025));
#8314=CARTESIAN_POINT('',(-0.0625,0.02,-0.025));
#8315=CARTESIAN_POINT('',(-0.0625,0.02,-0.025));
#8316=CARTESIAN_POINT('',(-0.0625,0.08,-0.025));
#8317=CARTESIAN_POINT('',(0.2625,0.08,-0.025));
#8318=CARTESIAN_POINT('',(-0.0375,0.08,-0.025));
#8319=CARTESIAN_POINT('',(-0.0375,0.02,-0.025));
#8320=CARTESIAN_POINT('',(0.2625,0.02,-0.025));
#8321=CARTESIAN_POINT('',(0.2625,0.02,-0.025));
#8322=CARTESIAN_POINT('',(0.0625,0.02,-0.025));
#8323=CARTESIAN_POINT('',(0.0375,0.02,-0.025));
#8324=CARTESIAN_POINT('',(0.0375,0.02,-0.025));
#8325=CARTESIAN_POINT('',(0.0375,0.08,-0.025));
#8326=CARTESIAN_POINT('',(0.2625,0.08,-0.025));
#8327=CARTESIAN_POINT('',(0.0625,0.08,-0.025));
#8328=CARTESIAN_POINT('',(0.0625,0.02,-0.025));
#8329=CARTESIAN_POINT('',(0.2625,0.02,-0.025));
#8330=CARTESIAN_POINT('',(0.2625,0.02,-0.025));
#8331=CARTESIAN_POINT('',(0.1625,0.02,-0.025));
#8332=CARTESIAN_POINT('',(0.1375,0.02,-0.025));
#8333=CARTESIAN_POINT('',(0.1375,0.02,-0.025));
#8334=CARTESIAN_POINT('',(0.1375,0.08,-0.025));
#8335=CARTESIAN_POINT('',(0.2625,0.08,-0.025));
#8336=CARTESIAN_POINT('',(0.1625,0.08,-0.025));
#8337=CARTESIAN_POINT('',(0.1625,0.02,-0.025));
#8338=CARTESIAN_POINT('',(0.2625,0.08,-0.05));
#8339=CARTESIAN_POINT('',(-0.1375,0.08,-0.05));
#8340=CARTESIAN_POINT('',(-0.1375,0.0976776688276869,-0.0323223297683595));
#8341=CARTESIAN_POINT('',(-0.1625,0.08,-0.05));
#8342=CARTESIAN_POINT('',(-0.1625,0.0976776688276869,-0.0323223297683595));
#8343=CARTESIAN_POINT('',(0.2625,0.0976776688276869,-0.0323223297683595));
#8344=CARTESIAN_POINT('',(0.2625,0.08,-0.05));
#8345=CARTESIAN_POINT('',(-0.0625,0.08,-0.05));
#8346=CARTESIAN_POINT('',(-0.0625,0.0976776688276869,-0.0323223297683595));
#8347=CARTESIAN_POINT('',(0.2625,0.0976776688276869,-0.0323223297683595));
#8348=CARTESIAN_POINT('',(-0.0375,0.0976776688276869,-0.0323223297683595));
#8349=CARTESIAN_POINT('',(-0.0375,0.08,-0.05));
#8350=CARTESIAN_POINT('',(0.2625,0.08,-0.05));
#8351=CARTESIAN_POINT('',(0.0375,0.08,-0.05));
#8352=CARTESIAN_POINT('',(0.0375,0.0976776688276869,-0.0323223297683595));
#8353=CARTESIAN_POINT('',(0.2625,0.0976776688276869,-0.0323223297683595));
#8354=CARTESIAN_POINT('',(0.0625,0.0976776688276869,-0.0323223297683595));
#8355=CARTESIAN_POINT('',(0.0625,0.08,-0.05));
#8356=CARTESIAN_POINT('',(0.2625,0.08,-0.05));
#8357=CARTESIAN_POINT('',(0.1375,0.08,-0.05));
#8358=CARTESIAN_POINT('',(0.1375,0.0976776688276869,-0.0323223297683595));
#8359=CARTESIAN_POINT('',(0.2625,0.0976776688276869,-0.0323223297683595));
#8360=CARTESIAN_POINT('',(0.1625,0.0976776688276869,-0.0323223297683595));
#8361=CARTESIAN_POINT('',(0.1625,0.08,-0.05));
#8362=CARTESIAN_POINT('',(0.2625,0.0976776688276869,-0.0323223297683595));
#8363=CARTESIAN_POINT('',(0.2625,0.133210682344626,-0.067855340463281));
#8364=CARTESIAN_POINT('',(-0.1375,0.133210682344626,-0.067855340463281));
#8365=CARTESIAN_POINT('',(-0.1625,0.133210682344626,-0.067855340463281));
#8366=CARTESIAN_POINT('',(-0.1375,0.0976776688276869,-0.0323223297683595));
#8367=CARTESIAN_POINT('',(-0.1625,0.0976776688276869,-0.0323223297683595));
#8368=CARTESIAN_POINT('',(0.2625,0.0976776688276869,-0.0323223297683595));
#8369=CARTESIAN_POINT('',(-0.0625,0.0976776688276869,-0.0323223297683595));
#8370=CARTESIAN_POINT('',(-0.0625,0.133210682344626,-0.067855340463281));
#8371=CARTESIAN_POINT('',(0.2625,0.133210682344626,-0.067855340463281));
#8372=CARTESIAN_POINT('',(-0.0375,0.133210682344626,-0.067855340463281));
#8373=CARTESIAN_POINT('',(-0.0375,0.0976776688276869,-0.0323223297683595));
#8374=CARTESIAN_POINT('',(0.2625,0.0976776688276869,-0.0323223297683595));
#8375=CARTESIAN_POINT('',(0.0375,0.0976776688276869,-0.0323223297683595));
#8376=CARTESIAN_POINT('',(0.0375,0.133210682344626,-0.067855340463281));
#8377=CARTESIAN_POINT('',(0.2625,0.133210682344626,-0.067855340463281));
#8378=CARTESIAN_POINT('',(0.0625,0.133210682344626,-0.067855340463281));
#8379=CARTESIAN_POINT('',(0.0625,0.0976776688276869,-0.0323223297683595));
#8380=CARTESIAN_POINT('',(0.2625,0.0976776688276869,-0.0323223297683595));
#8381=CARTESIAN_POINT('',(0.1375,0.0976776688276869,-0.0323223297683595));
#8382=CARTESIAN_POINT('',(0.1375,0.133210682344626,-0.067855340463281));
#8383=CARTESIAN_POINT('',(0.2625,0.133210682344626,-0.067855340463281));
#8384=CARTESIAN_POINT('',(0.1625,0.133210682344626,-0.067855340463281));
#8385=CARTESIAN_POINT('',(0.1625,0.0976776688276869,-0.0323223297683595));
#8386=CARTESIAN_POINT('',(0.2625,0.16856602,-0.0324999999999998));
#8387=CARTESIAN_POINT('',(-0.1375,0.16856602,-0.0324999999999998));
#8388=CARTESIAN_POINT('',(-0.1625,0.16856602,-0.0324999999999998));
#8389=CARTESIAN_POINT('',(0.2625,0.16856602,-0.0324999999999998));
#8390=CARTESIAN_POINT('',(-0.0625,0.16856602,-0.0324999999999998));
#8391=CARTESIAN_POINT('',(-0.0375,0.16856602,-0.0324999999999998));
#8392=CARTESIAN_POINT('',(0.2625,0.16856602,-0.0324999999999998));
#8393=CARTESIAN_POINT('',(0.0375,0.16856602,-0.0324999999999998));
#8394=CARTESIAN_POINT('',(0.0625,0.16856602,-0.0324999999999998));
#8395=CARTESIAN_POINT('',(0.2625,0.16856602,-0.0324999999999998));
#8396=CARTESIAN_POINT('',(0.1375,0.16856602,-0.0324999999999998));
#8397=CARTESIAN_POINT('',(0.1625,0.16856602,-0.0324999999999998));
#8398=CARTESIAN_POINT('',(0.2625,0.16856602,-0.0325));
#8399=CARTESIAN_POINT('',(-0.1375,0.16856602,-0.0325));
#8400=CARTESIAN_POINT('',(-0.1375,0.150888351172313,-0.0501776702316405));
#8401=CARTESIAN_POINT('',(-0.1625,0.16856602,-0.0325));
#8402=CARTESIAN_POINT('',(-0.1625,0.150888351172313,-0.0501776702316405));
#8403=CARTESIAN_POINT('',(0.2625,0.150888351172313,-0.0501776702316404));
#8404=CARTESIAN_POINT('',(0.2625,0.16856602,-0.0325));
#8405=CARTESIAN_POINT('',(-0.0625,0.16856602,-0.0325));
#8406=CARTESIAN_POINT('',(-0.0625,0.150888351172313,-0.0501776702316405));
#8407=CARTESIAN_POINT('',(0.2625,0.150888351172313,-0.0501776702316404));
#8408=CARTESIAN_POINT('',(-0.0375,0.150888351172313,-0.0501776702316405));
#8409=CARTESIAN_POINT('',(-0.0375,0.16856602,-0.0325));
#8410=CARTESIAN_POINT('',(0.2625,0.16856602,-0.0325));
#8411=CARTESIAN_POINT('',(0.0375,0.16856602,-0.0325));
#8412=CARTESIAN_POINT('',(0.0375,0.150888351172313,-0.0501776702316405));
#8413=CARTESIAN_POINT('',(0.2625,0.150888351172313,-0.0501776702316404));
#8414=CARTESIAN_POINT('',(0.0625,0.150888351172313,-0.0501776702316405));
#8415=CARTESIAN_POINT('',(0.0625,0.16856602,-0.0325));
#8416=CARTESIAN_POINT('',(0.2625,0.16856602,-0.0325));
#8417=CARTESIAN_POINT('',(0.1375,0.16856602,-0.0325));
#8418=CARTESIAN_POINT('',(0.1375,0.150888351172313,-0.0501776702316405));
#8419=CARTESIAN_POINT('',(0.2625,0.150888351172313,-0.0501776702316404));
#8420=CARTESIAN_POINT('',(0.1625,0.150888351172313,-0.0501776702316405));
#8421=CARTESIAN_POINT('',(0.1625,0.16856602,-0.0325));
#8422=CARTESIAN_POINT('',(0.2625,0.150888351172313,-0.0501776702316405));
#8423=CARTESIAN_POINT('',(0.2625,0.115355337655374,-0.014644659536719));
#8424=CARTESIAN_POINT('',(-0.1375,0.115355337655374,-0.014644659536719));
#8425=CARTESIAN_POINT('',(-0.1625,0.115355337655374,-0.014644659536719));
#8426=CARTESIAN_POINT('',(-0.1375,0.150888351172313,-0.0501776702316405));
#8427=CARTESIAN_POINT('',(-0.1625,0.150888351172313,-0.0501776702316405));
#8428=CARTESIAN_POINT('',(0.2625,0.150888351172313,-0.0501776702316405));
#8429=CARTESIAN_POINT('',(-0.0625,0.150888351172313,-0.0501776702316405));
#8430=CARTESIAN_POINT('',(-0.0625,0.115355337655374,-0.014644659536719));
#8431=CARTESIAN_POINT('',(0.2625,0.115355337655374,-0.014644659536719));
#8432=CARTESIAN_POINT('',(-0.0375,0.115355337655374,-0.014644659536719));
#8433=CARTESIAN_POINT('',(-0.0375,0.150888351172313,-0.0501776702316405));
#8434=CARTESIAN_POINT('',(0.2625,0.150888351172313,-0.0501776702316405));
#8435=CARTESIAN_POINT('',(0.0375,0.150888351172313,-0.0501776702316405));
#8436=CARTESIAN_POINT('',(0.0375,0.115355337655374,-0.014644659536719));
#8437=CARTESIAN_POINT('',(0.2625,0.115355337655374,-0.014644659536719));
#8438=CARTESIAN_POINT('',(0.0625,0.115355337655374,-0.014644659536719));
#8439=CARTESIAN_POINT('',(0.0625,0.150888351172313,-0.0501776702316405));
#8440=CARTESIAN_POINT('',(0.2625,0.150888351172313,-0.0501776702316405));
#8441=CARTESIAN_POINT('',(0.1375,0.150888351172313,-0.0501776702316405));
#8442=CARTESIAN_POINT('',(0.1375,0.115355337655374,-0.014644659536719));
#8443=CARTESIAN_POINT('',(0.2625,0.115355337655374,-0.014644659536719));
#8444=CARTESIAN_POINT('',(0.1625,0.115355337655374,-0.014644659536719));
#8445=CARTESIAN_POINT('',(0.1625,0.150888351172313,-0.0501776702316405));
#8446=CARTESIAN_POINT('',(0.2625,0.08,-0.0500000000000001));
#8447=CARTESIAN_POINT('',(-0.1375,0.08,-0.0500000000000001));
#8448=CARTESIAN_POINT('',(-0.1625,0.08,-0.0500000000000001));
#8449=CARTESIAN_POINT('',(0.2625,0.08,-0.0500000000000001));
#8450=CARTESIAN_POINT('',(-0.0625,0.08,-0.0500000000000001));
#8451=CARTESIAN_POINT('',(-0.0375,0.08,-0.0500000000000001));
#8452=CARTESIAN_POINT('',(0.2625,0.08,-0.0500000000000001));
#8453=CARTESIAN_POINT('',(0.0375,0.08,-0.0500000000000001));
#8454=CARTESIAN_POINT('',(0.0625,0.08,-0.0500000000000001));
#8455=CARTESIAN_POINT('',(0.2625,0.08,-0.0500000000000001));
#8456=CARTESIAN_POINT('',(0.1375,0.08,-0.0500000000000001));
#8457=CARTESIAN_POINT('',(0.1625,0.08,-0.0500000000000001));
#8458=CARTESIAN_POINT('',(0.2625,0.08,0.));
#8459=CARTESIAN_POINT('',(0.2625,0.02,0.));
#8460=CARTESIAN_POINT('',(-0.2375,0.02,0.));
#8461=CARTESIAN_POINT('',(-0.2375,0.235,0.));
#8462=CARTESIAN_POINT('',(-0.2375,0.08,0.));
#8463=CARTESIAN_POINT('',(0.2625,0.08,-8.53702498020082E-18));
#8464=CARTESIAN_POINT('',(0.2625,0.02,-0.025));
#8465=CARTESIAN_POINT('',(0.2625,0.08,-0.025));
#8466=CARTESIAN_POINT('',(-0.2375,0.08,-0.025));
#8467=CARTESIAN_POINT('',(-0.2375,0.02,-0.025));
#8468=CARTESIAN_POINT('',(-0.2375,0.02,-0.025));
#8469=CARTESIAN_POINT('',(0.2625,0.02,-0.025));
#8470=CARTESIAN_POINT('',(0.2625,0.08,-0.05));
#8471=CARTESIAN_POINT('',(-0.2375,0.08,-0.05));
#8472=CARTESIAN_POINT('',(-0.2375,0.0976776688276869,-0.0323223297683595));
#8473=CARTESIAN_POINT('',(0.2625,0.0976776688276869,-0.0323223297683595));
#8474=CARTESIAN_POINT('',(0.2625,0.0976776688276869,-0.0323223297683595));
#8475=CARTESIAN_POINT('',(0.2625,0.133210682344626,-0.067855340463281));
#8476=CARTESIAN_POINT('',(-0.2375,0.133210682344626,-0.067855340463281));
#8477=CARTESIAN_POINT('',(-0.2375,0.0976776688276869,-0.0323223297683595));
#8478=CARTESIAN_POINT('',(0.2625,0.16856602,-0.0324999999999998));
#8479=CARTESIAN_POINT('',(-0.2375,0.16856602,-0.0324999999999998));
#8480=CARTESIAN_POINT('',(0.2625,0.16856602,-0.0325));
#8481=CARTESIAN_POINT('',(-0.2375,0.16856602,-0.0325));
#8482=CARTESIAN_POINT('',(-0.2375,0.150888351172313,-0.0501776702316405));
#8483=CARTESIAN_POINT('',(0.2625,0.150888351172313,-0.0501776702316404));
#8484=CARTESIAN_POINT('',(0.2625,0.150888351172313,-0.0501776702316405));
#8485=CARTESIAN_POINT('',(0.2625,0.115355337655374,-0.014644659536719));
#8486=CARTESIAN_POINT('',(-0.2375,0.115355337655374,-0.014644659536719));
#8487=CARTESIAN_POINT('',(-0.2375,0.150888351172313,-0.0501776702316405));
#8488=CARTESIAN_POINT('',(0.2625,0.08,-0.0500000000000001));
#8489=CARTESIAN_POINT('',(-0.2375,0.08,-0.0500000000000001));
#8490=CARTESIAN_POINT('',(0.2625,0.08,0.));
#8491=CARTESIAN_POINT('',(0.2625,0.08,-8.53702498020082E-18));
#8492=CARTESIAN_POINT('',(0.2375,0.08,-8.53702498020082E-18));
#8493=CARTESIAN_POINT('',(0.2375,-0.275,0.));
#8494=CARTESIAN_POINT('',(0.2375,0.02,0.));
#8495=CARTESIAN_POINT('',(0.2625,0.02,0.));
#8496=CARTESIAN_POINT('',(0.2625,0.02,-0.025));
#8497=CARTESIAN_POINT('',(0.2625,0.02,-0.025));
#8498=CARTESIAN_POINT('',(0.2375,0.02,-0.025));
#8499=CARTESIAN_POINT('',(0.2375,0.02,-0.025));
#8500=CARTESIAN_POINT('',(0.2375,0.08,-0.025));
#8501=CARTESIAN_POINT('',(0.2625,0.08,-0.025));
#8502=CARTESIAN_POINT('',(0.2625,0.08,-0.05));
#8503=CARTESIAN_POINT('',(0.2375,0.08,-0.05));
#8504=CARTESIAN_POINT('',(0.2375,0.0976776688276869,-0.0323223297683595));
#8505=CARTESIAN_POINT('',(0.2625,0.0976776688276869,-0.0323223297683595));
#8506=CARTESIAN_POINT('',(0.2625,0.0976776688276869,-0.0323223297683595));
#8507=CARTESIAN_POINT('',(0.2375,0.0976776688276869,-0.0323223297683595));
#8508=CARTESIAN_POINT('',(0.2375,0.133210682344626,-0.067855340463281));
#8509=CARTESIAN_POINT('',(0.2625,0.133210682344626,-0.067855340463281));
#8510=CARTESIAN_POINT('',(0.2625,0.16856602,-0.0324999999999998));
#8511=CARTESIAN_POINT('',(0.2375,0.16856602,-0.0324999999999998));
#8512=CARTESIAN_POINT('',(0.2625,0.16856602,-0.0325));
#8513=CARTESIAN_POINT('',(0.2375,0.16856602,-0.0325));
#8514=CARTESIAN_POINT('',(0.2375,0.150888351172313,-0.0501776702316405));
#8515=CARTESIAN_POINT('',(0.2625,0.150888351172313,-0.0501776702316404));
#8516=CARTESIAN_POINT('',(0.2625,0.150888351172313,-0.0501776702316405));
#8517=CARTESIAN_POINT('',(0.2375,0.150888351172313,-0.0501776702316405));
#8518=CARTESIAN_POINT('',(0.2375,0.115355337655374,-0.014644659536719));
#8519=CARTESIAN_POINT('',(0.2625,0.115355337655374,-0.014644659536719));
#8520=CARTESIAN_POINT('',(0.2625,0.08,-0.0500000000000001));
#8521=CARTESIAN_POINT('',(0.2375,0.08,-0.0500000000000001));
#8522=CARTESIAN_POINT('',(-0.1625,0.235,-0.32));
#8523=CARTESIAN_POINT('',(-0.1625,0.235,-0.32));
#8524=CARTESIAN_POINT('',(-0.2375,0.235,-0.32));
#8525=CARTESIAN_POINT('',(-0.2375,0.235,-0.32));
#8526=CARTESIAN_POINT('',(-0.2375,0.02,0.));
#8527=CARTESIAN_POINT('',(-0.1625,-0.275,-0.32));
#8528=CARTESIAN_POINT('',(-0.1625,0.02,0.));
#8529=CARTESIAN_POINT('',(0.2375,0.235,-0.32));
#8530=CARTESIAN_POINT('',(0.2375,0.235,-0.32));
#8531=CARTESIAN_POINT('',(0.1625,0.235,-0.32));
#8532=CARTESIAN_POINT('',(0.1625,0.235,-0.32));
#8533=CARTESIAN_POINT('',(0.1625,0.02,0.));
#8534=CARTESIAN_POINT('',(0.2375,-0.275,-0.32));
#8535=CARTESIAN_POINT('',(0.2375,0.02,0.));
#8536=CARTESIAN_POINT('',(0.1375,0.235,-0.32));
#8537=CARTESIAN_POINT('',(0.1375,0.235,-0.32));
#8538=CARTESIAN_POINT('',(0.0625,0.235,-0.32));
#8539=CARTESIAN_POINT('',(0.0625,0.235,-0.32));
#8540=CARTESIAN_POINT('',(0.0625,0.02,0.));
#8541=CARTESIAN_POINT('',(0.1375,-0.275,-0.32));
#8542=CARTESIAN_POINT('',(0.1375,0.02,0.));
#8543=CARTESIAN_POINT('',(0.0375,0.235,-0.32));
#8544=CARTESIAN_POINT('',(0.0375,0.235,-0.32));
#8545=CARTESIAN_POINT('',(-0.0375,0.235,-0.32));
#8546=CARTESIAN_POINT('',(-0.0375,0.235,-0.32));
#8547=CARTESIAN_POINT('',(-0.0375,0.02,0.));
#8548=CARTESIAN_POINT('',(0.0375,-0.275,-0.32));
#8549=CARTESIAN_POINT('',(0.0375,0.02,0.));
#8550=CARTESIAN_POINT('',(-0.0625,0.235,-0.32));
#8551=CARTESIAN_POINT('',(-0.0625,0.235,-0.32));
#8552=CARTESIAN_POINT('',(-0.1375,0.235,-0.32));
#8553=CARTESIAN_POINT('',(-0.1375,0.235,-0.32));
#8554=CARTESIAN_POINT('',(-0.1375,0.02,0.));
#8555=CARTESIAN_POINT('',(-0.0625,-0.275,-0.32));
#8556=CARTESIAN_POINT('',(-0.0625,0.02,0.));
#8557=CARTESIAN_POINT('',(-0.2625,0.02,-0.025));
#8558=CARTESIAN_POINT('',(-0.259881823956162,0.012806620439397,-0.0223818239561616));
#8559=CARTESIAN_POINT('',(-0.255220595314676,0.,-0.017720595314676));
#8560=CARTESIAN_POINT('',(-0.255220595314676,0.,0.));
#8561=CARTESIAN_POINT('',(-0.255220595314676,0.,-0.00727940468532405));
#8562=CARTESIAN_POINT('',(-0.259881823956162,0.012806620439397,-0.00261817604383839));
#8563=CARTESIAN_POINT('',(-0.2625,0.02,0.));
#8564=CARTESIAN_POINT('',(0.,0.,-0.00727940468532405));
#8565=CARTESIAN_POINT('',(-0.244779404685324,0.,-0.00727940468532405));
#8566=CARTESIAN_POINT('',(-0.240118176043838,0.012806620439397,-0.00261817604383839));
#8567=CARTESIAN_POINT('',(-0.2375,0.02,0.));
#8568=CARTESIAN_POINT('',(-0.244779404685324,0.,0.));
#8569=CARTESIAN_POINT('',(-0.244779404685324,0.,-0.017720595314676));
#8570=CARTESIAN_POINT('',(-0.240118176043838,0.012806620439397,-0.0223818239561616));
#8571=CARTESIAN_POINT('',(-0.2375,0.02,-0.025));
#8572=CARTESIAN_POINT('',(0.,0.,-0.017720595314676));
#8573=CARTESIAN_POINT('',(0.,0.,0.));
#8574=CARTESIAN_POINT('',(0.2375,0.02,-0.025));
#8575=CARTESIAN_POINT('',(0.240118176043838,0.012806620439397,-0.0223818239561616));
#8576=CARTESIAN_POINT('',(0.244779404685324,0.,-0.017720595314676));
#8577=CARTESIAN_POINT('',(0.244779404685324,0.,0.));
#8578=CARTESIAN_POINT('',(0.244779404685324,0.,-0.00727940468532405));
#8579=CARTESIAN_POINT('',(0.240118176043838,0.012806620439397,-0.00261817604383839));
#8580=CARTESIAN_POINT('',(0.2375,0.02,0.));
#8581=CARTESIAN_POINT('',(0.5,0.,-0.00727940468532405));
#8582=CARTESIAN_POINT('',(0.255220595314676,0.,-0.00727940468532405));
#8583=CARTESIAN_POINT('',(0.259881823956162,0.012806620439397,-0.00261817604383839));
#8584=CARTESIAN_POINT('',(0.2625,0.02,0.));
#8585=CARTESIAN_POINT('',(0.255220595314676,0.,0.));
#8586=CARTESIAN_POINT('',(0.255220595314676,0.,-0.017720595314676));
#8587=CARTESIAN_POINT('',(0.259881823956162,0.012806620439397,-0.0223818239561616));
#8588=CARTESIAN_POINT('',(0.2625,0.02,-0.025));
#8589=CARTESIAN_POINT('',(0.5,0.,-0.017720595314676));
#8590=CARTESIAN_POINT('',(0.5,0.,0.));
#8591=CARTESIAN_POINT('',(0.1375,0.02,-0.025));
#8592=CARTESIAN_POINT('',(0.140118176043838,0.012806620439397,-0.0223818239561616));
#8593=CARTESIAN_POINT('',(0.144779404685324,0.,-0.017720595314676));
#8594=CARTESIAN_POINT('',(0.144779404685324,0.,0.));
#8595=CARTESIAN_POINT('',(0.144779404685324,0.,-0.00727940468532405));
#8596=CARTESIAN_POINT('',(0.140118176043838,0.012806620439397,-0.00261817604383839));
#8597=CARTESIAN_POINT('',(0.1375,0.02,0.));
#8598=CARTESIAN_POINT('',(0.4,0.,-0.00727940468532405));
#8599=CARTESIAN_POINT('',(0.155220595314676,0.,-0.00727940468532405));
#8600=CARTESIAN_POINT('',(0.159881823956162,0.012806620439397,-0.00261817604383839));
#8601=CARTESIAN_POINT('',(0.1625,0.02,0.));
#8602=CARTESIAN_POINT('',(0.155220595314676,0.,0.));
#8603=CARTESIAN_POINT('',(0.155220595314676,0.,-0.017720595314676));
#8604=CARTESIAN_POINT('',(0.159881823956162,0.012806620439397,-0.0223818239561616));
#8605=CARTESIAN_POINT('',(0.1625,0.02,-0.025));
#8606=CARTESIAN_POINT('',(0.4,0.,-0.017720595314676));
#8607=CARTESIAN_POINT('',(0.4,0.,0.));
#8608=CARTESIAN_POINT('',(0.0374999999999999,0.02,-0.025));
#8609=CARTESIAN_POINT('',(0.0401181760438383,0.012806620439397,-0.0223818239561616));
#8610=CARTESIAN_POINT('',(0.044779404685324,0.,-0.017720595314676));
#8611=CARTESIAN_POINT('',(0.044779404685324,0.,0.));
#8612=CARTESIAN_POINT('',(0.044779404685324,0.,-0.00727940468532405));
#8613=CARTESIAN_POINT('',(0.0401181760438383,0.012806620439397,-0.00261817604383839));
#8614=CARTESIAN_POINT('',(0.0374999999999999,0.02,0.));
#8615=CARTESIAN_POINT('',(0.3,0.,-0.00727940468532405));
#8616=CARTESIAN_POINT('',(0.0552205953146759,0.,-0.00727940468532405));
#8617=CARTESIAN_POINT('',(0.0598818239561616,0.012806620439397,-0.00261817604383839));
#8618=CARTESIAN_POINT('',(0.0625,0.02,0.));
#8619=CARTESIAN_POINT('',(0.0552205953146759,0.,0.));
#8620=CARTESIAN_POINT('',(0.0552205953146759,0.,-0.017720595314676));
#8621=CARTESIAN_POINT('',(0.0598818239561616,0.012806620439397,-0.0223818239561616));
#8622=CARTESIAN_POINT('',(0.0625,0.02,-0.025));
#8623=CARTESIAN_POINT('',(0.3,0.,-0.017720595314676));
#8624=CARTESIAN_POINT('',(0.3,0.,0.));
#8625=CARTESIAN_POINT('',(-0.0625000000000001,0.02,-0.025));
#8626=CARTESIAN_POINT('',(-0.0598818239561617,0.012806620439397,-0.0223818239561616));
#8627=CARTESIAN_POINT('',(-0.055220595314676,0.,-0.017720595314676));
#8628=CARTESIAN_POINT('',(-0.055220595314676,0.,0.));
#8629=CARTESIAN_POINT('',(-0.055220595314676,0.,-0.00727940468532405));
#8630=CARTESIAN_POINT('',(-0.0598818239561617,0.012806620439397,-0.00261817604383839));
#8631=CARTESIAN_POINT('',(-0.0625000000000001,0.02,0.));
#8632=CARTESIAN_POINT('',(0.2,0.,-0.00727940468532405));
#8633=CARTESIAN_POINT('',(-0.0447794046853241,0.,-0.00727940468532405));
#8634=CARTESIAN_POINT('',(-0.0401181760438384,0.012806620439397,-0.00261817604383839));
#8635=CARTESIAN_POINT('',(-0.0375,0.02,0.));
#8636=CARTESIAN_POINT('',(-0.0447794046853241,0.,0.));
#8637=CARTESIAN_POINT('',(-0.0447794046853241,0.,-0.017720595314676));
#8638=CARTESIAN_POINT('',(-0.0401181760438384,0.012806620439397,-0.0223818239561616));
#8639=CARTESIAN_POINT('',(-0.0375,0.02,-0.025));
#8640=CARTESIAN_POINT('',(0.2,0.,-0.017720595314676));
#8641=CARTESIAN_POINT('',(0.2,0.,0.));
#8642=CARTESIAN_POINT('',(-0.1625,0.02,-0.025));
#8643=CARTESIAN_POINT('',(-0.159881823956162,0.012806620439397,-0.0223818239561616));
#8644=CARTESIAN_POINT('',(-0.155220595314676,0.,-0.017720595314676));
#8645=CARTESIAN_POINT('',(-0.155220595314676,0.,0.));
#8646=CARTESIAN_POINT('',(-0.155220595314676,0.,-0.00727940468532405));
#8647=CARTESIAN_POINT('',(-0.159881823956162,0.012806620439397,-0.00261817604383839));
#8648=CARTESIAN_POINT('',(-0.1625,0.02,0.));
#8649=CARTESIAN_POINT('',(0.1,0.,-0.00727940468532405));
#8650=CARTESIAN_POINT('',(-0.144779404685324,0.,-0.00727940468532405));
#8651=CARTESIAN_POINT('',(-0.140118176043838,0.012806620439397,-0.00261817604383839));
#8652=CARTESIAN_POINT('',(-0.1375,0.02,0.));
#8653=CARTESIAN_POINT('',(-0.144779404685324,0.,0.));
#8654=CARTESIAN_POINT('',(-0.144779404685324,0.,-0.017720595314676));
#8655=CARTESIAN_POINT('',(-0.140118176043838,0.012806620439397,-0.0223818239561616));
#8656=CARTESIAN_POINT('',(-0.1375,0.02,-0.025));
#8657=CARTESIAN_POINT('',(0.1,0.,-0.017720595314676));
#8658=CARTESIAN_POINT('',(0.1,0.,0.));
#8659=CARTESIAN_POINT('',(50.,0.240000000000002,20.));
#8660=CARTESIAN_POINT('',(0.,-1.38777878078145E-17,-0.24));
#8661=MECHANICAL_DESIGN_GEOMETRIC_PRESENTATION_REPRESENTATION('',(#5403,
#5404,#5405),#8662);
#8662=(
GEOMETRIC_REPRESENTATION_CONTEXT(3)
GLOBAL_UNCERTAINTY_ASSIGNED_CONTEXT((#8666))
GLOBAL_UNIT_ASSIGNED_CONTEXT((#8672,#8671,#8670))
REPRESENTATION_CONTEXT('TSM-106-02-T-SH-LC','TOP_LEVEL_ASSEMBLY_PART')
);
#8663=(
GEOMETRIC_REPRESENTATION_CONTEXT(3)
GLOBAL_UNCERTAINTY_ASSIGNED_CONTEXT((#8667))
GLOBAL_UNIT_ASSIGNED_CONTEXT((#8672,#8671,#8670))
REPRESENTATION_CONTEXT('TSM-106-02-SH-LC_body','COMPONENT_PART')
);
#8664=(
GEOMETRIC_REPRESENTATION_CONTEXT(3)
GLOBAL_UNCERTAINTY_ASSIGNED_CONTEXT((#8668))
GLOBAL_UNIT_ASSIGNED_CONTEXT((#8672,#8671,#8670))
REPRESENTATION_CONTEXT('T-1S6-15-T(-02-6-SH)','COMPONENT_PART')
);
#8665=(
GEOMETRIC_REPRESENTATION_CONTEXT(3)
GLOBAL_UNCERTAINTY_ASSIGNED_CONTEXT((#8669))
GLOBAL_UNIT_ASSIGNED_CONTEXT((#8672,#8671,#8670))
REPRESENTATION_CONTEXT('T-1S6-15-T(-02-6-SH)2','COMPONENT_PART')
);
#8666=UNCERTAINTY_MEASURE_WITH_UNIT(LENGTH_MEASURE(3.93700787401575E-7),
#8672,'DISTANCE_ACCURACY_VALUE','Maximum Tolerance applied to model');
#8667=UNCERTAINTY_MEASURE_WITH_UNIT(LENGTH_MEASURE(3.93700787401575E-7),
#8672,'DISTANCE_ACCURACY_VALUE','Maximum Tolerance applied to model');
#8668=UNCERTAINTY_MEASURE_WITH_UNIT(LENGTH_MEASURE(3.93700787401575E-7),
#8672,'DISTANCE_ACCURACY_VALUE','Maximum Tolerance applied to model');
#8669=UNCERTAINTY_MEASURE_WITH_UNIT(LENGTH_MEASURE(3.93700787401575E-7),
#8672,'DISTANCE_ACCURACY_VALUE','Maximum Tolerance applied to model');
#8670=(
NAMED_UNIT(*)
SI_UNIT($,.STERADIAN.)
SOLID_ANGLE_UNIT()
);
#8671=(
NAMED_UNIT(*)
PLANE_ANGLE_UNIT()
SI_UNIT($,.RADIAN.)
);
#8672=(
CONVERSION_BASED_UNIT('INCH',#8674)
LENGTH_UNIT()
NAMED_UNIT(#8673)
);
#8673=DIMENSIONAL_EXPONENTS(1.,0.,0.,0.,0.,0.,0.);
#8674=LENGTH_MEASURE_WITH_UNIT(LENGTH_MEASURE(25.4),#8675);
#8675=(
LENGTH_UNIT()
NAMED_UNIT(*)
SI_UNIT(.MILLI.,.METRE.)
);
#8676=PRODUCT_DEFINITION_SHAPE('','',#8683);
#8677=PRODUCT_DEFINITION_SHAPE('','',#8684);
#8678=PRODUCT_DEFINITION_SHAPE(' ','NAUO PRDDFN',#93);
#8679=PRODUCT_DEFINITION_SHAPE('','',#8685);
#8680=PRODUCT_DEFINITION_SHAPE(' ','NAUO PRDDFN',#94);
#8681=PRODUCT_DEFINITION_SHAPE('','',#8686);
#8682=PRODUCT_DEFINITION_SHAPE(' ','NAUO PRDDFN',#95);
#8683=PRODUCT_DEFINITION('','',#8691,#8687);
#8684=PRODUCT_DEFINITION('','',#8692,#8688);
#8685=PRODUCT_DEFINITION('','',#8693,#8689);
#8686=PRODUCT_DEFINITION('','',#8694,#8690);
#8687=PRODUCT_DEFINITION_CONTEXT('',#8712,'design');
#8688=PRODUCT_DEFINITION_CONTEXT('',#8712,'design');
#8689=PRODUCT_DEFINITION_CONTEXT('',#8712,'design');
#8690=PRODUCT_DEFINITION_CONTEXT('',#8712,'design');
#8691=PRODUCT_DEFINITION_FORMATION_WITH_SPECIFIED_SOURCE('','',#8699,
 .NOT_KNOWN.);
#8692=PRODUCT_DEFINITION_FORMATION_WITH_SPECIFIED_SOURCE('','',#8700,
 .NOT_KNOWN.);
#8693=PRODUCT_DEFINITION_FORMATION_WITH_SPECIFIED_SOURCE('','',#8701,
 .NOT_KNOWN.);
#8694=PRODUCT_DEFINITION_FORMATION_WITH_SPECIFIED_SOURCE('','',#8702,
 .NOT_KNOWN.);
#8695=PRODUCT_RELATED_PRODUCT_CATEGORY('','',(#8699));
#8696=PRODUCT_RELATED_PRODUCT_CATEGORY('','',(#8700));
#8697=PRODUCT_RELATED_PRODUCT_CATEGORY('','',(#8701));
#8698=PRODUCT_RELATED_PRODUCT_CATEGORY('','',(#8702));
#8699=PRODUCT('TSM-106-02-T-SH-LC','TSM-106-02-T-SH-LC',
'TSM-106-02-T-SH-LC',(#8707));
#8700=PRODUCT('TSM-106-02-SH-LC_body','TSM-106-02-SH-LC_body',
'TSM-106-02-SH-LC_body',(#8708));
#8701=PRODUCT('T-1S6-15-T(-02-6-SH)','T-1S6-15-T(-02-6-SH)',
'T-1S6-15-T(-02-6-SH)',(#8709));
#8702=PRODUCT('T-1S6-15-T(-02-6-SH)2','T-1S6-15-T(-02-6-SH)2',
'T-1S6-15-T(-02-6-SH)2',(#8710));
#8703=PRODUCT_CATEGORY('','');
#8704=PRODUCT_CATEGORY('','');
#8705=PRODUCT_CATEGORY('','');
#8706=PRODUCT_CATEGORY('','');
#8707=PRODUCT_CONTEXT('',#8712,'mechanical');
#8708=PRODUCT_CONTEXT('',#8712,'mechanical');
#8709=PRODUCT_CONTEXT('',#8712,'mechanical');
#8710=PRODUCT_CONTEXT('',#8712,'mechanical');
#8711=APPLICATION_PROTOCOL_DEFINITION('international standard',
'automotive_design',2010,#8712);
#8712=APPLICATION_CONTEXT(
'core data for automotive mechanical design processes');
ENDSEC;
END-ISO-10303-21;
